premise,correct,incorrect,pos_neg_sim,pos_sim,neg_sim,difference,sentence_mode,embedding_details,distance_metric
"['The authors concluded that ""Northern Hemisphere mean annual temperatures for three of the past eight years are warmer than any other year since (at least) AD1400"", and estimated empirically that greenhouse gases had become the dominant climate forcing during the 20th century.']",[],"['\'Phil Jones\xa0said that for the past 15 years there has been no ""statistically significant"" warming.']",,,0.9459758400917053,,fixed_single,snpmi_remove_stop_words = False_1Mlines_q_1_signed_1,cosine_similarity
"['Human activities affect marine life and marine habitats through overfishing, pollution, acidification and the introduction of invasive species.']",[],['Marine life has nothing whatsoever to fear from ocean acidification.”'],,,0.839527428150177,,fixed_single,snpmi_remove_stop_words = False_1Mlines_q_1_signed_1,cosine_similarity
"['For example, diverse geochemical and paleontological proxies indicate that at the maximum of global warmth the atmospheric carbon dioxide values were at 700–900 ppm while other proxies such as pedogenic (soil building) carbonate and marine boron isotopes indicate large changes of carbon dioxide of over 2,000 ppm over periods of time of less than 1 million years.']",[],"['""...there is the contention by Wolfgang Knorr of the Department of Earth Sciences at the University of Bristol in England that carbon dioxide levels in the atmosphere are about where they were 160 years ago."" (as quoted by Ken Ward Jr.)']",,,0.9619266390800476,,fixed_single,snpmi_remove_stop_words = False_1Mlines_q_1_signed_1,cosine_similarity
"[""The trucking and haulage industry plays a part in production of CO 2, contributing around 20% of the UK's total carbon emissions a year, with only the energy industry having a larger impact at around 39%.""]",[],['CO2 constitutes 80% of the non-condensing greenhouse gas forcing.'],,,0.8550297617912292,,fixed_single,snpmi_remove_stop_words = False_1Mlines_q_1_signed_1,cosine_similarity
"['The scientific consensus as of 2013[update], as stated in the IPCC Fifth Assessment Report, is that it ""is extremely likely that human influence has been the dominant cause of the observed warming since the mid-20th century"".']",[],['The figure traditionally cited that suggests 97 per cent of climate scientists agree that global warming is man-made was also found to be flawed.'],,,0.9580560922622681,,fixed_single,snpmi_remove_stop_words = False_1Mlines_q_1_signed_1,cosine_similarity
"['On 1 April 2016, the United States and China, which together represent almost 40% of global emissions, issued a joint statement confirming that both countries would sign the Paris Climate Agreement.']",[],"[""I think about all the 194 countries that signed onto the Paris accord, the U.S. is the one that's leading the world in reducing emissions.""]",,,0.9449995756149292,,fixed_single,snpmi_remove_stop_words = False_1Mlines_q_1_signed_1,cosine_similarity
['This has led to an increase in the number and severity of extreme weather events.'],[],"['there has been no systematic increase in the frequency of extreme weather events,']",,,0.9624848961830139,,fixed_single,snpmi_remove_stop_words = False_1Mlines_q_1_signed_1,cosine_similarity
"['""\'Conspiracy theories finally laid to rest\' by report on leaked climate change emails"".']",[],['Climategate CRU emails suggest conspiracy'],,,0.0184021033346653,,fixed_single,snpmi_remove_stop_words = False_1Mlines_q_1_signed_1,cosine_similarity
"['""Antarctica ice melt has accelerated by 280% in the last 4 decades"".']",[],['sea-level rise is not accelerating.'],,,0.7765579223632812,,fixed_single,snpmi_remove_stop_words = False_1Mlines_q_1_signed_1,cosine_similarity
"['On the other hand, any doubling of the percentage of carbon dioxide in the air would raise the temperature of the earth\'s surface by 4°; and if the carbon dioxide were increased fourfold, the temperature would rise by 8°.""']",[],['If we double atmospheric carbon dioxide[…] we’d only raise global surface temperatures by about a degree Celsius.'],,,0.7721673250198364,,fixed_single,snpmi_remove_stop_words = False_1Mlines_q_1_signed_1,cosine_similarity
"['""Warming \'very likely\' human-made"".']",[],['a study that totally debunks the whole concept of man-made Global Warming'],,,0.16138793528079987,,fixed_single,snpmi_remove_stop_words = False_1Mlines_q_1_signed_1,cosine_similarity
['This classic was originally published in French in 1958.'],[],"[""This argument originates from Angstrom's work in 1901.""]",,,0.937838613986969,,fixed_single,snpmi_remove_stop_words = False_1Mlines_q_1_signed_1,cosine_similarity
"['During the late 20th century, a scientific consensus evolved that increasing concentrations of greenhouse gases in the atmosphere cause a substantial rise in global temperatures and changes to other parts of the climate system, with consequences for the environment and for human health.']",[],"['Therefore, CO2 levels could not have forced temperatures to rise.']",,,0.7270633578300476,,fixed_single,snpmi_remove_stop_words = False_1Mlines_q_1_signed_1,cosine_similarity
"['Many of the issues that are settled within the scientific community, such as human responsibility for global warming, remain the subject of politically or economically motivated attempts to downplay, dismiss or deny them—an ideological phenomenon categorised by academics and scientists as climate change denial.']",[],"['""Many people think the science of climate change is settled.']",,,0.9524246454238892,,fixed_single,snpmi_remove_stop_words = False_1Mlines_q_1_signed_1,cosine_similarity
"['In the scientific literature, there is an overwhelming consensus that global surface temperatures have increased in recent decades and that the trend is caused mainly by human-induced emissions of greenhouse gases.']",[],['There is no empirical evidence that increasing greenhouse gases are the primary cause of Global Warming'],,,0.9538236856460571,,fixed_single,snpmi_remove_stop_words = False_1Mlines_q_1_signed_1,cosine_similarity
"['About a billion years from now, all surface water will have disappeared and the mean global temperature will reach 70\xa0°C (158\xa0°F).']",[],['The temperatures are expected to change by as much as 10 Fahrenheit degrees at different places of the globe.'],,,0.8828350901603699,,fixed_single,snpmi_remove_stop_words = False_1Mlines_q_1_signed_1,cosine_similarity
"['Currently, about half of the carbon dioxide released from the burning of fossil fuels remains in the atmosphere and is not absorbed by vegetation and the oceans.']",[],"['“The oceans, which absorb more than 90% of the extra CO2 pumped into the atmosphere“']",,,0.9622462391853333,,fixed_single,snpmi_remove_stop_words = False_1Mlines_q_1_signed_1,cosine_similarity
['The sharp acceleration in CO 2 emissions since 2000 to more than a 3% increase per year (more than 2\xa0ppm per year) from 1.1% per year during the 1990s is attributable to the lapse of formerly declining trends in carbon intensity of both developing and developed nations.'],[],"['However, since 1998, little warming has occurred while carbon dioxide emissions continue to increase.']",,,0.7946705222129822,,fixed_single,snpmi_remove_stop_words = False_1Mlines_q_1_signed_1,cosine_similarity
"['They judge that global mean surface air temperature has increased by 0.3 to 0.6\xa0°C over the last 100 years, broadly consistent with prediction of climate models, but also of the same magnitude as natural climate variability.']",[],['Numerous papers have documented how IPCC predictions are more likely to underestimate the climate response.'],,,0.9018564224243164,,fixed_single,snpmi_remove_stop_words = False_1Mlines_q_1_signed_1,cosine_similarity
"['However, unusually hot, dry summers and mild winters throughout the region during the last few years, along with forests filled with mature lodgepole pine, have led to an unprecedented epidemic.']",[],['U.S. Forest Service data show pine beetle infestations have recently declined dramatically throughout the western United States.'],,,0.9076378345489502,,fixed_single,snpmi_remove_stop_words = False_1Mlines_q_1_signed_1,cosine_similarity
['The deviation of some tree ring proxy measurements from the instrumental record since the 1950s raises the question of the reliability of tree ring proxies in the period before the instrumental temperature record.'],[],"['Tree-ring proxy reconstructions are reliable before 1960, tracking closely with the instrumental record and other independent proxies.']",,,0.8983424305915833,,fixed_single,snpmi_remove_stop_words = False_1Mlines_q_1_signed_1,cosine_similarity
['There are many potential impacts on human health due to the modern cattle industrial agriculture system.'],[],['Preventing future pandemics requires more not less “industrial” agriculture'],,,0.7040942907333374,,fixed_single,snpmi_remove_stop_words = False_1Mlines_q_1_signed_1,cosine_similarity
"[""It is one of the largest sources of greenhouse gases, responsible for 18% of the world's greenhouse gas emissions as measured in CO2 equivalents.""]",[],['Global human emissions are only 3 per cent of total annual emissions.'],,,0.7931016683578491,,fixed_single,snpmi_remove_stop_words = False_1Mlines_q_1_signed_1,cosine_similarity
['Few major hurricanes struck the Gulf coast during 3000–1400 BC and again during the most recent millennium.'],[],['Lake-bottom sediments in Florida tell us that recent major hurricane activity in the Gulf of Mexico has been less frequent than in centuries past.'],,,0.9003147482872009,,fixed_single,snpmi_remove_stop_words = False_1Mlines_q_1_signed_1,cosine_similarity
"['Currently, through land development, combustion of fossil fuels, and pollution, humans are thought to be the main contributor to global climate change.']",[],['Humans are too insignificant to affect global climate.'],,,0.8461189270019531,,fixed_single,snpmi_remove_stop_words = False_1Mlines_q_1_signed_1,cosine_similarity
['estimated that the residual effects of the prolonged high solar activity during the last 30 years account for between 16% and 36% of warming from 1950 to 1999.'],[],['Cosmic rays show no trend over the last 30 years & have had little impact on recent global warming.'],,,0.89134681224823,,fixed_single,snpmi_remove_stop_words = False_1Mlines_q_1_signed_1,cosine_similarity
"['It is likely that anthropogenic (i.e., human-induced) warming, such as that due to elevated greenhouse gas levels, has had a discernible influence on many physical and biological systems.']",[],['Man-made greenhouse gases play only an insignificant role.”'],,,0.7414693832397461,,fixed_single,snpmi_remove_stop_words = False_1Mlines_q_1_signed_1,cosine_similarity
"['It was the second-coolest year of the 21st century to date, and tied with the second-warmest year of the 20th century.']",[],['’Extremely remarkable’ 2017 heads toward record for hottest year without an El Niño episode.'],,,0.7232102751731873,,fixed_single,snpmi_remove_stop_words = False_1Mlines_q_1_signed_1,cosine_similarity
"['Between 1993 and 2018, thermal expansion of the oceans contributed 42% to sea level rise; the melting of temperate glaciers, 21%; Greenland, 15%; and Antarctica, 8%.']",[],"['No warming since at least 1995, no melting glaciers and now no rising sea levels.']",,,0.7992659211158752,,fixed_single,snpmi_remove_stop_words = False_1Mlines_q_1_signed_1,cosine_similarity
"['The effects of global warming in the Arctic include rising temperatures, loss of sea ice, and melting of the Greenland ice sheet.']",[],['Measurements indicating that 2017 had relatively more sea ice in the Arctic and less melting of glacial ice in Greenland casts scientific doubt on the reality of global warming.'],,,0.9680268168449402,,fixed_single,snpmi_remove_stop_words = False_1Mlines_q_1_signed_1,cosine_similarity
"['Each satellite provides three transmission beams that can support 50 channels each, carrying news, music, entertainment, and education, and including a computer multimedia service.']",[],['Satellite transmissions are extremely small and irrelevant.'],,,0.8045955896377563,,fixed_single,snpmi_remove_stop_words = False_1Mlines_q_1_signed_1,cosine_similarity
"['However, U.S. civilian nuclear power is considerably more expensive than wind power.']",[],['[Wind energy] is a more expensive way of producing energy than the alternative.'],,,0.8502789735794067,,fixed_single,snpmi_remove_stop_words = False_1Mlines_q_1_signed_1,cosine_similarity
"['In 2008, countries with a Kyoto cap made up less than one-third of annual global carbon dioxide emissions from fuel combustion.']",[],['Global human emissions are only 3 per cent of total annual emissions.'],,,0.872535228729248,,fixed_single,snpmi_remove_stop_words = False_1Mlines_q_1_signed_1,cosine_similarity
"['In the scientific literature, there is an overwhelming consensus that global surface temperatures have increased in recent decades and that the trend is caused mainly by human-induced emissions of greenhouse gases.']",[],['CERN CLOUD experiment proved cosmic rays are causing global warming.'],,,0.3537376821041107,,fixed_single,snpmi_remove_stop_words = False_1Mlines_q_1_signed_1,cosine_similarity
"['(2009) found that the evidence showed that connections between solar variation and climate were more likely to be mediated by direct variation of insolation rather than cosmic rays, and concluded: ""Hence within our assumptions, the effect of varying solar activity, either by direct solar irradiance or by varying cosmic ray rates, must be less than 0.07 °C since 1956, i.e.']",[],['“Several of the papers note that the primary influence on warming appears to be solar activity.'],,,0.9284447431564331,,fixed_single,snpmi_remove_stop_words = False_1Mlines_q_1_signed_1,cosine_similarity
"['Climate change also increases droughts and heat waves that inhibit plant growth, which makes it uncertain whether this balancing feedback will persist in the future.']",[],['There is no statistical evidence that global warming is intensifying[…] droughts'],,,0.855989933013916,,fixed_single,snpmi_remove_stop_words = False_1Mlines_q_1_signed_1,cosine_similarity
"['""How do we know more CO2 is causing warming?"".']",[],"['Carbon dioxide is not ""a primary contributor to the global warming that we see.""']",,,0.7618658542633057,,fixed_single,snpmi_remove_stop_words = False_1Mlines_q_1_signed_1,cosine_similarity
"['""Evidence is now \'unequivocal\' that humans are causing global warming\xa0– UN report"".']",[],"['In no way, shape, or form are humans warming or cooling the planet.']",,,0.8340710401535034,,fixed_single,snpmi_remove_stop_words = False_1Mlines_q_1_signed_1,cosine_similarity
['The loss in Southern Alps total ice volume from 1976–2014 is 34\xa0percent of the total.'],[],['The report suggests significantly smaller overall  ice-mass losses than previous estimates.'],,,0.7006752490997314,,fixed_single,snpmi_remove_stop_words = False_1Mlines_q_1_signed_1,cosine_similarity
"['After the elder Snart insults him and his mother, calling them weak, Cold punches him, but finds himself unable to kill him, instead getting Heat Wave to do it.']",[],['cold kills many more people than heat.'],,,0.7866600155830383,,fixed_single,snpmi_remove_stop_words = False_1Mlines_q_1_signed_1,cosine_similarity
"['It is also predicted that Greenland will become warm enough by 2100 to begin an almost complete melt during the next 1,000 years or more.']",[],"['[T]he study indicates “Greenland’s ice may be less susceptible to the massive meltdown predicted by computer models of climate change, the main author ... said in an interview. ...']",,,0.9435999393463135,,fixed_single,snpmi_remove_stop_words = False_1Mlines_q_1_signed_1,cosine_similarity
"['The German Advisory Council on Global Change stated: In order to prevent disruption of the calcification of marine organisms and the resultant risk of fundamentally altering marine food webs, the following guard rail should be obeyed: the pH of near surface waters should not drop more than 0.2 units below the pre-industrial average value in any larger ocean region (nor in the global mean).']",[],"['“[…]The impact on calcification, metabolism, growth, fertility and survival of calcifying marine species when pH is lowered up to 0.3 units […] is beneficial, not damaging.']",,,0.9482148885726929,,fixed_single,snpmi_remove_stop_words = False_1Mlines_q_1_signed_1,cosine_similarity
['The IPCC literature assessment estimates that TCR likely lies between 1\xa0°C and 2.5\xa0°C.'],[],"['In fact, the authors go on to estimate climate sensitivity from their findings, calculate a value between 2.3 to 4.1°C.']",,,0.8881455063819885,,fixed_single,snpmi_remove_stop_words = False_1Mlines_q_1_signed_1,cosine_similarity
"['In the Kamchatka peninsula and several parts of coastal Alaska, brown bears feed mostly on spawning salmon, whose nutrition and abundance explain the enormous size of the bears in these areas.']",[],"['In Alaska, brown bears are changing their feeding habits to eat elderberries that ripen earlier.']",,,0.8932301998138428,,fixed_single,snpmi_remove_stop_words = False_1Mlines_q_1_signed_1,cosine_similarity
"['The planet Venus experienced runaway greenhouse effect, resulting in an atmosphere which is 96% carbon dioxide, with surface atmospheric pressure roughly the same as found 900\xa0m (3,000\xa0ft) underwater on Earth.']",[],"[""Venus doesn't have a runaway greenhouse effect""]",,,0.7697874307632446,,fixed_single,snpmi_remove_stop_words = False_1Mlines_q_1_signed_1,cosine_similarity
['Extreme Weather Prompts Unprecedented Global Warming Alert.'],[],"[""Extreme weather isn't caused by global warming""]",,,0.6505931615829468,,fixed_single,snpmi_remove_stop_words = False_1Mlines_q_1_signed_1,cosine_similarity
"[""The world's most important greenhouse gas is carbon dioxide, a by-product of the burning of fossil fuels.""]",[],"['“Today climate scientists are obsessed with the level of carbon dioxide in the atmosphere, a very very small part of the overall picture.']",,,0.9635623693466187,,fixed_single,snpmi_remove_stop_words = False_1Mlines_q_1_signed_1,cosine_similarity
['It is a major aspect of climate change and has been demonstrated by direct temperature measurements and by measurements of various effects of the warming.'],[],['the warming is not nearly as great as the climate change computer models have predicted.'],,,0.9465475678443909,,fixed_single,snpmi_remove_stop_words = False_1Mlines_q_1_signed_1,cosine_similarity
"['Much of the Tea Party criticism focuses on his willingness to be bipartisan and work with Democrats on issues like climate change, tax reform and immigration reform and his belief that judicial nominees should not be opposed solely on their philosophical positions.']",[],['There is not a single candidate in the Republican primary that thinks we should do anything about climate change.'],,,0.9375638961791992,,fixed_single,snpmi_remove_stop_words = False_1Mlines_q_1_signed_1,cosine_similarity
"[""In 2014, the Bureau of Meteorology released a report on the state of Australia's climate that highlighted several key points, including the significant increase in Australia's temperatures (particularly night-time temperatures) and the increasing frequency of bush fires, droughts and floods, which have all been linked to climate change.""]",[],"['Some, however, bristle at the belief that because floods and storms have always occurred, they should not be linked to climate change”']",,,0.9156115055084229,,fixed_single,snpmi_remove_stop_words = False_1Mlines_q_1_signed_1,cosine_similarity
['There is a scientific consensus linking human activities to global warming due to industrial carbon dioxide emissions.'],[],"['Antarctic ice fluctuates wildly year to year, and the link to man-made global warming there is not clear, NASA ice expert Walt Meier said.']",,,0.919758677482605,,fixed_single,snpmi_remove_stop_words = False_1Mlines_q_1_signed_1,cosine_similarity
['The effects on the calcifying organisms at the base of the food webs could potentially destroy fisheries.'],[],"['“[…]The impact on calcification, metabolism, growth, fertility and survival of calcifying marine species when pH is lowered up to 0.3 units […] is beneficial, not damaging.']",,,0.9135249853134155,,fixed_single,snpmi_remove_stop_words = False_1Mlines_q_1_signed_1,cosine_similarity
"['At very high concentrations (100 times atmospheric concentration, or greater), carbon dioxide can be toxic to animal life, so raising the concentration to 10,000 ppm (1%) or higher for several hours will eliminate pests such as whiteflies and spider mites in a greenhouse.']",[],"['Not only is there no scientific evidence that CO2 is a pollutant, higher CO2 concentrations actually help ecosystems support more plant and animal life.']",,,0.9253597259521484,,fixed_single,snpmi_remove_stop_words = False_1Mlines_q_1_signed_1,cosine_similarity
"['The Greenland, and possibly the Antarctic, ice sheets have been losing mass recently, because losses by ablation including outlet glaciers exceed accumulation of snowfall.']",[],['Ice Sheet losses are overestimated.'],,,0.6746010184288025,,fixed_single,snpmi_remove_stop_words = False_1Mlines_q_1_signed_1,cosine_similarity
['2013 was the warmest year ever in the contiguous United States and about one-third of all Americans experienced 10 days or more of 100-degree heat.'],[],"['As a result, ""The warmest  year on US record is now 1934.']",,,0.9567692279815674,,fixed_single,snpmi_remove_stop_words = False_1Mlines_q_1_signed_1,cosine_similarity
"['More recent research, especially into Antarctica, indicates that this is probably a conservative estimate and true long-term sea level rise might be higher.']",[],['Sea level rise predictions are exaggerated.'],,,0.7880041599273682,,fixed_single,snpmi_remove_stop_words = False_1Mlines_q_1_signed_1,cosine_similarity
"['In response to segregation, disfranchisement and agricultural depression, many African Americans migrated from Florida to northern cities in the Great Migration, in waves from 1910 to 1940, and again starting in the later 1940s.']",[],"['Migration patterns show people heading for warm states like Texas and Florida, not snowy Minnesota and Michigan.”']",,,0.8654772043228149,,fixed_single,snpmi_remove_stop_words = False_1Mlines_q_1_signed_1,cosine_similarity
['The work of the Intergovernmental Panel on Climate Change (IPCC) represents the consensus of the international scientific community on climate change science.'],[],"[""'The UN’s Intergovernmental Panel on Climate Change misled the press and public into believing that thousands of scientists backed its claims on manmade global warming, according to Mike Hulme, a prominent climate scientist and IPCC insider.""]",,,0.9621906876564026,,fixed_single,snpmi_remove_stop_words = False_1Mlines_q_1_signed_1,cosine_similarity
['Increasing acidity is thought to have a range of potentially harmful consequences for marine organisms such as depressing metabolic rates and immune responses in some organisms and causing coral bleaching.'],[],['Marine life has nothing whatsoever to fear from ocean acidification.”'],,,0.8754154443740845,,fixed_single,snpmi_remove_stop_words = False_1Mlines_q_1_signed_1,cosine_similarity
['The atmospheric lifetime of CO 2 is estimated of the order of 30–95 years.'],[],['Individual carbon dioxide molecules have a short life time of around 5 years in the atmosphere.'],,,0.9369449019432068,,fixed_single,snpmi_remove_stop_words = False_1Mlines_q_1_signed_1,cosine_similarity
"['Carbon dioxide has a variable atmospheric lifetime, and cannot be specified precisely.']",[],['Excess CO2 from human emissions has a long residence time of over 100 years'],,,0.8830859661102295,,fixed_single,snpmi_remove_stop_words = False_1Mlines_q_1_signed_1,cosine_similarity
"['The reconstruction found significant variability around a long-term cooling trend of −0.02\xa0°C per century, as expected from orbital forcing, interrupted in the 20th century by rapid warming which stood out from the whole period, with the 1990s ""the warmest decade, and 1998 the warmest year, at moderately high levels of confidence"".']",[],"['[T]he raw data, the actual thermometer data[...] shows that the US has been cooling for 80 to 90 years.']",,,0.9599713087081909,,fixed_single,snpmi_remove_stop_words = False_1Mlines_q_1_signed_1,cosine_similarity
['Tuvaluan leaders have been concerned about the effects of rising sea levels.'],[],"[""Tuvalu sea level isn't rising.""]",,,0.4752284288406372,,fixed_single,snpmi_remove_stop_words = False_1Mlines_q_1_signed_1,cosine_similarity
['Scientists Reach 100% Consensus on Anthropogenic Global Warming.'],[],['Less than half of published scientists endorse global warming'],,,0.7482343912124634,,fixed_single,snpmi_remove_stop_words = False_1Mlines_q_1_signed_1,cosine_similarity
"['In the scientific literature, there is an overwhelming consensus that global surface temperatures have increased in recent decades and that the trend is caused mainly by human-induced emissions of greenhouse gases.']",[],"['In our lifetime, there has been no correlation between carbon dioxide emissions and temperature']",,,0.8635832071304321,,fixed_single,snpmi_remove_stop_words = False_1Mlines_q_1_signed_1,cosine_similarity
"['""Marine calcifiers exhibit mixed responses to CO 2-induced ocean acidification"".']",[],"[""'Our harmless emissions of trifling quantities of carbon dioxide cannot possibly acidify the oceans.""]",,,0.620259165763855,,fixed_single,snpmi_remove_stop_words = False_1Mlines_q_1_signed_1,cosine_similarity
"['Combined with sea level rise, this stratification into more extreme seasons and climates increases the frequency and severity of storm surge, floods, landslides, and droughts.']",[],"['there has been no increase in frequency or intensity of storms, floods or droughts, while deaths attributed to such natural disasters have never been fewer']",,,0.8831735849380493,,fixed_single,snpmi_remove_stop_words = False_1Mlines_q_1_signed_1,cosine_similarity
['There is still a very poor understanding of the correlation between low sunspot activity and cooling temperatures.'],[],"['When all forcings are combined, they show good correlation to global temperature throughout the 20th century including the mid-century cooling period.']",,,0.9345484972000122,,fixed_single,snpmi_remove_stop_words = False_1Mlines_q_1_signed_1,cosine_similarity
['Renewable power has been more effective in creating jobs than coal or oil in the United States.'],[],['Renewable energy investment kills jobs'],,,0.14301341772079468,,fixed_single,snpmi_remove_stop_words = False_1Mlines_q_1_signed_1,cosine_similarity
"['Surface temperature increases are greatest in the Arctic, which has contributed to the retreat of glaciers, permafrost, and sea ice.']",[],"['“It’s far too early to tell if what we are seeing in the Arctic, and now the Antarctic, is a sharp shift towards warmer poles with less ice.']",,,0.9533859491348267,,fixed_single,snpmi_remove_stop_words = False_1Mlines_q_1_signed_1,cosine_similarity
"['Over the 21st century, the IPCC projects that in a very high emissions scenario the sea level could rise by 61–110\xa0cm.']",[],"['“Recent computer forecasts suggest that if greenhouse gas emissions continue at a high level, parts of Antarctica could break up rapidly, causing the ocean to rise six feet or more by the end of this century.']",,,0.9648520946502686,,fixed_single,snpmi_remove_stop_words = False_1Mlines_q_1_signed_1,cosine_similarity
['Humans have had a dramatic effect on the environment.'],[],['Humans are too insignificant to affect global climate.'],,,0.7057465314865112,,fixed_single,snpmi_remove_stop_words = False_1Mlines_q_1_signed_1,cosine_similarity
"['According the Vermont state government, rainfall has significantly increased in the last 50 years, storms and flooding have increased, and winters have become warmer and shorter.']",[],"['Since 1965, more parts of the U.S. have seen a decrease in flooding than have seen an increase.']",,,0.9379692077636719,,fixed_single,snpmi_remove_stop_words = False_1Mlines_q_1_signed_1,cosine_similarity
"['In the scientific literature, there is an overwhelming consensus that global surface temperatures have increased in recent decades and that the trend is caused mainly by human-induced emissions of greenhouse gases.']",[],['The figure traditionally cited that suggests 97 per cent of climate scientists agree that global warming is man-made was also found to be flawed.'],,,0.9585989713668823,,fixed_single,snpmi_remove_stop_words = False_1Mlines_q_1_signed_1,cosine_similarity
"['This less valuable ""spare"" electricity comes from uncontrolled wind power and base load power plants such as coal, nuclear and geothermal, which still produce power at night even though demand is very low.']",[],"[""Renewables can't provide baseload power""]",,,0.5405439734458923,,fixed_single,snpmi_remove_stop_words = False_1Mlines_q_1_signed_1,cosine_similarity
"['It concluded, ""The weight of current multi-proxy evidence, therefore, suggests greater 20th-century warmth, in comparison with temperature levels of the previous 400 years, than was shown in the TAR.']",[],"['Climate skeptics argue temperature records have been adjusted in recent years to make the past appear cooler and the present warmer, although the Carbon Brief showed that NOAA has actually made the past warmer, evening out the difference.']",,,0.9540364742279053,,fixed_single,snpmi_remove_stop_words = False_1Mlines_q_1_signed_1,cosine_similarity
"['Energy is usually harvested onsite through energy producing technologies like solar and wind, while reducing the overall use of energy with highly efficient lightning and heating, ventilation and air conditioning (HVAC) technologies.']",[],['The amount of energy used to construct solar and wind facilities is greater than they produce in their working lives.'],,,0.9105439782142639,,fixed_single,snpmi_remove_stop_words = False_1Mlines_q_1_signed_1,cosine_similarity
"['A 2017 Politico article states that increased CO 2 levels may have a negative impact on the nutritional quality of various human food crops, by increasing the levels of carbohydrates, such as glucose, while decreasing the levels of important nutrients such as protein, iron, and zinc.']",[],"['“Some experts, such as UN climate scientist Dr. Indur Goklany, have defended rising CO2 levels as a good thing for humanity.']",,,0.9245205521583557,,fixed_single,snpmi_remove_stop_words = False_1Mlines_q_1_signed_1,cosine_similarity
"['""EEA report confirms: electric cars are better for climate and air quality"".']",[],['New Study Confirms EVs Considerably Worse For Climate Than Diesel Cars.'],,,0.861034631729126,,fixed_single,snpmi_remove_stop_words = False_1Mlines_q_1_signed_1,cosine_similarity
"['Findings show that Greenland has lost 3.8 trillion tonnes of ice since 1992, enough to raise sea levels by almost 11mm (1.06cm).']",[],['Greenland has only lost a tiny fraction of its ice mass.'],,,0.9146093130111694,,fixed_single,snpmi_remove_stop_words = False_1Mlines_q_1_signed_1,cosine_similarity
"['Given the potential threat to marine ecosystems and its ensuing impact on human society and economy, especially as it acts in conjunction with anthropogenic global warming, there is an urgent need for immediate action.""']",[],['Climate change need not endanger anyone”'],,,0.6181356906890869,,fixed_single,snpmi_remove_stop_words = False_1Mlines_q_1_signed_1,cosine_similarity
"['They still manage to consume some seals, but they are food-deprived in summer as only marine mammal carcasses are an important alternative without sea ice, especially carcasses of the beluga whale.']",[],"['while it’s true that studies in some regions show polar bears are lighter in weight than they were in the 1980s, there is no evidence that more individuals are starving to death or becoming too thin to reproduce because of less summer ice.']",,,0.9725011587142944,,fixed_single,snpmi_remove_stop_words = False_1Mlines_q_1_signed_1,cosine_similarity
"['Over the 21st century, this is expected to rise, with glaciers contributing 7 to 24\xa0cm (3 to 9\xa0in) to global sea levels.']",[],['Sea level rise is decelerating.'],,,0.8024061918258667,,fixed_single,snpmi_remove_stop_words = False_1Mlines_q_1_signed_1,cosine_similarity
['Correlation of CO 2 and temperature is not part of this evidence.'],[],['The long-term correlation between CO2 and temperature is well established.'],,,0.9310786128044128,,fixed_single,snpmi_remove_stop_words = False_1Mlines_q_1_signed_1,cosine_similarity
"['97% of the scientists surveyed agreed that global temperatures had increased during the past 100 years; 84% said they personally believed human-induced warming was occurring, and 74% agreed that ""currently available scientific evidence"" substantiated its occurrence.']",[],['97% consensus on human-caused global warming has been disproven.'],,,0.800724983215332,,fixed_single,snpmi_remove_stop_words = False_1Mlines_q_1_signed_1,cosine_similarity
['Reports have also predicted that within a few decades the Arctic Ocean will be entirely free of ice in the summer.'],[],"['‘Next year or the year after, the Arctic will be free of ice’']",,,0.9707540273666382,,fixed_single,snpmi_remove_stop_words = False_1Mlines_q_1_signed_1,cosine_similarity
['Combustion of fossil fuels and deforestation have caused the atmospheric concentration of carbon dioxide to increase by about 43% since the beginning of the age of industrialization.'],[],"[""Over the three years from 1979 to 1982 when CO2 emissions were decreasing due to the rapid increase in the price of oil that drastically reduced consumption, there was no change in the rate of increase in atmospheric concentration of CO2 proving that humans were not the primary source for the increase in concentration.'""]",,,0.9712552428245544,,fixed_single,snpmi_remove_stop_words = False_1Mlines_q_1_signed_1,cosine_similarity
"['By the first half of 2016, only 10 vehicles were manufactured per day in Venezuela with production dropping 86%.']",[],"['The cement, iron and steel, and petroleum refining industries could see their production cut by 21% 19%, and 11% respectively.”']",,,0.8859051465988159,,fixed_single,snpmi_remove_stop_words = False_1Mlines_q_1_signed_1,cosine_similarity
['The atmospheric lifetime of CO 2 is estimated of the order of 30–95 years.'],[],['Excess CO2 from human emissions has a long residence time of over 100 years'],,,0.8944407105445862,,fixed_single,snpmi_remove_stop_words = False_1Mlines_q_1_signed_1,cosine_similarity
"['(BBC) 4 April A new, detailed record of past climate change has shown compelling evidence that the last ice age was ended by a rise in temperature driven by an increase in atmospheric carbon dioxide.']",[],['Each of the six major past ice ages began when the atmospheric carbon dioxide content was far higher than at present.'],,,0.9529199004173279,,fixed_single,snpmi_remove_stop_words = False_1Mlines_q_1_signed_1,cosine_similarity
['found instead that the net change in ice mass is slightly positive at approximately 82 gigatonnes per year (with significant regional variation) which would result in Antarctic activity reducing global sea-level rise by 0.23\xa0mm per year.'],[],"['It “certainly puts the kibosh on everyone saying that Antarctica’s ice is just going up and up,” Meier said.']",,,0.9121100902557373,,fixed_single,snpmi_remove_stop_words = False_1Mlines_q_1_signed_1,cosine_similarity
['About half of the analyzed models show near-complete to complete sea ice loss in September by the year 2100.'],[],"['Arctic summer sea ice has shrunk by an area equal to Western Australia, and might be all gone in a decade.']",,,0.9384701251983643,,fixed_single,snpmi_remove_stop_words = False_1Mlines_q_1_signed_1,cosine_similarity
"['While ‘climate change’ can be due to natural forces or human activity, there is now substantial evidence to indicate that human activity – and specifically increased greenhouse gas (GHGs) emissions – is a key factor in the pace and extent of global temperature increases.']",[],"['Human-produced carbon might be one of the factors [of climate change], but there’s simply no evidence that it is a significant one.']",,,0.9338414669036865,,fixed_single,snpmi_remove_stop_words = False_1Mlines_q_1_signed_1,cosine_similarity
['Land use change (mainly deforestation in the tropics) account for up to one third of total anthropogenic CO 2 emissions.'],[],['Human CO2 is a tiny fraction of CO2 emissions.'],,,0.8869529962539673,,fixed_single,snpmi_remove_stop_words = False_1Mlines_q_1_signed_1,cosine_similarity
"['The extent of sea ice around Antarctica (in terms of square kilometers of coverage) has remained roughly constant in recent decades, although the amount of variation it has experienced in its thickness is unclear.']",[],"[""'Antarctic sea ice set a new record in October 2007, as photographs distributed by the National Oceanic and Atmospheric Administration showed penguins and other cold-weather creatures able to stand farther north on Southern Hemisphere sea ice than has ever been recorded.""]",,,0.9359945058822632,,fixed_single,snpmi_remove_stop_words = False_1Mlines_q_1_signed_1,cosine_similarity
"['Globally there are an estimated 7.7 million jobs associated with the renewable energy industries, with solar photovoltaics being the largest renewable employer.']",[],['Renewable energy investment kills jobs'],,,0.22095376253128052,,fixed_single,snpmi_remove_stop_words = False_1Mlines_q_1_signed_1,cosine_similarity
"['The clear message from fingerprint studies is that the observed warming over the last half-century cannot be explained by natural factors, and is instead caused primarily by human factors.']",[],"['“So the bottom line of all this is that climate change is natural, not man-made.']",,,0.9602874517440796,,fixed_single,snpmi_remove_stop_words = False_1Mlines_q_1_signed_1,cosine_similarity
"['After spending a week without significantly strengthening itself in the central Atlantic, it rapidly intensified into a powerful Category 5 hurricane while moving westward towards the Bahamas on August 23.']",[],['The 30 most costly hurricanes in U.S. history (according to federal data from January) show no increase in intensity over time.'],,,0.9425955414772034,,fixed_single,snpmi_remove_stop_words = False_1Mlines_q_1_signed_1,cosine_similarity
"['So far, the Green Climate Fund has now received over $10 billion in pledges.']",[],"['U.S. Pays $1 Billion into Green Climate Fund, Top Polluters Pay Nothing']",,,0.8192038536071777,,fixed_single,snpmi_remove_stop_words = False_1Mlines_q_1_signed_1,cosine_similarity
['Most of the climatic warming over the last 50 years is likely to have been caused by increased concentrations of greenhouse gases in the atmosphere.'],[],"['So that means that probably about half, maybe half of that nine-tenths of the degree [of total warming] might be caused by greenhouse gases']",,,0.9569874405860901,,fixed_single,snpmi_remove_stop_words = False_1Mlines_q_1_signed_1,cosine_similarity
"['For example, bicycling reduces greenhouse gas emissions while reducing the effects of a sedentary lifestyle at the same time.']",[],"['The argument that solving the global warming problem by reducing human greenhouse gas emissions is ""too hard"" generally stems from the belief that (i) our technology is not sufficiently advanced to achieve significant emissions reductions,']",,,0.9394222497940063,,fixed_single,snpmi_remove_stop_words = False_1Mlines_q_1_signed_1,cosine_similarity
"['Massive heat waves across North America were persistent in the 1930s, many mid-Atlantic/Ohio valley states recorded their highest temperatures during July 1934.']",[],['Heat waves have been decreasing since the 1930s in the U.S. and globally.'],,,0.8944399356842041,,fixed_single,snpmi_remove_stop_words = False_1Mlines_q_1_signed_1,cosine_similarity
['Human-caused increases in greenhouse gases are responsible for most of the observed global average surface warming of roughly 0.8\u202f°C (1.5\u202f°F) over the past 140 years.'],[],"['The minute increase of anthropogenic CO2\xa0in the atmosphere (0.008%) was not the cause of the warming—it was a continuation of natural cycles that occurred over the past 500 years.""']",,,0.9500757455825806,,fixed_single,snpmi_remove_stop_words = False_1Mlines_q_1_signed_1,cosine_similarity
"['In his first paper on the matter, he estimated that global temperature would rise by around 5 to 6\xa0°C (9.0 to 10.8\xa0°F) if the quantity of CO 2 was doubled.']",[],"['His best estimate is that the  warming in response to a doubling of CO2 concentration, which may happen  this century unless the usual suspects get away with shutting down the  economies of the West, will be a harmless 1 Fahrenheit degree, not the 6  F predicted by the IPCC.""']",,,0.97666335105896,,fixed_single,snpmi_remove_stop_words = False_1Mlines_q_1_signed_1,cosine_similarity
"['The effects of global warming include rising sea levels, regional changes in precipitation, more frequent extreme weather events such as heat waves, and expansion of deserts.']",[],"[""Extreme weather isn't caused by global warming""]",,,0.6497900485992432,,fixed_single,snpmi_remove_stop_words = False_1Mlines_q_1_signed_1,cosine_similarity
"['The Framework Convention was agreed on in 1992, but global emissions have risen since then.']",[],['Phil Jones says no global warming since 1995.'],,,0.663273274898529,,fixed_single,snpmi_remove_stop_words = False_1Mlines_q_1_signed_1,cosine_similarity
"['This acceleration is due mostly to human-caused global warming, which is driving thermal expansion of seawater and the melting of land-based ice sheets and glaciers.']",[],"['Sea-level rise does not seem to depend on ocean temperature, and certainly not on CO2']",,,0.8889676928520203,,fixed_single,snpmi_remove_stop_words = False_1Mlines_q_1_signed_1,cosine_similarity
['A key benefit that this investment growth brings is a growth in jobs.'],[],['Renewable energy investment kills jobs'],,,0.03733649104833603,,fixed_single,snpmi_remove_stop_words = False_1Mlines_q_1_signed_1,cosine_similarity
['Mean sea-level rise is projected to continue (very high confidence).'],[],"[""Tuvalu sea level isn't rising""]",,,0.42451271414756775,,fixed_single,snpmi_remove_stop_words = False_1Mlines_q_1_signed_1,cosine_similarity
['Sea level rise will continue over many centuries.'],[],['A fast transition away from fossil fuels in the next few decades could be enough to put off rapid sea-level rise for centuries.'],,,0.7240478992462158,,fixed_single,snpmi_remove_stop_words = False_1Mlines_q_1_signed_1,cosine_similarity
"['Atmospheric concentrations of anthropogenic (i.e., human-emitted) greenhouse gases have increased substantially.']",[],['Man-made greenhouse gases play only an insignificant role.”'],,,0.6188972592353821,,fixed_single,snpmi_remove_stop_words = False_1Mlines_q_1_signed_1,cosine_similarity
"['A consensus, based on current evidence, now exists within the global scientific community that human activities are the main source of climate change and that the burning of fossil fuels is largely responsible for driving this change...']",[],['there is no relationship between temperature and carbon dioxide emissions by Â\xadhumans[...]'],,,0.8699355125427246,,fixed_single,snpmi_remove_stop_words = False_1Mlines_q_1_signed_1,cosine_similarity
"['Increased temperatures and altered hydrological cycles are predicted to translate to shorter growing seasons, overall reduced biomass production, and lower grain yields.']",[],"['A longer and warmer growing season also has an effect, Dr. Overpeck said, as plants take up more water, further reducing stream flows.']",,,0.8049458265304565,,fixed_single,snpmi_remove_stop_words = False_1Mlines_q_1_signed_1,cosine_similarity
"['For example, humans living on atoll islands face risks due to sea level rise, sea surface warming, and increased frequency and intensity of extreme weather events.']",[],"[""Climate change isn't increasing extreme weather damage costs""]",,,0.3140307664871216,,fixed_single,snpmi_remove_stop_words = False_1Mlines_q_1_signed_1,cosine_similarity
"['Since the start of the 20th century, the global mean surface temperature of the Earth has increased by more than 0.7°C and the rate of warming has been largest in the last 30 years.']",[],['This means the global temperature trend has now shown no further warming for 19 years'],,,0.9179072380065918,,fixed_single,snpmi_remove_stop_words = False_1Mlines_q_1_signed_1,cosine_similarity
"['This network was used, in combination with satellite altimeter data, to establish that global mean sea-level rose 19.5\xa0cm (7.7\xa0in) between 1870 and 2004 at an average rate of about 1.44\xa0mm/yr (1.7\xa0mm/yr during the 20th century).']",[],"['(2005), where satellite altimetry  established that the mean thickness of the entire Greenland ice sheet  had increased at 2 inches per year – a total of almost 2 feet – in the  11 years 1993-2003.”']",,,0.9664857387542725,,fixed_single,snpmi_remove_stop_words = False_1Mlines_q_1_signed_1,cosine_similarity
"['... there is a strong, credible body of evidence, based on multiple lines of research, documenting that climate is changing and that these changes are in large part caused by human activities.']",[],"[""There's no empirical evidence for climate change.""]",,,0.7302772998809814,,fixed_single,snpmi_remove_stop_words = False_1Mlines_q_1_signed_1,cosine_similarity
"['In this new report, the EPA concluded that shale gas emits larger amounts of methane, a potent greenhouse gas, than does conventional gas, but still far less than coal.']",[],"['In reality, gas produced by fracking is worse for the climate than coal.']",,,0.9214590787887573,,fixed_single,snpmi_remove_stop_words = False_1Mlines_q_1_signed_1,cosine_similarity
"['Some 2.3 million people have found renewable energy jobs in recent years, and projected investments of $630 billion by 2030 would translate into at least 20 million additional jobs.']",[],['Renewable energy investment kills jobs.'],,,0.20476879179477692,,fixed_single,snpmi_remove_stop_words = False_1Mlines_q_1_signed_1,cosine_similarity
['Several administrative advisers have stated that the social cost should be reduced to zero (currently at $36 per ton of carbon dioxide).'],[],"['(In technical lingo, the so-called social cost of carbon would be negative.)”']",,,0.9387737512588501,,fixed_single,snpmi_remove_stop_words = False_1Mlines_q_1_signed_1,cosine_similarity
"['The largest human influence has been the emission of greenhouse gases such as carbon dioxide, methane, and nitrous oxide.']",[],['Man-made greenhouse gases play only an insignificant role.”'],,,0.6894727945327759,,fixed_single,snpmi_remove_stop_words = False_1Mlines_q_1_signed_1,cosine_similarity
"['In 2012, the United States experienced its warmest year on record.']",[],"['As a result, ""The warmest  year on US record is now 1934.']",,,0.9622891545295715,,fixed_single,snpmi_remove_stop_words = False_1Mlines_q_1_signed_1,cosine_similarity
['Tuvalu is also affected by perigean spring tide events which raise the sea level higher than a normal high tide.'],[],"[""Tuvalu sea level isn't rising.""]",,,0.4256886839866638,,fixed_single,snpmi_remove_stop_words = False_1Mlines_q_1_signed_1,cosine_similarity
['Sea level rise will continue over many centuries.'],[],['Scientists retracted claim that sea levels are rising.'],,,0.764520525932312,,fixed_single,snpmi_remove_stop_words = False_1Mlines_q_1_signed_1,cosine_similarity
"['There is widespread support for the IPCC in the scientific community, which is reflected in publications by other scientific bodies and experts.']",[],"[""'The UN’s Intergovernmental Panel on Climate Change misled the press and public into believing that thousands of scientists backed its claims on manmade global warming, according to Mike Hulme, a prominent climate scientist and IPCC insider.""]",,,0.9413800239562988,,fixed_single,snpmi_remove_stop_words = False_1Mlines_q_1_signed_1,cosine_similarity
"['In the scientific literature, there is an overwhelming consensus that global surface temperatures have increased in recent decades and that the trend is caused mainly by human-induced emissions of greenhouse gases.']",[],"['Claims have recently surfaced in the blogosphere that an increasing number of scientists are warning of an imminent global cooling, some even going so far as to call it a ""growing consensus"".']",,,0.966858983039856,,fixed_single,snpmi_remove_stop_words = False_1Mlines_q_1_signed_1,cosine_similarity
['The model predicted <0.2\xa0°C warming for upper air at 700 mb and 500 mb.'],[],['the models predicted seven times as much warming as has been observed'],,,0.8495490550994873,,fixed_single,snpmi_remove_stop_words = False_1Mlines_q_1_signed_1,cosine_similarity
"['This post-glacial rebound, which proceeds very slowly after the melting of the ice sheet or glacier, is currently occurring in measurable amounts in Scandinavia and the Great Lakes region of North America.']",[],"['Thanks to a rapid rebound in recent months, global sea ice levels\xa0now equal those seen 29 years ago,\xa0when the\xa0year 1979 also drew to a close.']",,,0.93578040599823,,fixed_single,snpmi_remove_stop_words = False_1Mlines_q_1_signed_1,cosine_similarity
['There is a scientific consensus that climate is changing and that greenhouse gases emitted by human activities are the primary driver.'],[],['There is no empirical evidence that increasing greenhouse gases are the primary cause of Global Warming'],,,0.9578452110290527,,fixed_single,snpmi_remove_stop_words = False_1Mlines_q_1_signed_1,cosine_similarity
['A humid continental climate is marked by variable weather patterns and a large seasonal temperature variance.'],[],['Weather and climate are different; climate predictions do not need weather detail.'],,,0.7606299519538879,,fixed_single,snpmi_remove_stop_words = False_1Mlines_q_1_signed_1,cosine_similarity
['This could mean rapid sea level rise of up to 19\xa0mm (0.75\xa0in) per year by the end of the century.'],[],['Sea level rise is not going to happen.'],,,0.8930615186691284,,fixed_single,snpmi_remove_stop_words = False_1Mlines_q_1_signed_1,cosine_similarity
['With the increase in temperatures worldwide due to climate change the increase in flooding is unavoidable.'],[],['Nor is there evidence of an increase in floods globally.'],,,0.9172479510307312,,fixed_single,snpmi_remove_stop_words = False_1Mlines_q_1_signed_1,cosine_similarity
['There are few studies of the health effects of long-term continuous CO 2 exposure on humans and animals at levels below 1%.'],[],['“Carbon dioxide hurts nobody’s health.'],,,0.20117807388305664,,fixed_single,snpmi_remove_stop_words = False_1Mlines_q_1_signed_1,cosine_similarity
"['In the scientific literature, there is an overwhelming consensus that global surface temperatures have increased in recent decades and that the trend is caused mainly by human-induced emissions of greenhouse gases.']",[],"['according, again, to the official figures—during this past 10 years, if anything, mean global temperature, average world temperature, has slightly declined.']",,,0.8741324543952942,,fixed_single,snpmi_remove_stop_words = False_1Mlines_q_1_signed_1,cosine_similarity
"['The Miami Herald wrote that Curbelo has ""attempted to position himself as the national voice for Republicans who are concerned about climate change,"" describing him as ""one of the few GOP voices speaking out against Donald Trump\'s decision to withdraw from the Paris Climate Agreement and his desire to dismantle the Environmental Protection Agency.""']",[],"['Miami Congressman Carlos ""Curbelo supports drilling offshore"" and ""repeatedly voted against President Obama\'s ability to fight pollution and combat climate change.""']",,,0.7828701734542847,,fixed_single,snpmi_remove_stop_words = False_1Mlines_q_1_signed_1,cosine_similarity
"['Currently, surface temperatures are rising by about 0.2\xa0°C per decade.']",[],"['Rather than 100 years of unprecedented global warming as predicted by  IPCC, the global temperatures have leveled off and we seem to be heading  for cooler weather.""']",,,0.8272271156311035,,fixed_single,snpmi_remove_stop_words = False_1Mlines_q_1_signed_1,cosine_similarity
"['Fossil-fueled power plants, which wind turbines generally require to make up for their weather dependent intermittency, kill almost 20 times as many birds per gigawatt hour (GWh) of electricity according to Sovacool.']",[],"['Renew\xadables such as wind turbines are environmentally disastrous because they pollute a huge land area, slice and dice birds and bats, kill insects that are bird food, create health problems for humans who live within kilometres of them, leave toxins around the turbine site and despoil the landscape.']",,,0.9396215677261353,,fixed_single,snpmi_remove_stop_words = False_1Mlines_q_1_signed_1,cosine_similarity
"['Human activities, primarily the burning of fossil fuels (coal, oil, and natural gas), and secondarily the clearing of land, have increased the concentration of carbon dioxide, methane, and other heat-trapping (""greenhouse"") gases in the atmosphere...There is international scientific consensus that most of the warming observed over the last 50 years is attributable to human activities.']",[],"['The Petition Project features over 31,000 scientists signing the petition stating ""there is no convincing scientific evidence that human release of carbon dioxide will, in the forseeable future, cause catastrophic heating of the Earth\'s atmosphere"".']",,,0.9792295098304749,,fixed_single,snpmi_remove_stop_words = False_1Mlines_q_1_signed_1,cosine_similarity
"['When inhaled, these particles can settle in the lungs and respiratory tract and cause health problems.']",[],['“Carbon dioxide hurts nobody’s health.'],,,0.24238596856594086,,fixed_single,snpmi_remove_stop_words = False_1Mlines_q_1_signed_1,cosine_similarity
"['76 out of 79 climatologists who ""listed climate science as their area of expertise and who also have published more than 50% of their recent peer-reviewed papers on the subject of climate change"" believed that mean global temperatures had risen compared to pre-1800s levels.']",[],['Less than half of published scientists endorse global warming.'],,,0.8680494427680969,,fixed_single,snpmi_remove_stop_words = False_1Mlines_q_1_signed_1,cosine_similarity
['Physical climate models are also unable to reproduce the rapid warming observed in recent decades when taking into account only variations in solar output and volcanic activity.'],[],['However the warming trend is slower than most climate models have forecast'],,,0.8954784870147705,,fixed_single,snpmi_remove_stop_words = False_1Mlines_q_1_signed_1,cosine_similarity
"['Reconstructed temperature records for the last 420 million years indicate that atmospheric CO 2 concentrations peaked at ~2000 ppm during the Devonian (∼400\u2009Myrs ago) period, and again in the Triassic (220–200\u2009Myrs ago) period.']",[],"['at the end of recent ice ages, the concentration of carbon dioxide in the atmosphere started to rise only after temperatures began to climb.']",,,0.9521321058273315,,fixed_single,snpmi_remove_stop_words = False_1Mlines_q_1_signed_1,cosine_similarity
"['Sea ice has an important effect on the heat balance of the polar oceans, since it insulates the (relatively) warm ocean from the much colder air above, thus reducing heat loss from the oceans.']",[],"[""Whatever is driving increases in winter Arctic temperatures   is not heat coming out of the Arctic Ocean, which is covered with   insulating ice.'""]",,,0.9333933591842651,,fixed_single,snpmi_remove_stop_words = False_1Mlines_q_1_signed_1,cosine_similarity
"['According to the United States National Research Council, [T]here is a strong, credible body of evidence, based on multiple lines of research, documenting that climate is changing and that these changes are in large part caused by human activities.']",[],"['Human-produced carbon might be one of the factors of climate change, but there’s simply no evidence that it is a significant one.']",,,0.9636560082435608,,fixed_single,snpmi_remove_stop_words = False_1Mlines_q_1_signed_1,cosine_similarity
"['As is stated in Article 2 of the Convention, this requires that greenhouse gas (GHG) concentrations are stabilized in the atmosphere at a level where ecosystems can adapt naturally to climate change, food production is not threatened, and economic development can proceed in a sustainable fashion.']",[],"['\'To suddenly label CO2 as a ""pollutant"" is a disservice to a gas that has played an enormous role in the development and sustainability of all life on this wonderful Earth.']",,,0.9790188074111938,,fixed_single,snpmi_remove_stop_words = False_1Mlines_q_1_signed_1,cosine_similarity
"['In the real world, consumption of fossil fuel resources leads to global warming and climate change.']",[],['Humans are too insignificant to affect global climate'],,,0.7680408954620361,,fixed_single,snpmi_remove_stop_words = False_1Mlines_q_1_signed_1,cosine_similarity
"['Both the American East Coast and parts of the American Midwest had record high temperatures, killing two people on the 8th.']",[],['cold deaths actually occur during moderate temperatures'],,,0.2666257619857788,,fixed_single,snpmi_remove_stop_words = False_1Mlines_q_1_signed_1,cosine_similarity
"['The main balancing feedback to global temperature change is radiative cooling to space as infrared radiation, which increases strongly with increasing temperature.']",[],['The warm and cool regions roughly balance each other out with little impact on global temperature.'],,,0.9087088108062744,,fixed_single,snpmi_remove_stop_words = False_1Mlines_q_1_signed_1,cosine_similarity
"['While CO 2 absorption and release is always happening as a result of natural processes, the recent rise in CO 2 levels in the atmosphere is known to be mainly due to human (anthropogenic) activity.']",[],"['CO2 increase is natural, not human-caused.']",,,0.831639289855957,,fixed_single,snpmi_remove_stop_words = False_1Mlines_q_1_signed_1,cosine_similarity
"['For example, the mole fraction of carbon dioxide has increased from 280\xa0ppm to 415\xa0ppm, or 120\xa0ppm over modern pre-industrial levels.']",[],"['When CO2 levels were higher in the past, solar levels were also lower.']",,,0.8901426792144775,,fixed_single,snpmi_remove_stop_words = False_1Mlines_q_1_signed_1,cosine_similarity
"['Chernobyl: Consequences of the Catastrophe for People and the Environment is a 2007 Russian publication that concludes that there were 985,000\xa0premature deaths as a consequence of the radioactivity released.']","['Every year air pollution protections are delayed, another 34,000 people will die prematurely.']",[],,0.7233954668045044,,,fixed_single,snpmi_remove_stop_words = False_1Mlines_q_1_signed_1,cosine_similarity
"['Documented long-term climate changes include changes in Arctic temperatures and ice, widespread changes in precipitation amounts, ocean salinity, wind patterns and extreme weather including droughts, heavy precipitation, heat waves and the intensity of tropical cyclones.']","['The science is clear, climate change is making extreme weather events, including tornadoes, worse.']",[],,0.8067620992660522,,,fixed_single,snpmi_remove_stop_words = False_1Mlines_q_1_signed_1,cosine_similarity
"[""There is no convincing scientific evidence that human release of carbon dioxide, methane, or other greenhouse gases is causing or will, in the foreseeable future, cause catastrophic heating of the Earth's atmosphere and disruption of the Earth's climate.""]","['In other words, there is as yet no incontrovertible  proof either of the greenhouse effect, or its connection with alleged  global warming.']",[],,0.9687796235084534,,,fixed_single,snpmi_remove_stop_words = False_1Mlines_q_1_signed_1,cosine_similarity
"['Because water vapor is a greenhouse gas, this results in further warming and so is a ""positive feedback"" that amplifies the original warming.']","['The CO2 amplifies the warming and mixes through the atmosphere, spreading warming throughout the planet.']",[],,0.8643090724945068,,,fixed_single,snpmi_remove_stop_words = False_1Mlines_q_1_signed_1,cosine_similarity
"['All datasets generally show an acceleration of mass loss from the Antarctic ice-sheet, but with year-to-year variations.']",['Satellites measure Antarctica losing land ice at an accelerating rate.'],[],,0.8046979904174805,,,fixed_single,snpmi_remove_stop_words = False_1Mlines_q_1_signed_1,cosine_similarity
"['As El Niño conditions started to develop during early 2014, sea levels in western Micronesia including in waters surrounding the island nations of Palau and Guam dropped by 6–9 feet (1.8–2.7\xa0m).']","['Global sea level rise surged between November 2014 and February 2016, with the El Niño event helping the oceans rise by 15mm.']",[],,0.945868968963623,,,fixed_single,snpmi_remove_stop_words = False_1Mlines_q_1_signed_1,cosine_similarity
"['The introduction includes this statement: There is strong evidence that the warming of the Earth over the last half-century has been caused largely by human activity, such as the burning of fossil fuels and changes in land use, including agriculture and deforestation.']","['Once natural influences, in particular the impact of El Niño and La Niña, are removed from the recent termperature record, there is no evidence of a significant change in the human contribution to climate change.']",[],,0.9808802604675293,,,fixed_single,snpmi_remove_stop_words = False_1Mlines_q_1_signed_1,cosine_similarity
"['The Medieval Warm Period (MWP) also known as the Medieval Climate Optimum, or Medieval Climatic Anomaly was a time of warm climate in the North Atlantic region lasting from c.\u2009950 to c.\u20091250.']","['The MWP lasted from about 950 to 1250AD, and temperature records appear to show it was even hotter than today']",[],,0.9543522596359253,,,fixed_single,snpmi_remove_stop_words = False_1Mlines_q_1_signed_1,cosine_similarity
"['Between 2011 and 2014, California experienced the driest period in its recorded history and more than 100 million trees died in the drought, creating areas of dead, dry wood.']","['However, this is exactly what climate scientists have predicted for California since at least the 1980s: protracted periods of warm, dry conditions punctuated by intense wet spells, with more rain and less snow, causing both drought and floods.']",[],,0.9474400281906128,,,fixed_single,snpmi_remove_stop_words = False_1Mlines_q_1_signed_1,cosine_similarity
['The total economic impacts from climate change are difficult to estimate.'],['Preventing global warming is relatively cheap; business-as-usual will cause accelerating climate damage costs that economists struggle to even estimate.'],[],,0.820948600769043,,,fixed_single,snpmi_remove_stop_words = False_1Mlines_q_1_signed_1,cosine_similarity
"['Since the last glacial maximum about 20,000 years ago, the sea level has risen by more than 125 metres (410\xa0ft), with rates varying from less than a mm/year to 40+ mm/year, as a result of melting ice sheets over Canada and Eurasia.']","['The thermal expansion of the oceans, compounded by melting glaciers, resulted in the highest global sea level on record in 2015.']",[],,0.9295960664749146,,,fixed_single,snpmi_remove_stop_words = False_1Mlines_q_1_signed_1,cosine_similarity
"['Instead of a global 5-meter sea level rise, western Antarctica would experience approximately 25 centimeters of sea level fall, while the United States, parts of Canada, and the Indian Ocean, would experience up to 6.5 meters of sea level rise.']","['If sea levels rise six feet due to climate change, Waterplace Park in Providence and Wickford village would be swamped']",[],,0.915756106376648,,,fixed_single,snpmi_remove_stop_words = False_1Mlines_q_1_signed_1,cosine_similarity
"['Methane clathrate, or hydrates, occur within and below permafrost soils.']",['“Underneath the permafrost there are sediments full of methane hydrates.'],[],,0.5644484758377075,,,fixed_single,snpmi_remove_stop_words = False_1Mlines_q_1_signed_1,cosine_similarity
['The oxygen minimum layer exists somewhere between a depth of 700m and 1000m deep depending on the place in the ocean.'],"['“Moreover, the ocean already contains so-called oxygen minimum zones, generally found in the middle depths.']",[],,0.9167546629905701,,,fixed_single,snpmi_remove_stop_words = False_1Mlines_q_1_signed_1,cosine_similarity
"['Together with the lack of a proven physical mechanism and the plausibility of other causal factors affecting changes in cloud cover, this makes the association between galactic cosmic ray-induced changes in aerosol and cloud formation controversial Studies by Lockwood and Fröhlich (2007) and Sloan and Wolfendale (2008) found no relation between warming in recent decades and cosmic rays.']","['While the link between cosmic rays and cloud cover is yet to be confirmed, more importantly, there has been no correlation between cosmic rays and global temperatures over the last 30 years of global warming.']",[],,0.9467965364456177,,,fixed_single,snpmi_remove_stop_words = False_1Mlines_q_1_signed_1,cosine_similarity
['Global anthropogenic greenhouse gas emissions in 2010 were equivalent to 49 billion tonnes of carbon dioxide (using the most recent global warming potentials over 100 years from the AR5 report).'],['CO2 emissions were much smaller 100 years ago.'],[],,0.7476471662521362,,,fixed_single,snpmi_remove_stop_words = False_1Mlines_q_1_signed_1,cosine_similarity
"['Climate sensitivity can be estimated using observed temperature rise, observed ocean heat uptake, and modeled or observed radiative forcing.']",['Climate sensitivity can be calculated empirically by comparing past temperature change to natural forcings at the time.'],[],,0.6638522744178772,,,fixed_single,snpmi_remove_stop_words = False_1Mlines_q_1_signed_1,cosine_similarity
"['In the scientific literature, there is an overwhelming consensus that global surface temperatures have increased in recent decades and that the trend is caused mainly by human-induced emissions of greenhouse gases.']","['Observations throughout the world make it clear that climate change is occurring, and rigorous scientific research demonstrates that the greenhouse gases emitted by human activities are the primary driver.']",[],,0.9676074981689453,,,fixed_single,snpmi_remove_stop_words = False_1Mlines_q_1_signed_1,cosine_similarity
"['On a molecule-for-molecule basis, these compounds are up to 10,000 times more potent greenhouse gases than carbon dioxide.']",['HFCs (hydrofluorocarbons) are tens of thousands of times more polluting than carbon dioxide.'],[],,0.9123380184173584,,,fixed_single,snpmi_remove_stop_words = False_1Mlines_q_1_signed_1,cosine_similarity
"['In the scientific literature, there is an overwhelming consensus that global surface temperatures have increased in recent decades and that the trend is caused mainly by human-induced emissions of greenhouse gases.']","[""There is ample evidence that Earth's average temperature has increased in the past 100 years and the decline of mid- and high-latitude glaciers is a major piece of evidence.""]",[],,0.9741420745849609,,,fixed_single,snpmi_remove_stop_words = False_1Mlines_q_1_signed_1,cosine_similarity
"['A UNESCO World Heritage Site, the reef has experienced unprecedented rates of bleaching over the past two decades, and additional warming of only 1\xa0°C is anticipated to cause considerable losses or contractions of species associated with coral communities.']","['a new study by scientists at the Australian Research Council finds that the ongoing bleaching event is mainly due to human-caused global warming, and that if global warming proceeds as currently expected, “large parts” of the Great Barrier Reef could die by the mid-2030s.']",[],,0.9695926308631897,,,fixed_single,snpmi_remove_stop_words = False_1Mlines_q_1_signed_1,cosine_similarity
"['Elevated CO2 increases crop yields and growth through an increase in photosynthetic rate, and it also decreases water loss as a result of stomatal closing.']",['For decades horticulturalists have pumped carbon dioxide into glasshouses to increase yields.'],[],,0.8596333265304565,,,fixed_single,snpmi_remove_stop_words = False_1Mlines_q_1_signed_1,cosine_similarity
"['Permafrost and clathrates degrade on warming, and thus, large releases of methane from these sources may arise as a result of global warming.']","['Melting permafrost can release not just CO2, but also methane, a much stronger heat-trapping gas.']",[],,0.845912754535675,,,fixed_single,snpmi_remove_stop_words = False_1Mlines_q_1_signed_1,cosine_similarity
"[""Carbon dioxide in the Earth's atmosphere is essential to life and to most of the planetary biosphere.""]","['Without carbon dioxide, all life on Earth would die']",[],,0.7295025587081909,,,fixed_single,snpmi_remove_stop_words = False_1Mlines_q_1_signed_1,cosine_similarity
"['Singer argues there is no evidence that the increases in carbon dioxide produced by humans cause global warming, and that if temperatures do rise it will be good for humankind.']",['contrary to the hypothesis that rising temperature is caused by increasing CO2.'],[],,0.9217137694358826,,,fixed_single,snpmi_remove_stop_words = False_1Mlines_q_1_signed_1,cosine_similarity
"['Slowing global warming requires a transition to a low-carbon economy, mainly by burning far less fossil fuel.']",['A fast transition away from fossil fuels in the next few decades could be enough to put off rapid sea-level rise for centuries.'],[],,0.9060861468315125,,,fixed_single,snpmi_remove_stop_words = False_1Mlines_q_1_signed_1,cosine_similarity
"['The 2017 United States-published National Climate Assessment notes that ""climate models may still be underestimating or missing relevant feedback processes"".']",['policies based on previous climate model output and predictions might need to be reconsidered'],[],,0.9044846296310425,,,fixed_single,snpmi_remove_stop_words = False_1Mlines_q_1_signed_1,cosine_similarity
['There is a scientific consensus linking human activities to global warming due to industrial carbon dioxide emissions.'],['Ancient natural cycles are irrelevant for attributing recent global warming to humans.'],[],,0.8791548013687134,,,fixed_single,snpmi_remove_stop_words = False_1Mlines_q_1_signed_1,cosine_similarity
"['A March 2016 report stated that coral bleaching was more widespread than previously thought, seriously affecting the northern parts of the reef as a result of warming ocean temperatures.']","['Last year’s warmth was manifested across the planet, from the warm tropical ocean waters off the coast of northeastern Australia, where the Great Barrier Reef experienced its worst coral bleaching event on record and large scale coral death, to the Arctic, where sea ice hit regular monthly record lows and overall temperatures were also the warmest on record, at least from January through September 2016.']",[],,0.963111162185669,,,fixed_single,snpmi_remove_stop_words = False_1Mlines_q_1_signed_1,cosine_similarity
"['Malnutrition, dehydration and related diseases Mass migration, resulting in internal displacement and international refugees Reduced electricity production due to reduced water-flow through hydroelectric dams Shortages of water for industrial users Snake migration, which results in snake-bites Social unrest War over natural resources, including water and food Wildfires, such as Australian bushfires, become more common during times of drought and may cause human deaths.']","['describes a world of worsening food shortages and wildfires, and a mass die-off of coral reefs as soon as 2040']",[],,0.8817282319068909,,,fixed_single,snpmi_remove_stop_words = False_1Mlines_q_1_signed_1,cosine_similarity
"['Direct data does not exist for periods earlier than those represented in the ice core record, a record that indicates CO 2 mole fractions stayed within a range of 180\xa0ppm to 280\xa0ppm throughout the last 800,000 years, until the increase of the last 250 years.']","['When CO2 emissions are compared directly to CO2 levels, there is a strong correlation in the long term trends.']",[],,0.9436675310134888,,,fixed_single,snpmi_remove_stop_words = False_1Mlines_q_1_signed_1,cosine_similarity
"['Overall, glaciers in the Greater Himalayan region that have been studied are retreating an average of between 18 and 20\xa0m (59 and 66\xa0ft) annually.']",['Satellites and on-site measurements are observing that Himalayan glaciers are disappearing at an accelerating rate.'],[],,0.9059524536132812,,,fixed_single,snpmi_remove_stop_words = False_1Mlines_q_1_signed_1,cosine_similarity
['Much of this precipitation began as water vapor evaporated from the ocean surface.'],"['I conclude that it must be ice accumulation, through evaporation of ocean water, and subsequent precipitation turning into ice.']",[],,0.8943668603897095,,,fixed_single,snpmi_remove_stop_words = False_1Mlines_q_1_signed_1,cosine_similarity
"[""Being a component of Earth's hydrosphere and hydrologic cycle, it is particularly abundant in Earth's atmosphere where it is also a potent greenhouse gas along with other gases such as carbon dioxide and methane.""]",['Water vapor is the most powerful greenhouse gas'],[],,0.9164672493934631,,,fixed_single,snpmi_remove_stop_words = False_1Mlines_q_1_signed_1,cosine_similarity
"['Furthermore, sea ice affects the movement of ocean waters.']",['“[Sea ice] also helps regulate the planet’s temperature by influencing the circulation of the atmosphere and ocean.'],[],,0.921484112739563,,,fixed_single,snpmi_remove_stop_words = False_1Mlines_q_1_signed_1,cosine_similarity
['El Niño and La Niña are important temperature fluctuations in surface waters of the tropical Eastern Pacific Ocean.'],['The motions of the massive oceans where heat is moved between deep layers and the surface provides variability on time scales from years to centuries.'],[],,0.9329198002815247,,,fixed_single,snpmi_remove_stop_words = False_1Mlines_q_1_signed_1,cosine_similarity
"['The Greenland ice sheet occupies about 82% of the surface of Greenland, and if melted would cause sea levels to rise by 7.2 metres.']","['The melting Greenland ice sheet is already a major contributor to rising sea level and if it was eventually lost entirely, the oceans would rise by six metres around the world, flooding many of the world’s largest cities.']",[],,0.963126003742218,,,fixed_single,snpmi_remove_stop_words = False_1Mlines_q_1_signed_1,cosine_similarity
"['In the three decades following 1978, the combination of solar and volcanic activity is estimated to have had a slight cooling influence.']","['In the last 35 years of global warming, the sun has shown a slight cooling trend.']",[],,0.9700424075126648,,,fixed_single,snpmi_remove_stop_words = False_1Mlines_q_1_signed_1,cosine_similarity
"['[citation needed] Arctic regions notably release more heat back into space than what they absorb, effectively cooling the Earth.']",['The long term trend from albedo is that of cooling.'],[],,0.7166162729263306,,,fixed_single,snpmi_remove_stop_words = False_1Mlines_q_1_signed_1,cosine_similarity
['Gradual sea-level rise also allows for coral polyp activity to increase the reefs.'],['Coral atolls grow as sea levels rise.'],[],,0.6802884936332703,,,fixed_single,snpmi_remove_stop_words = False_1Mlines_q_1_signed_1,cosine_similarity
"[""Studies have suggested that billions of years ago, Venus's atmosphere was much more like the one surrounding Earth, and that there may have been substantial quantities of liquid water on the surface, but after a period of 600 million to several billion years, a runaway greenhouse effect was caused by the evaporation of that original water, which generated a critical level of greenhouse gases in its atmosphere.""]","['Venus very likely underwent a runaway or ‘moist’ greenhouse phase earlier in its history, and today is kept hot by a dense CO2 atmosphere.']",[],,0.9488639831542969,,,fixed_single,snpmi_remove_stop_words = False_1Mlines_q_1_signed_1,cosine_similarity
"[""A composite record of Arctic ice demonstrates that the floes' retreat began around 1900, experiencing more rapid melting beginning within the past 50 years.""]",['Thick arctic sea ice is in rapid retreat.'],[],,0.8572366237640381,,,fixed_single,snpmi_remove_stop_words = False_1Mlines_q_1_signed_1,cosine_similarity
"['American Physical Society Climate Change Policy Statement, November 2007 ""Emissions of greenhouse gases from human activities are changing the atmosphere in ways that affect the Earth\'s climate.']","['Earth’s climate is now changing faster than at any point in the history of modern civilization, primarily as a result of human activities.']",[],,0.9523925185203552,,,fixed_single,snpmi_remove_stop_words = False_1Mlines_q_1_signed_1,cosine_similarity
"['As a result, despite energy efficiency gains, total energy use and related carbon emissions have continued to increase.']",['Germany managed to increase its use of renewables and its output of carbon dioxide at the same time -- because it resorted to cheap coal to keep the lights on at a price its people could afford.'],[],,0.8833305835723877,,,fixed_single,snpmi_remove_stop_words = False_1Mlines_q_1_signed_1,cosine_similarity
"['""Great Lakes water levels reaching record lows"".']","['Recent record-low water levels in Lake Michigan are evidence that global warming is leading to ""the evaporation of our Great Lakes.""']",[],,0.602851152420044,,,fixed_single,snpmi_remove_stop_words = False_1Mlines_q_1_signed_1,cosine_similarity
"['The IPCC (2007) estimates that the expected rise in temperature due to a doubling of CO2 to be about 3\xa0°C (5.4\xa0°F), ± 1.5°.']",['But his results are evidence that the actual climate sensitivity is about 3°C for a doubling of atmospheric CO2.'],[],,0.9531252980232239,,,fixed_single,snpmi_remove_stop_words = False_1Mlines_q_1_signed_1,cosine_similarity
"[""In 2010, he signed a letter advocating the establishment of a 'price' for greenhouse gas emissions as part of national energy policy.""]","['Alaska Sen. Mark Begich ""is on record supporting a carbon tax, even pushing Harry Reid to make it a priority.""']",[],,0.9376599788665771,,,fixed_single,snpmi_remove_stop_words = False_1Mlines_q_1_signed_1,cosine_similarity
"['A 2013 study found that significant climatic changes were associated with a higher risk of conflict worldwide, and predicted that ""amplified rates of human conflict could represent a large and critical social impact of anthropogenic climate change in both low- and high-income countries.""']","[""Earth's changing climate is a critical issue and poses the risk of significant environmental, social and economic disruptions around the globe.""]",[],,0.9503567814826965,,,fixed_single,snpmi_remove_stop_words = False_1Mlines_q_1_signed_1,cosine_similarity
"[""According to the Bureau of Meteorology, Australia's annual mean temperature for 2009 was 0.90\xa0°C (1.62\xa0°F) above the 1961–90 average, making it the nation's second-warmest year since high-quality records began in 1910.""]","['The unusual heat was most noteworthy in Europe, which had its warmest April on record, and Australia, which had its second-warmest.']",[],,0.9399387240409851,,,fixed_single,snpmi_remove_stop_words = False_1Mlines_q_1_signed_1,cosine_similarity
"['Further effects are higher storm-surges and more dangerous tsunamis, displacement of populations, loss and degradation of agricultural land and damage in cities.']","['Sea level rise of 65 centimeters, or roughly 2 feet would cause significant problems for coastal cities around the world.']",[],,0.9075779914855957,,,fixed_single,snpmi_remove_stop_words = False_1Mlines_q_1_signed_1,cosine_similarity
"['The spatial and temporal fingerprint of warming can be traced to increasing greenhouse gas concentrations in the atmosphere, which are a direct result of burning fossil fuels, broad-scale deforestation and other human activity.""']",['No known natural forcing fits the fingerprints of observed warming except anthropogenic greenhouse gases.'],[],,0.9076874256134033,,,fixed_single,snpmi_remove_stop_words = False_1Mlines_q_1_signed_1,cosine_similarity
"[""As the twin GRACE satellites circle the globe 15 times a day, they sense minute variations in Earth's gravitational pull.""]","['The latest  measurements involve the use of satellite gravimetry, estimating  the mass of terrain beneath by detecting slight changes in gravity as a  satellite passes overhead.']",[],,0.9544440507888794,,,fixed_single,snpmi_remove_stop_words = False_1Mlines_q_1_signed_1,cosine_similarity
['It holds the record for the highest verified temperature recorded in India at 51\xa0°C (124\xa0°F) on 19 May 2016.'],"['Extreme high temperatures were seen from India — where the city of Phalodi recorded temperatures of 51 degrees Celsius (123.8 Fahrenheit) in May, a new national record — to Iran, where a temperature of 53 degrees Celsius (127.4 F) was recorded in Delhoran on July 22.']",[],,0.973010778427124,,,fixed_single,snpmi_remove_stop_words = False_1Mlines_q_1_signed_1,cosine_similarity
"['In 2009, further evidence was provided that changes in solar insolation provide the initial trigger for the earth to warm after an Ice Age, with secondary factors like increases in greenhouse gases accounting for the magnitude of the change.']",['But the period has caused a headache for climate scientists because clearly there was no upswell in carbon dioxide that could account for such swift warming.'],[],,0.9546234607696533,,,fixed_single,snpmi_remove_stop_words = False_1Mlines_q_1_signed_1,cosine_similarity
['Researchers have warned that current economic modeling may seriously underestimate the impact of potentially catastrophic climate change and point to the need for new models that give a more accurate picture of potential damages.'],['Preventing global warming is relatively cheap; business-as-usual will cause accelerating climate damage costs that economists struggle to even estimate.'],[],,0.8096340894699097,,,fixed_single,snpmi_remove_stop_words = False_1Mlines_q_1_signed_1,cosine_similarity
"[""Sunlight on the surface of Earth is attenuated by Earth's atmosphere, so that less power arrives at the surface (closer to 1,000\xa0W/m2) in clear conditions when the Sun is near the zenith.""]",['The atmosphere of the Earth is less able to absorb shortwave radiation from the Sun than thermal radiation coming from the surface.'],[],,0.974791944026947,,,fixed_single,snpmi_remove_stop_words = False_1Mlines_q_1_signed_1,cosine_similarity
"['This scientific opinion is expressed in synthesis reports, by scientific bodies of national or international standing, and by surveys of opinion among climate scientists.']","[""More than 500 scientists and professionals in climate and related fields have sent a 'European Climate Declaration' to the Secretary-General of the United Nations""]",[],,0.9432472586631775,,,fixed_single,snpmi_remove_stop_words = False_1Mlines_q_1_signed_1,cosine_similarity
['An air pollutant is a material in the air that can have adverse effects on humans and the ecosystem.'],"['Through its impacts on the climate, CO2 presents a danger to public health and welfare, and thus qualifies as an air pollutant']",[],,0.964296817779541,,,fixed_single,snpmi_remove_stop_words = False_1Mlines_q_1_signed_1,cosine_similarity
"[""Lindzen has given estimates of the Earth's climate sensitivity to be 0.5\xa0°C based on ERBE data.""]",['Lindzen and Choi find low climate sensitivity'],[],,0.5734919309616089,,,fixed_single,snpmi_remove_stop_words = False_1Mlines_q_1_signed_1,cosine_similarity
['A rise of 2.4 m (8 feet) is physically possible under a high emission scenario but the authors were unable to say how likely.'],"['Sea level rise of 65 centimeters, or roughly 2 feet would cause significant problems for coastal cities around the world.']",[],,0.8960375785827637,,,fixed_single,snpmi_remove_stop_words = False_1Mlines_q_1_signed_1,cosine_similarity
"['This ""decline"" referred to the well-discussed tree-ring divergence problem, but these two phrases were taken out of context by global warming sceptics, including US Senator Jim Inhofe and former Governor of Alaska Sarah Palin, as though they referred to some decline in measured global temperatures, even though they were written when temperatures were at a record high.']","['The ""decline"" refers to a decline in northern tree-rings, not global temperature, and is openly discussed in papers and the IPCC reports.']",[],,0.9350765943527222,,,fixed_single,snpmi_remove_stop_words = False_1Mlines_q_1_signed_1,cosine_similarity
"['As of 2013, the petition\'s website states, ""The current list of 31,487 petition signers includes 9,029 PhD; 7,157 MS; 2,586 MD and DVM; and 12,715 BS or equivalent academic degrees.']","['Over 31,000 scientists signed the OISM Petition Project']",[],,0.8691257834434509,,,fixed_single,snpmi_remove_stop_words = False_1Mlines_q_1_signed_1,cosine_similarity
['Glaciers have been retreating worldwide for at least the last century; the rate of retreat has increased in the past decade.'],"['Glaciers are in rapid retreat worldwide, despite 1 error in 1 paragraph in a 3000 page IPCC report.']",[],,0.913979172706604,,,fixed_single,snpmi_remove_stop_words = False_1Mlines_q_1_signed_1,cosine_similarity
"['""Hurricane Harvey was year\'s costliest U.S. disaster at $125 billion in damages"".']",['Hurricane Harvey gave Houston and the surrounding region a $125 billion lesson about the costs of misjudging the potential for floods'],[],,0.8574951887130737,,,fixed_single,snpmi_remove_stop_words = False_1Mlines_q_1_signed_1,cosine_similarity
['Global forcing from waste heat was 0.028 W/m2 in 2005.'],['The contribution of waste heat to the global climate is 0.028 W/m2.'],[],,0.888146162033081,,,fixed_single,snpmi_remove_stop_words = False_1Mlines_q_1_signed_1,cosine_similarity
['The current scientific consensus on climate change is that the Earth underwent global warming throughout the 20th century and continues to warm.'],['The most recent satellite data show that the earth as a whole is warming.'],[],,0.9531742334365845,,,fixed_single,snpmi_remove_stop_words = False_1Mlines_q_1_signed_1,cosine_similarity
"['Acute conditions such as sunburn, dehydration, heat stroke and allergic reactions are also common.']","['Shelters in poorer countries are not repainted as often, and darker stations absorb more of the sun’s energy.']",[],,0.8831035494804382,,,fixed_single,snpmi_remove_stop_words = False_1Mlines_q_1_signed_1,cosine_similarity
"['The SUV segment further grew to 26% of the global passenger car market in 2016, then to 36.8% of the market in Q1–Q3 of 2017.']","['Despite attention on global warming, ""fewer Americans carpool today to work than carpooled in 1980"" and ""SUVs have never been a larger proportion of the vehicles being sold in this country.""']",[],,0.9426616430282593,,,fixed_single,snpmi_remove_stop_words = False_1Mlines_q_1_signed_1,cosine_similarity
"[""On 2 June 2019, the city of Churu recorded a temperature of 50.8\xa0°C (123.4\xa0°F), only one-fifth of a degree Celsius short of the country's highest-ever temperature, 51\xa0°C (124\xa0°F) during the 2016 heat wave.""]","['Extreme high temperatures were seen from India — where the city of Phalodi recorded temperatures of 51 degrees Celsius (123.8 Fahrenheit) in May, a new national record — to Iran, where a temperature of 53 degrees Celsius (127.4 F) was recorded in Delhoran on July 22.']",[],,0.9749875068664551,,,fixed_single,snpmi_remove_stop_words = False_1Mlines_q_1_signed_1,cosine_similarity
"['The issues with tree rings had not been hidden, but were extensively discussed in scientific literature and in IPCC reports.']","['The ""decline"" refers to a decline in northern tree-rings, not global temperature, and is openly discussed in papers and the IPCC reports.']",[],,0.9409237504005432,,,fixed_single,snpmi_remove_stop_words = False_1Mlines_q_1_signed_1,cosine_similarity
"['Secondly, melting of the ice shelves, the floating extensions of the ice sheet, leads to a process named the Marine Ice Cliff Instability.']","['“‘If you remove the ice shelf, there’s a potential that not just ice-cliff instabilities will start occurring, but a process called marine ice-sheet instabilities,’ says Matthew Wise, a polar scientist at the University of Cambridge.']",[],,0.9350446462631226,,,fixed_single,snpmi_remove_stop_words = False_1Mlines_q_1_signed_1,cosine_similarity
['Limiting global warming to below 2\xa0°C would imply a reduction in surface ocean pH of 0.16 from pre-industrial levels.'],"['Last December, the respected \xa0journal “Oceanography” published projections (see graphic below) for this rising acidity, measured by falling pH']",[],,0.9042587280273438,,,fixed_single,snpmi_remove_stop_words = False_1Mlines_q_1_signed_1,cosine_similarity
"['In March 2015, he said that some people are ""global warming alarmists"" and, citing satellite temperature measurements, said that there had been no significant warming in 18 years.']","[""In particular, satellite data demonstrate for the last 17 years, there's been zero warming.""]",[],,0.9257009625434875,,,fixed_single,snpmi_remove_stop_words = False_1Mlines_q_1_signed_1,cosine_similarity
"['Though most of human existence has been sustained by hunting and gathering in band societies, many human societies transitioned to sedentary agriculture approximately 10,000 years ago, domesticating plants and animals, thus enabling the growth of civilization.']","['Through decades of research, it has become clear that human civilization, roughly 6,000 years old, developed during an unusually stable period for global sea levels.']",[],,0.9212015271186829,,,fixed_single,snpmi_remove_stop_words = False_1Mlines_q_1_signed_1,cosine_similarity
"['A Renewable Portfolio Standard (RPS) is a mandate that requires electricity providers to supply to their customers a minimum amount of power from renewable sources, usually as a percentage of total energy use.']","['Barack Obama and Joe Biden will establish a 10 percent federal Renewable Portfolio Standard (RPS) to require that 10 percent of electricity consumed in the U.S. is derived from clean, sustainable energy sources, like solar, wind and geothermal by 2012.']",[],,0.9564809799194336,,,fixed_single,snpmi_remove_stop_words = False_1Mlines_q_1_signed_1,cosine_similarity
['Scientific inquiry generally aims to obtain knowledge in the form of testable explanations that scientists can use to predict the results of future experiments.'],"['In looking at Earth’s past, scientists can predict what the future will look like']",[],,0.9057023525238037,,,fixed_single,snpmi_remove_stop_words = False_1Mlines_q_1_signed_1,cosine_similarity
"['While water vapour (~50%) and clouds (~25%) are the biggest contributors to the greenhouse effect, they increase as a function of temperature and are therefore considered feedbacks.']",['Water vapour is the most dominant greenhouse gas.'],[],,0.9104151725769043,,,fixed_single,snpmi_remove_stop_words = False_1Mlines_q_1_signed_1,cosine_similarity
"['More precise data gathered from satellite radar measurements reveal an accelerating rise of 7.5\xa0cm (3.0\xa0in) from 1993 to 2017, which is a trend of roughly 30\xa0cm (12\xa0in) per century.']",['What they find is sea level rise has been steadily accelerating over the past century.'],[],,0.875652551651001,,,fixed_single,snpmi_remove_stop_words = False_1Mlines_q_1_signed_1,cosine_similarity
['Water vapor responds to and amplifies effects of the other greenhouse gases.'],"['Increased CO2 makes more water vapor, a greenhouse gas which amplifies warming']",[],,0.756955623626709,,,fixed_single,snpmi_remove_stop_words = False_1Mlines_q_1_signed_1,cosine_similarity
"['Donald Trump tweeted in 2012 that the Chinese invented ""the concept of global warming"" because they believed it would somehow hurt U.S. manufacturing.']",['Climate change is a hoax invented by the Chinese.'],[],,0.9245531558990479,,,fixed_single,snpmi_remove_stop_words = False_1Mlines_q_1_signed_1,cosine_similarity
"['Between 1993 and 2017, the global mean sea level rose on average by 3.1 ±\xa00.3\xa0mm per year, with an acceleration detected as well.']","['The atmosphere and ocean have warmed, the amounts of snow and ice have diminished, and sea level has risen.']",[],,0.9152032136917114,,,fixed_single,snpmi_remove_stop_words = False_1Mlines_q_1_signed_1,cosine_similarity
"['On the other hand, one 1999 comparison between urban and rural areas proposed that urban heat island effects have little influence on global mean temperature trends.']","['While urban areas are undoubtedly warmer than surrounding rural areas, this has had little to no impact on warming trends.']",[],,0.9308748245239258,,,fixed_single,snpmi_remove_stop_words = False_1Mlines_q_1_signed_1,cosine_similarity
"[""These measurements indicate that the Sun's total solar irradiance has not increased since 1978, so the warming during the past 30 years cannot be directly attributed to an increase in total solar energy reaching the Earth (see graph above, left).""]",['Various independent measurements of solar activity all confirm the sun has shown a slight cooling trend since 1978.'],[],,0.9469200968742371,,,fixed_single,snpmi_remove_stop_words = False_1Mlines_q_1_signed_1,cosine_similarity
"['Scientists have determined that the major factors causing the current climate change are greenhouse gases, land use changes, and aerosols and soot.']","['Scientific analysis of past climates\xa0shows that greenhouse gasses, principally CO2,\xa0have controlled most ancient\xa0climate changes.']",[],,0.8912695646286011,,,fixed_single,snpmi_remove_stop_words = False_1Mlines_q_1_signed_1,cosine_similarity
['Deep reductions in non-CO2 emissions (such as nitrous oxide and methane) will also be required to limit warming to 1.5\xa0°C.'],['The most recent IPCC report lays out a future if we limit global heating to 1.5°C instead of the Paris Agreement’s 2°C.'],[],,0.9039946794509888,,,fixed_single,snpmi_remove_stop_words = False_1Mlines_q_1_signed_1,cosine_similarity
"['Their ultimate extinction coincides with Heinrich event 4, a period of intense cold and dry climate causing their preferred forest landscape to give way to steppeland, and future Heinrich events are also associated with massive cultural turnovers where European human populations collapsed.']",['Humans have been through climate changes before- but mostly cold ones and'],[],,0.8043701648712158,,,fixed_single,snpmi_remove_stop_words = False_1Mlines_q_1_signed_1,cosine_similarity
"['""Mass gains of the Antarctic ice sheet exceed losses"".']",['Arctic sea ice loss is matched by Antarctic sea ice gain.'],[],,0.7567614912986755,,,fixed_single,snpmi_remove_stop_words = False_1Mlines_q_1_signed_1,cosine_similarity
"['In a speech in April 2012, Kasich acknowledged that climate change is real and is a problem.']","['During a state House debate on a jobs and energy bill this week, Democrats offered an amendment that would put the Legislature on record saying that climate change is real and that humans are causing it.']",[],,0.9504444003105164,,,fixed_single,snpmi_remove_stop_words = False_1Mlines_q_1_signed_1,cosine_similarity
"[""The Milankovitch cycles are a set of cyclic variations in characteristics of the Earth's orbit around the Sun.""]","['For the past 4567 million years, the sun and the Earth’s orbit have driven climate change cycles.']",[],,0.9432820081710815,,,fixed_single,snpmi_remove_stop_words = False_1Mlines_q_1_signed_1,cosine_similarity
"['People who regard climate change as catastrophic, irreversible, or rapid might label climate change as a climate crisis or a climate emergency.']",['Global warming is an increasingly urgent problem.'],[],,0.7450175285339355,,,fixed_single,snpmi_remove_stop_words = False_1Mlines_q_1_signed_1,cosine_similarity
"['This effect results in the increased absorption of radiation that accelerates melting.""']",['Global warming is causing snow to disappear.'],[],,0.7684327960014343,,,fixed_single,snpmi_remove_stop_words = False_1Mlines_q_1_signed_1,cosine_similarity
"['A microwave oven passes microwave radiation at a frequency near 2.45\xa0GHz (12\xa0cm) through food, causing dielectric heating primarily by absorption of the energy in water.']","['Sending oscillating microwaves from an antenna inside a vacuum through an electromagnetic field through a dielectric material, such as water, creates radio frequency heating at the molecular level']",[],,0.9394990801811218,,,fixed_single,snpmi_remove_stop_words = False_1Mlines_q_1_signed_1,cosine_similarity
"['More recently, anthropogenic activities have steadily increased the carbon dioxide content of the atmosphere; about 30–40% of the added CO2 is absorbed by the oceans, forming carbonic acid and lowering the pH (now below 8.1) through a process called ocean acidification.']",['This increase is the result of humans emitting more carbon dioxide into the atmosphere and hence more being absorbed into the oceans.'],[],,0.9722961783409119,,,fixed_single,snpmi_remove_stop_words = False_1Mlines_q_1_signed_1,cosine_similarity
"['The OISM website states that ""several members of the Institute\'s staff are also well known for their work on the Petition Project"", and that the petition has ""more than 31,000"" signatures by scientists.']","['Over 31,000 scientists signed the OISM Petition Project']",[],,0.901526689529419,,,fixed_single,snpmi_remove_stop_words = False_1Mlines_q_1_signed_1,cosine_similarity
"['Water vapor is the most abundant greenhouse gas and is the largest contributor to the natural greenhouse effect, despite having a short atmospheric lifetime (about 10 days).']",['Water vapour is the most dominant greenhouse gas.'],[],,0.9529120326042175,,,fixed_single,snpmi_remove_stop_words = False_1Mlines_q_1_signed_1,cosine_similarity
"['In the scientific literature, there is an overwhelming consensus that global surface temperatures have increased in recent decades and that the trend is caused mainly by human-induced emissions of greenhouse gases.']","['Scientists have known for some time, from multiple lines of evidence, that humans are changing Earth’s climate, primarily through greenhouse gas emissions.']",[],,0.9070539474487305,,,fixed_single,snpmi_remove_stop_words = False_1Mlines_q_1_signed_1,cosine_similarity
['Carbon capture and storage (CCS) is a method to mitigate climate change by capturing carbon dioxide (CO2) from large point sources such as power plants and subsequently storing it away safely instead of releasing it into the atmosphere.'],['‘Clean coal’ is an approach in which the emissions from coal-burning power plants would be captured and pumped underground.'],[],,0.9547392129898071,,,fixed_single,snpmi_remove_stop_words = False_1Mlines_q_1_signed_1,cosine_similarity
['[citation needed] The Holocene climatic optimum (HCO) was a period of warming in which the global climate became warmer.'],"['About 120,000 years ago, before the last ice age, the planet went through a natural warm period, with temperatures similar to those expected in coming decades.']",[],,0.9365803003311157,,,fixed_single,snpmi_remove_stop_words = False_1Mlines_q_1_signed_1,cosine_similarity
"['Human activity since the Industrial Revolution has increased the amount of greenhouse gases in the atmosphere, leading to increased radiative forcing from CO2, methane, tropospheric ozone, CFCs, and nitrous oxide.']","['Humans are small but powerful, and human CO2 emissions are causing global warming.']",[],,0.7299420833587646,,,fixed_single,snpmi_remove_stop_words = False_1Mlines_q_1_signed_1,cosine_similarity
"['Around much of Earth, deglaciation during the last 100 years has been accelerating as a result of climate change, partly brought on by anthropogenic changes to greenhouse gases.']","['Arctic, Antarctic and Greenland ice loss is accelerating due to global warming.']",[],,0.8389906883239746,,,fixed_single,snpmi_remove_stop_words = False_1Mlines_q_1_signed_1,cosine_similarity
"['Of these, 97% agree, explicitly or implicitly, that global warming is happening and is human-caused.']",['Over 97 percent of the scientific community â\x80¦ believe that humans are contributing to climate change.'],[],,0.909763753414154,,,fixed_single,snpmi_remove_stop_words = False_1Mlines_q_1_signed_1,cosine_similarity
['These areas are also known as oxygen minimum zones (OMZ).'],"['“Moreover, the ocean already contains so-called oxygen minimum zones, generally found in the middle depths.']",[],,0.7901983261108398,,,fixed_single,snpmi_remove_stop_words = False_1Mlines_q_1_signed_1,cosine_similarity
"['During the late 20th century, a scientific consensus evolved that increasing concentrations of greenhouse gases in the atmosphere cause a substantial rise in global temperatures and changes to other parts of the climate system, with consequences for the environment and for human health.']",['Increases in atmospheric CO2 followed increases in temperature.'],[],,0.7764995098114014,,,fixed_single,snpmi_remove_stop_words = False_1Mlines_q_1_signed_1,cosine_similarity
"[""CO 2 absorbs and emits infrared radiation at wavelengths of 4.26 µm (asymmetric stretching vibrational mode) and 14.99\xa0µm (bending vibrational mode) and consequently is a greenhouse gas that plays a significant role in influencing Earth's surface temperature through the greenhouse effect.""]",['Satellite and surface measurements find less energy is escaping to space at CO2 absorption wavelengths.'],[],,0.8958746790885925,,,fixed_single,snpmi_remove_stop_words = False_1Mlines_q_1_signed_1,cosine_similarity
"['A number of later studies have concluded that a global sea level rise of 200 to 270\xa0cm (6.6 to 8.9\xa0ft) this century is ""physically plausible"".']","['In their worst-case scenario, the sea level could rise by six feet by the end of this century, and the pace could pick up drastically in the 22nd century.']",[],,0.9456621408462524,,,fixed_single,snpmi_remove_stop_words = False_1Mlines_q_1_signed_1,cosine_similarity
"['For example, urban and rural trends are very similar.']","['The warming trend is the same in rural and urban areas, measured by thermometers and satellites.']",[],,0.8241376280784607,,,fixed_single,snpmi_remove_stop_words = False_1Mlines_q_1_signed_1,cosine_similarity
"['""special protection and perservation of peat bogs, wetlands, marshlands and mangrove swamps to ensure carbon dioxide is absorbed from the atmosphere.""']","['An area of coastal ecosystems larger than New York City is destroyed every year, removing an important buffer from extreme weather for coastal communities and releasing carbon dioxide into the atmosphere.']",[],,0.8975593447685242,,,fixed_single,snpmi_remove_stop_words = False_1Mlines_q_1_signed_1,cosine_similarity
"['Both theory and climate models indicate that global warming will reduce the rate of temperature decrease with height, producing a negative lapse rate feedback that weakens the greenhouse effect.']","['""His [Dr Spencer\'s] latest research demonstrates that – in the short term, at any rate –  the temperature feedbacks that the IPCC imagines will greatly amplify  any initial warming caused by CO2 are net-negative, attenuating the  warming they are supposed to enhance.']",[],,0.9359295964241028,,,fixed_single,snpmi_remove_stop_words = False_1Mlines_q_1_signed_1,cosine_similarity
"['Release of methane and carbon dioxide stored in permafrost could cause abrupt and severe global warming, as they are potent greenhouse gases.']","['In other words, we have, trapped in Arctic permafrost, twice as much carbon as is currently wrecking the atmosphere of the planet, all of it scheduled to be released at a date that keeps getting moved up, partially in the form of a gas that multiplies its warming power 86 times over.']",[],,0.8804458975791931,,,fixed_single,snpmi_remove_stop_words = False_1Mlines_q_1_signed_1,cosine_similarity
"[""Obama's approach of selectively combining regulation and incentive to various issues in the domestic energy policy, such as coal mining and oil fracking, has received mixed commentary for not being as responsive to the needs of the domestic manufacturing sector as needed, following claims that the domestic manufacturing sector utilizes as much as a third of the nation's available energy resources.""]","['The Obama administration ""has been constrained by the Oil Pollution Act of 1990, which basically gives the responsible party the lead role in trying to not only fix the problem, but contain the problem.""']",[],,0.9706457853317261,,,fixed_single,snpmi_remove_stop_words = False_1Mlines_q_1_signed_1,cosine_similarity
['One way is to use estimates of global radiative forcing and temperature directly.'],['Climate sensitivity can be calculated empirically by comparing past temperature change to natural forcings at the time.'],[],,0.9136143326759338,,,fixed_single,snpmi_remove_stop_words = False_1Mlines_q_1_signed_1,cosine_similarity
"['Sea ice is currently in decline in area, extent, and volume and summertime sea ice may cease to exist sometime during the 21st century.']","['Sea ice continued its declining trend, both in the Arctic and Antarctic.']",[],,0.945148229598999,,,fixed_single,snpmi_remove_stop_words = False_1Mlines_q_1_signed_1,cosine_similarity
"['In June 2019, one million species of plants and animals were at risk of extinction.']","['Each year sees the disappearance of thousands of plant and animal species which we will never know, which our children will never see, because they have been lost for ever.']",[],,0.9025396108627319,,,fixed_single,snpmi_remove_stop_words = False_1Mlines_q_1_signed_1,cosine_similarity
['Multiple independently produced instrumental datasets confirm that the 2009–2018 decade was 0.93 ± 0.07\xa0°C warmer than the pre-industrial baseline (1850–1900).'],"[""Every part of the Earth's\xa0climate system\xa0has continued warming since 1998, with 2015 shattering temperature records.""]",[],,0.8980799913406372,,,fixed_single,snpmi_remove_stop_words = False_1Mlines_q_1_signed_1,cosine_similarity
"['Also, the Intergovernmental Panel on Climate Change (IPCC) writes in their Climate Change 2007: Synthesis Report: ""The uptake of anthropogenic carbon since 1750 has led to the ocean becoming more acidic with an average decrease in pH of 0.1 units.']","['The current debate on the connection between CO2\xa0emissions and climate change has largely overlooked an independent and equally serious problem, the increasing acidity of our oceans.']",[],,0.9584068655967712,,,fixed_single,snpmi_remove_stop_words = False_1Mlines_q_1_signed_1,cosine_similarity
"['In Greenland, glacier retreat has been observed in outlet glaciers, resulting in an increase of the ice flow rate and destabilization of the mass balance of the ice sheet that is their source.']",['warmer oceans have also begun to destabilize glaciers in Greenland and Antarctica'],[],,0.9051183462142944,,,fixed_single,snpmi_remove_stop_words = False_1Mlines_q_1_signed_1,cosine_similarity
['White House explains the link between Climate Change and Wild Fires.'],['There is a link between climate change and the NSW bushfires.'],[],,0.9182785749435425,,,fixed_single,snpmi_remove_stop_words = False_1Mlines_q_1_signed_1,cosine_similarity
"['Worldwide exposure to PM2.5 contributed to 4.1 million deaths from heart disease and stroke, lung cancer, chronic lung disease, and respiratory infections in 2016.']","['According to the WHO, exposure to particulate matter increases the risk of acute lower respiratory infection, chronic obstructive pulmonary disease, heart disease, stroke and lung cancer.']",[],,0.9312211871147156,,,fixed_single,snpmi_remove_stop_words = False_1Mlines_q_1_signed_1,cosine_similarity
"['It found that the CRU\'s work had been ""carried out with integrity"" and had used ""fair and satisfactory"" methods.']","[""The Review concluded that CRU's actions were normal and did not threaten the integrity of peer review.""]",[],,0.91993248462677,,,fixed_single,snpmi_remove_stop_words = False_1Mlines_q_1_signed_1,cosine_similarity
"['Currently, surface temperatures are rising by about 0.2\xa0°C per decade.']",['In 1990 the United Nation’s Intergovernmental Panel on Climate Change (IPCC) predicted that temperatures would rise by 0.54F (0.3C) per decade.'],[],,0.8184167146682739,,,fixed_single,snpmi_remove_stop_words = False_1Mlines_q_1_signed_1,cosine_similarity
"['In 2002 the 12\xa0km (7.5\xa0mi) long floating terminus of the glacier entered a phase of rapid retreat, with the ice front breaking up and the floating terminus disintegrating and accelerating to a retreat rate of over 30\xa0m (98\xa0ft) per day.']",['Thick arctic sea ice is in rapid retreat.'],[],,0.866606593132019,,,fixed_single,snpmi_remove_stop_words = False_1Mlines_q_1_signed_1,cosine_similarity
"[""The greenhouse effect is a process by which thermal radiation from a planetary atmosphere warms the planet's surface beyond the temperature it would have in the absence of its atmosphere.""]","['The CO2 amplifies the warming and mixes through the atmosphere, spreading warming throughout the planet.']",[],,0.9143338203430176,,,fixed_single,snpmi_remove_stop_words = False_1Mlines_q_1_signed_1,cosine_similarity
"[""Anthropogenic climate change is caused by human activity, as opposed to changes in climate that may have resulted as part of Earth's natural processes.""]",['Ancient natural cycles are irrelevant for attributing recent global warming to humans.'],[],,0.8753901124000549,,,fixed_single,snpmi_remove_stop_words = False_1Mlines_q_1_signed_1,cosine_similarity
"[""The Holocene extinction event is an ongoing mass extinction associated with humanity's expansion across the globe over the past few thousand years.""]",['Our evolving dynamic planet has survived[…] mass extinctions'],[],,0.5052759647369385,,,fixed_single,snpmi_remove_stop_words = False_1Mlines_q_1_signed_1,cosine_similarity
"['Study author Katherine Richardson stresses, ""We note that the Earth has never in its history had a quasi-stable state that is around 2 °C warmer than the preindustrial and suggest that there is substantial risk that the system, itself, will ‘want’ to continue warming because of all of these other processes – even if we stop emissions.']","['We note that the Earth has never in its history had a quasi-stable state that is around 2C warmer than the preindustrial and suggest that there is substantial risk that the system, itself, will ‘want’ to continue warming because of all of these other processes – even if we stop emissions,” she said.']",[],,0.9987574219703674,,,fixed_single,snpmi_remove_stop_words = False_1Mlines_q_1_signed_1,cosine_similarity
['The number of these climate skeptics is greater in the US than in any other country.'],"['The United States is the leading nation in the world ""with the highest amount of doubt about the conventional wisdom of climate change.""']",[],,0.9732874631881714,,,fixed_single,snpmi_remove_stop_words = False_1Mlines_q_1_signed_1,cosine_similarity
"['With the loss of mass, the gravitational pull becomes less and local water levels might drop.']","['That’s because as Antarctica’s mass shrinks, the ice sheet’s gravitational pull on the ocean relaxes somewhat, and the seas travel back across the globe to pile up far away — with U.S. coasts being one prime destination.”']",[],,0.9461562633514404,,,fixed_single,snpmi_remove_stop_words = False_1Mlines_q_1_signed_1,cosine_similarity
"['Climate change caused by human activities that emit greenhouse gases into the air is expected to affect the frequency of extreme weather events such as drought, extreme temperatures, flooding, high winds, and severe storms.']",['Extreme weather events are being made more frequent and worse by global warming.'],[],,0.8858910799026489,,,fixed_single,snpmi_remove_stop_words = False_1Mlines_q_1_signed_1,cosine_similarity
['This jet stream instability brings warm air north as well as cold air south.'],"['This means the jet stream meanders more, with big loops bringing warm air to the frozen north and cold air into warmer southern climes.”']",[],,0.9145053625106812,,,fixed_single,snpmi_remove_stop_words = False_1Mlines_q_1_signed_1,cosine_similarity
"['As climate change more rapidly progresses, temperature increases will affect the length of the growing season.']","['A longer and warmer growing season also has an effect, Dr. Overpeck said, as plants take up more water, further reducing stream flows.']",[],,0.8787052631378174,,,fixed_single,snpmi_remove_stop_words = False_1Mlines_q_1_signed_1,cosine_similarity
"['The sensitivity of temperature to atmospheric gasses, most notably CO 2, is often expressed in terms of the change in temperature per doubling of the concentration of the gas.']","['“We indicated 23 years ago — in our 1994 Nature article — that climate models had the atmosphere’s sensitivity to CO2 much too high,” Christy said in a statement.']",[],,0.911068320274353,,,fixed_single,snpmi_remove_stop_words = False_1Mlines_q_1_signed_1,cosine_similarity
"['The ""rigour and honesty"" of the scientists at the Climatic Research Unit were found not to be in doubt.']",['An independent inquiry found CRU is a small research unit with limited resources and their rigour and honesty are not in doubt.'],[],,0.935192346572876,,,fixed_single,snpmi_remove_stop_words = False_1Mlines_q_1_signed_1,cosine_similarity
"['To set these numbers into context, assuming a global population around 9–10 billion by 2050 a carbon footprint of about 2–2.5 tons CO2e per capita is needed to stay within a 2\xa0°C target.']","['With more CO2 in the atmosphere, the challenge [feeding 2.5 billion more people] can and will be met.']",[],,0.9264441728591919,,,fixed_single,snpmi_remove_stop_words = False_1Mlines_q_1_signed_1,cosine_similarity
"['By August 2014, a three-year drought was prompting changes to the agriculture industry in the valley.']","['While the north-east, midwest and upper great plains have experienced a 30% increase in heavy rainfall episodes – considered once-in-every-five year downpours – parts of the west, particularly California, have been parched by drought.']",[],,0.9351122975349426,,,fixed_single,snpmi_remove_stop_words = False_1Mlines_q_1_signed_1,cosine_similarity
"['Global warming not only causes changes in tropical cyclones, it may also make some impacts from them worse via sea level rise.']",['But [climate scientists] say that aspects of the case of Hurricane Harvey—and the recent history of tropical cyclones worldwide—suggest global warming is making a bad situation worse.'],[],,0.8484765291213989,,,fixed_single,snpmi_remove_stop_words = False_1Mlines_q_1_signed_1,cosine_similarity
"['In 2018, global commercial operations emitted 918 million tonnes (Mt) of CO₂, 2.4% of all CO₂ emissions: 747 Mt for passenger transport and 171 Mt for freight operations.']",['CO2 emissions from all commercial operations in 2018 totaled 918 million metric tons—2.4% of global CO2 emissions from fossil fuel use.'],[],,0.921034574508667,,,fixed_single,snpmi_remove_stop_words = False_1Mlines_q_1_signed_1,cosine_similarity
"['The scientific consensus on climate change is ""that climate is changing and that these changes are in large part caused by human activities"", and it ""is largely irreversible"".']","['""Many people think the science of climate change is settled.']",[],,0.9544947743415833,,,fixed_single,snpmi_remove_stop_words = False_1Mlines_q_1_signed_1,cosine_similarity
"['The main positive feedback in global warming is the tendency of warming to increase the amount of water vapor in the atmosphere, which in turn leads to further warming.']","['""...the largest of all the positive or temperature-amplifying feedbacks in  the UN’s arsenal is the water-vapor feedback.']",[],,0.9745574593544006,,,fixed_single,snpmi_remove_stop_words = False_1Mlines_q_1_signed_1,cosine_similarity
"['Nevertheless, within three years most of the basic assumptions made by Rowland and Molina were confirmed by laboratory measurements and by direct observation in the stratosphere.']","['While there are uncertainties with climate models, they successfully reproduce the past and have made predictions that have been subsequently confirmed by observations.']",[],,0.9158281683921814,,,fixed_single,snpmi_remove_stop_words = False_1Mlines_q_1_signed_1,cosine_similarity
"['Weather events are due to multiple factors, and so cannot be said to be caused by one precondition, but climate change affects aspects of extreme events, and very likely worsened some of the impacts of Harvey.']",['But [climate scientists] say that aspects of the case of Hurricane Harvey—and the recent history of tropical cyclones worldwide—suggest global warming is making a bad situation worse.'],[],,0.9388464093208313,,,fixed_single,snpmi_remove_stop_words = False_1Mlines_q_1_signed_1,cosine_similarity
"['Some climate change denial groups say that because CO 2 is only a trace gas in the atmosphere (roughly 400ppm, or 0.04%, 4 parts per 10,000) it can only have a minor effect on the climate.']",['[T]he overwhelming majority of peer-reviewed studies \xa0[find] that CO2 in the atmosphere remained there a short time.'],[],,0.9409513473510742,,,fixed_single,snpmi_remove_stop_words = False_1Mlines_q_1_signed_1,cosine_similarity
"['However, these models do tend to underestimate the rate of sea ice loss since 2007.']",['Sea ice has diminished much faster than scientists and climate models anticipated.'],[],,0.7610628008842468,,,fixed_single,snpmi_remove_stop_words = False_1Mlines_q_1_signed_1,cosine_similarity
['El Niño events cause short-term (approximately 1 year in length) spikes in global average surface temperature while La Niña events cause short term cooling.'],"['Even during a period of long term warming, there are short periods of cooling due to climate variability.']",[],,0.8518356680870056,,,fixed_single,snpmi_remove_stop_words = False_1Mlines_q_1_signed_1,cosine_similarity
"['This glacier was discovered in 2002 to be shrinking rapidly, and by 2007 had completely melted away, leaving the exposed island.']","['Greenland on the whole is losing ice, as confirmed by satellite measurement.']",[],,0.9351159334182739,,,fixed_single,snpmi_remove_stop_words = False_1Mlines_q_1_signed_1,cosine_similarity
"['""Rising sea levels threaten small Pacific island nations"".']","['But the heads of small island nations, fearful of rising sea levels, had also asked scientists to examine the effects of 2.7 degrees of warming.']",[],,0.5267970561981201,,,fixed_single,snpmi_remove_stop_words = False_1Mlines_q_1_signed_1,cosine_similarity
"['""A 40-y record reveals gradual Antarctic sea ice increases followed by decreases at rates far exceeding the rates seen in the Arctic"".']","['It “certainly puts the kibosh on everyone saying that Antarctica’s ice is just going up and up,” Meier said.']",[],,0.8914206027984619,,,fixed_single,snpmi_remove_stop_words = False_1Mlines_q_1_signed_1,cosine_similarity
"['The new city hall, built from recycled materials, has solar panels in its garage.']","['Every four minutes, another American home or business goes solar.']",[],,0.7789477109909058,,,fixed_single,snpmi_remove_stop_words = False_1Mlines_q_1_signed_1,cosine_similarity
"['In its 2007 Fourth Assessment Report, IPCC said that climate sensitivity is ""likely to be in the range 2 to 4.5\xa0°C with a best estimate of about 3\xa0°C"".']","['Fourth Assessment Report (AR4), in which the likely range is given as 2.0°C to 4.5°C, with a best estimate of 3.0°C"" (Pat Michaels)']",[],,0.9811117649078369,,,fixed_single,snpmi_remove_stop_words = False_1Mlines_q_1_signed_1,cosine_similarity
['An acceleration of ice loss across the Himalayas over the past 40 years has been proved with satellite photos.'],['Satellites and on-site measurements are observing that Himalayan glaciers are disappearing at an accelerating rate.'],[],,0.8719886541366577,,,fixed_single,snpmi_remove_stop_words = False_1Mlines_q_1_signed_1,cosine_similarity
"['The development and scaling-up of clean technology, such as cement that produces less CO2, is critical to achieve sufficient emission reductions for the Paris agreement goals.']","['The argument that solving the global warming problem by reducing human greenhouse gas emissions is ""too hard"" generally stems from the belief that (i) our technology is not sufficiently advanced to achieve significant emissions reductions,']",[],,0.9538565874099731,,,fixed_single,snpmi_remove_stop_words = False_1Mlines_q_1_signed_1,cosine_similarity
