pos_sim,neg_sim,pos_neg_sim
0.400914192199707,0.4254713654518127,0.7618330717086792
0.1302112638950348,0.4224048256874084,0.090261086821556
0.5907753705978394,0.0609341748058795,0.0967116355895996
0.0832436084747314,0.3526099622249603,0.0962978228926658
0.6041589975357056,0.6370029449462891,0.4250946044921875
0.9574252367019652,0.1768875569105148,0.1853440850973129
0.7836943864822388,0.1659182608127594,0.1948827058076858
0.8631744384765625,0.638748288154602,0.7330451011657715
0.7798537015914917,0.5004086494445801,0.3464416861534118
0.4366177916526794,0.2107675522565841,0.1834770739078521
0.089583471417427,0.3447149693965912,0.0553345717489719
0.0,0.0,0.0019496866734698
0.7572799921035767,0.4917619228363037,0.6070413589477539
0.3918294608592987,0.7234761118888855,0.5059627890586853
0.3270457983016968,0.9347388744354248,0.3318012952804565
0.969273805618286,0.5326004028320312,0.5093129873275757
0.8164666891098022,0.7061328887939453,0.7833788394927979
0.6326088309288025,0.8939337730407715,0.6421171426773071
0.3543580174446106,0.0415425822138786,0.0953204482793808
0.7768660187721252,0.7349144220352173,0.9384989738464355
0.3369662761688232,0.6545478105545044,0.2212908267974853
0.7344164252281189,0.5189658403396606,0.5388785600662231
0.0977282226085662,0.0244066566228866,0.0820283144712448
1.0000001192092896,0.2217681407928466,0.2217681407928466
0.2535340189933777,0.2202076762914657,0.442111611366272
0.4995392560958862,0.3031988739967346,0.4492870569229126
0.5396648049354553,0.4495631456375122,0.5335413217544556
0.0503799989819526,0.1321070194244384,0.0563169531524181
0.4862631857395172,0.3673909604549408,0.4006322920322418
0.890198826789856,0.3533504605293274,0.3944711685180664
0.358819842338562,0.3629166483879089,0.4250349402427673
0.191665232181549,0.191665232181549,0.9999999403953552
0.7411210536956787,0.0766637027263641,0.2219939827919006
0.7158070802688599,0.2315850555896759,0.2152097523212433
0.8864858150482178,0.3223432302474975,0.355284571647644
0.3744444847106933,0.221142292022705,0.605463981628418
0.8689924478530884,0.5490223169326782,0.5218592882156372
0.2120185792446136,0.2740468382835388,0.3722917735576629
0.6547577381134033,0.0999607294797897,0.151839017868042
0.1555569618940353,0.1443637460470199,0.2037648856639862
0.845836341381073,0.7056999206542969,0.7348423004150391
0.8833367824554443,0.1338061988353729,0.1216268166899681
0.5343682765960693,0.0109829977154731,0.0006402450380846
0.1894075125455856,0.2010543346405029,0.8022496700286865
0.5334519743919373,0.0,0.0913414433598518
0.0443361364305019,0.1789458394050598,0.1248156428337097
0.6618368029594421,0.2855321168899536,0.0211688801646232
0.9970448613166808,0.8170589208602905,0.8146443963050842
0.5496954917907715,0.7018898129463196,0.5733504891395569
0.5513678193092346,0.1940791010856628,0.1511924415826797
0.8474951982498169,0.3152698278427124,0.3320281505584717
0.9077703952789308,0.2414357364177703,0.2013851702213287
0.8267269134521484,0.2780763208866119,0.2958846390247345
0.3293066918849945,0.1509870588779449,0.6634846925735474
0.4159092307090759,0.1348663866519928,0.1235196590423584
0.6968199014663696,0.05843186378479,0.0281293932348489
0.5336285829544067,0.8153983354568481,0.1864625066518783
0.8426611423492432,0.178618386387825,0.1699052155017852
0.7739794254302979,0.2214688658714294,0.3093405067920685
0.1832235306501388,0.0,0.0003431983641348
0.7883753180503845,0.4198302626609802,0.5643011331558228
0.4406512975692749,0.9326044917106628,0.4499036371707916
0.797466516494751,0.7913293838500977,0.9285690784454346
1.0,0.2176632136106491,0.2176632285118103
0.5325820446014404,0.5658653974533081,0.5702460408210754
0.7844165563583374,0.3706184029579162,0.5047077536582947
0.1688317358493805,0.4958145022392273,0.0645272061228752
0.8256875276565552,0.2993630766868591,0.2948942184448242
0.9037032127380372,0.3668379783630371,0.2657389938831329
0.8964623808860779,0.3899298906326294,0.3860557675361633
0.0400277338922023,0.0457082949578762,0.0
0.5661036968231201,0.3388944566249847,0.4179673194885254
0.336681604385376,0.1534473299980163,0.1777020543813705
0.1453514099121093,0.1783985644578933,0.2368130683898925
0.3365848362445831,0.4080866575241089,0.1689320057630539
0.26447394490242,0.1172527521848678,0.055849365890026
0.3930462598800659,0.0721734911203384,0.0382791347801685
0.6419564485549927,0.1039117574691772,0.0443679541349411
0.1726179718971252,0.2039155662059784,0.0788074508309364
0.8831069469451904,0.5941542983055115,0.553447961807251
0.6757421493530273,0.6608678698539734,0.9007607698440552
0.8738276958465576,0.7388660311698914,0.9027563333511353
0.443557858467102,0.4001235961914062,0.61368727684021
0.4888879358768463,0.5495656132698059,0.7389388680458069
0.0910148471593856,0.0946119427680969,0.416677713394165
0.6963925361633301,0.2892050743103027,0.1367720812559127
0.5606086254119873,0.3307833075523376,0.2189576923847198
0.8444052934646606,0.656328558921814,0.7764674425125122
0.0702382549643516,0.0800499394536018,0.7022976875305176
0.7750486135482788,1.0,0.7750486135482788
0.4874727725982666,0.3307328820228576,0.1221877932548523
0.6975427865982056,0.6225241422653198,0.9021103382110596
0.3920696973800659,0.3523723483085632,0.0442617647349834
0.7636797428131104,0.0574052706360816,0.0878137797117233
1.0,0.4963019490242004,0.4963019490242004
0.5812667608261108,0.2723145484924316,0.4061803221702575
0.4590637683868408,0.2074845731258392,0.3994086980819702
0.5604220628738403,0.2915447354316711,0.4394028186798095
0.8733446598052979,0.1837841272354126,0.0746274888515472
0.694454550743103,0.4710453152656555,0.6448090076446533
0.7870596051216125,0.3396334648132324,0.330574631690979
0.3575013279914856,0.2939512133598327,0.8496856689453125
0.823209285736084,0.5559995770454407,0.5956606864929199
0.9639191031455994,0.7100979685783386,0.6484977006912231
0.6036078929901123,0.5169586539268494,0.3915136456489563
0.29855877161026,0.1615907847881317,0.0413938648998737
0.6160210967063904,0.5484733581542969,0.5588147640228271
0.4024215638637543,0.1917614340782165,0.6772715449333191
0.4025455117225647,0.2799907922744751,0.0776374340057373
0.810927152633667,0.8004844188690186,0.7896260023117065
0.0,0.0,0.0
0.6076415777206421,0.5181596279144287,0.8074252605438232
0.3096047639846802,0.1215189844369888,0.122152104973793
0.3369521498680115,0.2595994770526886,0.0594923347234725
0.9999999403953552,0.813636064529419,0.813636064529419
0.8158260583877563,0.3439636826515198,0.3779676258563995
0.0,0.0,0.0676229372620582
0.3415565192699432,0.3132176399230957,0.3411732614040375
0.8511953353881836,0.438125729560852,0.2469761967658996
1.0,0.9468560814857484,0.9468560814857484
0.5401973724365234,0.1251941323280334,0.2173426151275634
0.3688905537128448,0.3599453270435333,0.8500282764434814
0.9999999403953552,0.6779270172119141,0.6779270172119141
0.6362004280090332,0.0916909947991371,0.3900468945503235
0.94106924533844,0.4294006526470184,0.4489333033561706
0.611803412437439,0.5254778861999512,0.8620609641075134
0.834730863571167,0.5213546752929688,0.1699309051036834
0.9272271990776062,0.5057954788208008,0.4039816558361053
0.8768846988677979,0.2978226840496063,0.2620685696601867
0.2063259780406952,0.2942923009395599,0.334102988243103
0.6696262359619141,0.6553782224655151,0.9693304896354676
0.8146775960922241,0.8089374303817749,0.9929540753364564
0.3673881292343139,0.3719999194145202,0.5402768850326538
0.5018575191497803,0.8601171970367432,0.562767505645752
0.9164435267448424,0.0890095978975296,0.1108216270804405
0.2065491378307342,0.2336675524711609,0.1358586847782135
0.652176022529602,0.0862348154187202,0.0881675779819488
0.965373694896698,0.0875966250896453,0.083946906030178
0.8494446873664856,0.7476819753646851,0.8847407102584839
0.5962702631950378,0.242098867893219,0.2496863901615142
0.3362169563770294,0.1485784649848938,0.1318679451942443
0.7020009160041809,0.5843994617462158,0.6337682008743286
0.480003148317337,0.137922391295433,0.1912317872047424
0.2505605220794678,0.2670544981956482,0.2360123097896576
0.8195149898529053,0.3284859657287597,0.2849385738372803
0.1717289835214615,0.334779292345047,0.535515308380127
0.3549043536186218,0.3378713428974151,0.5843814611434937
1.0,0.288541316986084,0.288541316986084
0.6627471446990967,0.8454866409301758,0.5561689138412476
0.4032721519470215,0.3904835879802704,0.9007020592689514
0.6360030174255371,0.3975229859352112,0.6601845026016235
0.9145220518112184,0.3768456578254699,0.4138255715370178
1.000000238418579,0.216752678155899,0.216752678155899
0.7066425085067749,0.6840274333953857,0.6211962103843689
0.2377364933490753,0.2702937722206116,0.7204492092132568
0.7451683282852173,0.7451683282852173,1.0
1.0,0.8458163142204285,0.8458163142204285
0.6588865518569946,0.6144440174102783,0.1666449457406997
0.3817989826202392,0.0713503509759903,0.1712385416030883
0.111216977238655,0.3448469638824463,0.0753800272941589
0.4921095073223114,0.3643877506256103,0.5941481590270996
0.0595282018184661,0.0071777063421905,0.0484422296285629
0.2955876588821411,0.2138413786888122,0.6022062301635742
0.3934839069843292,0.1882760822772979,0.065543994307518
0.2190231084823608,0.2138645648956298,0.0946647077798843
0.6409937143325806,0.6707488298416138,0.867339015007019
0.7793898582458496,0.7575759291648865,0.9701025485992432
0.3912331461906433,0.4659768939018249,0.4631610810756683
0.7095628976821899,0.2608987987041473,0.2249774634838104
0.2653296589851379,0.4512065947055816,0.3126104474067688
0.5990164875984192,0.3775202631950378,0.652609646320343
0.043682761490345,0.8151932954788208,0.0848069861531257
1.0,0.9822679162025452,0.9822679162025452
0.8357468843460083,0.7328799962997437,0.7659790515899658
0.7491044998168945,0.6213182210922241,0.7999993562698364
0.4443663656711578,0.1845671981573104,0.1397731751203537
0.7624874114990234,0.3880773186683655,0.3937194943428039
0.2032758593559265,0.2120739370584488,0.1453266143798828
0.223563551902771,0.3334352374076843,0.0912147760391235
0.1024989336729049,0.0981283634901046,0.2096337229013443
0.9252111911773682,0.3665782213211059,0.396210253238678
0.290297269821167,0.1503795087337494,0.3024759292602539
0.5904570817947388,0.2189790159463882,0.1414984762668609
0.3657082915306091,0.4402269721031189,0.7463765144348145
0.3542713522911072,0.3123446404933929,0.3240085542201996
0.2601223289966583,0.2156217694282531,0.2261715829372406
0.7689234018325806,0.3123277425765991,0.557920515537262
0.145163744688034,0.0579541288316249,0.3872012495994568
0.8864107131958008,0.718295156955719,0.7312346696853638
0.0381956323981285,0.0314841046929359,0.0855501070618629
0.6388829946517944,0.3955855369567871,0.2522593140602112
0.126257836818695,0.0368993990123271,0.0120013067498803
0.8154057860374451,0.4219553172588348,0.4152179956436157
0.0,0.0,0.0
0.8579591512680054,0.2409098893404007,0.2222176492214203
0.6976895928382874,0.723031759262085,0.5873754024505615
0.2230372726917266,0.228567361831665,0.94260835647583
0.682410717010498,0.3621230721473694,0.2428624033927917
0.5522989630699158,0.1072367653250694,0.1026886329054832
0.3678632378578186,0.4753325879573822,0.0081020891666412
0.6492788791656494,0.4973782300949096,0.4950297772884369
0.2932360768318176,0.2749464511871338,0.0721220597624778
0.7952700853347778,0.5315437912940979,0.548097550868988
0.9662976264953612,0.4549398720264435,0.4502080082893371
0.204075738787651,0.0415639467537403,0.2223362326622009
0.9882148504257202,0.7694964408874512,0.7765934467315674
0.3548584580421448,0.3548584580421448,1.0
0.7070293426513672,0.6740266680717468,0.6692483425140381
0.0278219878673553,0.0178841892629861,0.0561728850007057
0.9999998807907104,-9.240000508725645e-05,-9.240000508725645e-05
0.5333578586578369,0.3241060078144073,0.3498146533966064
0.0154459960758686,0.6309463977813721,0.3941370844841003
0.0,0.1031551659107208,0.0
0.6741127967834473,0.4039498567581177,0.4078664183616638
0.6976104974746704,0.5815529227256775,0.7891054749488831
0.3481096029281616,0.2351366579532623,0.5182827115058899
0.8493369221687317,0.5265368819236755,0.5222194194793701
0.4293908476829529,0.3851909637451172,0.7139135599136353
0.9999999403953552,0.1404609531164169,0.1404609531164169
0.5596296191215515,0.5565934181213379,0.9895194172859192
0.4939226806163788,0.4477983713150024,0.6418923139572144
0.9241700172424316,0.7077599763870239,0.7663191556930542
0.9727544188499452,0.7132132649421692,0.7252787947654724
0.5518165230751038,0.3738578557968139,0.8939698934555054
0.953953981399536,0.9959283471107484,0.9483445286750792
1.0,0.789941668510437,0.789941668510437
0.917900800704956,0.0690342485904693,0.0710007101297378
0.0181850530207157,0.1729795634746551,0.0399145893752574
0.4932195544242859,0.4797755777835846,0.6729781627655029
1.0,0.7899489402770996,0.7899489402770996
0.258047878742218,0.1427697092294693,0.1099500730633735
0.7458193302154541,0.5211633443832397,0.5348559021949768
0.5434176921844482,0.1722541749477386,0.038340151309967
0.7079628109931946,0.6751888990402222,0.8368533253669739
0.0421332791447639,0.0406002402305603,0.0379449762403965
0.1562893986701965,0.2923852205276489,0.034102089703083
0.2080175578594207,0.4264272451400757,0.2797916531562805
0.4918699264526367,0.6220858097076416,0.7388383746147156
0.5236589312553406,0.6823558807373047,0.5354937314987183
0.5077230930328369,0.4527562856674194,0.4936990141868591
0.2939235866069793,0.5963811874389648,0.2739230394363403
0.3065725564956665,0.0,0.0
0.797728419303894,0.5708839893341064,0.2738871276378631
0.3652282059192657,0.1475786715745926,0.4567867517471313
0.7662707567214966,0.848372220993042,0.8542948961257935
0.3503792285919189,0.1968292146921157,0.3848845362663269
0.9004682302474976,0.1454560160636901,0.1377524137496948
0.6276270747184753,0.2866950929164886,0.2871304154396057
0.7117444276809692,0.6327944993972778,0.1760742962360382
0.2289542406797409,0.3967812657356262,0.1181879341602325
0.4324741065502167,0.3828508853912353,0.6384299993515015
0.3415400981903076,0.3041843771934509,0.1976843476295471
0.8112923502922058,0.6364901661872864,0.7511566877365112
0.8925161361694336,0.6146222352981567,0.5694493055343628
0.8250067234039307,0.4259964823722839,0.5203381180763245
0.6947322487831116,0.3074536621570587,0.4954313039779663
0.8628897070884705,0.8165469765663147,0.8666018843650818
0.6382288932800293,0.3526793122291565,0.4028991162776947
0.5369312167167664,0.4762506783008575,0.8371812105178833
0.9999999403953552,0.228431150317192,0.228431150317192
0.6418946981430054,0.5998009443283081,0.7571290731430054
0.6774947643280029,0.3878536224365234,0.4572821259498596
0.6400063633918762,0.3160745501518249,0.5081005096435547
0.2358932942152023,0.6120779514312744,0.1644483208656311
0.7098976373672485,0.1639014482498169,0.1118634492158889
0.0940150767564773,0.1065097600221633,0.1198392659425735
0.9034475088119508,0.7433507442474365,0.8033028841018677
0.267800360918045,0.7141578197479248,0.0381292775273323
0.6322931051254272,0.3192648887634277,0.0911919027566909
0.6114051342010498,0.7700878381729126,0.7085767984390259
0.927926242351532,0.8469420671463013,0.9176144599914552
0.6793800592422485,0.4992612600326538,0.7578413486480713
0.7091847658157349,0.3098886013031006,0.3985816240310669
0.0836715996265411,0.1225980669260025,0.4022784531116485
0.6667693853378296,0.7528689503669739,0.4418354034423828
0.4020135998725891,0.4030877649784088,0.657608151435852
0.9584140777587892,0.8031847476959229,0.8348233699798584
0.9245845079421996,1.0,0.9245845079421996
0.9983054399490356,0.3613696694374084,0.361983060836792
0.5531346797943115,0.5302557945251465,0.5743100643157959
0.9294755458831788,0.974921464920044,0.9461675882339478
0.5357861518859863,0.5980488061904907,0.5906664133071899
0.8094725608825684,0.4788567423820495,0.4408111870288849
0.4448425471782684,0.4403387010097503,0.9942870140075684
0.6562870740890503,0.3125498294830322,0.1339419037103653
0.4461967945098877,0.0842067897319793,0.1247515082359314
0.0,0.0296234358102083,0.0680973082780838
0.1724586933851242,0.0004374883719719,0.2718918919563293
0.5444191098213196,0.4424288868904114,0.3733474016189575
0.755658745765686,0.0272894613444805,0.6447903513908386
0.034994650632143,0.028853952884674,0.0407058894634246
0.8777406811714172,0.0119807692244648,-0.0008481121622025
0.2468078434467315,0.2985089123249054,0.107365533709526
0.6500569581985474,0.4322863221168518,0.2958398461341858
0.824324905872345,0.8637006282806396,0.6113040447235107
0.2956511676311493,0.3294063806533813,0.7195553779602051
1.0,0.969922423362732,0.969922423362732
0.1020480990409851,0.3307259082794189,0.0886824205517768
1.0,0.3123908340930938,0.3123908340930938
0.6549626588821411,0.8200583457946777,0.7346593141555786
0.5719286203384399,0.6482771635055542,0.726142406463623
0.4553767442703247,0.228008896112442,0.4043002128601074
0.0,0.0,0.0270243249833583
0.4121468365192413,0.5619039535522461,0.4661298394203186
0.3687000870704651,0.3203284442424774,0.0408187843859195
0.0541697815060615,0.3600388765335083,0.4509032964706421
0.4380828142166137,0.4102765321731567,0.9685763120651244
0.6198614835739136,0.4698829650878906,0.6823006272315979
0.8184844255447388,0.0786488875746727,0.0541150048375129
0.7067288756370544,0.3247375786304474,0.3555234372615814
0.8367199897766113,0.2964619100093841,0.3069435358047485
0.501794159412384,0.5130605697631836,0.2105810493230819
0.7523963451385498,0.795882523059845,0.938303530216217
0.4652237296104431,0.3531738519668579,0.4876677393913269
0.220492735505104,0.0905380398035049,0.3571453094482422
0.1976722925901413,0.038509514182806,0.0
0.2516979575157165,0.3278381824493408,0.6606231927871704
0.4796443879604339,0.2710142135620117,0.3541224002838135
0.5123790502548218,0.1795952916145324,0.0977782309055328
0.3038350343704223,0.4438096880912781,0.2435204684734344
0.516160249710083,0.3652973771095276,0.7602909803390503
0.857711672782898,0.4156379699707031,0.442519336938858
0.343658447265625,0.4721401333808899,0.0869739949703216
0.1917392015457153,0.1692246347665786,0.6799404621124268
0.6176294088363647,0.4597159624099731,0.628051221370697
0.6799867749214172,0.6799867749214172,1.0
0.2684998512268066,0.34695965051651,0.3046332895755768
0.4181961715221405,0.1370231956243515,0.1265614926815033
1.0,0.4654596447944641,0.4654596447944641
0.7294878363609314,0.4594405591487884,0.4270134270191192
0.4800310730934143,0.3126038610935211,0.5151789784431458
0.9229245185852052,0.7830054759979248,0.8070857524871826
0.4903632700443268,0.2549963295459747,0.3273694813251495
0.8221582174301147,0.8250963687896729,0.8786665201187134
0.6563835144042969,0.7079125046730042,0.6169196367263794
0.2850461900234222,0.6303962469100952,0.2146607190370559
0.958602488040924,0.958602488040924,0.9999999403953552
0.3564440011978149,0.273623526096344,0.1659427285194397
0.9999998807907104,0.3534233570098877,0.3534233570098877
0.17384073138237,0.1673033684492111,0.1012203246355056
0.2335191965103149,0.26712566614151,0.4389452934265136
0.5264140963554382,0.2539953589439392,0.2230154275894165
0.7366349697113037,0.3923306167125702,0.094572052359581
0.7663995027542114,0.548610270023346,0.5160677433013916
0.285782128572464,0.8119121789932251,0.1401532888412475
0.8004812002182007,0.3425071239471435,0.2107180804014206
0.0,0.0,0.0
0.2183424085378646,0.2387529015541076,0.8944576978683472
0.439798891544342,0.4412439167499542,0.939122438430786
0.733917236328125,0.8877254128456116,0.6958534717559814
0.2002165466547012,0.1724602580070495,0.2937535941600799
0.9199789762496948,0.1237586289644241,0.1138553395867347
0.3402832746505737,0.7200907468795776,0.3179296255111694
0.5347758531570435,0.4269013106822967,0.8562061786651611
0.7051811218261719,0.3186498582363128,0.3405202627182007
0.3861003518104553,0.1821055710315704,0.1254026889801025
0.4265289306640625,0.1600093245506286,0.1688239872455597
0.2083441913127899,0.1211140900850296,0.0862424001097679
0.8626985549926758,0.7951334118843079,0.8388723731040955
0.8700768947601318,0.4915538132190704,0.244454801082611
0.573774516582489,0.4310148656368255,0.2769644856452942
0.5848097801208496,0.7351686954498291,0.6499747037887573
0.3962994217872619,0.2739045321941376,0.3232132196426391
0.7617865800857544,0.0102700125426054,0.023107448592782
0.2530706822872162,0.1469930857419967,0.0268066078424453
0.5211215019226074,0.3517190217971802,0.5035684108734131
0.7707701325416565,0.6226307153701782,0.4573315680027008
0.3393621444702148,0.8480695486068726,0.273687869310379
0.2446886301040649,0.2466383874416351,0.2857134342193603
0.1103894263505935,0.1379414945840835,0.6883295178413391
0.4016443490982055,0.1617532968521118,0.0194396935403347
0.8076742887496948,0.7423242330551147,0.7355848550796509
0.7302685379981995,0.1290490925312042,0.148464947938919
0.1931822896003723,0.1912447214126587,0.147514209151268
1.0,0.4819018542766571,0.4819018542766571
1.0,0.1278494894504547,0.1278494894504547
0.5144346952438354,0.4364406764507293,0.0513774082064628
0.9091911911964417,0.7389540076255798,0.701903223991394
0.7064611911773682,0.6592164039611816,0.1313022822141647
0.8759826421737671,0.7547438740730286,0.8593364357948303
-0.0006114818388596,0.0,0.0
0.4607084691524505,0.1414729207754135,0.120267279446125
0.4223059117794037,0.2280114889144897,0.1521196663379669
0.0557393841445446,0.0,-0.0040720235556364
0.3977604508399963,0.8194619417190552,0.1588988304138183
0.3738731145858764,0.2108280956745147,0.5008352398872375
0.5910040736198425,0.4909175634384155,0.7306485772132874
0.6904135942459106,0.766913652420044,0.7202420234680176
0.8738572597503662,0.2828245162963867,0.2883593440055847
0.8309623003005981,0.6696603894233704,0.742063045501709
0.4617054164409637,0.4617054164409637,1.0
0.6003662347793579,0.4493035078048706,0.6251135468482971
0.6232299208641052,0.7792836427688599,0.4312402307987213
0.8784704208374023,0.0,0.0
0.4115306735038757,0.4115306735038757,1.0
0.0,0.0,0.0
1.0,1.0,1.0
0.8491677045822144,0.9466996788978576,0.7097491025924683
1.0000001192092896,0.8251785039901733,0.8251785039901733
0.1198801472783088,0.3065477609634399,0.1082075983285904
0.0,0.0202650167047977,0.0
0.7669910192489624,0.6850144863128662,0.6312168836593628
0.8896031379699707,0.8313415050506592,0.6259171962738037
0.4468392729759216,0.4412371516227722,0.8474668264389038
0.1394489407539367,0.1138610318303108,0.1628990620374679
0.8109582662582397,0.4363984763622284,0.6333823204040527
0.4333014786243438,0.09464081376791,0.510012686252594
0.7798211574554443,0.6278674602508545,0.7903934717178345
0.3798435926437378,0.3433859944343567,0.1832880675792694
0.7370705604553223,0.6002292037010193,0.6879322528839111
0.433545172214508,0.1869733780622482,0.4064091444015503
0.3627544939517975,0.3444188237190246,0.5352340936660767
0.6159102916717529,0.8160492181777954,0.7414308190345764
0.1731806397438049,0.1073333173990249,0.0659621506929397
0.52968430519104,0.0278564691543579,0.015579393133521
0.9389106035232544,0.0488337576389312,0.0458505265414714
0.8635165095329285,0.2880777716636657,0.3126569986343384
0.1950446665287017,0.6135246753692627,0.1551845967769622
0.4437385201454162,0.6086083650588989,0.0968002900481224
0.0895921289920806,-0.0032789874821901,0.0979814380407333
0.5723798274993896,0.0,0.0343240275979042
0.5137554407119751,0.5032687783241272,0.7794902324676514
0.9543328881263732,0.3251261413097381,0.3447159230709076
0.1189665272831916,0.0720389932394027,0.1015557274222374
0.1345189362764358,0.1238122582435607,0.0848485678434372
0.9036380052566528,0.7676758766174316,0.6225568056106567
0.9302530884742736,0.5894280076026917,0.4868014454841614
0.3751301765441894,0.580623984336853,0.6148539185523987
0.0,0.0,0.0
0.712462306022644,0.6286047697067261,0.6761841773986816
0.6122860908508301,0.7225386500358582,0.7153224945068359
0.324514091014862,0.480627179145813,0.2791219353675842
1.0,0.7791960835456848,0.7791960835456848
0.9936528205871582,0.7527158260345459,0.7538212537765503
0.0373049266636371,0.0373049266636371,1.0
1.0,0.7624351978302002,0.7624351978302002
0.3665502667427063,0.3665502667427063,1.0000001192092896
0.3578037619590759,0.3455027341842651,0.1944928467273712
0.7730104923248291,0.6260613203048706,0.7073140740394592
0.483096718788147,0.6056528687477112,0.1539161950349807
0.8380895256996155,0.3992210924625397,0.3429782390594482
0.980579435825348,0.9423940181732178,0.9610583186149596
0.6442463397979736,0.3318076729774475,0.5627330541610718
0.1830877065658569,0.1217274516820907,0.0751604735851287
0.2660871148109436,0.3395856320858001,0.3086193799972534
0.5808271169662476,0.6582779884338379,0.2534797787666321
0.6794416904449463,0.2072300016880035,0.2391102015972137
0.6363618969917297,0.1234017387032508,0.1565926969051361
0.784915566444397,0.0600652694702148,0.0423336587846279
0.5939568281173706,0.44212606549263,0.1966188848018646
0.1359594166278839,0.0830660760402679,0.0788417980074882
0.4307556450366974,0.5411889553070068,0.3996220231056213
0.4685425162315368,0.5301464200019836,0.6532527208328247
0.6414051651954651,0.5695915222167969,0.7904053926467896
0.8493455648422241,0.5415331125259399,0.538663387298584
0.1635333597660064,0.1910577714443206,0.0351627245545387
0.7234108448028564,0.2156528979539871,0.1735129654407501
0.2741745710372925,0.4526553750038147,0.270085722208023
0.3273521363735199,0.5176395177841187,0.0967306196689605
0.961379885673523,0.7091792225837708,0.7277785539627075
0.5830476880073547,0.8808125257492065,0.2963721752166748
0.3611886501312256,0.2616350948810577,0.4168565273284912
0.5176894664764404,0.5618774890899658,0.7861697673797607
0.6624680757522583,0.6624680757522583,0.9999998807907104
0.530243992805481,0.2062226980924606,0.2328017055988311
0.8451422452926636,0.60149085521698,0.5760067701339722
0.3218897581100464,0.2503687739372253,0.5065478086471558
0.6611984968185425,0.5545363426208496,0.7621541023254395
0.0341945514082908,0.0,0.0
0.5535790920257568,0.1699571311473846,0.2127174139022827
0.4482763707637787,0.1561035364866256,0.1157483458518982
0.0883982330560684,0.3355614244937897,0.1075036376714706
0.7159137725830078,0.6027419567108154,0.7487452626228333
0.5436090230941772,0.4672460556030273,0.6170874834060669
0.5111013054847717,0.3058218955993652,0.8993759751319885
0.8432615399360657,0.0552827045321464,0.071516029536724
0.6587969064712524,0.638938307762146,0.901067852973938
0.7235456705093384,0.5302055478096008,0.1419631391763687
0.3784443438053131,0.2350103110074997,0.5305464863777161
0.1376383453607559,0.1566906571388244,0.1082151681184768
0.7377778887748718,0.302060067653656,0.2865076661109924
0.6707558631896973,0.8271461129188538,0.5258508324623108
0.6174929738044739,0.1045424416661262,0.1253780573606491
0.490172266960144,0.4304197132587433,0.5790879726409912
0.4691336154937744,0.489652156829834,0.6210629940032959
0.3657477796077728,0.3631042540073395,0.334245353937149
0.0169245153665542,0.0890081897377967,0.0041589196771383
0.7101914286613464,0.8158708810806274,0.7794429063796997
0.0179110132157802,0.0414925143122673,0.866823673248291
0.1687781810760498,-0.0089670671150088,0.0108500765636563
0.8426735401153564,0.7394955158233643,0.8236847519874573
0.0,0.0,0.0
0.6870340704917908,0.5490981340408325,0.7002789378166199
0.5774320363998413,0.7083810567855835,0.9193234443664552
0.1093420982360839,0.130920797586441,0.8587389588356018
0.8050749897956848,0.6856557726860046,0.4848828017711639
0.4269869923591614,0.2657552361488342,0.5188577175140381
0.4083373844623565,0.1806730479001999,0.1396915018558502
0.8261251449584961,0.7584635019302368,0.8917178511619568
0.8636788129806519,0.8189372420310974,0.9454507827758788
0.0,0.0,0.0014071970945224
0.7826973795890808,0.4726299047470093,0.2338488101959228
0.982030153274536,0.8020591735839844,0.7876463532447815
0.6764147281646729,0.1840970665216446,0.1794474124908447
0.82044517993927,0.7911907434463501,0.7051241397857666
0.4090204834938049,0.7076855897903442,0.2813455462455749
0.0,0.0,0.0
0.0,0.0,0.0
0.5556043982505798,0.0331024341285228,0.3996745347976684
0.5285044312477112,0.3311499655246734,0.3379616141319275
0.278486430644989,0.4662725329399109,0.5231205224990845
0.3339545130729675,0.0036016111262142,0.0
0.067765399813652,0.0749146416783332,0.1110486909747123
0.5597976446151733,0.8488341569900513,0.412318468093872
0.6129188537597656,0.2333340048789978,0.1093288287520408
0.934190571308136,0.8287256956100464,0.8204165101051331
0.5794621706008911,0.4980171024799347,0.269302099943161
0.4796477854251861,0.2407873570919037,0.5400992631912231
0.8578113317489624,0.6619163751602173,0.7711322903633118
0.6445709466934204,0.3269818723201751,0.049196757376194
0.3573076128959656,0.3892056941986084,0.2602999806404114
0.5045685172080994,0.3761590719223022,0.1812433898448944
0.1634484827518463,0.0888582020998001,0.6589673161506653
0.4507953226566314,0.3698223233222961,0.031382106244564
0.728743314743042,0.4913739860057831,0.5791484117507935
0.5873085260391235,0.0923833549022674,0.145820677280426
0.3039684295654297,0.3039684295654297,1.0
0.7192461490631104,0.5546551942825317,0.623821496963501
0.5702067017555237,0.4738423824310303,0.0760077834129333
0.6862009763717651,0.0827747732400894,0.1134789884090423
0.1132963448762893,0.601416826248169,0.1086883023381233
0.8205514550209045,0.0,0.0
0.1829678118228912,0.3252149820327759,0.3752817511558532
0.4192652404308319,0.2513686418533325,0.339568942785263
0.7799447774887085,0.6799163222312927,0.5916414260864258
0.4780051708221435,0.3923037946224212,0.4326902031898498
0.1793970763683319,0.320656418800354,0.2914562821388244
0.9256597757339478,0.0004284499736968,0.0004628589958883
0.4028975963592529,0.6715454459190369,0.4696860313415527
0.0784995183348655,0.4572701454162597,0.0775171965360641
0.7144325971603394,0.6683391332626343,0.4846489429473877
0.294772744178772,0.1797756254673004,0.1691892445087433
0.57560795545578,0.4624062180519104,0.1497119516134262
0.237233892083168,1.0,0.237233892083168
0.8068004846572876,0.4379841089248657,0.4305180609226227
0.4146260023117065,0.6459617614746094,0.5916650295257568
0.608637809753418,0.8136149644851685,0.7454723119735718
0.5375663638114929,0.535791277885437,0.9920844435691832
0.6855976581573486,0.5253618955612183,0.6867363452911377
0.8286744356155396,0.455400675535202,0.5517722964286804
0.9272613525390624,0.8942946195602417,0.9119146466255188
0.9001303315162659,0.7768118381500244,0.8322659730911255
0.427577793598175,0.1606973111629486,0.1536852419376373
0.5369618535041809,0.3455326855182647,0.4077324867248535
0.6102471351623535,0.618478536605835,0.8153631687164307
0.7873287200927734,0.8158246278762817,0.8324257731437683
0.8600133657455444,0.6929113864898682,0.7913689613342285
0.3077794313430786,0.4275795817375183,0.3416126668453216
0.4566778838634491,0.4532472491264343,0.9892313480377196
0.5181522965431213,0.6572279930114746,0.5530157089233398
0.8143691420555115,0.8143691420555115,0.9999999403953552
0.3612578213214874,0.3422130942344665,0.5375048518180847
0.997733473777771,0.7893391847610474,0.7818726897239685
0.3476516008377075,0.2331079840660095,0.6070621609687805
0.6528987884521484,0.6432314515113831,0.8012779951095581
0.2636128067970276,0.0776034817099571,0.1284564137458801
0.9038784503936768,0.3543956875801086,0.3452107310295105
0.3729206621646881,0.3278819918632507,0.3517689704895019
0.5889852046966553,0.4823949635028839,0.6529797315597534
0.5042465925216675,0.5042465925216675,1.0
0.0902754738926887,1.0000001192092896,0.0902754738926887
0.274393230676651,0.3660572469234466,0.4994875192642212
0.117658793926239,0.1230552867054939,0.996179461479187
0.4764366149902344,0.1052860021591186,0.0930574834346771
0.0116489017382264,0.1083171665668487,0.0867731198668479
0.0,0.1560219079256057,0.0
0.6973136067390442,0.6293742656707764,0.6537554264068604
0.2633483707904815,0.2633483707904815,0.9999998807907104
0.6347954273223877,0.8770796656608582,0.6889650821685791
0.5131622552871704,0.7445785999298096,0.1987794786691665
0.1046864688396453,0.2441917359828949,0.135382130742073
0.7938393354415894,0.7559358477592468,0.9219600558280944
0.7131694555282593,0.6777862310409546,0.8910655975341797
0.1445952206850052,0.1755211055278778,0.1257858574390411
0.2819942831993103,-0.0078267622739076,0.0073660258203744
0.1497320234775543,0.222072422504425,0.8004608154296875
0.0604315586388111,0.4578396081924438,0.101224809885025
0.6560055017471313,0.6560055017471313,1.0
0.0,9.550585673423484e-05,0.0222934484481811
0.3509890437126159,0.2339837253093719,0.7391688227653503
0.7801660299301147,0.0814902707934379,0.0121593475341796
0.2435113936662674,0.279412180185318,0.8494712114334106
1.0,1.0,1.0
0.8148665428161621,0.4147871732711792,0.4527579247951507
0.0720389932394027,0.8293566703796387,0.0733363106846809
0.0027091305237263,0.0228264387696981,0.0111412946134805
1.0,1.0,1.0
0.8191343545913696,0.7011572122573853,0.7932064533233643
0.9583234786987304,0.4097274243831634,0.3964544534683227
0.6365069150924683,0.8643172979354858,0.6140798926353455
1.0,0.2702626585960388,0.2702626585960388
0.2145510762929916,0.2753819823265075,0.6217081546783447
0.0846555009484291,0.2153380513191223,0.604407787322998
0.4359504878520965,0.2861518859863281,0.3590302467346191
0.2661320865154266,0.7320917248725891,0.2953827679157257
0.518133282661438,0.2664119005203247,0.277705043554306
0.3301123082637787,0.2529696822166443,0.285750538110733
0.4051891565322876,0.4370521008968353,0.4809722304344177
0.649674654006958,0.8216508030891418,0.8202992677688599
0.6856303215026855,0.0418516620993614,0.0314641669392585
0.7780102491378784,0.8405972123146057,0.902501106262207
0.1170290857553482,0.974920690059662,0.1150314211845398
0.8689004182815552,0.5933821201324463,0.5899654626846313
0.8486145734786987,0.719737708568573,0.7912298440933228
0.0316696688532829,0.1745124608278274,0.0258705001324415
0.5833142399787903,0.4672735333442688,0.576271653175354
0.2972732484340668,0.2521568536758423,0.9740647673606871
1.0,1.0,1.0
0.5359839200973511,0.5737806558609009,0.5124388933181763
-0.0008292949642054,1.0,-0.0008292949642054
0.1917389929294586,0.1704323589801788,0.4576253890991211
0.3692505359649658,0.1804239749908447,0.3774762451648712
0.0145204924046993,0.0469874516129493,0.015762485563755
0.5721984505653381,0.3253498077392578,0.2386942356824875
0.7366969585418701,0.5069984197616577,0.6859602928161621
0.921271800994873,0.7733629941940308,0.7040106058120728
0.9565466046333312,0.5215246081352234,0.5250529646873474
0.4584845304489136,0.5077892541885376,0.5397733449935913
0.3560778498649597,0.0899308174848556,0.8615689277648926
0.2972126603126526,0.3103508353233337,0.3057335019111633
0.2822725772857666,0.2933462858200073,0.8895623683929443
0.3787182867527008,0.2653685808181762,0.5774485468864441
0.5242271423339844,0.2050935924053192,0.2059811055660247
0.590741753578186,0.1950556337833404,0.2667762041091919
0.0,0.0,0.0
0.1093721538782119,0.0791365727782249,0.8149613738059998
0.8872861862182617,0.7109211683273315,0.7399922609329224
0.8776417970657349,0.2160382866859436,0.1836624145507812
0.6156977415084839,0.6306384801864624,0.8942088484764099
0.0527791120111942,1.0,0.0527791120111942
1.0,1.0,1.0
0.7881110310554504,0.6609483957290649,0.77948397397995
0.1280991733074188,0.0,0.0
0.135694071650505,0.0,0.0
0.1369342356920242,0.1369342356920242,1.0
0.0,0.0163772515952587,0.0
0.1189665272831916,1.0,0.1189665272831916
0.713533878326416,0.713533878326416,0.9999998807907104
0.1051016896963119,0.0659967437386512,0.0873196497559547
0.3859220147132873,0.264134019613266,0.4927320480346679
0.7685537338256836,0.7685537338256836,1.0
0.4587860405445099,0.5186243653297424,0.8745223879814148
0.4106206893920898,0.4179464876651764,0.6124589443206787
0.5951031446456909,0.5687617659568787,0.7234050035476685
0.7835009098052979,0.7870314717292786,0.703096866607666
0.7474324703216553,0.6509184837341309,0.842852771282196
1.0000001192092896,1.0000001192092896,1.0000001192092896
0.0502287298440933,0.0,0.0
0.6463207006454468,0.6455420255661011,0.6127336621284485
0.7644212245941162,0.7644212245941162,1.0
0.4994584918022156,0.4122780561447143,0.5972152352333069
0.9479007720947266,0.690517783164978,0.4932667016983032
0.7036613821983337,0.8818867802619934,0.4128616452217102
0.4223135113716125,0.3892968893051147,0.987735629081726
0.5495803356170654,0.3040668368339538,0.0935931354761123
0.3056234717369079,0.4004180431365967,0.2869159579277038
0.1092166006565094,0.1092166006565094,1.0000001192092896
1.0,0.0,0.0
0.7318440675735474,0.3551800847053528,0.3831470012664795
0.3379967212677002,0.6519257426261902,0.5394761562347412
0.3404763340950012,0.2107236236333847,0.3350796103477478
0.1793830692768097,0.1186414882540702,0.0406171381473541
0.1101451963186264,0.1934642493724823,0.1269766837358474
0.036237683147192,0.0333841033279895,0.449940949678421
0.6820381879806519,0.3424708247184753,0.2877494394779205
0.8060364723205566,0.5078040361404419,0.4637764096260071
0.8192958831787109,0.7279822826385498,0.8571910858154297
0.0527012422680854,0.0,0.0
0.0436120890080928,0.0421923734247684,0.8393819332122803
0.9999999403953552,0.5160340070724487,0.5160340070724487
0.4386501312255859,0.2700687646865845,0.3572953343391418
0.6604813933372498,0.929161012172699,0.4583791494369507
0.5906707644462585,0.0371752753853797,0.0498554818332195
0.5045425891876221,0.5380829572677612,0.1679356694221496
0.90381520986557,0.7625676393508911,0.9277679920196532
0.3913229405879974,0.2270644009113311,0.2859731614589691
0.4745350778102875,0.3517139852046966,0.8470205664634705
0.5888193845748901,0.1398767381906509,0.1302929818630218
0.3251084685325622,0.0991926938295364,0.0266159251332283
0.743405818939209,0.242051362991333,0.3843407034873962
0.691688060760498,0.6343504190444946,0.5540580749511719
0.1733714491128921,0.0997514501214027,0.2987911105155945
0.9999998807907104,0.8679404258728027,0.8679404258728027
0.8863523006439209,0.3028740286827087,0.3235897123813629
0.8458677530288696,0.5639774799346924,0.5729043483734131
0.6059355139732361,0.6735748052597046,0.6728904247283936
0.7502790689468384,0.8223462104797363,0.8485722541809082
0.5097619295120239,0.4724754095077514,0.1947031319141388
0.2487902045249939,0.1557606756687164,0.1289509832859039
0.7340589761734009,0.7739778161048889,0.909779727458954
0.8264548182487488,0.3125181794166565,0.267543226480484
0.3271320462226867,0.9154784083366394,0.0762151107192039
0.4440068900585174,0.0816655531525611,0.0944009721279144
0.5154809355735779,0.928560435771942,0.4958044588565826
0.7912077903747559,0.6518809795379639,0.7568198442459106
0.6096540689468384,0.3841316401958465,0.4170165061950683
0.6533921360969543,0.3635755181312561,0.4414933919906616
0.5255592465400696,0.3368821144104004,0.3004873394966125
0.5797525644302368,0.3030879497528076,0.1090143248438835
0.6471647620201111,0.7420516014099121,0.8719815611839294
0.2506923377513885,0.2532686591148376,0.395321786403656
0.0788934081792831,0.1370265334844589,0.0810228139162063
0.2436088174581527,0.2823867201805115,0.8696086406707764
0.4124118089675903,0.3001002967357635,0.2771432101726532
0.5370968580245972,0.2768813967704773,0.3288847804069519
0.8767765760421753,0.8973839282989502,0.7232303619384766
0.5426531434059143,0.2055816948413849,0.2191494256258011
0.6109625101089478,0.5407215356826782,0.7304731607437134
0.4437370002269745,0.1008673906326294,0.1613082587718963
0.5917391777038574,0.4345865845680237,0.1523138880729675
0.6350083351135254,0.5681135654449463,0.8889713883399963
0.5645192861557007,0.5645192861557007,1.0
0.9655057191848756,0.7792752981185913,0.8071574568748474
0.8117736577987671,0.9777072668075562,0.8490194082260132
0.011716790497303,0.0693832039833068,0.0370392426848411
0.5303592085838318,0.8193209171295166,0.2931848466396332
0.1740611493587494,0.1111398041248321,0.075825959444046
0.668195366859436,0.650590181350708,0.9637083411216736
0.8037779331207275,0.8037779331207275,1.0
0.3403174877166748,0.6680338382720947,0.4781674444675445
0.8787529468536377,0.8787529468536377,1.0
0.5906460285186768,0.6087870597839355,0.3643859028816223
0.7242572903633118,0.1760098040103912,0.2690944671630859
0.6373822093009949,0.4074280261993408,0.4508891701698303
1.0,0.2480822950601577,0.2480822801589965
0.9647066593170166,0.6050185561180115,0.6335065364837646
0.6207590103149414,0.306490033864975,0.4392273128032684
0.976203680038452,0.8414057493209839,0.861916184425354
0.7789027094841003,0.6497170925140381,0.7809922695159912
0.7092980146408081,0.6847944259643555,0.7620717287063599
0.5044572353363037,0.4138709902763366,0.4606078565120697
0.6175342202186584,0.3796731233596802,0.4676849544048309
0.3190506398677826,0.5472783446311951,0.2775866091251373
0.0435594320297241,0.0371944904327392,0.080692745745182
1.0,1.0,1.0
0.0962636098265647,0.1898664236068725,0.106529377400875
0.2446596324443817,0.2446596473455429,1.0
0.6994520425796509,0.268864631652832,0.5772140622138977
0.4986851513385772,0.3978509306907654,0.6815266013145447
1.0,1.0,1.0
0.8911938667297363,0.4142456650733948,0.5664372444152832
0.9059926867485046,0.8193055987358093,0.909002125263214
0.6742077469825745,0.5753931999206543,0.6391117572784424
0.6032735705375671,0.519860029220581,0.8241057991981506
0.7457608580589294,0.5182100534439087,0.6842113733291626
0.7409656047821045,0.4696260094642639,0.4844118654727936
0.1558902263641357,0.2673945128917694,0.5364093780517578
0.5156594514846802,0.515067458152771,0.9474440813064576
0.7803784608840942,0.3456681966781616,0.3352083563804626
0.9879499673843384,0.9201762676239014,0.9120963215827942
0.9128973484039308,0.6771817803382874,0.6970890760421753
0.7242413759231567,0.2068140208721161,0.015008539892733
0.6597840785980225,0.3570079207420349,0.0978442355990409
0.232111781835556,0.8649240732192993,0.2218135297298431
0.7546080946922302,0.544744610786438,0.5459229946136475
0.5472209453582764,0.6956954002380371,0.7409190535545349
0.3562226295471191,0.0,0.0
0.5136286616325378,0.0906240344047546,0.0944631844758987
0.4629845917224884,0.4629845917224884,1.0
0.1631722450256347,0.6150705814361572,0.009612126275897
0.3678358793258667,0.3329834342002868,0.8430072069168091
0.0949556827545166,0.0589746050536632,0.0
0.4021897315979004,0.3695677816867828,0.5460549592971802
0.9004244208335876,0.5653103590011597,0.6769923567771912
0.8776885867118835,0.1956392079591751,0.1785193532705307
0.1733697354793548,0.1774200797080993,0.0311365667730569
0.4165458083152771,0.6796733140945435,0.4136925935745239
0.8331705927848816,0.533697247505188,0.4954405128955841
0.0049143196083605,0.5171866416931152,0.0347496420145034
0.6333193778991699,0.6333193778991699,1.0
0.4435433745384216,0.1239693611860275,0.1065401285886764
0.5985842943191528,0.4478992819786072,0.7443865537643433
0.7059211134910583,0.2421054244041443,0.3284341990947723
0.3899913430213928,0.316422551870346,0.8251969814300537
0.967976212501526,0.0967291593551635,0.1145448833703994
0.8171232342720032,0.6637824177742004,0.760285496711731
0.2576761245727539,0.2836714386940002,0.2512838244438171
0.3458704948425293,0.3768982887268066,0.4911832213401794
0.2322915196418762,0.2322915196418762,1.0000001192092896
0.1544149518013,0.1932876110076904,0.713434636592865
0.0266330335289239,1.0,0.0266330335289239
0.6736376881599426,0.5676127672195435,0.1592980623245239
0.2264122068881988,0.7195128202438354,0.1562127470970153
0.5368537306785583,0.4918336272239685,0.2407817244529724
0.6212671995162964,0.5468282699584961,0.5814278721809387
0.5215499401092529,0.6798378825187683,0.7161338329315186
0.3765177130699157,0.4019287824630737,0.629222571849823
0.6360291242599487,0.0693194940686225,0.009251894429326
0.5881881713867188,0.1737059354782104,0.1532467454671859
0.6995892524719238,0.6995892524719238,1.0000001192092896
0.936779260635376,0.9186346530914308,0.9806296825408936
0.751929759979248,0.9401960372924804,0.7073847055435181
0.8263225555419922,0.9012258052825928,0.917063295841217
1.0000001192092896,0.6880553960800171,0.6880553960800171
0.700998067855835,0.4676282107830047,0.5079554319381714
0.6337918043136597,0.1468074321746826,0.1378741115331649
0.7441836595535278,0.2752777934074402,0.2259650379419326
0.3185178637504577,0.2401066720485687,0.2208875119686126
0.743889570236206,0.3571552634239197,0.4694196581840515
0.5988935232162476,0.2916198074817657,0.551468014717102
0.888800859451294,0.4213007390499115,0.5422211289405823
0.8201652765274048,0.53037428855896,0.4516152739524841
0.1598728150129318,0.1869119107723236,0.9140642285346984
1.0,0.6327601075172424,0.6327601075172424
0.7091341018676758,0.469500720500946,0.3747227191925049
0.2748085260391235,0.960096001625061,0.272767573595047
0.6736173629760742,0.7548719644546509,0.7962559461593628
0.0536903887987136,0.4281624555587768,0.0970257967710495
0.3317592740058899,0.1671435534954071,0.1459787189960479
0.6761177778244019,0.5638760328292847,0.6064481735229492
0.0896652862429618,0.059126079082489,0.0446950979530811
0.5798898935317993,0.341103732585907,0.5341783165931702
0.7450006008148193,0.0853746831417083,0.0768977254629135
0.0743539705872535,0.0,0.0052327360026538
0.3594019412994385,0.377632200717926,0.5984832048416138
0.7332392930984497,0.4873017370700836,0.4573422074317932
0.4576951563358307,0.1765488237142563,0.1678632944822311
0.5926246643066406,0.2070061862468719,0.2454167604446411
0.5463401079177856,0.5256092548370361,0.8133426904678345
0.2597849369049072,0.4551257789134979,0.1316139847040176
0.5151075124740601,0.6123414635658264,0.4227657318115234
0.1977335661649704,0.3486191034317016,0.2222474664449691
0.6685893535614014,0.6650797128677368,0.3372869491577148
0.4728227257728576,0.2626808285713196,0.2868599891662597
0.6542747020721436,0.3324073553085327,0.7823171615600586
0.5886563658714294,0.2374582290649414,0.0802939683198928
0.5058412551879883,0.4607965350151062,0.9111282825469972
0.4299162030220032,0.4883018732070923,0.488356202840805
0.3304700851440429,0.1471046954393386,0.2507377862930298
0.3262558579444885,0.5163758397102356,0.0995331183075904
0.1326203346252441,0.1378185749053955,0.682798445224762
0.5409445762634277,0.3417476713657379,0.1424682587385177
0.5156720280647278,0.1628215909004211,0.1327783912420272
0.8189678192138672,0.8210108280181885,0.696706235408783
0.5885927677154541,0.7838295102119446,0.4837561547756195
1.0,1.0,1.0
0.9999998807907104,0.0110224708914756,0.0110224708914756
0.424849659204483,0.2311908453702926,0.5874660015106201
0.6843489408493042,0.2689094543457031,0.4589291512966156
0.7196604609489441,0.3702529370784759,0.2710429728031158
0.700480580329895,0.2886536121368408,0.4069354832172394
0.8956646919250488,0.5996414422988892,0.6088920831680298
0.7402907609939575,0.798407793045044,0.7691093683242798
0.04336529225111,0.04336529225111,1.0
0.3086667358875274,0.3191161751747131,0.0822178870439529
0.90483158826828,0.0609022453427314,0.0695956200361251
0.2457884848117828,0.4415702819824219,0.1657699346542358
0.0924344956874847,0.4529302716255188,0.0750691294670105
0.5330767631530762,0.2045152634382248,0.092484600841999
0.3036078214645386,0.2920462489128113,0.0220282841473817
0.2617375254631042,0.3046835958957672,0.1468212306499481
0.2741022706031799,0.1257644146680832,0.159143179655075
0.3834313750267029,0.268793374300003,0.5291866064071655
0.5540227890014648,0.1919770985841751,0.1203166246414184
0.6800010800361633,0.5589348673820496,0.696494996547699
0.9026374816894532,0.7557675838470459,0.790746808052063
0.4990564286708832,0.1646347790956497,0.1441617906093597
0.1723674684762954,0.160806119441986,0.0413956567645072
0.889144241809845,0.6512430906295776,0.7514424324035645
0.5275483131408691,0.4042907357215881,0.6121380925178528
0.4406385719776153,0.4707305133342743,0.4977524876594543
0.3149276971817016,0.1784421801567077,0.800865888595581
0.8361947536468506,0.7174656391143799,0.7543332576751709
0.8525604009628296,0.5419051647186279,0.6328352093696594
0.8863451480865479,0.7681242227554321,0.8644992709159851
0.4797198176383972,0.1207513809204101,0.0203043613582849
0.8622402548789978,0.3511199355125427,0.3453543484210968
0.2739104926586151,0.1300839930772781,0.0897509902715683
0.8491289615631104,0.3235228657722473,0.3822204172611236
0.6166226863861084,0.5950641632080078,0.9593417048454284
0.5733515024185181,0.4285019934177398,0.4801028370857239
1.0,0.6646763682365417,0.6646763682365417
0.0936522930860519,0.0350823812186718,0.0325738526880741
0.4009854793548584,0.5348672866821289,0.3808550238609314
0.2837910056114197,0.346793383359909,0.2233010828495025
0.6402503848075867,0.5801576375961304,0.8436204791069031
0.6663986444473267,0.7608640193939209,0.7963064908981323
0.0,0.0,0.0636384040117263
0.3942282795906067,0.5273968577384949,0.5080255270004272
0.2494255900382995,0.680095374584198,0.2602518498897552
0.5537502765655518,0.1629962772130966,0.133484348654747
0.0124367326498031,0.2024774998426437,0.3084983825683594
0.7352370023727417,0.6633940935134888,0.9136687517166138
0.8292624950408936,0.4683104157447815,0.484971135854721
0.6337556838989258,0.0109200868755579,0.0314672887325286
0.4108680486679077,0.6326210498809814,0.3756218254566192
0.61110520362854,0.7687839269638062,0.4891318380832672
0.2460455894470214,0.7727690935134888,0.1974706798791885
0.9700613021850586,0.8526328802108765,0.8626644611358643
0.6558310985565186,0.6103981733322144,0.2223561704158783
0.4924428164958954,0.4807527065277099,0.6738847494125366
0.846964955329895,0.5927926301956177,0.6508802771568298
0.0146134784445166,0.1433777660131454,0.0225269366055727
0.4746609032154083,0.3516342043876648,0.1054853349924087
0.9524373412132264,0.9524373412132264,1.0
0.3136272132396698,0.0951036214828491,0.0371350236237049
0.0,0.3228610157966614,0.0
0.8352797627449036,0.8156856298446655,0.8770511150360107
0.9999998807907104,0.6608746647834778,0.6608746647834778
0.8911908268928528,0.8911908268928528,0.9999999403953552
0.1727927029132843,0.253017395734787,0.1749367117881775
0.7917883992195129,0.4904613196849823,0.401140958070755
0.6595771312713623,0.2972791194915771,0.4750562310218811
0.3221976161003113,0.2605165243148803,0.3500318527221679
1.0000001192092896,0.4302536845207214,0.4302536845207214
0.4383032619953155,0.0968170017004013,0.0564264208078384
0.5085101127624512,0.5106140375137329,0.0131314052268862
0.7235181927680969,0.8162750005722046,0.7722386121749878
0.3175404369831085,0.2785528600215912,0.6091427803039551
0.7002859115600586,0.4499702453613281,0.339976966381073
0.9688974618911744,0.7135222554206848,0.7379693984985352
0.0960131660103797,0.0544893518090248,0.6052469611167908
0.0,0.0869510024785995,0.0
0.282479465007782,0.282479465007782,1.0000001192092896
0.2787472307682037,0.2700533270835876,0.2431654930114746
1.0,0.5214782953262329,0.5214782953262329
0.1108311638236045,0.1177595630288124,0.79740309715271
0.8873335123062134,0.1761459112167358,0.1331735253334045
0.6119937300682068,0.6119937300682068,1.0
0.0710880309343338,0.0,0.0
0.4660675525665283,0.3254496455192566,0.6020985841751099
0.9204561114311218,0.85045325756073,0.7649416327476501
0.4180665016174316,0.3703260421752929,0.4719676673412323
0.639487624168396,0.5660046339035034,0.6227942109107971
0.0,0.108325645327568,0.0
0.6826366186141968,0.2210184931755066,0.1238609999418258
0.5607505440711975,0.9696093201637268,0.5521290302276611
0.6527876853942871,0.6458778381347656,0.941443920135498
0.5171376466751099,0.5285547971725464,0.7783823013305664
0.4009183049201965,0.6633148193359375,0.5227739810943604
0.5244153141975403,0.5116026997566223,0.8276733756065369
0.7195360660552979,0.3864014744758606,0.4469708502292633
0.3481451869010925,0.2560909986495971,0.308200478553772
0.916684091091156,0.5747383236885071,0.6132261753082275
1.0,0.1637103110551834,0.1637103110551834
0.0,0.0408858060836792,0.0
0.0500752367079257,0.0553462505340576,0.197001427412033
0.559503972530365,0.5378727316856384,0.7960238456726074
0.198228120803833,0.18162801861763,0.2015511095523834
0.0731932967901229,0.1137099266052246,0.0180368945002555
0.8091156482696533,0.7750579118728638,0.6592651605606079
0.8238428831100464,0.903542160987854,0.719351589679718
0.4039460718631744,0.2131747603416443,0.3266987800598144
0.0,0.0,0.0
0.8085112571716309,0.8110400438308716,0.8284159898757935
0.64890056848526,0.4089213013648987,0.3718342185020447
0.5134531259536743,0.2938897609710693,0.6907026767730713
0.5879949331283569,0.0789182856678962,0.1545799523591995
0.5619242191314697,0.4190433323383331,0.4299509823322296
0.3167179524898529,0.568634033203125,0.3221390843391418
0.75303053855896,0.4653453230857849,0.5535153150558472
0.7484599351882935,0.610018253326416,0.6005515456199646
0.5342756509780884,0.4504074454307556,0.1301704198122024
0.0,0.0,0.0
0.3722973465919494,0.1857047826051712,0.1373478770256042
0.58549964427948,0.5869462490081787,0.3762841820716858
0.9445433616638184,0.8553421497344971,0.8623039722442627
0.1725436598062515,0.984703540802002,0.1699043661355972
0.6018824577331543,0.5921399593353271,0.9866718053817748
0.56458580493927,0.4774951934814453,0.805958092212677
0.1313924491405487,0.1323677748441696,0.6847710609436035
0.4676697254180908,0.5537429451942444,0.4759532511234283
1.0,1.0000001192092896,1.0
0.57795250415802,0.9709765911102296,0.5923793911933899
0.4523338079452514,-2.543380469433032e-05,0.1692891120910644
0.9060031175613404,0.8109501600265503,0.8951076865196228
0.5234441161155701,0.388187050819397,0.5725885629653931
0.5002460479736328,0.4663048684597015,0.7879048585891724
0.6072205305099487,0.1248701736330986,0.15768863260746
0.7056434154510498,0.8959579467773438,0.7996045351028442
0.7594320774078369,0.3558211326599121,0.4120034873485565
0.5087929964065552,0.5288830995559692,0.968253493309021
0.3604079484939575,0.3900142610073089,0.7333242297172546
0.9515250325202942,1.0,0.9515250325202942
0.6107171177864075,0.4330048859119415,0.5931872129440308
0.794236421585083,0.227373868227005,0.2351000905036926
0.5638493299484253,0.4309631586074829,0.6153185367584229
0.7278854250907898,0.6515251398086548,0.810443103313446
0.9262924790382384,0.8552879095077515,0.8499245643615723
0.0718346908688545,0.0743290334939956,0.0156578850001096
0.5834575295448303,0.1511481702327728,0.141511932015419
0.6783355474472046,0.1355697214603424,0.14676034450531
0.4919424653053283,0.4773206114768982,0.543533980846405
0.648208498954773,0.6900816559791565,0.4883644580841064
0.0196593254804611,0.0851814150810241,0.031203057616949
0.2619434595108032,0.4577385187149048,0.3232422471046448
0.2360549569129943,0.1188580095767974,0.031420212239027
0.4063597917556762,0.4292069673538208,0.9330363273620604
0.8730599880218506,0.4550202488899231,0.5093836784362793
0.6235232353210449,0.0672852843999862,0.0226746536791324
0.9831517338752748,0.9831517338752748,0.9999998807907104
0.5998737812042236,0.8118419051170349,0.5143501162528992
0.1269776225090026,0.0945643857121467,0.0546508505940437
0.2068950682878494,0.1095157265663147,0.5537283420562744
0.4258534908294678,0.3854860067367553,0.3868924975395202
0.8028077483177185,0.4262714982032776,0.4998363554477691
0.5329124331474304,0.4380369782447815,0.6182729601860046
0.5803738832473755,0.6995484828948975,0.143164724111557
0.7451916933059692,0.7911726236343384,0.9282292127609252
0.6131759881973267,0.2969094514846802,0.5140860080718994
0.510462760925293,0.7634220123291016,0.3356263339519501
0.583825945854187,0.583825945854187,0.9999999403953552
0.3121580183506012,0.3099406957626343,0.3100866675376892
0.473791092634201,0.5825918912887573,0.5591760873794556
0.7600157856941223,0.2508050203323364,0.4871934056282043
0.0600972510874271,0.2341030240058899,0.2014533281326294
0.5372454524040222,0.0016413703560829,0.0207959618419408
0.2990938723087311,0.0277620293200016,0.1300318390130996
0.634231686592102,0.6617829203605652,0.8084350824356079
0.6278640031814575,0.345674991607666,0.3854659795761108
0.7721526026725769,0.6538380980491638,0.6801633238792419
0.4457295536994934,0.2865597605705261,0.6220568418502808
0.6111710071563721,0.1396687924861908,0.3875793218612671
0.4625492990016937,0.4937826991081238,0.4944424629211426
0.5495574474334717,0.2562206387519836,0.1793655455112457
0.9518896341323853,0.1307434439659118,0.1357065886259079
0.1384384781122207,0.2363819330930709,0.0487983152270317
0.2062295079231262,0.2062295079231262,1.0
1.0,0.0513480976223945,0.0513480976223945
0.1189746558666229,0.1486247330904007,0.3767244815826416
0.8448292016983032,0.8052597045898438,0.9197224378585817
0.5366227030754089,0.0,0.0
0.2216132432222366,0.1157619059085846,0.1728673428297042
0.7741883993148804,0.0880731120705604,0.0669053345918655
0.2011709958314895,0.6102786660194397,0.0776502341032028
0.8057078123092651,0.4088282287120819,0.4049286544322967
0.7632491588592529,0.5252270102500916,0.503802478313446
0.7338958978652954,0.3656237721443176,0.1691915839910507
0.6477578282356262,0.8261853456497192,0.5811080932617188
0.0,0.0661169067025184,0.0
0.3611379563808441,0.4378250241279602,0.5148458480834961
0.3201291561126709,0.8234176635742188,0.0900817662477493
0.8475238680839539,0.3665770292282104,0.3414945006370544
0.3045514822006225,0.3075914978981018,0.9822871088981628
0.0603636726737022,0.0603636726737022,1.0
0.4437305331230163,0.3357380032539367,0.0854838043451309
0.8015953302383423,0.5150447487831116,0.5996417999267578
0.6299828290939331,0.3956085443496704,0.4063155055046081
0.6973615288734436,0.1271926611661911,0.2487458437681198
0.8868096470832825,0.3241921067237854,0.0765350982546806
0.3083224296569824,0.4274885654449463,0.4504930377006531
0.5720291137695312,0.5110229253768921,0.6578770875930786
1.0,1.0,1.0
0.6637825965881348,0.8458776473999023,0.7456308603286743
0.1594315469264984,0.2559310793876648,0.4490051865577698
0.4331576228141784,0.488556444644928,0.2813771963119507
0.5116726756095886,0.4924018979072571,0.5405079126358032
0.0951526388525962,0.1475740373134613,0.5141459703445435
0.2973425388336181,0.2916417121887207,0.0960289686918258
0.085772581398487,0.0874023512005806,0.1729795634746551
0.8178057074546814,0.7683098316192627,0.8466776609420776
0.6808704733848572,0.4173184335231781,0.3223668336868286
0.9129921793937684,0.5328023433685303,0.5896562337875366
0.4172312021255493,0.3312340378761291,0.5955619812011719
1.0,0.0,0.0
0.0,0.0,0.1673867106437683
0.5507676601409912,0.5489216446876526,0.125707060098648
0.8726705312728882,0.4835579395294189,0.2125882655382156
0.3719694018363952,0.4017342329025268,0.8115448355674744
0.6420647501945496,0.4984866082668304,0.3917051553726196
0.335602194070816,0.3325995504856109,0.975753128528595
0.6398928165435791,0.5928770303726196,0.6444905996322632
0.01395920291543,0.054077360779047,0.1235499680042266
0.0674653574824333,0.093739815056324,0.0639442056417465
0.6513150334358215,0.7663409113883972,0.659804105758667
0.548548698425293,0.2303329408168792,0.1838704794645309
0.4584279954433441,0.4436786770820617,0.0574360080063343
0.7421817779541016,0.6636489629745483,0.6618326902389526
0.6429242491722107,0.4447322487831116,0.3995101451873779
0.7998701333999634,0.4115894436836242,0.3516376614570617
0.2546252608299255,0.22272589802742,0.2971771657466888
0.9423124194145204,0.2183389514684677,0.1777271181344986
0.3365202248096466,0.3590465188026428,0.8664814829826355
0.3937793970108032,0.2389767467975616,0.4565368890762329
0.0153092555701732,1.0000001192092896,0.0153092555701732
0.0,0.0,0.0
0.0,0.0119656287133693,0.0820153653621673
0.7925437688827515,0.3599006533622741,0.3908517360687256
0.6946526169776917,0.7442454099655151,0.5886467695236206
0.1664292961359024,0.6895292401313782,0.1171034723520279
0.5669313669204712,0.2741791009902954,0.1699358522891998
0.2812522351741791,0.277630090713501,0.7588012218475342
0.6696576476097107,0.2456111311912536,0.2800652980804443
0.815884530544281,0.3741171956062317,0.7325559258460999
0.6107848286628723,0.6107848286628723,0.9999998807907104
0.5183993577957153,0.4194576144218445,0.423988938331604
0.5785585641860962,0.5785585641860962,1.0
0.7946916818618774,0.8102462291717529,0.90787672996521
0.8054559230804443,0.7002137899398804,0.7115871906280518
0.7996662855148315,0.547731339931488,0.0768556147813797
0.8764678239822388,0.6665005683898926,0.660041093826294
0.5862984657287598,0.3319059610366821,0.2624393701553345
0.511847198009491,0.3988645672798157,0.7765229940414429
0.5809956192970276,0.3605618774890899,0.2726263701915741
0.4114989936351776,0.3742726445198059,0.8804326057434082
0.2519091367721557,0.1648669391870498,0.2360210716724395
0.5824941396713257,0.3315837383270263,0.5537324547767639
0.2579967379570007,0.4685856401920318,0.0237700510770082
0.1490715146064758,0.2076865434646606,0.2014546990394592
0.9749462604522704,0.2497055679559707,0.2450911700725555
0.7203253507614136,0.6797305345535278,0.8727694749832153
0.847143292427063,0.5655596256256104,0.6835190653800964
0.6074918508529663,0.6074918508529663,0.9999999403953552
0.2924314439296722,0.500758707523346,0.2190200686454773
0.4617995619773865,0.3620873987674713,0.3737150430679321
0.4027566313743591,0.2805403470993042,0.2196106910705566
0.8800915479660034,0.5579202175140381,0.6256779432296753
0.5614506006240845,0.1573071330785751,0.1228539943695068
0.294584572315216,0.0663143992424011,0.1015228033065795
0.476218968629837,0.4675870239734649,0.8395200967788696
0.6172090768814087,0.876259446144104,0.5241036415100098
0.6580867171287537,0.3311951160430908,0.2894585728645324
0.4730259478092193,0.4395801424980163,0.9329177737236024
0.8892713189125061,0.8541691303253174,0.91351318359375
0.726279616355896,0.583794355392456,0.8356018662452698
0.8120684623718262,0.9347243905067444,0.7590601444244385
0.6433693766593933,0.3842841386795044,0.5236261487007141
0.953156352043152,0.3701969385147095,0.3839064836502075
0.3429740667343139,0.3385563790798187,0.3409629464149475
0.540985643863678,0.0841903984546661,0.0850921124219894
0.7479456663131714,0.8446797132492065,0.8128368258476257
1.0,1.0,1.0
0.5944794416427612,0.4442403316497803,0.5390522480010986
0.782794713973999,0.5627989768981934,0.4821489453315735
0.9278078079223632,0.8128525614738464,0.878864049911499
0.5810646414756775,0.4506419003009796,0.5991894602775574
0.9701448678970336,0.7264903783798218,0.7488473653793335
0.6522325277328491,0.273999959230423,0.3209306895732879
0.5202443599700928,0.5440502166748047,0.741733729839325
0.1672174632549286,0.0643512830138206,0.215653508901596
0.1927457600831985,0.1058655157685279,0.0416412055492401
1.0,0.0406778752803802,0.0406778752803802
0.4544797539710998,0.4544797539710998,1.0
0.0939039960503578,0.1145624071359634,0.8810305595397949
0.0817951560020446,0.1881310939788818,0.0200982112437486
0.5138550996780396,0.5138550996780396,1.0
0.770409107208252,0.3205756843090057,0.2365239560604095
0.6851632595062256,0.3515079021453857,0.5164116024971008
1.0000001192092896,0.0151334917172789,0.0151334917172789
0.7559621334075928,0.7672288417816162,0.9826626777648926
-0.0008551329374313,-0.0008551329374313,1.0
0.5349035859107971,0.5349035859107971,1.0
0.4497074782848358,0.3115077912807464,0.1890566647052765
0.5833266973495483,0.7775976657867432,0.6690278053283691
0.5425339341163635,0.4696048498153686,0.5390157103538513
0.7190955281257629,0.1628112196922302,0.4057479500770569
0.4062190055847168,0.4308899343013763,0.3188698589801788
0.8801001310348511,0.8801001310348511,0.9999999403953552
0.2221453636884689,0.2548551559448242,0.3231090903282165
0.0,0.0,0.0
0.3488059639930725,0.1273907721042633,0.1020346283912658
0.5120675563812256,0.2624948620796203,0.5609217882156372
0.4566516876220703,0.4028283357620239,0.403863251209259
0.6749714612960815,0.5468851923942566,0.3149428963661194
0.2958208918571472,0.4353354871273041,0.6088088750839233
0.4396630823612213,0.6858373880386353,0.1850798726081848
0.7149796485900879,0.6103439331054688,0.8033509254455566
0.6846910119056702,0.5989853143692017,0.4960953891277313
0.2729235887527466,0.4012522399425506,0.4277534186840057
0.4706077873706817,0.7358313798904419,0.4460688233375549
0.5479955673217773,0.5193098187446594,0.8567429780960083
0.2695288062095642,0.7755669951438904,0.259535551071167
0.7082479596138,0.2863406836986542,0.2676953077316284
0.5538084506988525,0.4383580088615417,0.12537781894207
0.1426132023334503,0.1674216538667678,0.6966714262962341
0.7021495699882507,0.0072854338213801,0.0125881573185324
0.7212319374084473,0.3659481704235077,0.495980441570282
0.0,0.0,0.0
0.5057779550552368,0.3939667642116546,0.6461060047149658
0.0707106366753578,0.1646537482738495,0.1529021859169006
0.4629921913146972,0.4296726584434509,0.6934869289398193
0.3923299312591553,0.6588948965072632,0.3902078866958618
0.5807741284370422,0.4919079840183258,0.5622591376304626
0.1188209354877471,0.1583419442176818,0.1035547852516174
0.590505838394165,0.334602952003479,0.1346769034862518
0.4103116393089294,0.4571291506290436,0.6073751449584961
0.45206418633461,0.4345216155052185,0.9354103207588196
0.0939867794513702,0.1080959439277648,0.0367046557366848
0.6699387431144714,0.439904123544693,0.7884626984596252
0.8691805601119995,0.4355745613574981,0.4811439216136932
0.6580713987350464,0.6580713987350464,1.0
0.5830308198928833,0.547548234462738,0.8946001529693604
0.7639751434326172,0.5261005163192749,0.6108109951019287
0.4910464286804199,0.2265464663505554,0.1767467856407165
0.1402110606431961,0.1431169211864471,0.2992390990257263
0.4077563881874084,0.5590930581092834,0.2711412310600281
0.219623863697052,0.7132061123847961,0.1968153417110443
0.2442266047000885,0.2514627873897552,0.5379033088684082
0.5093790292739868,0.5184325575828552,0.4171068072319031
0.2210429608821869,0.3164628744125366,0.4689233899116516
0.9457510113716124,0.5511565804481506,0.5686486959457397
0.8763303756713867,0.3633890748023987,0.3531291484832763
0.531293511390686,0.4823186993598938,0.769050121307373
0.4322367012500763,0.3475363850593567,0.4950070977210998
0.5003542304039001,0.4218945503234863,0.1835429072380066
0.458892822265625,0.2326849997043609,0.3138836920261383
0.9244521856307985,0.5237405300140381,0.5787646770477295
0.9750627875328064,0.224041998386383,0.244468092918396
0.7802062034606934,0.127953752875328,0.3067997097969055
0.804305911064148,0.7856485247612,0.7128552198410034
0.2236244082450866,0.3957731425762176,0.3177065253257751
0.8178308010101318,0.8044700622558594,0.7918846607208252
0.2956185340881347,0.1793116182088852,0.1513291895389557
0.0958817675709724,0.0471192114055156,0.56000816822052
0.2793348431587219,0.298111081123352,0.1701780557632446
0.4270471930503845,0.4211433231830597,0.1172246038913726
0.3567008972167969,0.2615167796611786,0.2867004871368408
0.2289642989635467,0.5323864221572876,0.3710924685001373
0.9417091012001038,0.8547686338424683,0.9036412239074708
0.2400488555431366,0.1076885759830474,0.1308681219816208
0.5453841686248779,0.3455356359481811,0.0759045705199241
1.0000001192092896,0.942414402961731,0.942414402961731
0.6933069825172424,0.479405403137207,0.4215639233589172
0.9117567539215088,0.7112824320793152,0.7318920493125916
0.0470476821064949,0.0755033046007156,0.0432754680514335
0.7549772262573242,0.4631696939468384,0.477568119764328
0.8222758769989014,0.6011466383934021,0.3294506072998047
0.2582279443740845,0.2990051805973053,0.4122416079044342
0.3995243310928345,0.342195063829422,0.4960648715496063
0.556818962097168,0.2863478064537048,0.4438040256500244
0.6435749530792236,0.4758093953132629,0.4509072303771972
0.8692694902420044,0.9080983996391296,0.8509411811828613
0.7833446264266968,0.7833446264266968,0.9999999403953552
0.1329155266284942,0.2521605491638183,0.0429720655083656
0.1074093356728553,0.0618868805468082,0.0736607536673545
0.2398094832897186,0.1143984273076057,0.101974532008171
0.8372874855995178,0.4531564116477966,0.5737963914871216
0.7665250301361084,0.9365808963775636,0.7712031602859497
0.2365946173667907,0.2196714282035827,0.2031186521053314
0.881190299987793,0.8276679515838623,0.9017651081085204
0.5505483746528625,0.9120385646820068,0.6007062196731567
0.5402063131332397,0.2301624566316604,0.1990396082401275
0.7457826137542725,0.7099812626838684,0.9275690317153932
0.521554708480835,0.5421502590179443,0.8560200333595276
0.7097954154014587,0.7097954154014587,1.0000001192092896
0.8073185682296753,0.3336491584777832,0.3669609129428863
0.7015957832336426,0.5773117542266846,0.7482630014419556
0.9237025380134584,0.9237025380134584,1.0
0.6475086808204651,0.574489414691925,0.7755465507507324
0.9656068086624146,0.4363975524902344,0.4519412517547607
0.6639993190765381,0.6562397480010986,0.328492522239685
0.4712225794792175,0.1642438173294067,0.5577491521835327
0.4807649254798889,0.1769858598709106,0.2649654150009155
0.8207253217697144,0.4242246150970459,0.5527162551879883
0.7250036597251892,0.7250036597251892,1.0
0.2982288599014282,0.2266459167003631,0.9188518524169922
0.0161495059728622,0.012213921174407,0.7178208231925964
0.8998907804489136,0.2489298731088638,0.0389165952801704
0.1215996369719505,0.0968129113316536,0.1152054220438003
0.7413201332092285,0.7413201332092285,1.0
0.0511330217123031,0.4268948137760162,0.0574600547552108
0.2715071439743042,0.301041841506958,0.342509925365448
0.4571609497070312,0.469291090965271,0.9733870625495912
0.2729136943817138,0.4860134720802307,0.1924793720245361
0.2303880900144577,0.2541854679584503,0.1842300742864608
0.0,0.0,0.0546646639704704
0.1323950290679931,0.0403948500752449,0.2096123099327087
0.824042797088623,0.55667644739151,0.6033433675765991
0.4389837980270386,0.4786065816879272,0.4258326292037964
0.4327901303768158,0.1834271848201751,0.7224762439727783
1.0,0.5857216715812683,0.5857216715812683
0.6751118898391724,0.528124988079071,0.6842244863510132
0.5780762434005737,0.4306739866733551,0.3294058442115783
1.0,1.0,1.0
0.1926904767751693,0.1426280438899994,0.1372164189815521
0.3811999261379242,0.1061788946390152,0.223784253001213
0.5116825103759766,0.725127100944519,0.1495600044727325
0.803680956363678,0.5492126941680908,0.7297561168670654
0.5766925811767578,0.5766925811767578,1.0
0.9978417158126832,0.3780089020729065,0.3788265585899353
0.6244322061538696,0.3175216615200043,0.3447754979133606
0.4796978831291199,0.4227124154567718,0.6812750697135925
0.2899430394172668,0.1655247509479522,0.0990600287914276
0.0669401958584785,0.0669401958584785,0.9999999403953552
0.8189712762832642,0.5282103419303894,0.7316036820411682
0.4259495139122009,0.2192965447902679,0.3435071110725403
0.3811002969741821,0.3493401110172272,0.8519960045814514
0.9254043102264404,0.6588656902313232,0.7157407999038696
0.7003053426742554,0.1390777379274368,0.1122087240219116
0.6855577826499939,0.8217446804046631,0.6285308599472046
0.0452001392841339,0.1872974038124084,0.0503495335578918
0.6334319114685059,0.658059298992157,0.6602789759635925
0.7305145263671875,0.1905445009469986,0.3187917172908783
0.6875948905944824,0.6091678738594055,0.9128443598747252
0.5363033413887024,0.5526780486106873,0.5645195245742798
0.6184571385383606,0.5467492341995239,0.637413740158081
0.3559090793132782,0.2841708064079284,0.3310217559337616
0.2655823826789856,0.1706473231315612,0.2623788118362427
0.502353310585022,0.5664526224136353,0.8335127830505371
0.9852612614631652,0.4636560678482055,0.4674753546714782
0.6716834902763367,0.6129940748214722,0.2890754342079162
1.0,0.91086345911026,0.9108633995056152
0.0724546834826469,0.1886618137359619,0.1368581652641296
0.0788300931453704,0.0770089775323867,0.1021645218133926
0.1066185534000396,0.5448688268661499,0.0918795019388198
0.4369469583034515,0.5909614562988281,0.5022519826889038
0.7889912128448486,0.7889912128448486,1.0
-0.0037151114083826,0.3548819124698639,0.0
0.5167196989059448,0.6816900968551636,0.3002079427242279
0.2856380939483642,0.1739543974399566,0.1859449297189712
0.6677653193473816,0.671355128288269,0.5477649569511414
0.8815398216247559,0.713982105255127,0.8061742782592773
0.8466860055923462,0.7982838153839111,0.8873993158340454
0.8320382833480835,0.8323220014572144,0.8397328853607178
0.3024257123470306,0.3497892618179321,0.4523583650588989
0.6129546165466309,0.4421677589416504,0.2003518342971801
0.668377161026001,0.5573033094406128,0.5547884106636047
0.6698923110961914,0.3147296011447906,0.2496829628944397
0.4769982695579529,0.5190619230270386,0.4158799052238464
0.3439975082874298,0.490086555480957,0.6378211975097656
0.7045875787734985,0.5327273607254028,0.2369230240583419
0.5741013288497925,0.2611292600631714,0.1479406654834747
0.6828540563583374,0.2199948132038116,0.114807054400444
0.5178110003471375,0.4211061000823974,0.6275908946990967
0.2552231550216675,0.1702855825424194,0.1944597661495208
0.0,0.5100307464599609,0.0
0.3419051766395569,0.4063929319381714,0.3625671565532684
0.1094520390033721,0.1741810888051986,0.2572948932647705
0.7353339791297913,0.1713471710681915,0.2098313271999359
0.0046037938445806,6.810962804593146e-05,0.8440468311309814
0.84104323387146,0.1475825309753418,0.1529160737991333
0.9361491203308104,0.2305008023977279,0.0518483817577362
0.3590070009231567,0.1736895740032196,0.0940848737955093
0.5407490134239197,0.0552036426961422,0.0356730222702026
1.0,0.9791635274887084,0.9791635274887084
0.5523144006729126,0.342195063829422,0.2591607570648193
0.2046328783035278,0.4925837516784668,0.2284275591373443
0.9576215744018556,0.6573128700256348,0.6707130670547485
0.0894650667905807,0.0,0.0380888469517231
0.941396951675415,0.8604011535644531,0.8163934946060181
0.5172135829925537,0.771165132522583,0.5312803983688354
0.7888493537902832,0.2431769520044326,0.2605578899383545
0.8296759128570557,0.7129448652267456,0.8695674538612366
0.3741471469402313,0.3546640872955322,0.593248724937439
0.9207664132118224,0.8933082222938538,0.8619024157524109
0.5579885244369507,0.2739452123641968,0.2209523916244506
0.135581225156784,0.0465914942324161,0.0
0.9999998807907104,0.4695632457733154,0.4695632457733154
0.8988538384437561,0.5674567222595215,0.6229184865951538
0.5274656414985657,0.3699164390563965,0.4074374437332153
0.5235931277275085,0.5788697004318237,0.1214559897780418
0.4931425452232361,1.0,0.4931425452232361
0.6995619535446167,0.4634312391281128,0.4900158047676086
0.2083088904619217,0.2259957790374755,0.3046906292438507
0.8906263709068298,0.8215986490249634,0.8349196314811707
0.3928020596504211,0.3928020596504211,1.0
0.0565806925296783,0.4515156149864197,0.0114159109070897
0.9204686880111694,0.0646333917975425,0.1061916202306747
0.9329739809036256,0.7281807661056519,0.754011869430542
0.7504711151123047,0.064971387386322,0.0694593265652656
0.6852721571922302,0.8004430532455444,0.7201962471008301
0.8622835874557495,0.4866426289081573,0.5614227652549744
0.8118897676467896,0.7957744002342224,0.9740877151489258
0.0786120593547821,0.1131864488124847,0.3060752153396606
0.8985859155654907,0.1431444883346557,0.1349770873785019
0.4135608077049255,0.1955482959747314,0.087872214615345
0.4804100692272186,0.6023950576782227,0.7317677736282349
0.9045953154563904,0.4419257044792175,0.4428886771202087
0.181768536567688,0.1210891082882881,0.5649825930595398
0.9836005568504332,0.7879285216331482,0.8020671606063843
0.0658496245741844,0.3883864283561706,0.0707030817866325
0.7390478849411011,0.7390478849411011,1.0
0.5405441522598267,0.5369141101837158,0.930449366569519
0.0633672252297401,0.5661118030548096,0.0341074727475643
0.1387563049793243,0.0942559018731117,0.6618691682815552
0.0,0.9999998807907104,0.0
0.4344353675842285,0.4344353675842285,1.0
0.8680927753448486,0.5501255989074707,0.6726003885269165
0.8312398195266724,0.8931298851966858,0.7462530136108398
0.6486104726791382,0.4411182999610901,0.3215734660625458
0.3850622177124023,0.2667441070079803,0.6913477182388306
0.9307241439819336,0.1526673585176468,0.16020068526268
0.604898989200592,0.6199594736099243,0.5502265691757202
0.0,0.868322491645813,0.0
0.0812448039650917,0.2086095213890075,-0.0054723597131669
0.6780154705047607,0.3500999510288238,0.4068801999092102
0.4569987058639526,0.3175704479217529,0.2639858722686767
0.4451184570789337,0.3636471033096313,0.5709280967712402
0.9839322566986084,0.5813431143760681,0.5908365845680237
0.973815143108368,0.9738153219223022,1.0
0.0,0.038897555321455,0.0
0.6400645971298218,0.7175231575965881,0.2844676971435547
0.0198833122849464,0.1136174574494361,0.0799070745706558
0.8753736615180969,0.1082706004381179,0.0911821201443672
0.3949592709541321,0.3322702050209045,0.8491061329841614
0.7607846856117249,0.3223112821578979,0.3079859614372253
0.6154887676239014,0.4089353680610657,0.3686338067054748
0.9812506437301636,0.4729528725147247,0.470002681016922
0.6799771785736084,0.533339262008667,0.6371840238571167
0.8560183048248291,0.9571391344070436,0.8617575168609619
0.4606347680091858,0.2349904775619506,0.5912635326385498
0.8393616676330566,0.4544511437416076,0.7152235507965088
0.6298764944076538,0.322044163942337,0.497250497341156
0.735079288482666,0.7347778081893921,0.7267738580703735
0.7085802555084229,0.7187141180038452,0.7190427780151367
0.6590045690536499,0.3394167125225067,0.3950462341308594
0.8345505595207214,0.2671316862106323,0.1077015101909637
0.2958666682243347,0.3507080078125,0.8547536730766296
0.5487328171730042,0.385979950428009,0.59170001745224
0.4544446766376495,0.1167391240596771,0.0916694328188896
0.5025372505187988,0.6087284088134766,0.3959788382053375
0.7302019000053406,0.2915064394474029,0.4693385362625122
0.2377074360847473,0.3787342607975006,0.3677612543106079
0.9351858496665956,0.9282077550888062,0.9938071966171264
0.6316325664520264,0.3933017253875732,0.2837071418762207
0.5456515550613403,0.4960357248783111,0.5265437364578247
0.7080667018890381,0.5404830574989319,0.7561084628105164
0.5949380993843079,0.1806868910789489,0.3813842535018921
0.0169245153665542,1.0,0.0169245153665542
0.5156604051589966,0.7437204718589783,0.3583461046218872
0.386255145072937,0.2145061939954757,0.4112685918807983
0.9533928632736206,0.0872761607170105,0.0859854966402053
0.4134432077407837,0.0,0.0
0.9330871105194092,0.1980352401733398,0.1903620064258575
0.0,0.0,1.0000001192092896
0.650812029838562,0.3024963140487671,0.433947890996933
0.9107186198234558,0.3556095361709595,0.3653410673141479
0.433299720287323,0.4351236820220947,0.9922552108764648
0.0,0.0814425572752952,0.0
0.6831973195075989,0.584994912147522,0.1369547247886657
0.6803566217422485,0.3705424666404724,0.2591947913169861
0.7794253826141357,0.6668755412101746,0.4202706813812256
0.6457245945930481,0.6470725536346436,0.9972772002220154
0.4674831628799438,0.3024474382400512,0.6377782821655273
0.3134229779243469,0.8448700904846191,0.2648016512393951
0.0929739251732826,0.090162381529808,0.0272856634110212
0.222366452217102,0.5265034437179565,0.2457473278045654
0.2311489880084991,0.2730132341384887,0.1993216425180435
0.7265781164169312,0.571598470211029,0.6189650297164917
0.179795816540718,0.2001151740550995,0.219310462474823
0.7980561852455139,0.4426044821739197,0.812544047832489
0.2638574540615082,0.7525722980499268,0.2964237332344055
0.4897873401641845,0.3198784589767456,0.2673428654670715
0.4599874019622803,0.6993006467819214,0.1277768015861511
0.9296399354934692,0.7093174457550049,0.7280861139297485
0.661648154258728,0.3354882597923279,0.3159363865852356
0.2503138184547424,0.0985701978206634,0.2664429545402527
0.932047963142395,0.8329449892044067,0.8971422910690308
0.8684426546096802,0.5133257508277893,0.5712454915046692
0.0540271885693073,0.0478719696402549,0.0065780938602983
0.7187516689300537,0.7808459997177124,0.849772572517395
0.7008482217788696,0.4194917976856231,0.3909456729888916
0.1402209848165512,0.1473617702722549,0.8593342304229736
0.2160439640283584,0.4429220557212829,0.5618256330490112
0.0,0.0873559191823005,0.0
0.6567540168762207,0.0344539433717727,0.032832246273756
0.4186156690120697,0.356211245059967,0.6811866164207458
0.5056862235069275,0.3686476349830627,0.5941253304481506
0.3101056814193725,0.3716872930526733,0.4150389432907104
0.7444717884063721,0.7533688545227051,0.9325228333473206
0.5226008892059326,0.390752226114273,0.7315768003463745
0.8363463878631592,0.0713017359375953,0.0723176971077919
0.6584241986274719,0.075686290860176,0.1675354689359665
0.9958512783050536,0.8745132088661194,0.8781564235687256
0.7464179992675781,0.0658431351184845,0.0488314554095268
0.2665231823921203,0.6287168264389038,0.0751493275165557
0.1189610362052917,0.1277639865875244,0.1877450048923492
0.8944163918495178,0.7088687419891357,0.7867628931999207
1.0,0.5774993300437927,0.5774993300437927
0.4891998171806335,0.3975585103034973,0.371393084526062
0.1322898715734481,0.4684913158416748,0.0613502264022827
0.3660275340080261,0.1140400171279907,0.088624894618988
0.2815984785556793,0.2482825517654419,0.0334827564656734
0.6933701038360596,0.6447603106498718,0.8079597353935242
0.8696519136428833,0.8259263038635254,0.7195156216621399
0.7367637157440186,0.4462772607803345,0.8623038530349731
0.0,0.0,0.7074806094169617
0.6276045441627502,0.0,0.0
0.704906702041626,0.868827223777771,0.6960031986236572
0.6588989496231079,0.4510047733783722,0.6111286878585815
0.8773866891860962,0.1956052482128143,0.1721496880054474
0.3468793034553528,0.6977750062942505,0.2399707734584808
0.4543979167938232,0.4543979167938232,1.0
0.1136828660964965,0.2089859545230865,0.155059352517128
0.7459350824356079,0.1970114558935165,0.3627520799636841
0.2563782632350921,0.1697422862052917,0.124794416129589
0.3875185549259186,0.4809658825397491,0.3469552099704742
0.9251527190208436,0.1105609238147735,0.4007538557052612
0.1621390730142593,0.1759576797485351,0.1469024717807769
0.5598766803741455,0.5488802194595337,0.1959931701421737
0.8254113793373108,0.8254113793373108,0.9999999403953552
0.2041864991188049,0.1554741561412811,0.1625250875949859
0.7557244300842285,0.0902563408017158,0.1707204580307006
0.6100528240203857,0.5659207105636597,0.8589930534362793
0.0,0.0,0.0
0.985995888710022,0.986555814743042,0.9734315276145936
0.6208263635635376,0.7530670166015625,0.5019299983978271
0.5678609609603882,0.4812091588973999,0.7541787624359131
0.8262739181518555,0.6795428395271301,0.7449582815170288
0.6832823753356934,0.3454269170761108,0.2535112500190735
0.9590740203857422,0.7590600252151489,0.7256329655647278
0.3780300915241241,0.3939489126205444,0.2160792052745819
0.3544642925262451,0.1739125102758407,0.2396956831216812
0.8641219139099121,0.3086984753608703,0.3083540499210357
0.5228449106216431,0.3356679677963257,0.3750668168067932
0.716448187828064,0.7152767181396484,0.930957555770874
0.3548528254032135,0.3312641084194183,0.0795384347438812
0.2152621001005172,0.1019842252135276,0.5683473348617554
1.0,0.4999243021011352,0.4999243021011352
0.4622678160667419,0.4622678160667419,0.9999998807907104
0.2279487550258636,0.1192556470632553,0.0768753960728645
0.4537666141986847,0.5215810537338257,0.595577597618103
0.886497437953949,0.6244864463806152,0.6935601234436035
0.9677621722221376,0.6388790607452393,0.6600598096847534
0.3434832096099853,0.3124352395534515,0.2916018962860107
0.7628498077392578,0.1600378006696701,0.1471474468708038
0.6738922595977783,0.2150264680385589,0.1682841777801513
0.978786826133728,0.9566634893417358,0.9441826343536376
0.654242753982544,0.114740565419197,0.0822576880455017
0.9338933229446412,0.389339417219162,0.381410539150238
0.9999998807907104,0.5787168741226196,0.5787168741226196
0.8193255662918091,0.7626090049743652,0.9540520310401917
0.5234104990959167,0.363910436630249,0.707990288734436
0.5068792700767517,0.4107861518859863,0.2998542189598083
0.8671890497207642,0.7486738562583923,0.9315081834793092
0.7216590642929077,0.5748180747032166,0.7352280616760254
0.5069141387939453,0.2498272359371185,0.137741282582283
0.7865928411483765,0.6145589351654053,0.8146966695785522
0.7488868236541748,0.3465907871723175,0.4311011731624603
0.3723763823509216,0.1927383542060852,0.2939661741256714
0.4773054718971252,0.4752852320671081,0.210137128829956
0.9909164309501648,0.9928219318389891,0.9980807304382324
0.5818430185317993,0.5559424161911011,0.9295535087585448
0.3555644154548645,0.3288807272911072,0.1183440685272216
0.2314190864562988,0.0652710348367691,0.1013780757784843
0.5755584239959717,0.5801178812980652,0.8468109369277954
0.5509951114654541,0.2749489247798919,0.336766630411148
0.5714236497879028,0.5714236497879028,1.0
0.6147831678390503,0.6300221681594849,0.6799579858779907
0.6135572791099548,0.4862203001976013,0.4657809436321258
0.1163695082068443,0.0798766165971756,0.0141789028421044
0.6678779125213623,0.614311695098877,0.6832227110862732
0.6844935417175293,0.773750364780426,0.6608299016952515
0.244769275188446,0.2342293262481689,0.7874636650085449
0.0285054855048656,0.0792876631021499,0.0686160773038864
0.5808337926864624,0.4370664060115814,0.4855104684829712
0.2348886132240295,0.1573770940303802,0.2818176746368408
0.7089316844940186,0.6887603998184204,0.3112683296203613
0.6303204298019409,0.4820860624313354,0.5673072934150696
0.5959384441375732,0.4197099208831787,0.1288590878248214
0.4167172312736511,0.4477918148040771,0.6474753022193909
0.1909736394882202,0.0611640587449073,0.2897489070892334
0.1399303674697876,0.0779217183589935,0.0285654105246067
0.5848438739776611,0.5132325291633606,0.8633036613464355
0.7608795166015625,0.411151111125946,0.6053997278213501
0.3082451522350311,0.3799279034137726,0.2781902849674225
1.0,0.8010875582695007,0.8010875582695007
0.4451474249362945,0.1505172401666641,0.2841452956199646
0.7030336856842041,0.5391760468482971,0.6296148300170898
0.2460957765579223,0.4631656408309936,0.423037052154541
0.1064273044466972,0.22913458943367,0.0
0.432580828666687,0.1754975020885467,0.0397063419222831
0.8570696711540222,0.8405459523200989,0.8595207929611206
0.6834815144538879,1.0,0.6834815144538879
0.2380339801311493,0.2101443409919738,0.1913534253835678
0.4146637320518493,0.4315282702445984,0.2744970619678497
0.670857310295105,0.6439483165740967,0.9601958394050598
0.3146341443061828,0.3271576464176178,0.7050807476043701
0.0,0.0,0.0
0.6400357484817505,0.4595657587051391,0.3601426482200622
0.1866151243448257,0.1623776406049728,0.2014851868152618
0.2029922008514404,0.2482880651950836,0.2284153699874878
0.782742977142334,0.4973559081554413,0.5604750514030457
0.4160480499267578,0.0,0.0
0.6246354579925537,0.0505948513746261,0.0770399272441864
0.659368634223938,0.2509950399398803,0.164902001619339
-0.0026415083557367,-0.0198362451046705,0.07483871281147
0.4300579130649566,0.5353050231933594,0.0977420657873153
0.1312008649110794,0.3918783068656921,0.1162250339984893
0.3834675252437591,0.6628668308258057,0.085908442735672
0.9683101177215576,0.5473284721374512,0.4695188999176025
0.1743884980678558,0.1237929984927177,0.3306421339511871
0.641290009021759,0.4253398776054382,0.0550187602639198
0.8164817690849304,0.7666836380958557,0.9030259847640992
0.6364033222198486,0.8379664421081543,0.5978345274925232
0.4312982559204101,0.4319177865982055,0.4886274337768554
0.2245180010795593,0.0,0.0165733117610216
0.9999998807907104,0.1483520865440368,0.1483520865440368
0.308972418308258,0.6034268736839294,0.3534472584724426
0.352563738822937,0.2894221544265747,0.5786124467849731
0.018152542412281,0.4654379785060882,0.0319767110049724
0.0997806191444397,0.0,0.0198937319219112
0.8084536790847778,0.5427549481391907,0.6713494062423706
0.0428224951028823,0.3776378631591797,0.1792137920856475
0.5729564428329468,0.7966467142105103,0.2360352724790573
0.264159083366394,0.098551332950592,0.0734739527106285
0.6091810464859009,0.9616425037384032,0.6384623646736145
0.0,0.0,0.0825677216053009
0.5464563369750977,0.3443701863288879,0.3239816427230835
0.4596916139125824,0.2559043169021606,0.2742853164672851
0.8505080938339233,0.2313091456890106,0.2329881340265274
0.4129744172096252,0.1533875912427902,0.1111747398972511
0.2788059413433075,0.3894494771957397,0.2092338949441909
0.66869056224823,0.3388112783432007,0.4058349728584289
0.5772846937179565,0.510522186756134,0.4212059378623962
0.436558723449707,0.4808700382709503,0.0294011831283569
0.3527248203754425,0.1674041152000427,0.1520678251981735
0.2581222653388977,0.2267611026763916,0.1513174027204513
0.0304805301129817,0.0585753098130226,0.3289177119731903
0.6948521137237549,1.0000001192092896,0.6948521137237549
0.2227131724357605,0.6301106214523315,0.2189981341361999
0.8741855621337891,0.9999998807907104,0.8741855621337891
0.6484019160270691,0.6889846920967102,0.632021963596344
0.3397429883480072,0.3337604403495788,0.3837891221046448
0.5866891741752625,0.4658932387828827,0.7276635766029358
0.9862449169158936,0.7973530292510986,0.8040959239006042
0.597779393196106,0.3969902396202087,0.0696442350745201
0.0872785151004791,0.059504821896553,0.1547248810529709
0.7354319095611572,0.6200827360153198,0.8182871341705322
0.3231670260429382,0.1683359146118164,0.5017538070678711
0.8337442874908447,0.1837328672409057,0.1624203026294708
0.97518128156662,0.0,0.0
0.1975490748882293,0.1139348819851875,0.1314103752374649
0.6136652231216431,0.5372937917709351,0.2628423571586609
0.817307710647583,0.7488714456558228,0.7620775103569031
0.3932041823863983,0.5011249780654907,0.6494176387786865
1.0,0.0424479842185974,0.0424479842185974
0.3908596634864807,0.3178135454654693,0.5848434567451477
0.5347325801849365,0.7564822435379028,0.6641279458999634
0.2693237662315368,0.3000668287277221,0.2338126003742218
0.480214774608612,0.8308471441268921,0.3416522741317749
0.6594078540802002,0.171979621052742,0.1552533209323883
0.9212300777435304,0.2483146488666534,0.4657274484634399
0.7884976267814636,0.7827800512313843,0.6777082681655884
0.2933107316493988,0.2923730313777923,0.9364107847213744
0.8867121934890747,0.8688211441040039,0.8054571151733398
0.9391642808914183,0.1059014052152633,0.0206832457333803
0.4219024181365967,0.1234856843948364,0.0854524224996566
1.0,0.7359706163406372,0.7359706163406372
0.0398097708821296,0.0590638443827629,0.1904650628566742
0.3686696887016296,0.328568696975708,0.0229221172630786
0.6356596946716309,0.3337893486022949,0.3346972167491913
0.8944496512413025,0.8944496512413025,1.0
0.6066304445266724,0.7374361753463745,0.5736806988716125
0.6673275232315063,0.8854660987854004,0.7469220757484436
0.7229284644126892,0.0803462341427803,0.2809730172157287
0.0886458382010459,0.0,0.0528985299170017
0.1859039068222046,0.1978033483028412,0.2544633746147156
0.2848741412162781,0.2757499516010284,0.6583678126335144
0.9999998807907104,0.1669867187738418,0.1669867187738418
0.6660702228546143,0.4976075887680053,0.5744218230247498
0.9537465572357178,0.9499886631965636,0.9960989356040956
0.236822098493576,0.5868908166885376,0.143570989370346
0.0254381336271762,0.4419386386871338,0.0018655871972441
0.0,0.0,0.0
0.2016803324222564,0.2666574120521545,0.6295783519744873
0.3281711339950561,0.3503842055797577,0.3883379697799682
0.3594436943531036,0.2758103907108307,0.3827861547470093
0.2842220067977905,0.7093194723129272,0.2079534828662872
0.4667868316173553,0.0986362844705581,0.1234288290143013
0.9999999403953552,0.2876173853874206,0.2876173853874206
0.5002559423446655,0.9626686573028564,0.5196553468704224
0.5315155982971191,0.4881007373332977,0.5176361799240112
0.357782244682312,0.2749460935592651,0.2749460339546203
0.917266011238098,0.5578466653823853,0.580410361289978
0.8961946964263916,0.812137246131897,0.8817787170410156
0.6943454146385193,0.0888059511780738,0.5023101568222046
0.5750346779823303,0.5107176303863525,0.5138982534408569
0.8247584104537964,0.4007702767848968,0.4616350531578064
0.7657411098480225,0.7630579471588135,0.9200246930122375
0.0763921737670898,0.1325789391994476,0.0625610649585723
0.4985539317131042,0.3426553905010223,0.8829488754272461
0.6858134269714355,0.6472788453102112,0.4165935814380646
0.8063772916793823,0.7926806211471558,0.9227234125137328
0.2057892382144928,0.7599269151687622,0.2289650440216064
0.5641930103302002,0.5641930103302002,1.0000001192092896
0.5298606157302856,0.3186184167861938,0.5282477736473083
0.9789981245994568,0.5872383713722229,0.5729595422744751
0.5899756550788879,0.8299388885498047,0.7108663320541382
0.2159631699323654,0.1758689135313034,0.5118741989135742
0.0,0.0,0.0
1.0,0.478951096534729,0.478951096534729
0.8163160085678101,0.7383401393890381,0.9153679609298706
0.531403660774231,0.2471646666526794,0.1122904047369957
0.5726743340492249,0.2547623813152313,0.6760275363922119
0.6651841402053833,0.493537962436676,0.5685290098190308
0.650302529335022,0.7043605446815491,0.4440872073173523
0.9864956736564636,0.9721660614013672,0.9854743480682372
0.3510858714580536,0.3156455457210541,0.353229284286499
0.7957384586334229,0.7957384586334229,0.9999998807907104
0.2719370722770691,0.0459591783583164,0.0867945328354835
0.3258692026138305,0.2869541943073272,0.814798891544342
0.2028926610946655,0.2143580615520477,0.2327632158994674
0.8424934148788452,0.3887438178062439,0.717271625995636
0.9114819169044496,0.9114819765090942,0.9999998807907104
0.186389073729515,0.1022123917937278,0.1229684129357338
0.4972620904445648,0.4615858197212219,0.8636443614959717
0.5420292615890503,0.6860605478286743,0.7722650766372681
0.9050099849700928,0.6937001347541809,0.6915349364280701
0.2001992613077163,0.2232859134674072,0.7009379267692566
0.077919490635395,0.0517353117465972,0.1025540307164192
0.3464115262031555,0.3182994127273559,0.6172738075256348
0.4057263135910034,0.3890925049781799,0.4717798829078674
0.4960412085056305,0.4406304359436035,0.5461831092834473
0.9947513341903688,0.9947513341903688,1.0
0.5915718078613281,0.5726205110549927,0.5287757515907288
0.0,0.0,0.0
0.6485370397567749,0.642059326171875,0.6889440417289734
0.1253810673952102,0.4246538877487182,0.0699311941862106
0.7850319743156433,0.6534903049468994,0.7741142511367798
0.7405322790145874,0.8454442024230957,0.8660883903503418
0.9319841861724854,0.1191100180149078,0.1088596135377883
0.8407737016677856,0.7097229957580566,0.8164020776748657
0.6320971250534058,0.477448433637619,0.3531796932220459
0.4653165638446808,0.4131758511066437,0.4674430191516876
0.3254185318946838,0.3232031464576721,0.94575297832489
0.2741885483264923,0.2212019711732864,0.1743738800287246
0.0114456191658973,0.0148727344349026,0.0223185345530509
0.2245763391256332,0.0534266009926795,0.0862267538905143
0.5923532247543335,0.5588473081588745,0.869227409362793
0.96114182472229,0.9241316318511964,0.886489748954773
0.728549599647522,0.0095076765865087,0.315515786409378
0.222564548254013,0.1549428850412368,0.2680140137672424
0.7324323654174805,0.5071201324462891,0.6452673077583313
0.676522970199585,0.537713885307312,0.5091428160667419
1.0,1.0,1.0
0.469151109457016,0.8051680326461792,0.2937124967575073
0.9869961738586426,0.9869961738586426,1.0
0.5683549046516418,0.3227567076683044,0.3103097379207611
0.2360434085130691,0.3356809914112091,0.054769292473793
0.5535890460014343,0.3699759542942047,0.6863335371017456
0.5073946714401245,0.4274063110351562,0.3711470663547516
0.0,0.0147332269698381,0.0927118808031082
0.6906812191009521,0.1752800345420837,0.1981344223022461
0.7572970390319824,0.1078288629651069,0.37470144033432
0.0460729151964187,0.0698448196053505,0.6230515241622925
0.62325119972229,0.3722636699676513,0.3821096420288086
0.7424148321151733,0.6795645952224731,0.7333157658576965
0.5844409465789795,0.6032206416130066,0.9452335834503174
0.918121576309204,0.5215071439743042,0.6583660840988159
0.3845993876457214,0.5853191614151001,0.1306237280368805
0.7157744765281677,0.6586357951164246,0.6880113482475281
0.5434255599975586,0.3334987759590149,0.0529801659286022
0.9509201049804688,0.4567754864692688,0.431310087442398
0.1349975764751434,0.105598583817482,0.3150514364242553
0.27120041847229,0.2549123167991638,0.2727570533752441
0.1386097371578216,0.5636864900588989,0.6526281833648682
0.8914197683334351,0.7215234041213989,0.7726037502288818
0.9229258894920348,0.7815225124359131,0.642642617225647
0.1744872033596038,0.355682760477066,0.03722670301795
0.6900465488433838,0.4743244051933288,0.6065847277641296
0.4308063983917236,0.4098371863365173,0.5258622765541077
1.0,0.0,0.0
0.1349659860134124,0.1649100929498672,0.4171698093414306
0.5085038542747498,0.096246138215065,0.5407226085662842
0.4727481007575989,0.3411363363265991,0.4670906066894531
0.8882231712341309,0.6691805124282837,0.8010385036468506
0.5604769587516785,0.5694224834442139,0.9862178564071656
0.2292161434888839,0.1100815087556839,0.1271575540304184
0.9569656252861024,1.0000001192092896,0.9569656252861024
0.0151777770370244,0.1351952701807022,0.0844811797142028
0.6350150108337402,0.7396218776702881,0.6206510066986084
0.5802006125450134,0.5054001808166504,0.3119518458843231
0.4379917979240417,0.2500963807106018,0.2731868624687195
0.7947196960449219,0.557236909866333,0.5671443939208984
0.8105477690696716,0.8813509345054626,0.8926790952682495
0.6514939069747925,0.8580697774887085,0.6622525453567505
0.7983008623123169,0.5873839855194092,0.7449427247047424
0.2529684901237488,0.0820870175957679,0.3345698118209839
0.3043170571327209,0.2546364665031433,0.1470828205347061
0.9947458505630492,0.0918789356946945,0.0923642218112945
0.8985739946365356,0.2772144377231598,0.2852547168731689
0.861288845539093,0.4349947869777679,0.4562949538230896
0.7320210337638855,0.315977394580841,0.3417985737323761
0.221238911151886,0.1521990895271301,0.4687750041484833
0.6606947183609009,0.067538596689701,0.0682085156440734
0.480103999376297,0.3761183023452759,0.4056145846843719
0.1968683004379272,0.0958722680807113,0.5428614020347595
0.6208692193031311,0.5521225929260254,0.7076307535171509
-0.0248615909367799,0.0,0.0
0.90268874168396,0.3328797221183777,0.3127162158489227
0.9080342054367064,0.6166821718215942,0.6093902587890625
0.1326304376125335,0.1226713061332702,0.1956554055213928
0.7266292572021484,0.475864827632904,0.6715507507324219
0.5822376012802124,0.6047714948654175,0.4059449136257171
0.5820608139038086,0.7542989253997803,0.6929395198822021
0.9511423110961914,0.4463157653808594,0.3194478452205658
0.4324396550655365,0.2726093530654907,0.1829841136932373
0.3979909420013428,0.4191436171531677,0.5656539797782898
0.4921333789825439,0.4934171736240387,0.989892840385437
0.6004745960235596,0.1679137945175171,0.1349864900112152
0.129559114575386,0.2457770705223083,0.0842192471027374
0.6429054737091064,0.1956878900527954,0.1966701745986938
0.7459032535552979,0.2840313911437988,0.3698404133319855
0.9203583002090454,0.4391041100025177,0.4706269800662994
0.7801080942153931,0.4987851083278656,0.4828520119190216
0.3908972442150116,0.2610370516777038,0.926779806613922
0.3851800560951233,0.5760655403137207,0.4707137048244476
0.75447016954422,0.7594928741455078,0.8602317571640015
0.7656335830688477,0.4152291417121887,0.4776211082935333
0.3064328730106354,1.0000001192092896,0.3064328730106354
0.1714682281017303,0.1793713569641113,0.080177828669548
0.541539192199707,0.5424259901046753,0.8070189952850342
0.4179635047912597,0.388047456741333,0.6551526188850403
0.9814326167106628,1.0,0.981432557106018
0.7789867520332336,0.7810900807380676,0.7273873090744019
0.6644710302352905,0.5466935038566589,0.6109441518783569
0.7363288998603821,0.6389505863189697,0.3341611623764038
0.8108599781990051,0.5010117292404175,0.5240237712860107
0.2282225787639618,0.2259540110826492,0.985509991645813
0.1548615992069244,0.0045461333356797,0.0349985510110855
0.2987912893295288,0.6574143767356873,0.2772242426872253
0.2323710173368454,0.4703409075736999,0.1016362309455871
0.7688580751419067,0.4539468884468078,0.4386755228042602
0.6828497648239136,0.6299000382423401,0.9420647621154784
0.2036897838115692,0.2515130639076233,0.1257351040840149
0.2008310109376907,0.5119569897651672,0.084621287882328
0.3399961590766907,0.3204984366893768,0.9013702869415284
0.2817389369010925,0.1018588989973068,0.9343168139457704
0.5226157307624817,0.3913695216178894,0.8208949565887451
0.1178354620933532,0.1414159089326858,0.007770599797368
0.3539851307868957,0.1987687647342682,0.1122348755598068
0.8864824771881104,0.8290841579437256,0.951977550983429
0.9365675449371338,0.9649200439453124,0.9514063596725464
0.7008773684501648,0.7008773684501648,0.9999999403953552
0.4896238446235657,0.6546330451965332,0.7633393406867981
0.6197148561477661,0.0844192430377006,0.3677343428134918
0.217334896326065,0.1449958682060241,0.1987921893596649
0.8534014225006104,0.2875505089759826,0.2704898118972778
0.1836166083812713,0.1629828512668609,0.4444137811660766
0.497094064950943,0.5069165825843811,0.3680371046066284
0.5056300759315491,0.4971266686916351,0.6774411797523499
0.3394680023193359,1.0000001192092896,0.3394680023193359
0.3840552270412445,0.0103537030518054,0.7357965111732483
0.753888726234436,0.2149840891361236,0.0207712482661008
0.2698060572147369,0.2637681365013122,0.6799927353858948
1.0,0.8125694990158081,0.8125694990158081
0.6952389478683472,0.451150119304657,0.2092910706996917
1.0,0.8737288117408752,0.8737288117408752
0.0771390497684478,0.0415869727730751,0.0
0.3985777795314789,0.0406426936388015,0.0351184457540512
0.8254796266555786,0.6654785871505737,0.4186941087245941
0.0794109776616096,0.0389402396976947,0.1721767783164978
0.0785760879516601,0.1597521007061004,0.0281328242272138
0.0918169096112251,0.1774118095636367,0.1126652956008911
0.3762567043304443,0.1028875857591629,0.0590984560549259
0.0471881963312625,0.0289500728249549,0.2603104710578918
1.0,0.9369924664497375,0.9369924664497375
0.5988036394119263,0.236156165599823,0.2621901035308838
0.0,0.0,0.0
0.9421221017837524,0.5035465955734253,0.5438671112060547
0.5947223901748657,0.2065630555152893,0.4840100407600403
0.1730149388313293,0.0779934525489807,0.1075248196721077
0.4948166310787201,0.5071048736572266,0.5584922432899475
0.992402732372284,0.9871273040771484,0.9796363115310668
0.7318426370620728,0.5083110332489014,0.6985743641853333
0.1854634582996368,0.6817041039466858,0.1864470839500427
0.3295500576496124,0.3015635013580322,0.433304488658905
0.2744470238685608,0.2904413938522339,0.2656576037406921
0.2740208506584167,0.5638261437416077,0.0828844383358955
0.835919201374054,0.3673650920391083,0.1159975975751876
0.7483630180358887,0.3309042453765869,0.5109700560569763
0.6863628625869751,0.6169447898864746,0.842623770236969
0.2931577563285827,0.7849268913269043,0.1536067873239517
0.8471595048904419,0.1474738717079162,0.161110371351242
0.0775973498821258,0.4112094044685364,0.1591304689645767
0.4661214649677276,0.1015231162309646,0.5705431699752808
0.1772896647453308,0.3327818512916565,0.070424698293209
0.4755120277404785,0.2958422899246216,0.8322628140449524
0.6173305511474609,0.7333230376243591,0.6157529950141907
0.2024152725934982,0.1816622614860534,0.0121846012771129
0.5284833908081055,0.1622949242591858,0.1794384270906448
0.7898392081260681,0.2413448840379715,0.3732990026473999
0.2945970594882965,0.3244542181491852,0.9079772233963012
0.7176132202148438,0.7251788377761841,0.9257045984268188
0.1295588612556457,0.771888017654419,0.1086425185203552
0.5841791033744812,0.5373364090919495,0.5526057481765747
0.3805945515632629,0.1292734146118164,0.2085452228784561
0.5149906873703003,0.3184052109718323,0.1535999774932861
0.3660396933555603,0.2391227036714553,0.0842032432556152
0.4808599352836609,0.3852709531784057,0.6491540670394897
0.3961383998394012,0.2810315191745758,0.6845296621322632
0.2303892374038696,0.2479033917188644,0.1346060186624527
0.1032396405935287,0.0,0.0
0.8384082317352295,0.9322452545166016,0.8346360325813293
0.6100999116897583,0.4880865216255188,0.5589298009872437
0.3339601755142212,0.3702630400657654,0.5615213513374329
0.7501885294914246,0.647776186466217,0.5214364528656006
0.4953473508358001,0.8827441930770874,0.437265008687973
0.3023106157779693,0.4418656229972839,0.3191365003585815
0.8077093362808228,0.8068435788154602,0.7596325278282166
0.4468984603881836,0.2939821183681488,0.2719835042953491
0.5367588996887207,0.387227714061737,0.6216124892234802
0.4221221804618835,0.2220349311828613,0.1619536280632019
0.3563037514686584,0.2252462804317474,0.2811560928821563
0.0,0.0,0.0
0.5839241743087769,0.6412585973739624,0.5472087860107422
0.4625983238220215,0.3438408970832824,0.3659167885780334
0.3803950846195221,0.7139121294021606,0.0661924183368682
0.2652330994606018,0.605806291103363,0.160679891705513
0.1283398866653442,0.7496340870857239,0.1159622594714164
0.7053449153900146,0.4615184366703033,0.5703926086425781
0.9880939722061156,0.7067739963531494,0.6889866590499878
0.0672862082719802,0.0873677730560302,0.0695159584283828
0.468863844871521,0.5024891495704651,0.7022314071655273
0.4227757155895233,0.0031579418573528,0.0705170780420303
0.0,0.0,0.0560797303915023
0.8252122402191162,0.820861279964447,0.8055928945541382
0.9649274945259094,0.9800888895988464,0.957833468914032
0.722524881362915,0.6107050180435181,0.7857192754745483
0.4934864342212677,0.0418574139475822,0.7326298952102661
1.0,0.6187177896499634,0.6187177896499634
0.339437186717987,0.2523191571235657,0.4872857928276062
0.8664898872375488,0.8830388784408569,0.9771695137023926
0.7013784646987915,0.4978918433189392,0.8240953683853149
0.6318218111991882,0.5688014626502991,0.8678988218307495
0.4068588018417358,0.3912508487701416,0.4179637432098388
0.0,0.0,0.0299290809780359
0.2458564937114715,0.2249281108379364,0.3709308505058288
0.1779752671718597,0.3312110304832458,0.3123137950897217
0.8377439379692078,0.1202505677938461,0.1008400842547416
0.9135972261428832,0.8512401580810547,0.8960951566696167
0.0221584253013134,0.0092992549762129,0.0330139771103858
0.8120681643486023,0.7520278692245483,0.9059815406799316
0.610095739364624,0.610095739364624,1.0
0.6733012199401855,0.4584177732467651,0.72044438123703
0.1118558049201965,0.3477806448936462,0.1289018541574478
0.4554193615913391,0.0934028774499893,0.1061253100633621
0.1924710720777511,0.5204706192016602,0.1444781273603439
0.8054984211921692,0.6640721559524536,0.6111276149749756
0.3735309839248657,0.1804155111312866,0.2455091178417205
0.1172806471586227,0.0299839526414871,0.0692704170942306
0.0264333039522171,0.0900980234146118,0.0201403219252824
0.3592187762260437,0.6136855483055115,0.2973231077194214
0.7088497877120972,0.7088497877120972,1.000000238418579
0.6736654043197632,0.1500460803508758,0.0859516933560371
0.3294354677200317,0.537137508392334,0.4424260258674621
0.915042281150818,0.5877557992935181,0.6950889825820923
0.8765975832939148,0.725372314453125,0.8310794830322266
0.3065513074398041,0.189840167760849,0.5321362018585205
0.3024583756923675,0.3195523023605346,0.4569191336631775
0.7527294158935547,0.1807564795017242,0.351735770702362
0.721898078918457,0.7759854197502136,0.3554552793502807
0.9003596901893616,0.8398374915122986,0.9269514083862304
0.9134193658828736,0.5126409530639648,0.5293253064155579
0.709028959274292,0.0229221917688846,0.0138168511912226
0.6003854274749756,0.2492477595806121,0.2993599474430084
0.9581716656684875,0.1585114002227783,0.1533012390136718
0.6579360365867615,0.5686318874359131,0.85069340467453
0.4708544015884399,0.1679282933473587,0.0223216321319341
0.6494956016540527,0.3632601201534271,0.2449510395526886
0.8343130350112915,0.5407261252403259,0.7619996070861816
0.5005824565887451,0.4604145884513855,0.6422519087791443
0.7222464680671692,0.6788493394851685,0.6359086036682129
0.7183881998062134,0.3805077075958252,0.4169442057609558
0.7958378791809082,0.7845742702484131,0.9858466386795044
0.3587795794010162,0.4812198281288147,0.3687329292297363
0.1031091213226318,0.0980840399861335,0.1478560864925384
0.5533508658409119,0.1861838698387146,0.1469517052173614
0.3449912965297699,0.2183765619993209,0.5003807544708252
0.9890378713607788,0.83915114402771,0.844420850276947
0.4330940246582031,0.1102383881807327,0.0635011121630668
0.5700566172599792,0.5227272510528564,0.5426470041275024
0.8539350032806396,0.6115912795066833,0.6677606105804443
0.2653967142105102,0.2231355607509613,0.6623944044113159
0.5130301117897034,0.5186879634857178,0.4944048225879669
0.9459559917449952,0.5394816994667053,0.5626095533370972
0.5236862897872925,0.6656202673912048,0.705565333366394
0.5328652858734131,0.1881820112466812,0.1065851897001266
0.1184745654463768,0.5488156676292419,0.1000615209341049
0.4021891355514526,0.2800144255161285,0.2329931110143661
0.0620556212961673,0.4800819158554077,0.0948460474610328
0.5744994878768921,0.6621271371841431,0.4298047423362732
0.3968535959720611,0.1512523889541626,0.1285680532455444
0.7470848560333252,0.2357410192489624,0.1590049117803573
0.9999998807907104,0.2191904187202453,0.2191904187202453
0.0,0.0224277172237634,0.0
0.3318742215633392,0.4283284544944763,0.491768479347229
0.6264129877090454,0.2749894857406616,0.2374394834041595
0.8751528263092041,0.861193060874939,0.9650074243545532
0.7829671502113342,0.1992541551589965,0.2075244188308715
1.0000001192092896,0.3820242881774902,0.3820242881774902
0.128785029053688,0.2027263939380645,0.1604972928762436
0.567024827003479,0.5039370059967041,0.2092304974794387
0.8189890384674072,0.5618055462837219,0.245482251048088
0.9608235359191896,0.2499508410692215,0.2658467888832092
0.7043306827545166,0.6566504240036011,0.954806923866272
0.3050101697444916,0.3082259595394134,0.7092422246932983
0.4855697751045227,0.0986829698085784,0.1966044455766677
0.5880941152572632,0.5783385038375854,0.5433053970336914
0.6655247807502747,0.7471116185188293,0.7446242570877075
0.5363031625747681,0.5492926836013794,0.640733003616333
0.7309628129005432,0.4578814208507538,0.5485275387763977
0.7489469051361084,0.5375292301177979,0.4300356209278106
0.8824739456176758,0.8850986957550049,0.9970345497131348
0.8599261045455933,0.2717178463935852,0.2194018065929412
0.0888790264725685,0.0,0.0
0.7568281888961792,0.2949899733066559,0.206840306520462
0.9819678068161012,0.1754942387342453,0.1787591576576233
0.432069718837738,0.6914647817611694,0.1092477142810821
0.7302018404006958,0.742104172706604,0.5794663429260254
0.425358772277832,0.4290345907211303,0.7831435203552246
0.045050524175167,0.8975034952163696,0.0377333350479602
0.4670036733150482,0.4112848341464996,0.6749834418296814
0.905407726764679,0.6141532063484192,0.6922329664230347
0.8889538645744324,0.8816444873809814,0.7679194211959839
0.1011477559804916,0.390606164932251,0.0857689157128334
0.0,0.0,0.0
0.5703167915344238,0.1015035584568977,0.0251542143523693
0.7914118766784668,0.9712289571762084,0.7946003675460815
0.6041882634162903,0.6374057531356812,0.8613119125366211
0.3957366645336151,0.4023205935955047,0.3167402148246765
0.8293009400367737,0.6162658929824829,0.669854998588562
1.0,0.86139976978302,0.86139976978302
0.940300703048706,0.2908583879470825,0.3093248605728149
0.1451943814754486,0.1528001576662063,0.1772645413875579
0.4993495047092438,0.4832536876201629,0.521982729434967
0.6583573818206787,0.5590406656265259,0.6224573254585266
0.8481889963150024,0.846086859703064,0.9970370531082152
0.8490656614303589,0.3854571580886841,0.1386399865150451
0.6369938254356384,0.6369938254356384,1.0
0.861992359161377,0.5390340685844421,0.6547372341156006
0.2178987860679626,0.229275956749916,0.894085705280304
0.4412183463573456,0.6411113739013672,0.1900401413440704
0.2836203873157501,0.2074460387229919,0.0883018225431442
0.7484080195426941,0.7104069590568542,0.8339930772781372
0.6558951139450073,0.5118071436882019,0.6875266432762146
0.2541989684104919,0.1881540119647979,0.193440169095993
0.6674224138259888,0.8515384197235107,0.6594146490097046
0.6920725107192993,0.6196858882904053,0.802074134349823
0.5247534513473511,0.2060493975877761,0.1481721699237823
0.8693539500236511,0.5860204696655273,0.5084583163261414
0.8913708925247192,0.2427417486906051,0.2499263286590576
0.8898645043373108,0.0442547127604484,0.0262140780687332
0.5549557209014893,0.5013267993927002,0.5622232556343079
0.7088491916656494,0.5927326679229736,0.6780160069465637
0.4375985264778137,0.3992558717727661,0.91048002243042
0.2135237008333206,0.8409879207611084,0.1942628622055053
0.2272735834121704,0.2450578659772873,0.2312808334827423
0.6971637606620789,0.432215005159378,0.5398190021514893
0.7871623039245605,0.7682830095291138,0.9332369565963744
0.5458139181137085,0.3607331812381744,0.2972392439842224
0.5166348814964294,0.1863684654235839,0.0194558314979076
0.3865291774272918,0.3132145404815674,0.3351410329341888
0.7153461575508118,0.4035974442958832,0.790347158908844
0.2411005645990371,0.215239405632019,0.2840179204940796
0.7398462295532227,0.675230860710144,0.9630475640296936
0.8507997989654541,0.8000110387802124,0.747809648513794
0.2839719951152801,0.2220588326454162,0.2618369162082672
0.414940595626831,0.1588214188814163,0.1084267571568489
0.7457891702651978,0.2581542134284973,0.2879236936569214
0.8377256393432617,0.6777479648590088,0.6321772336959839
0.3123365044593811,0.1207061484456062,0.0724385604262352
0.5241214632987976,0.648807168006897,0.5539882183074951
0.6263372898101807,0.601070761680603,0.9361554384231568
0.1736420094966888,0.5999360680580139,0.3271746933460235
0.6889514923095703,0.4642247557640075,0.5168954133987427
0.5743548274040222,0.5515780448913574,0.8582302331924438
0.376394510269165,0.1349984854459762,0.1198055818676948
0.9246309995651244,0.4866191148757934,0.4947108924388885
0.5821641683578491,0.6751620173454285,0.3505914509296417
0.8854960203170776,0.7468008995056152,0.6841765642166138
0.6726062297821045,0.2338711023330688,0.2073183506727218
0.2284223437309265,0.3495177328586578,0.2810709774494171
0.1973880678415298,0.2308145761489868,0.2684268951416015
0.260465919971466,0.2070534229278564,0.6070103049278259
0.1909226924180984,0.8551726341247559,0.1174271404743194
-0.0009140370530076,0.0,0.0
0.874461829662323,0.8573640584945679,0.7672872543334961
0.3932190835475921,0.1320957839488983,0.1015632301568985
0.5797826647758484,0.5331286191940308,0.8783435821533203
0.5584824085235596,0.7471633553504944,0.4258102774620056
0.6437325477600098,0.3644893169403076,0.573229968547821
0.1485441625118255,0.1567658483982086,0.6669323444366455
0.8854461312294006,0.752250075340271,0.8438059687614441
0.4762050807476043,0.705851674079895,0.0911619588732719
0.9000515937805176,0.7027044296264648,0.7227850556373596
0.5957000255584717,0.5039728283882141,0.4896949529647827
0.4943941235542297,0.3252601325511932,0.2148346751928329
0.1437169164419174,0.1437169164419174,0.9999998807907104
0.9029005765914916,0.6354826092720032,0.5474326014518738
0.6489568948745728,0.3779281973838806,0.2769259214401245
0.349039077758789,0.3741782307624817,0.9093992114067078
0.58617103099823,0.0434313267469406,0.0701280832290649
0.983669638633728,0.4280937314033508,0.4671074748039245
0.39407879114151,0.3875861167907715,0.7270715832710266
0.5994372367858887,0.3230005502700805,0.4470634460449219
0.7708588242530823,0.4093937873840332,0.4322624206542969
0.826889157295227,0.6899003386497498,0.8327978849411011
0.6642310619354248,0.5627712607383728,0.8308892250061035
0.9222478866577148,0.6159253120422363,0.6450734734535217
0.3279944360256195,0.2811346650123596,0.9000916481018066
0.1859353482723236,0.6898047924041748,0.2042791843414306
0.3320785164833069,0.255903035402298,0.5420691967010498
0.8261386156082153,0.7277319431304932,0.2819145321846008
0.8295072317123413,0.232351467013359,0.2214436084032058
0.8261052370071411,0.6621861457824707,0.6357072591781616
0.2091002166271209,0.2091002166271209,0.9999998807907104
0.5047783255577087,0.0732089877128601,0.7770057916641235
0.5485852956771851,0.4204334616661072,0.607914924621582
0.4939085841178894,0.3053738176822662,0.7535459399223328
0.6628268957138062,0.3024860620498657,0.1682456880807876
1.0,1.0,1.0
0.1262900084257125,0.8939510583877563,0.141271710395813
0.6764941215515137,0.3605598211288452,0.2972325086593628
0.8726372718811035,0.7006484270095825,0.6251317262649536
0.8695592284202576,0.8245123624801636,0.9636357426643372
0.4982918202877044,0.4949182569980621,0.5505393743515015
0.6308441162109375,0.3474984169006347,0.5867220163345337
0.3855780959129333,0.3856861293315887,0.3971313238143921
0.290922462940216,0.9156218767166138,0.2043174803256988
0.0135461930185556,0.0695831477642059,0.0032096975483
0.5654869079589844,0.2972764372825622,0.2027619481086731
0.7759512066841125,0.4548416435718536,0.4970467686653137
0.9306134581565856,0.9306134581565856,0.9999999403953552
0.0744985118508338,0.2639952301979065,0.4900210201740265
0.2587028741836548,0.0590646788477897,0.4680769145488739
0.2986697554588318,-0.0010615029605105,0.2097347378730774
0.7125616073608398,0.4688965976238251,0.0361745692789554
0.9782684445381165,0.5796781778335571,0.5820314884185791
0.5858618021011353,0.611865758895874,0.0948809161782264
0.1250209659337997,0.05307063087821,0.1540391147136688
0.3324956893920898,0.3293119668960571,0.9796615839004515
0.1140965819358825,0.2151851952075958,0.5859718918800354
0.5032668113708496,0.5507872700691223,0.8361330032348633
0.1461212933063507,0.1461212933063507,1.0
0.7243214845657349,0.3185468018054962,0.2827813625335693
0.602715253829956,0.6239398121833801,0.9618021845817566
0.1927911937236786,0.3627685904502868,0.2821659445762634
0.8518670797348022,0.2621394097805023,0.2036511301994323
0.4751935601234436,0.4745075106620788,0.9192728996276855
0.4798167943954468,0.4641388654708862,0.9675436615943908
0.298616886138916,0.0915617793798446,0.0342634506523609
0.3376463651657104,0.2513027191162109,0.5347912311553955
0.3990315198898315,0.2858396172523498,0.2969361543655395
0.650550365447998,0.1650926768779754,0.1544950455427169
0.7280586361885071,0.7083269357681274,0.943949580192566
0.9602352976799012,0.8634413480758667,0.9001584053039551
0.5604720115661621,0.1530196219682693,0.0933916270732879
0.932772159576416,0.4793842434883117,0.5124602913856506
0.961956799030304,0.7545744180679321,0.797622561454773
0.5886647701263428,0.2930497527122497,0.0712891221046447
0.8231685161590576,0.791353702545166,0.9531333446502686
0.5587896108627319,0.8644828796386719,0.1495201289653778
0.8594871759414673,0.1181692704558372,0.1396963894367218
0.8873094320297241,0.6061015129089355,0.6423810124397278
0.805340588092804,0.7052816152572632,0.6175915598869324
0.8368680477142334,0.5889301300048828,0.844932496547699
0.6378666162490845,0.716178297996521,0.7011638283729553
0.6404216289520264,0.6637863516807556,0.9381811618804932
0.5808290839195251,0.4098971486091614,0.8146487474441528
0.7326288223266602,0.8169571757316589,0.8332840204238892
0.7988688349723816,0.8793449401855469,0.919241428375244
0.2115415036678314,0.225709468126297,0.125608891248703
0.4281898736953735,0.4028881192207336,0.6675677299499512
0.8528668880462646,0.0517952367663383,0.0274290647357702
1.0,2.908496389864013e-05,2.908496389864013e-05
0.9258775115013124,0.9270893335342408,0.8447498083114624
0.4819267690181732,0.3092516958713531,0.3561553359031677
0.7120802402496338,0.6443111896514893,0.8062719106674194
0.5675874948501587,0.2428227961063385,0.3817932605743408
1.000000238418579,0.6354702115058899,0.6354702115058899
0.8497281074523926,0.8330447673797607,0.8498173952102661
0.4863271117210388,0.6613645553588867,0.4694331288337707
0.3921587467193603,0.1519889533519745,0.077542707324028
0.2797223925590515,0.206867828965187,0.1359631568193435
0.993839144706726,0.8104615807533264,0.8149373531341553
0.4254289865493774,0.1095708459615707,0.2565294802188873
0.1732950210571289,0.1360084563493728,0.4475089311599731
0.6124626398086548,0.5496810674667358,0.8974446654319763
0.6936458349227905,0.5257335901260376,0.6471021175384521
0.5521892309188843,0.4356132745742798,0.7243705987930298
0.9252593517303468,0.9456764459609984,0.8765468597412109
0.1411331892013549,0.7812864780426025,0.1324826031923294
0.8367762565612793,0.5072211027145386,0.5539355278015137
0.7529401779174805,0.7375748753547668,0.9752918481826782
0.4480868577957153,0.6155222058296204,0.2802018225193023
0.7045182585716248,0.3848897814750671,0.394101083278656
0.4170652031898498,0.2743293941020965,0.289011538028717
0.9999999403953552,0.7621151208877563,0.7621151208877563
0.9641927480697632,0.2631880044937134,0.2451326251029968
0.4794924557209015,0.4911263585090637,0.9011499881744384
0.7644870281219482,0.4552099406719208,0.4064924120903015
0.9723036289215088,0.6502135992050171,0.6194883584976196
0.3852801024913788,0.410799503326416,0.1357195675373077
0.4145664572715759,0.1101865172386169,0.1575907915830612
0.1188298165798187,0.1256425529718399,0.6947037577629089
0.010615755803883,0.0,0.0
0.6634798049926758,0.3012330532073974,0.3905944228172302
0.5589885115623474,0.5702686309814453,0.5733529329299927
0.6405555605888367,0.1793859302997589,0.1037294343113899
0.5459128618240356,0.7846095561981201,0.5583575963973999
0.7681905031204224,0.5876179337501526,0.5810867547988892
0.4557633996009826,0.3341979682445526,0.8135069608688354
0.5017316341400146,0.475917100906372,0.9403406381607056
0.8256383538246155,0.8074201345443726,0.9755380153656006
0.1131028831005096,0.0421334132552146,0.0068478994071483
0.5853191614151001,0.404266208410263,0.3481383025646209
0.6646610498428345,0.3188091814517975,0.4405093193054199
0.75123131275177,0.75123131275177,1.0
0.7570345401763916,0.5934795141220093,0.3822734951972961
0.6310200095176697,0.6300453543663025,0.7816890478134155
0.7820231914520264,0.6287922859191895,0.5607290267944336
0.4868204593658447,0.4860436022281647,0.9975609183311462
0.0,1.0000001192092896,0.0
0.8083860874176025,0.1870236694812774,0.1203999742865562
0.919209599494934,0.7134978175163269,0.7576451301574707
0.5405446290969849,0.2473218142986297,0.1171484813094139
0.658351480960846,0.6144068241119385,0.666814386844635
0.8948001861572266,0.0,0.0
0.1289455443620681,0.3131242096424103,0.000326861947542
0.4371859729290008,0.4334742426872253,0.4201653599739074
0.7191063165664673,0.5289928913116455,0.5190663933753967
0.5427670478820801,0.4341089725494385,0.1016902923583984
0.5882063508033752,0.3437556028366089,0.4034954905509949
0.4584426283836365,0.4724121689796448,0.8358935713768005
0.7343215942382812,0.392311155796051,0.2745176553726196
0.905526638031006,0.458494633436203,0.4129710793495178
0.6477440595626831,0.5590104460716248,0.7874164581298828
0.8101381659507751,0.4877340793609619,0.7499311566352844
0.5566303730010986,0.9423168897628784,0.5045186281204224
0.9661777019500732,0.5092318058013916,0.5213761329650879
0.933203101158142,0.845176637172699,0.7959318161010742
0.1139104217290878,0.1712990552186966,0.0651990324258804
0.0004446181701496,0.0241133607923984,0.0
0.2234677374362945,0.3082322478294372,0.2600437998771667
0.7434898614883423,0.394077718257904,0.0682828351855278
0.967592477798462,0.1827520132064819,0.1707232296466827
1.0000001192092896,0.8740761876106262,0.8740761280059814
1.0,0.4452254176139831,0.4452254176139831
0.0454515554010868,0.7845568656921387,0.0720771327614784
0.7258188128471375,0.0489485040307045,0.0369309335947036
1.0,0.5501359105110168,0.5501359105110168
0.1221724078059196,0.1282322108745575,0.0915406495332717
0.9676252603530884,0.8078927993774414,0.7501399517059326
0.5429606437683105,0.2584814131259918,0.302160382270813
0.0,0.4295015633106231,0.0
0.0422116182744503,0.0040802815929055,0.1677248328924179
0.5882025361061096,0.2572785019874573,0.369218647480011
0.8655142784118652,0.2297305911779403,0.2089612185955047
0.0238766130059957,0.2962184548377991,0.0591962784528732
0.2610805630683899,0.3235301375389099,0.6489304304122925
0.084112212061882,0.0928286463022232,0.8701288104057312
0.6522309184074402,0.4785153269767761,0.6342572569847107
1.0,0.8373175263404846,0.8373175263404846
0.791117787361145,0.716754674911499,0.8780827522277832
0.9102638363838196,0.7570351958274841,0.8025764226913452
1.0,1.0,1.0
0.8040094971656799,0.3559287786483764,0.1838698983192443
0.1199499666690826,0.6546292304992676,0.1832334399223327
0.6420329213142395,0.0984283685684204,0.1053065210580825
0.0225655622780323,0.0152581892907619,0.0337107107043266
0.788726806640625,0.9275858402252196,0.7154881954193115
0.8352853059768677,0.6442230343818665,0.2093292474746704
0.6679334044456482,0.3368123173713684,0.3519647121429443
0.8404783606529236,0.9510321617126464,0.8261784315109253
0.5144453048706055,0.235541746020317,0.3282924890518188
0.1048554331064224,0.0891383588314056,0.3481782674789428
0.7792381048202515,0.6791805028915405,0.8205178380012512
0.8099951148033142,0.1439543664455413,0.3901090025901794
0.6732171773910522,0.6431089043617249,0.7188757658004761
0.172824740409851,0.4107164442539215,0.2991593480110168
0.6179947853088379,0.2750694751739502,0.434340238571167
0.4812893271446228,0.1595236659049987,0.1560978889465332
0.5355715751647949,0.3416891694068908,0.5437278747558594
0.2838970124721527,0.2555048763751983,0.7966669797897339
0.4803756773471832,0.2492274940013885,0.1575911343097686
0.5629158020019531,0.5629158020019531,0.9999997615814208
0.0,0.0682674124836921,0.3136023581027984
0.2638548612594604,0.2896540760993957,0.2851408123970032
0.8488888740539551,0.7359548211097717,0.8555712699890137
0.582433819770813,0.5525442957878113,0.954518973827362
0.2996985614299774,0.2919799089431762,0.312053769826889
0.778285026550293,0.0930280238389968,0.2235598862171173
0.6599879264831543,0.5471837520599365,0.5876913070678711
0.6179524064064026,0.639510989189148,0.9451764225959778
0.2261201292276382,0.2585516571998596,0.2336816191673278
0.6599237322807312,0.0897275805473327,0.1169392615556716
1.0000001192092896,0.1435012519359588,0.1435012519359588
0.631934404373169,0.5858474373817444,0.1245552077889442
0.8089569807052612,0.4334831237792969,0.5012850761413574
0.8101933598518372,0.8210862278938293,0.9760579466819764
0.9752699136734008,0.9095936417579652,0.9307115077972412
0.0,0.0973856747150421,0.0541825555264949
0.8069919943809509,0.6621385812759399,0.8293437957763672
0.3568848371505737,0.3399720788002014,0.4703474640846252
0.2294918894767761,0.2294918894767761,1.0
0.9607360363006592,0.8470255136489868,0.8818325996398926
0.7406796216964722,0.5124077796936035,0.6850255131721497
0.534488320350647,0.4502686262130737,0.1475276947021484
0.8964066505432129,0.6559798717498779,0.7360479831695557
0.4059198498725891,0.131016194820404,0.280842512845993
0.8118325471878052,0.772016167640686,0.763755738735199
0.5250705480575562,0.3530158996582031,0.4216667711734772
0.8056390881538391,0.6951755285263062,0.6454742550849915
0.0809374004602432,0.0843643173575401,0.0856519192457199
0.6154772043228149,0.0756766200065612,0.1023358479142189
0.9686328172683716,0.8147705793380737,0.8411552309989929
1.0,1.0,1.0
0.6012762784957886,0.1331263333559036,0.1735747754573822
0.1982198506593704,0.038587287068367,0.6944974660873413
0.873912513256073,0.3687562346458435,0.3809649348258972
0.63311767578125,0.5371274948120117,0.7872213125228882
0.4039051532745361,0.5465667247772217,0.4473401010036468
0.7942726612091064,0.2682660818099975,0.2280761897563934
0.1933691799640655,0.4770486950874328,0.0150769166648387
0.6195394992828369,0.3644547760486603,0.391697883605957
0.2239330559968948,0.4479929506778717,0.1764552295207977
0.0740317404270172,0.1182441785931587,0.1115581691265106
0.622985303401947,0.6137551665306091,0.9386418461799622
0.3003018498420715,0.1532042026519775,0.239679679274559
0.9645057916641236,0.0052904970943927,0.0055632414296269
0.3450292348861694,0.3687149286270141,0.8485121726989746
0.3386271893978119,0.3313702940940857,0.7821492552757263
0.4515185356140136,0.5130223035812378,0.8882622718811035
0.3422348499298095,0.292763203382492,0.1365191340446472
0.5422787666320801,0.6041043996810913,0.776552677154541
0.933644711971283,0.0898361876606941,0.0898609012365341
0.4239358305931091,0.3929949104785919,0.1769749373197555
0.2954916954040527,0.0317366905510425,0.0272256638854742
0.1164321675896644,0.7216750383377075,0.1191332042217254
0.8554384708404541,0.6820015907287598,0.7972539067268372
0.6591306924819946,0.6332389712333679,0.846582293510437
0.7028659582138062,0.6871951818466187,0.8592197895050049
0.0412330888211727,0.087745301425457,0.0313939601182937
0.6714984178543091,0.2416409701108932,0.2439974397420883
0.6266703605651855,0.673686683177948,0.5356332063674927
0.1723388284444809,0.1408468782901764,0.168142482638359
0.8034676313400269,0.8034676313400269,1.0000001192092896
0.3664066791534424,0.1157929152250289,0.0770400017499923
0.2007393985986709,0.2112537920475006,0.0518543198704719
1.0,0.7868505716323853,0.7868505716323853
0.8367146253585815,0.1262774169445037,0.1276503652334213
0.7461435794830322,0.5566015839576721,0.7531114220619202
0.6711015701293945,0.7117500901222229,0.8467925786972046
0.0277405902743339,0.7990759611129761,0.0234163291752338
0.7809587121009827,0.710552453994751,0.5428115725517273
0.4809458255767822,0.425872802734375,0.7467049360275269
0.5284644365310669,0.5848402976989746,0.6305803060531616
0.913610816001892,0.30264413356781,0.5477099418640137
0.2914510667324066,0.1990024745464325,0.5784893035888672
0.7470344305038452,0.5729469060897827,0.7129717469215393
0.0,0.0,0.0
0.5347566604614258,0.4973590970039367,0.8070769309997559
0.5861873030662537,0.5861873030662537,1.0
0.1790260076522827,0.2801918387413025,0.223481684923172
0.8050745129585266,0.723511815071106,0.8876552581787109
0.4493361413478851,0.4493361413478851,0.9999999403953552
0.0348000414669513,0.0279983468353748,0.0
0.7901991605758667,0.7147276997566223,0.9072319269180298
0.7420546412467957,0.6077367067337036,0.8024434447288513
0.2970502376556396,0.1758603006601333,0.5069172382354736
0.0999839901924133,0.0951665192842483,0.1584691107273101
0.7662254571914673,0.5857294201850891,0.3247111439704895
0.9460846185684204,0.3190670311450958,0.332579642534256
0.8173179030418396,0.6647484302520752,0.8974108099937439
0.5800580382347107,0.5352378487586975,0.8356642723083496
0.3668218851089477,0.402415931224823,0.7439984679222107
0.8867671489715576,0.8246967792510986,0.6692253351211548
0.6039198637008667,0.5725489258766174,0.8622754216194153
0.4740487039089203,0.4429743885993957,0.8327565789222717
0.7113681435585022,0.6984745860099792,0.9753749370574952
0.1869811862707138,0.3372613191604614,0.7318472862243652
0.7517856955528259,0.0923223495483398,0.6669216752052307
0.8584603667259216,0.7150183916091919,0.7882139682769775
0.567280650138855,0.1836804300546646,0.1861500442028045
0.1125659272074699,0.0,0.0
0.0913072675466537,0.306008517742157,0.0645915195345878
0.4136202335357666,0.3077899217605591,0.3635779023170471
0.718234658241272,0.6724560260772705,0.7413395643234253
0.0,0.0,0.0
0.1249191910028457,0.0880748406052589,0.0698201358318328
0.3458104431629181,0.3416966497898102,0.4629377126693725
0.8431615829467773,0.289822518825531,0.3740744888782501
0.0239861793816089,0.0332516953349113,0.7405011653900146
0.7969164848327637,0.0978601425886154,0.0771880447864532
0.598413348197937,0.7436222434043884,0.6956407427787781
0.2969406843185425,0.2822939157485962,0.2523548007011413
0.3130844235420227,0.51859450340271,0.2076939344406128
0.9127519130706788,0.5014455318450928,0.4780458211898803
0.8783251643180847,0.664109468460083,0.5424773693084717
0.9473352432250975,0.9353399276733398,0.9872485995292664
0.9291487336158752,0.4718579649925232,0.4878485798835754
0.9481022953987122,0.8465881943702698,0.8904651403427124
0.1294035613536834,0.1974830031394958,0.5094672441482544
0.9999998807907104,0.8042311668395996,0.8042311668395996
0.540193498134613,0.396919846534729,0.3913033306598663
0.7505658268928528,0.4147412776947021,0.5490714907646179
0.7903620600700378,0.5052366852760315,0.6779718399047852
0.9548194408416748,0.9189563989639282,0.8914017677307129
0.6671878099441528,0.2968559563159942,0.124439500272274
0.0023058578372001,0.7266615033149719,0.0053736516274511
0.6503826975822449,0.1217751428484916,0.345572829246521
0.4655304551124573,0.554230809211731,0.3503357768058777
0.7513489723205566,0.7513489723205566,0.9999999403953552
0.6044830083847046,0.4738067388534546,0.6854104995727539
0.0,0.0,0.0
0.8409017324447632,0.8409017324447632,1.0
0.6194663643836975,0.5490657091140747,0.7294977903366089
0.9008834362030028,0.5045738816261292,0.5914402008056641
0.9359706044197084,0.8609937429428101,0.919121265411377
0.6825352907180786,0.205606535077095,0.28675577044487
0.2120619863271713,0.2582539618015289,0.2691581547260284
0.1256729960441589,0.3255534470081329,0.1781728118658065
1.0,1.0,1.0
0.90534508228302,0.226573646068573,0.2440486848354339
0.4443311393260956,0.2798205912113189,0.3291199803352356
0.8863331079483032,0.8597489595413208,0.8926810622215271
0.3945921659469604,0.4439527690410614,0.7862477898597717
0.4523528218269348,0.3314343094825744,0.6030827760696411
0.4718701243400574,0.28152996301651,0.4346273243427276
0.1302319169044494,0.1734253019094467,0.1310502588748932
0.8479660749435425,0.1948299705982208,0.2019142806529998
0.6939736604690552,0.675041675567627,0.9556126594543456
0.9424996376037598,0.0,0.0
0.8540700674057007,0.4445159137248993,0.5022467374801636
0.5226327776908875,0.3942418694496155,0.2458696067333221
0.2933621406555176,0.0576981827616691,0.8453329801559448
0.9659813642501832,0.4367010593414306,0.4355465769767761
0.6733237504959106,0.6516619920730591,0.8018590807914734
0.8231937885284424,0.7382080554962158,0.8778027296066284
1.0,0.3206690549850464,0.3206690549850464
0.8797913193702698,0.3257727026939392,0.2923146784305572
0.7079284191131592,0.7380242347717285,0.9574036598205566
0.576200008392334,0.1607848107814788,0.0951717272400856
0.8587177991867065,0.6039730310440063,0.6961822509765625
0.959098219871521,0.6658941507339478,0.6580243110656738
0.6727224588394165,0.6666435599327087,0.989363431930542
0.7895777821540833,0.5482437014579773,0.5734098553657532
0.300089955329895,0.2803285121917724,0.2536662518978119
0.3563110828399658,0.7530966997146606,0.2776130437850952
0.9151217341423036,0.8124359250068665,0.8985986709594727
0.6463025808334351,0.1097541227936744,0.0741252601146698
0.1780415475368499,0.1060213074088096,0.1289337128400802
0.2339053452014923,0.2228235304355621,0.8447312712669373
0.7821757793426514,0.5384074449539185,0.5418738126754761
0.6149202585220337,0.6114761829376221,0.1617031097412109
0.6086970567703247,0.5831573605537415,0.7889332175254822
0.9632468223571776,0.988715648651123,0.9693350791931152
0.3910030126571655,0.4092100262641907,0.2926452159881592
0.3230504393577575,0.220225304365158,0.2559916973114013
0.7777513861656189,0.3298843502998352,0.4020905196666717
0.2757420241832733,0.3146578371524811,0.3085259795188904
0.4054122269153595,0.4265437722206116,0.6274459362030029
0.29859459400177,0.1362202167510986,0.7365665435791016
0.1063243746757507,0.1604414135217666,0.3540366291999817
0.5760518312454224,0.376268208026886,0.5286202430725098
0.5733513236045837,0.2073900401592254,0.719731330871582
0.9381823539733888,0.9999998807907104,0.9381823539733888
0.3243030905723572,0.3243030905723572,1.0
0.9999998807907104,0.7701995372772217,0.7701995372772217
0.0085018910467624,0.0726527795195579,0.1576627194881439
0.0,0.008154765702784,0.0
0.9556549787521362,0.866565465927124,0.8306794166564941
0.090527668595314,0.1267610490322113,0.713531494140625
0.4948706030845642,0.2317956984043121,0.421513944864273
0.2281683385372162,0.1812615394592285,0.6813567876815796
0.4706266224384308,0.1843236982822418,0.1459501236677169
0.3002380132675171,0.6231362819671631,0.3115325272083282
0.1732184588909149,0.3357142806053161,0.0438486225903034
0.2745171785354614,0.2387251704931259,0.3361616730690002
0.4453597068786621,0.3425081670284271,0.7263558506965637
0.0,0.0,0.0
0.0,0.1335567831993103,0.1224530041217804
0.3228900730609894,0.305817186832428,0.2725749909877777
1.0,0.9999999403953552,1.0
0.0552480742335319,0.2095368206501007,0.3247089684009552
0.7976852655410767,0.2947461009025574,0.2920530140399933
0.4620978832244873,0.450782835483551,0.9928409457206726
0.7750932574272156,0.6990467309951782,0.9019460082054138
0.0611514300107955,0.2686000466346741,0.1710034310817718
1.0,0.7462113499641418,0.7462113499641418
0.3699160814285278,0.1623587012290954,0.4400664567947387
1.0000001192092896,0.8889555931091309,0.8889555931091309
0.7618392705917358,0.6979886293411255,0.6361968517303467
0.3921515047550201,0.1915819197893142,0.5202734470367432
0.7562949657440186,0.7510187029838562,0.9871032238006592
0.2225971221923828,0.706977128982544,0.2685732245445251
0.9611906409263612,0.5852168798446655,0.6092483997344971
0.0195924900472164,0.0626257061958313,0.0670452266931533
0.7135655283927917,0.7137104272842407,0.464518278837204
0.2542695999145508,0.1873593777418136,0.4337969720363617
0.0267643332481384,0.4899868965148926,0.0548000261187553
0.2444363832473755,0.2464482635259628,0.35817950963974
0.112904742360115,0.7001616954803467,0.1127726733684539
0.4382034540176391,0.5498019456863403,0.1675038933753967
0.2725673913955688,0.2716896533966064,0.967906892299652
0.780940592288971,0.8058326840400696,0.9623827934265136
0.842509925365448,0.7554032802581787,0.749180018901825
0.5290170907974243,0.3125281631946563,0.1267440915107727
0.1961074769496917,0.2053767144680023,0.2109650075435638
0.3472193479537964,0.3134066760540008,0.7702267169952393
0.1617872267961502,0.0665329098701477,0.0
0.5251466631889343,0.7417603731155396,0.5069602131843567
0.9539534449577332,0.8553348779678345,0.8512109518051147
0.2141226381063461,0.1659510731697082,0.2678640484809875
0.7809574604034424,0.8637700080871582,0.7844781279563904
0.589802622795105,0.0404265858232975,0.0188640896230936
0.8791553974151611,0.9827735424041748,0.8835734128952026
0.5129348635673523,0.3084532916545868,0.365784078836441
0.2622581124305725,0.3824926912784576,0.2516185343265533
0.2173202633857727,0.1788490712642669,0.3363028168678283
0.211103618144989,0.0788557156920433,0.1454255133867263
0.3935925364494324,0.5236671566963196,0.589111328125
0.7349996566772461,0.7598909139633179,0.757003903388977
0.581061840057373,0.3013991117477417,0.7435524463653564
0.1285215616226196,0.0503840371966362,0.7945106029510498
0.4412650465965271,0.4670926332473755,0.1362868249416351
0.7642561197280884,0.2542462646961212,0.3407766222953796
0.2421980202198028,0.2408600747585296,0.8471747636795044
0.189218670129776,0.125272512435913,0.0835077762603759
0.6995405554771423,0.692139744758606,0.5919927358627319
0.5442225337028503,0.7763022184371948,0.231028139591217
0.8991396427154541,0.7492369413375854,0.8165349364280701
0.8107622861862183,0.342485100030899,0.251270443201065
0.1754874587059021,0.0865657180547714,0.0
0.6963363885879517,0.3752559423446655,0.7316615581512451
0.0159897059202194,0.1701938360929489,0.068595290184021
0.9057751297950744,0.8712490200996399,0.9493856430053712
0.2680213451385498,0.2691318988800049,0.9425321221351624
0.718031644821167,0.2874671816825866,0.3734781146049499
0.177842691540718,0.2646399140357971,0.3038412630558014
0.0712548419833183,0.0264173690229654,0.0
0.4452950358390808,0.3039166331291199,0.1544377505779266
0.1256722211837768,0.2968747913837433,0.0011473868507891
0.7426238656044006,0.6564276218414307,0.2279892861843109
0.2792665958404541,0.3621102571487427,0.7241760492324829
0.7347166538238525,0.7405627965927124,0.799311637878418
0.722619891166687,0.2435285300016403,0.3019319176673889
0.4302554130554199,0.1761647760868072,0.1130643561482429
0.3865416049957275,0.7669835090637207,0.3487130403518677
0.1466815322637558,0.1465748399496078,0.7703995108604431
0.2412175834178924,0.4606724381446838,0.1313711255788803
0.7544794082641602,0.38947194814682,0.4703711867332458
0.1603993773460388,0.2337173670530319,0.1529285907745361
0.4503667056560516,0.2066872417926788,0.2171374559402465
0.127370536327362,0.1157639399170875,0.0490565076470375
0.0642085075378418,0.0374466106295585,0.0674752667546272
0.4468317627906799,0.4682729244232178,0.6130583882331848
0.0017057504737749,0.0,0.0
0.4944097399711609,0.2786422967910766,0.409187376499176
0.4515004754066467,0.3689186573028564,0.5025790333747864
0.6604713201522827,0.6045651435852051,0.8131908178329468
0.1690564453601837,0.2276875227689743,0.0874344557523727
0.2468094229698181,0.2452535778284073,0.2984473705291748
0.5642944574356079,0.3941236734390259,0.0886879786849021
0.0458811298012733,0.044178619980812,0.0
0.9243252277374268,0.5674222707748413,0.5215321183204651
0.7262594103813171,0.3163023889064789,0.4279960393905639
0.7475022077560425,0.5968232154846191,0.8009830713272095
0.1385018825531005,0.2329006493091583,0.0978894755244255
0.6890483498573303,0.6179454922676086,0.8863325715065002
0.6116771101951599,0.1900143921375274,0.2444231361150741
0.58082515001297,0.2668402194976806,0.3208149671554565
0.2439994812011718,0.5927246809005737,0.0682410076260566
0.2757399678230285,0.1832091808319091,0.2554244995117187
0.1809467524290084,0.2614087462425232,0.4148680567741394
0.3001704216003418,0.4070203006267547,0.1262005269527435
0.0962274819612503,0.6830470561981201,0.0862533375620842
0.6941128969192505,0.0411331132054328,0.0413653366267681
0.7257087826728821,0.668657660484314,0.7544326782226562
0.075282871723175,0.0726892352104187,0.9558344483375548
0.4174364507198334,0.5067257881164551,0.8137682676315308
0.9878543615341188,0.1236611306667327,0.1212685033679008
0.5976967811584473,0.5957270860671997,0.7025452852249146
0.8850698471069336,0.8702030777931213,0.9629094004631042
0.6153373718261719,0.43978151679039,0.7005393505096436
0.0340255312621593,0.1887219548225402,0.0695060789585113
0.77437824010849,0.4242478013038635,0.1256817579269409
0.8881814479827881,0.8839647769927979,0.971377730369568
0.1432076096534729,0.1441954672336578,0.6096999049186707
0.0253400579094886,0.0488008297979831,0.0340453684329986
0.0259371325373649,0.1407523155212402,0.020172145217657
0.7112684845924377,0.4670145511627197,0.2043339163064956
0.8522226214408875,0.2899228930473327,0.3398467004299164
0.6984699964523315,0.1607839465141296,-0.008476261049509
0.938732385635376,0.8121014833450317,0.853202223777771
0.336593359708786,0.5251613855361938,0.0707331895828247
0.642413318157196,0.5065343379974365,0.6472359299659729
0.930499792098999,0.8314944505691528,0.8451335430145264
0.2896482348442077,0.2465655207633972,0.3104559779167175
0.404039591550827,0.2400230765342712,0.3830020129680633
0.411895602941513,0.8614151477813721,0.3105157017707824
0.5475221276283264,0.5475221276283264,0.9999999403953552
0.12538743019104,0.2659060657024383,0.2426970452070236
0.7267863750457764,0.4129754304885864,0.4096092581748962
0.0488002821803092,0.5300071239471436,0.0583761520683765
0.2867366969585418,0.2867366969585418,1.0
0.5971856117248535,0.2352492660284042,0.6595335006713867
0.503566324710846,0.7985368967056274,0.491222470998764
0.7505005598068237,0.3575583696365356,0.4763825833797455
0.4387659132480621,0.3184019029140472,0.3022617101669311
0.4757965207099914,0.5248607397079468,0.688896656036377
0.6271095275878906,0.7239300012588501,0.4642238914966583
0.9653315544128418,0.7500336766242981,0.7570465803146362
0.7779425382614136,0.3158544301986694,0.3750417828559875
0.3597918152809143,0.3125289678573608,0.0923915803432464
0.1620718836784362,0.7392137050628662,0.1655290126800537
0.4474367499351501,0.6750069260597229,0.5598591566085815
0.5352749824523926,0.4417093992233276,0.4396127462387085
0.3123882412910461,0.2185550332069397,0.7282087206840515
0.3370304703712463,0.3778730034828186,0.7252184748649597
0.313893973827362,0.2659380137920379,0.1756496131420135
0.5845441818237305,0.458969384431839,0.4213303029537201
0.67851322889328,0.646683931350708,0.755618691444397
0.4977003335952759,0.5203419327735901,0.6236065626144409
0.2580654323101043,0.5220767259597778,0.4280471205711365
0.9483249187469482,0.7270898818969727,0.7382333874702454
0.138178139925003,0.0898150950670242,0.1118813753128051
0.9999999403953552,0.1968187838792801,0.1968187838792801
0.2159294337034225,0.3474364280700683,0.1606684029102325
0.7213398218154907,0.5016618967056274,0.5235821008682251
1.0,0.3939312398433685,0.3939312398433685
0.4674142003059387,0.3742743134498596,0.1359762251377105
0.3295241594314575,0.323876678943634,0.9308332204818726
0.0359574407339096,0.0110664861276745,-0.002093935618177
0.6678721904754639,0.6885006427764893,0.8316574096679688
0.5871589779853821,0.5666290521621704,0.9481114149093628
0.2953929901123047,0.3069996833801269,0.9438203573226928
0.0,0.0879823118448257,0.0
0.970165193080902,0.5087479948997498,0.5182760953903198
0.8285840153694153,0.6062849164009094,0.7143776416778564
0.3607150316238403,0.3595379590988159,0.3819778263568878
0.3350867629051208,0.4604220390319824,0.4860007166862488
0.5396798849105835,0.5340936779975891,0.5454855561256409
0.0,0.0,0.0415039286017417
0.6464192271232605,0.2571112811565399,0.1158488690853118
0.5109539031982422,0.4107095599174499,0.5056419372558594
0.5529192686080933,0.3721300959587097,0.0318223014473915
0.0,0.05362468957901,0.0
0.2487497925758361,0.1987653523683548,0.0181192103773355
0.7291171550750732,0.6241214871406555,0.4732971489429474
0.046721875667572,0.2411281019449234,0.0679180696606636
0.0401536114513874,0.3358142375946045,0.0694358199834823
0.7863823175430298,0.2797361612319946,0.2409130334854126
0.4798119366168976,0.4783493280410766,0.9945496320724488
0.7548958659172058,0.7425276041030884,0.1575487852096557
0.1353518962860107,0.0,0.0
0.7870051860809326,0.227793276309967,0.3593770265579223
0.981801450252533,0.1334872543811798,0.1075863614678382
0.4684124886989593,0.4649241268634796,0.5600425004959106
0.6078572273254395,0.3439473807811737,0.1545499265193939
0.7938235402107239,0.4697541296482086,0.7275471687316895
0.3984328210353851,0.0588947609066963,0.0208424665033817
0.2853645086288452,0.2015073597431183,0.9138684272766112
0.2439447492361068,0.2077473402023315,0.3837537765502929
0.7338227033615112,0.8767902255058289,0.7954939603805542
0.8551917672157288,0.85990971326828,0.915192484855652
0.8686793446540833,0.6789100766181946,0.2352369874715805
0.6713720560073853,0.6416767835617065,0.8069015741348267
0.2825278341770172,0.811609148979187,0.2729605734348297
0.9074394702911376,0.7557373046875,0.7507636547088623
0.4382399022579193,0.4169632196426391,0.8273600339889526
0.3997575044631958,0.1592747420072555,0.7882664203643799
0.5649136304855347,0.1955734491348266,0.1654926538467407
0.7231519222259521,0.8229951858520508,0.5752419233322144
0.5991246104240417,0.9766926169395448,0.5979459285736084
0.725785493850708,0.6947603821754456,0.930985689163208
0.8360671401023865,0.1784705221652984,0.1262941211462021
0.2858748137950897,0.6567707061767578,0.0840220376849174
0.255375862121582,0.1017289012670517,0.8823639154434204
0.0469661615788936,0.1084196493029594,0.0
0.0247431322932243,0.3231664001941681,0.6579252481460571
0.6513615846633911,0.2480781078338623,0.2807296812534332
0.6533265709877014,0.6522059440612793,0.7145135402679443
0.7340222597122192,0.8856383562088013,0.740615963935852
0.4379231333732605,0.6867183446884155,0.3938387930393219
0.608150839805603,0.5936739444732666,0.921031892299652
0.7313441038131714,0.637871265411377,0.7771035432815552
0.3468204140663147,0.3415212035179138,0.8235127925872803
0.5150784850120544,0.470806360244751,0.6190690994262695
0.6583083271980286,0.1222781985998153,0.1198403686285018
0.2731142044067383,0.1884562373161316,0.1806367933750152
0.8191057443618774,0.8564984798431396,0.753814697265625
0.0950372815132141,0.0839016959071159,0.141411080956459
0.584091305732727,0.584091305732727,1.0000001192092896
0.1116937175393104,0.7049504518508911,0.1918539702892303
0.3959245383739471,0.3836426734924316,0.9017049074172974
0.6238170862197876,0.4863832592964172,0.6958789229393005
0.559543251991272,0.0732928663492202,0.5728023648262024
0.5468674898147583,0.3113557696342468,0.0759056955575943
0.4200698435306549,0.2736636102199554,0.6502103805541992
0.7947659492492676,0.7508520483970642,0.8447695970535278
0.8226259350776672,0.807454526424408,0.9318971633911132
0.6011723279953003,0.012719246558845,0.0376383401453495
0.0,0.0,0.0
0.1670397818088531,0.1630580723285675,0.0483348593115806
0.4562668800354004,0.2760151028633117,0.4505149126052856
0.225922480225563,0.2172977179288864,0.7916408181190491
0.2462668567895889,0.2769902944564819,0.7979855537414551
0.3319910764694214,0.5380712747573853,0.3390525281429291
0.480395644903183,0.2538012266159057,0.1624554991722107
0.3793182075023651,0.9417366981506348,0.3607341647148132
0.6963963508605957,0.3061423897743225,0.3671733438968658
0.1689641326665878,0.3559174537658691,0.204835295677185
0.4763215780258178,0.1134978905320167,0.1924307197332382
0.1643552184104919,0.1595738977193832,0.2206470519304275
0.3691998124122619,0.3098922371864319,0.4833967685699463
0.5197479724884033,0.5377107858657837,0.9502108097076416
0.4344849288463592,0.5248718857765198,0.2987831234931946
0.4284961819648742,0.22449591755867,0.2639885246753692
0.0708169564604759,0.0646765977144241,0.0352849215269088
0.25335693359375,0.0924407914280891,0.0965474024415016
0.6669191122055054,0.7541784048080444,0.7756898403167725
0.5190461277961731,0.3452351093292236,0.1816871613264084
0.21551114320755,0.230062186717987,0.6825259923934937
0.1968046724796295,0.2668701708316803,0.1404160261154174
0.5977026224136353,0.080114372074604,0.1728309392929077
0.405195951461792,0.0906681343913078,0.0670135617256164
0.8615847826004028,0.603271484375,0.5714545249938965
0.3550018668174743,0.3788134753704071,0.7483068108558655
0.4672477841377258,0.3501165807247162,0.2599377632141113
0.6742364764213562,0.6194702386856079,0.7629062533378601
0.6166970729827881,0.3125408291816711,0.3066410422325134
0.39314866065979,0.3108194470405578,0.2138149738311767
0.3180363774299621,0.2549155950546264,0.444132387638092
0.7916364073753357,0.6660356521606445,0.812644898891449
0.0,0.0,0.0
0.6830320954322815,0.3847312927246094,0.3661118447780609
0.3966692984104156,0.4066151678562164,0.2956728637218475
0.6410423517227173,0.7159120440483093,0.7580233812332153
0.8736048936843872,0.6266089081764221,0.6365630030632019
0.4144134223461151,0.1810760200023651,0.0559715405106544
-0.0119661083444952,0.0514378547668457,0.0011282085906714
0.2274021208286285,0.4905209839344024,0.2319183349609375
0.7847148776054382,0.0997938588261604,0.0406889989972114
0.801277756690979,0.5684586763381958,0.3659506440162658
0.9461315870285034,0.6694998145103455,0.6638166904449463
0.3190393447875976,0.498241662979126,0.3361834287643432
0.3631012439727783,0.0515420883893966,0.1408394873142242
0.1045511960983276,0.4094031453132629,0.0965180695056915
0.458218514919281,0.0792082473635673,0.7049504518508911
1.0,0.3971880078315735,0.3971880674362182
0.0,0.0,0.1813611835241317
0.3902047574520111,0.8531495332717896,0.4032573699951172
0.6129052042961121,0.4603851437568664,0.3853726387023926
0.4142749905586242,0.2958199083805084,0.2160881161689758
0.3080753087997436,0.12612846493721,0.0848293900489807
0.4437293410301208,0.4437293410301208,1.0
0.8595316410064697,0.3836221396923065,0.3955451250076294
0.3312299251556396,0.5986142754554749,0.2751409411430359
0.0,0.021512871608138,0.4136753380298614
0.5802897214889526,0.5578737854957581,0.7003089189529419
0.3063451051712036,0.2606017887592315,0.5242334604263306
0.2813557088375091,0.6206502914428711,0.3368469476699829
0.2628622651100158,0.2410805523395538,0.3780940771102905
0.032854963093996,0.2246821075677871,0.1702761054039001
0.1768838614225387,0.1662335395812988,0.5067071318626404
0.9721111059188844,0.9034031629562378,0.9361984729766846
0.0239127017557621,0.3713527321815491,0.0068085207603871
0.4403152167797088,0.4415785670280456,0.9578514099121094
0.4988514184951782,0.427959144115448,0.4444200396537781
0.6646471619606018,0.1351166367530822,0.1299844682216644
0.0132708651944994,0.0625302121043205,0.0270191896706819
0.7391302585601807,0.1231347918510437,0.2719317078590393
0.2401304692029953,0.2273461371660232,0.5581188201904297
0.3976129293441772,0.3443544507026672,0.356013536453247
0.1547417342662811,0.1500621289014816,0.921146035194397
0.9148312211036682,0.5819992423057556,0.6666488647460938
0.1663706600666046,0.4670293629169464,0.0774698555469513
0.5497992038726807,0.9123165607452391,0.5651190280914307
0.6661560535430908,0.4178271889686584,0.5671736598014832
0.0175660625100135,0.0607366934418678,0.6150339245796204
0.7493910789489746,0.3680598139762878,0.3639940619468689
0.1244104951620101,0.0828235447406768,0.1008616164326667
0.7986577749252319,0.3095918297767639,0.4769966006278991
0.8724077343940735,0.5503638982772827,0.5699722170829773
0.3560678958892822,0.2952763438224792,0.6515359282493591
0.1387260109186172,0.4693431258201599,0.1181856989860534
0.6036113500595093,0.6661653518676758,0.8183505535125732
0.8352142572402954,0.7295818328857422,0.8588807582855225
0.3493466973304748,0.1321851313114166,0.311258852481842
0.8126572370529175,0.321054071187973,0.3266568183898926
0.620099663734436,0.6405563950538635,0.4934235215187073
0.928992748260498,0.4834518134593963,0.4437313675880432
-0.0719268321990966,0.0938555896282196,0.1047809049487114
0.6196644306182861,0.6349642276763916,0.2689139246940613
0.9362212419509888,0.4561933279037475,0.4270978569984436
0.801537036895752,0.8685150146484375,0.7563233375549316
0.6707038283348083,0.2430524230003357,0.2293244749307632
0.4065278172492981,0.2329521775245666,0.1157262101769447
0.2771605253219604,0.1485585719347,0.0791468396782875
0.3841249346733093,0.2737451791763305,0.5815228223800659
0.22693632543087,0.2449923753738403,0.7557417750358582
0.848155677318573,0.0194566287100315,0.0791971236467361
0.300690084695816,0.2384084612131118,0.1354443132877349
0.536331295967102,0.2987020611763,0.1683874726295471
0.7664755582809448,0.6459147334098816,0.6945599317550659
0.7481070756912231,0.4562240540981293,0.3340389132499695
0.7594271898269653,0.6507152915000916,0.8183891773223877
0.2910941839218139,0.2217129170894622,0.3808261752128601
0.7139852643013,0.0,0.0
0.8991141319274902,0.600189208984375,0.6606694459915161
0.911818265914917,0.4440995156764984,0.5136069059371948
0.0456975810229778,0.0693080574274063,0.6629135012626648
0.8600060939788818,0.5034198760986328,0.5779098272323608
0.2631022334098816,0.2601092755794525,0.2346271872520446
0.3184121251106262,0.2061362266540527,0.302146852016449
0.7047826051712036,0.4579862356185913,0.6674089431762695
0.0911726355552673,0.1141228973865509,0.5710881352424622
0.6551087498664856,0.7210527658462524,0.6888538599014282
0.5258858799934387,0.5088379979133606,0.5355888605117798
0.3578141927719116,0.3642805218696594,0.4282385110855102
0.7710026502609253,0.7177717089653015,0.901779055595398
0.1966901272535324,0.3017640113830566,0.2053623348474502
0.6912448406219482,0.6960264444351196,0.6854395866394043
0.2070727795362472,0.6779050230979919,0.0808821022510528
0.6440194845199585,0.6682391166687012,0.503472626209259
0.9333962202072144,0.7963218688964844,0.8089916706085205
0.4591753482818603,0.6073706150054932,0.7467041015625
0.2987359166145324,0.347856730222702,0.1819948256015777
0.1038728952407836,0.1065745502710342,0.0
0.4658806025981903,0.3920208811759949,0.5505588054656982
0.4509354531764984,0.1184642687439918,0.4981645941734314
0.7481851577758789,0.8399748206138611,0.6987629532814026
0.3519212007522583,0.518681526184082,0.2939769029617309
0.5326942801475525,0.1173747181892395,0.0856639221310615
0.2807396650314331,0.3567131161689758,0.1940020024776458
0.3579633235931396,0.458338975906372,0.4778655171394348
0.5259838700294495,0.2921069860458374,0.4449429512023926
0.0974647104740142,0.3286008536815643,0.0868094116449356
0.2234280705451965,0.2625483572483063,0.4753868579864502
0.7164561152458191,0.6400994062423706,0.8757632970809937
0.2855254411697387,0.1705941408872604,0.679244339466095
0.5821677446365356,0.3201023936271667,0.2403606474399566
0.2279142141342163,0.0148781361058354,0.0560250058770179
0.7876088619232178,0.5481693744659424,0.5438013672828674
0.2702267169952392,0.2451306283473968,0.5179964900016785
0.2386082261800766,0.2044900357723236,0.2707745134830475
0.6740903854370117,0.2513750195503235,0.2143428176641464
0.6325554251670837,0.0932352542877197,0.0916765630245208
0.34384685754776,0.2929227948188782,0.3232394158840179
0.512866735458374,0.3065721690654754,0.3803912997245788
0.6179627776145935,0.2903989851474762,0.5136125087738037
0.6483638882637024,0.5001116991043091,0.8320897817611694
0.5660208463668823,0.0687674731016159,0.1264757364988327
0.5771375894546509,0.5254846811294556,0.7694534063339233
0.2679740786552429,0.5822548866271973,0.1574433147907257
0.4311063289642334,0.7004982233047485,0.0011151223443448
0.4277470707893371,0.2469433844089508,0.1809983700513839
0.1422244310379028,0.6360957026481628,0.1552099585533142
0.0972715094685554,0.0582848750054836,0.515230655670166
0.3901304006576538,0.2246488779783249,0.0905352756381034
0.5337972640991211,0.4948257803916931,0.8786370754241943
0.3848081231117248,0.4838964343070984,0.5491188168525696
0.0983585193753242,0.0547970533370971,0.1629970371723175
0.3518531024456024,0.5091062784194946,0.2627400457859039
0.0,0.0,0.0162170380353927
0.4175163209438324,0.6619069576263428,0.3938676118850708
0.7426906228065491,0.7207698225975037,0.8497136831283569
0.6292714476585388,0.5924405455589294,0.4779770374298095
0.5240111351013184,0.6336654424667358,0.6886626482009888
0.5270724296569824,0.3882412314414978,0.4213561415672302
0.582186222076416,0.582186222076416,1.0
0.0970538333058357,0.1678203344345092,0.3575655221939087
0.3809822797775268,0.3546643853187561,0.4724788665771484
0.2039472758769989,0.2409358620643615,0.1967146694660186
0.2265955507755279,0.202124074101448,0.8780034780502319
0.1957478821277618,0.2166153490543365,0.1302084624767303
0.250289112329483,0.0805132389068603,0.0402629487216472
0.1981805562973022,0.2943234443664551,0.586181640625
0.1308936178684234,0.1526507437229156,0.522099494934082
0.1553444117307663,0.1071260794997215,0.3600483536720276
0.0737871900200843,0.0737871900200843,1.0
0.3873482942581177,0.1046565696597099,0.0972614362835884
0.0467956475913524,0.0320498086512088,0.1865730583667755
0.2927951216697693,0.2248448729515075,0.4756606221199035
0.5510108470916748,0.4902199506759643,0.7607403993606567
0.3215934038162231,0.2598302364349365,0.8252184391021729
0.5487397909164429,0.1628126204013824,0.1561844050884246
0.3323037922382355,0.5146511793136597,0.7442247867584229
0.5424578189849854,0.6034616231918335,0.8815739154815674
0.2736000418663025,0.2279684394598007,0.3771584630012512
0.5974725484848022,0.1173857450485229,0.0701949521899223
0.1847705245018005,0.2319744080305099,0.2199330478906631
0.6947575807571411,0.624947190284729,0.6463454961776733
0.6615011692047119,0.6528550386428833,0.9152008295059204
0.4374715089797973,0.6579481959342957,0.0659311413764953
0.0,0.0,0.0
0.1445789933204651,0.2825623750686645,0.1974018663167953
0.7576795220375061,0.7576795220375061,1.0
0.4554489552974701,0.2367535233497619,0.1303041130304336
0.500657856464386,0.3835690915584564,0.5476898550987244
0.8568274974822998,0.8760364055633545,0.7608644962310791
0.2200346887111663,0.0549303330481052,0.0405025631189346
0.6455268859863281,0.7163922190666199,0.7742765545845032
0.9454327821731568,0.5200031995773315,0.5443915128707886
0.5681971311569214,0.2601355314254761,0.3520277440547943
0.1241567805409431,0.0878207758069038,0.2127235531806945
0.5752686858177185,0.4812852144241333,0.4664251506328583
0.771315336227417,0.2120786011219024,0.0951863750815391
0.7790738344192505,0.738120436668396,0.8002187013626099
0.4318423271179199,0.111016571521759,0.0260502863675355
0.6393184661865234,0.6638675928115845,0.9420524835586548
0.1891449689865112,0.2853577733039856,0.2053011953830719
0.8750934600830078,0.1992152333259582,0.249440535902977
0.8082860112190247,0.683424174785614,0.6973527073860168
0.3137989640235901,0.0552952773869037,0.058816097676754
0.5695822834968567,0.6485318541526794,0.6644304990768433
0.7475966215133667,0.1812930256128311,0.1761575043201446
0.3428354263305664,0.2903284728527069,0.3564216494560241
0.1386740952730178,0.4733204841613769,0.1508959829807281
0.5339298248291016,0.0192134119570255,0.0881363451480865
0.9342526197433472,0.7630044221878052,0.744788646697998
0.5841127634048462,0.8189105987548828,0.4393205642700195
0.0827055126428604,0.8313199281692505,0.0836860984563827
0.9835006594657898,0.5496722459793091,0.5430307984352112
0.4955318868160248,0.5090665221214294,0.8116723299026489
0.4724162817001343,0.3106490969657898,0.196886271238327
0.7928606271743774,0.7928606271743774,1.0
0.7259427309036255,0.7137335538864136,0.7870249152183533
0.22917240858078,0.1462525427341461,0.0420252010226249
0.1751329898834228,0.3505322933197021,0.0782213360071182
0.1978052705526352,0.0438578203320503,0.0444734320044517
0.3245267271995544,0.4905936419963836,0.4400996565818786
0.0833858326077461,0.1339383870363235,0.1499558836221695
0.7424511909484863,0.4515988826751709,0.5130494236946106
0.7355362176895142,0.7849307656288147,0.564366340637207
0.8391788005828857,0.6695592403411865,0.637908935546875
0.0,0.0,0.3388908207416534
0.1717419922351837,0.7314468026161194,0.6933226585388184
0.5659797191619873,0.4553725123405456,0.2622106671333313
0.2689520716667175,0.1907225400209427,0.1194955855607986
0.287333071231842,0.2785537242889404,0.96048903465271
0.2406067699193954,0.5921738147735596,0.0559671111404895
0.2054801732301712,0.1887314021587371,0.7518307566642761
0.1015637591481208,0.1098317429423332,0.0802270472049713
0.2355538159608841,0.4060860872268677,0.1095259040594101
0.7340953350067139,0.7340953350067139,1.0
0.4712108373641968,0.4617014229297638,0.6430360078811646
0.4030287265777588,0.2690962553024292,0.3100194931030273
0.5470597147941589,0.353187620639801,0.3296298384666443
