pos_sim,neg_sim,pos_neg_sim
0.6734508275985718,0.6175535917282104,0.6982216835021973
0.9693596363067628,0.5848404169082642,0.579695999622345
0.2566668391227722,0.281467080116272,0.8844296336174011
0.7692321538925171,0.2197030186653137,0.1555248349905014
0.6802628040313721,0.4969914555549621,0.5971685647964478
0.5076502561569214,0.1794947385787964,0.1963463723659515
0.0929269641637802,0.6937415599822998,0.0859417021274566
0.2568882405757904,0.4655916094779968,0.1352470815181732
0.9715909957885742,0.7720706462860107,0.7985861301422119
0.6717046499252319,0.7904573678970337,0.6446732878684998
0.9119569063186646,0.619620680809021,0.6531240940093994
0.3464148342609405,0.3211322426795959,0.6300321221351624
0.8236346244812012,0.777093768119812,0.9293370842933656
0.7826622724533081,0.6207970380783081,0.7285865545272827
0.2812215685844421,0.2561713755130768,0.0895667225122451
0.8958017826080322,0.6863232851028442,0.6629184484481812
0.702338695526123,0.5494108200073242,0.2219227999448776
0.5883298516273499,0.5149819850921631,0.2758435010910034
0.6460543870925903,0.604259729385376,0.8381472826004028
0.5741055011749268,0.5546678900718689,0.960972547531128
0.778240442276001,0.1605563461780548,0.2104080915451049
0.2550130486488342,0.2377178370952606,0.484047532081604
0.6894156336784363,0.536252498626709,0.7094302177429199
0.7354040145874023,0.6897611618041992,0.884513795375824
0.866339385509491,0.3713615536689758,0.3524709343910217
0.037097830325365,0.3638343214988708,0.6782584190368652
0.8498250246047974,0.7664466500282288,0.8742373585700989
0.580904483795166,0.58132004737854,0.7422961592674255
0.4817840754985809,0.5785449743270874,0.5576293468475342
0.5678321719169617,0.6748391389846802,0.1812633872032165
0.8918466567993164,0.5831707715988159,0.6365804672241211
0.5537744760513306,0.4791455268859863,0.3218075633049011
0.1795737594366073,0.3384066224098205,0.1200617104768753
0.7894762754440308,0.551106333732605,0.6431521773338318
0.7891321182250977,0.4356732666492462,0.5289161801338196
0.1190473362803459,0.2727240324020386,0.110234834253788
0.6938799619674683,0.5299524664878845,0.1940217614173889
0.9231398105621338,0.7078136205673218,0.7099974751472473
0.3922336995601654,0.493012934923172,0.0907393246889114
0.4864346981048584,0.4937261939048767,0.688084065914154
0.8232244253158569,0.5490007996559143,0.6607300043106079
0.0729888081550598,0.0669801086187362,0.3788819909095764
0.7723724246025085,0.6491999626159668,0.8355197906494141
0.0711373090744018,0.0619605928659439,0.1049776971340179
0.7156963348388672,0.717125654220581,0.8508307933807373
0.7300825119018555,0.5642759799957275,0.7335625886917114
0.8774365186691284,0.7506635189056396,0.7458384037017822
0.3319443464279175,0.1298568546772003,0.0756248086690902
0.8388944864273071,0.6311248540878296,0.7391790151596069
0.9083858728408812,0.8279197812080383,0.9180942177772522
0.2915444672107696,0.3102020919322967,0.014573480002582
0.2775335311889648,0.32768315076828,0.507520318031311
0.0677558034658432,0.0669277608394622,0.0
0.676128089427948,0.2114862501621246,0.1896050423383712
0.8483701348304749,0.4192103743553161,0.4872720837593078
0.5435872077941895,0.6250389814376831,0.1545395255088806
0.6221612691879272,0.5762035846710205,0.9065524339675904
0.1001249253749847,0.1308412998914718,0.0200598649680614
0.8177019357681274,0.668596088886261,0.857292115688324
0.4370361268520355,0.4046577215194702,0.8422093987464905
0.2729268074035644,0.4855575263500213,0.1130257621407508
0.7425422668457031,0.7015457153320312,0.876233696937561
0.948767364025116,0.7867628335952759,0.8199436068534851
0.6580151319503784,0.6646026968955994,0.7476410865783691
0.6216737031936646,0.5822463035583496,0.7637433409690857
0.8792064189910889,0.3765245378017425,0.1064991578459739
0.5013971328735352,0.4668259024620056,0.7719365358352661
0.8278495073318481,0.7240505814552307,0.7710922956466675
0.1390538215637207,0.2231359332799911,0.1707852184772491
0.9188559651374816,0.7543224096298218,0.8112392425537109
1.0,0.1031667739152908,0.1031667739152908
0.1665638983249664,0.195547267794609,0.8298745155334473
0.8932368755340576,0.7912089228630066,0.885656476020813
0.5148796439170837,0.081155925989151,0.0416689254343509
0.8821525573730469,0.7251982688903809,0.731106162071228
0.7789546251296997,0.7380469441413879,0.8352030515670776
0.7600849866867065,0.3955282568931579,0.2416282892227172
0.6026003360748291,0.4653933644294739,0.100883662700653
0.206320971250534,0.1229046732187271,0.5717740654945374
0.4224987626075744,0.2576665878295898,0.6251195669174194
0.5974377989768982,0.910474181175232,0.3507176041603088
0.6694780588150024,0.5899346470832825,0.81141197681427
0.6127969026565552,0.5685832500457764,0.8537642955780029
0.6351926922798157,0.5640540719032288,0.8390048742294312
0.6552116274833679,0.1438284218311309,0.1573543846607208
0.8842110633850098,0.9221352338790894,0.9534759521484376
0.7831307649612427,0.6107557415962219,0.7800273895263672
0.6465847492218018,0.7189525365829468,0.7921444773674011
0.5753515958786011,0.5738477110862732,0.6402333974838257
0.8176851868629456,0.8249951601028442,0.9640548229217528
0.9903360605239868,0.3844540417194366,0.3872134089469909
0.9338700771331788,0.2321049273014068,0.2298135012388229
0.9382956624031068,0.8157860040664673,0.864271879196167
0.0819452106952667,0.2276913076639175,0.0762550085783004
0.1577848643064499,0.6049132943153381,0.092776358127594
0.7574498653411865,0.5351996421813965,0.6730855703353882
0.7394267320632935,0.3415120244026184,0.1282097399234771
0.4221206307411194,0.36741703748703,0.7891150712966919
0.8038747906684875,0.7139338850975037,0.8546060919761658
0.4901299476623535,0.8782080411911011,0.2870747745037079
0.8376350402832031,0.8222528696060181,0.8175036311149597
0.8122311234474182,0.1935513913631439,0.1509549021720886
0.1916539669036865,0.1296163946390152,0.2128612995147705
0.4862889647483825,0.1458403021097183,0.0622703582048416
0.6873623132705688,0.6018900871276855,0.5332244634628296
0.7646007537841797,0.2830994427204132,0.2764713764190674
0.8792650103569031,0.7800395488739014,0.8837053179740906
0.6615031957626343,0.6719979047775269,0.7099592685699463
0.5277106761932373,0.0907578617334365,0.0623567998409271
0.8788014054298401,0.040485143661499,0.0318810380995273
0.5933934450149536,0.5854585766792297,0.6785871386528015
0.6343955993652344,0.2336479872465133,0.1895380169153213
0.6651005744934082,0.232244536280632,0.2211323976516723
0.604576587677002,0.5317738652229309,0.7426987886428833
0.1889663338661193,0.1822989881038665,0.1423036158084869
0.4439321756362915,0.1048488169908523,0.1224592328071594
0.3781026005744934,0.3479862809181213,0.6781086325645447
0.55495685338974,0.5103718042373657,0.7292567491531372
0.4699406921863556,0.1534349769353866,0.1623495519161224
0.7589890956878662,0.6730838418006897,0.6557987928390503
0.9485540986061096,0.5977613925933838,0.6237108707427979
0.9999999403953552,0.7627161741256714,0.7627161741256714
0.1571514755487442,0.515358567237854,0.088509514927864
0.6109529137611389,0.657329797744751,0.0548453405499458
0.8676815032958984,0.7075361609458923,0.7960544228553772
0.7516311407089233,0.1644338369369506,0.1611551642417907
0.6929614543914795,0.5136024951934814,0.6197601556777954
0.0652728229761123,0.1481226682662964,0.0323166288435459
0.4005941152572632,0.5723766088485718,0.5608490109443665
0.7125861644744873,0.2426036149263382,0.1553390771150589
0.1276494562625885,0.1363697350025177,0.1667035967111587
0.827234148979187,0.1091250330209732,0.0622394531965255
0.1927916705608368,0.1066037267446518,0.1794383972883224
0.4349508285522461,0.5475580096244812,0.6082895994186401
0.7761441469192505,0.6685447096824646,0.6763347387313843
0.1648828387260437,0.2273880839347839,0.0875069350004196
0.6605757474899292,0.0823769122362136,0.0629580020904541
0.5538630485534668,0.433690071105957,0.1506439298391342
0.5616867542266846,0.4498513638973236,0.712664008140564
0.1080716401338577,0.6862673163414001,0.1471204906702041
0.8606224656105042,0.740918755531311,0.8441498279571533
0.337013304233551,0.2965421676635742,0.7623047828674316
0.2124903053045272,0.1771483868360519,0.1571746468544006
0.0851028561592102,0.0826875865459442,0.1049776971340179
0.3326522707939148,0.237410768866539,0.8432869911193848
0.0887994840741157,0.0916522443294525,0.210963100194931
0.6630157232284546,0.601641058921814,0.8412274122238159
0.6961409449577332,0.7728832960128784,0.7372605800628662
0.9172376990318298,0.7752798795700073,0.779472827911377
0.9282246232032776,0.2326445281505584,0.1868746727705001
0.5372317433357239,0.2912945747375488,0.2304814606904983
0.7799431085586548,0.0384890474379062,0.0096167344599962
0.2321406155824661,0.2200692147016525,0.5343557000160217
0.7776497602462769,0.709284782409668,0.8821471929550171
0.6313652992248535,0.4938693940639496,0.6839672327041626
0.9522451758384703,0.3888397514820099,0.3941953182220459
0.2266846597194671,0.0319321788847446,0.0711754783987999
0.8862854242324829,0.7886638641357422,0.8663008213043213
0.6612930297851562,0.6424562931060791,0.8079929947853088
0.6108149290084839,0.5985450148582458,0.2142196297645568
0.6481572389602661,0.6974374651908875,0.6801657676696777
0.6963679194450378,0.1604950129985809,0.1123418658971786
0.8730391263961792,0.7634759545326233,0.8540660738945007
0.3260810375213623,0.7156981825828552,0.3655504584312439
0.5936726927757263,0.5874229669570923,0.9832257032394408
0.7656500935554504,0.6735859513282776,0.8633861541748047
0.5788366794586182,0.2082664221525192,0.2434856444597244
0.5776282548904419,0.5498781800270081,0.5598329901695251
0.9855415225028992,0.9331052899360656,0.9245044589042664
0.7959486246109009,0.675788402557373,0.714676022529602
0.8979807496070862,0.2889420986175537,0.2758368551731109
0.921845316886902,0.7653342485427856,0.7157992720603943
1.0000001192092896,0.1483411192893982,0.1483411192893982
0.4346312880516052,0.3745147883892059,0.7614138722419739
0.4564593136310577,0.6573965549468994,0.1629437059164047
0.1377339214086532,0.082833245396614,0.0
0.6798577308654785,0.3942559957504272,0.2421987056732177
1.0,0.735855221748352,0.735855221748352
0.5780524015426636,0.661530613899231,0.1443192958831787
0.531109094619751,0.3146594166755676,0.7040325403213501
0.2657588720321655,0.2474614530801773,0.654167890548706
0.2047798931598663,0.2113326489925384,0.5597878694534302
0.9973955154418944,0.8144702911376953,0.8159096240997314
0.7341163754463196,0.635960578918457,0.8923026323318481
0.9038251638412476,0.7763066291809082,0.8346161246299744
0.0775781795382499,0.0536437444388866,0.0
0.7714771628379822,0.4591597020626068,0.5631638765335083
0.7054492235183716,0.758043646812439,0.7777831554412842
0.5592085123062134,0.3094525635242462,0.3937273323535919
0.778577446937561,0.8079328536987305,0.866811990737915
0.9989248514175416,0.5665167570114136,0.5665820240974426
0.850877583026886,0.329888254404068,0.3417844176292419
0.6660435795783997,0.5777206420898438,0.3015554547309875
0.8509899973869324,0.6517356038093567,0.7391536235809326
0.6096738576889038,0.4247177243232727,0.5184836387634277
0.3970151245594024,0.0991773903369903,0.0866549313068389
0.3407662212848663,0.0491000562906265,0.041495893150568
0.9733058214187622,0.5657984614372253,0.5683866739273071
0.1813145875930786,0.185799703001976,0.7454743385314941
0.7327349185943604,0.4467800855636596,0.6998230218887329
0.506200909614563,0.0663078725337982,0.1481717675924301
0.6367502212524414,0.6080586314201355,0.8503507971763611
0.5359959006309509,0.1594986617565155,0.0624199099838733
0.1945796310901641,0.2140399664640426,0.6659256219863892
0.4169441163539886,0.4099985659122467,0.7569524049758911
0.1893845498561859,0.1853282153606414,0.2513420879840851
0.1166446581482887,0.1183965429663658,0.276980310678482
0.0936887934803962,0.1375384628772735,0.7290265560150146
0.6949397325515747,0.2313046008348465,0.2267747968435287
0.534883975982666,0.8208701610565186,0.5315819978713989
0.9993441104888916,0.6391991376876831,0.6406946182250977
0.614446222782135,0.5484272241592407,0.7622109651565552
0.6328747272491455,0.2952401638031006,0.399812638759613
0.6122428774833679,0.1344801932573318,0.0547330304980278
0.1884940266609192,0.6536635160446167,0.1077529191970825
0.7037678956985474,0.5837453007698059,0.7404531240463257
0.6662088632583618,0.6500870585441589,0.9107764959335328
0.1187956929206848,0.1112050339579582,0.0915141701698303
0.7896578311920166,0.9627636075019836,0.7770578265190125
0.9482839107513428,0.6319342851638794,0.6624720692634583
0.804820716381073,0.1932836472988128,0.2009846270084381
0.8321821689605713,0.3602745234966278,0.3776252269744873
0.8042137026786804,0.6254234313964844,0.7889902591705322
0.5647265315055847,0.3966599702835083,0.4377819895744324
0.6294814348220825,0.3400503396987915,0.2516896724700928
0.9501259326934814,0.1018728613853454,0.1029363572597503
0.7996036410331726,0.3079969882965088,0.321409523487091
0.1650899052619934,0.1340703070163726,0.8858337998390198
0.4975908696651459,0.5112890005111694,0.7806195020675659
0.5367852449417114,0.5386404991149902,0.6861446499824524
0.052132561802864,0.0748166888952255,0.0902748107910156
0.6390591263771057,0.4904239475727081,0.6500411629676819
0.5544214844703674,0.4718825221061706,0.556459903717041
0.7961613535881042,0.6217813491821289,0.7240331172943115
0.4625350832939148,0.2042634189128875,0.7765913605690002
0.3019779026508331,0.0956074595451355,0.0606461092829704
0.8653304576873779,0.5097413063049316,0.5517784357070923
0.2836561203002929,0.2685063481330871,0.7569192051887512
0.4106929898262024,0.3152338862419128,0.2142946869134903
0.9745396375656128,0.6719339489936829,0.6823123097419739
0.5313868522644043,0.8155862092971802,0.1705798804759979
0.731269121170044,0.6995300054550171,0.9305758476257324
0.9909891486167908,0.8986057639122009,0.9013245105743408
0.87574303150177,0.1737474799156189,0.1802759915590286
0.5943700075149536,0.512444794178009,0.6898461580276489
0.7341447472572327,0.1581206023693084,0.1776113510131836
0.6476015448570251,0.6202172636985779,0.7907253503799438
0.6043582558631897,0.4413237273693084,0.4570111632347107
0.8231474161148071,0.1124636828899383,0.0942276418209075
0.3930097222328186,0.1243923604488372,0.0589557364583015
0.4749884009361267,0.3586262464523315,0.0953448265790939
0.6549649238586426,0.2056116908788681,0.1412644386291504
0.3225448131561279,0.1938652396202087,0.2646028697490692
0.8395800590515137,0.3763136863708496,0.4056600332260132
0.3693825602531433,0.3367782533168793,0.125776469707489
0.7089041471481323,0.1266818642616272,0.0879790559411048
0.8438610434532166,0.5316886901855469,0.6014457941055298
0.64255690574646,0.5853556394577026,0.8022350072860718
0.6590026617050171,0.6742393970489502,0.916326642036438
0.4143544435501098,0.2597530484199524,0.7509573698043823
0.9035317897796632,0.3202775418758392,0.3045617938041687
0.673438549041748,0.7677953243255615,0.7695162892341614
0.5796788334846497,0.5232069492340088,0.8277116417884827
0.3225866258144378,0.328780323266983,0.8691228628158569
0.3766575455665588,0.2011327147483825,0.2327799350023269
0.7301990985870361,0.5886391401290894,0.7247869968414307
0.0832676142454147,0.1386072635650634,0.5638774633407593
0.153676301240921,0.1224704086780548,0.1734391748905182
0.6119542121887207,0.1900832504034042,0.4849717020988464
0.8560642004013062,0.7679847478866577,0.7563415765762329
0.1601478457450866,0.1487452387809753,0.5428321361541748
0.6814494132995605,0.6727896928787231,0.5178956985473633
0.3831686973571777,0.2575802803039551,0.7979757189750671
0.5000655651092529,0.5022637844085693,0.8435705900192261
0.8108384609222412,0.5440229177474976,0.5670944452285767
0.7656510472297668,0.5875850915908813,0.72559654712677
0.9212619066238404,0.8971853852272034,0.970887303352356
0.9205309152603148,0.3115115761756897,0.3027100563049316
0.1043248623609542,0.0749540030956268,0.0277920309454202
0.6399299502372742,0.4362640380859375,0.088925763964653
0.8605517148971558,0.3160049021244049,0.3536887764930725
0.2323611080646515,0.6998994946479797,0.1725662350654602
0.1991210579872131,0.1160988807678222,0.0814208686351776
0.6138080358505249,0.7022345066070557,0.7114601135253906
0.8291237354278564,0.6933281421661377,0.7828492522239685
0.3430961668491363,0.2428006380796432,0.3950762748718261
0.8291528224945068,0.7479755878448486,0.8847479820251465
0.3508183360099792,0.292360246181488,0.1220275983214378
0.7246280312538147,0.7092421650886536,0.960417628288269
0.7205324172973633,0.6224460005760193,0.5305414795875549
0.9208341240882874,0.720609724521637,0.7829481363296509
0.8176102042198181,0.6946600675582886,0.7850499153137207
0.6894649863243103,0.6270890235900879,0.8289271593093872
0.7674599289894104,0.6926862597465515,0.8863796591758728
0.6511034965515137,0.2298676371574401,0.1819821149110794
0.3105171322822571,0.3548641800880432,0.6333657503128052
0.8158391714096069,0.8055044412612915,0.8685065507888794
0.858566164970398,0.8538714647293091,0.9117918610572816
1.0,0.7754020094871521,0.7754020094871521
0.4774391651153564,0.2606122195720672,0.1159684509038925
0.3031093776226043,0.0880480855703353,0.0780482292175293
0.552046537399292,0.1382228136062622,0.1705663502216339
0.3349794447422027,0.6063268184661865,0.4645192623138428
0.8273842334747314,0.2290237098932266,0.3121666312217712
0.7319258451461792,0.5938515067100525,0.7156442403793335
0.6454517245292664,0.2128602266311645,0.105569414794445
0.6355822086334229,0.6711454391479492,0.902884840965271
0.5728081464767456,0.7468409538269043,0.6727856397628784
0.3192192614078522,0.1158715710043907,0.0194036737084388
0.763116717338562,0.3852569758892059,0.4002936780452728
0.6056667566299438,0.5850749611854553,0.7715096473693848
0.7774391174316406,0.9017329812049866,0.8230798840522766
0.4934387803077698,0.1612085700035095,0.3239757120609283
0.9449382424354552,0.3321950435638428,0.2852000892162323
0.8965315818786621,0.0346228033304214,0.0395314656198024
0.1617408990859985,0.1683628112077713,0.4873044788837433
0.6917383670806885,0.5801441073417664,0.7795653343200684
0.2599535286426544,0.299377977848053,0.8608765602111816
0.0945961698889732,0.1698426604270935,0.1496351063251495
0.3774407505989074,0.0166075378656387,0.0
0.4498302340507507,0.6006315350532532,0.4673694968223572
0.6134110689163208,0.598839521408081,0.713198721408844
0.7080488204956055,0.2374050319194793,0.3188931941986084
0.7044468522071838,0.5191680192947388,0.5730429887771606
0.442884087562561,0.8747885227203369,0.4113178551197052
0.9162346720695496,0.0157886929810047,0.0056588505394756
0.2211991548538208,0.5721232891082764,0.2037223130464553
0.8973065614700317,0.1515139937400818,0.1282262653112411
0.3194239139556885,0.2763829827308655,0.8300325870513916
0.647061824798584,0.6040446162223816,0.7625545263290405
0.5245479345321655,0.4308938384056091,0.6493051052093506
0.4574555456638336,0.5423030853271484,0.3864114582538605
0.6416683197021484,0.2897608876228332,0.26171875
0.7315738201141357,0.6668838262557983,0.8720287084579468
0.8383285999298096,0.2478234022855758,0.1753738522529602
0.1556642055511474,0.1426223963499069,0.2055619060993194
0.930891752243042,0.6838666796684265,0.7176762819290161
0.2261945456266403,0.0842871963977813,0.0565959177911281
0.6579859256744385,0.1743357479572296,0.2597140073776245
0.7991490364074707,0.4533385634422302,0.5009720325469971
0.881505012512207,0.628319501876831,0.6953991651535034
0.5769404172897339,0.0679991543292999,0.1071898192167282
0.93909353017807,0.5390498638153076,0.6541725397109985
0.6567236185073853,0.4087825715541839,0.3663448095321655
0.842581033706665,0.6755250692367554,0.776111900806427
0.5520161390304565,0.6609565019607544,0.5432938933372498
0.5702193975448608,0.2403885424137115,0.1883460879325866
0.3066557645797729,0.8339797258377075,0.3772702813148498
0.6813445091247559,0.603652834892273,0.8604172468185425
0.3187717795372009,0.2301743477582931,0.5761359930038452
0.6451034545898438,0.5750263929367065,0.5720060467720032
0.5753125548362732,0.554104745388031,0.818232536315918
0.8723432421684265,0.4797382950782776,0.1002564281225204
0.4112491011619568,0.2755406498908996,0.6571686863899231
0.9450883865356444,0.8406508564949036,0.847975492477417
0.8892537355422974,0.2412842214107513,0.2793269753456116
0.6677432060241699,0.582690417766571,0.7483620643615723
0.0585696101188659,0.5748617649078369,0.0
0.2855148911476135,0.3402476906776428,0.2235520482063293
0.6436349153518677,0.3226547241210937,0.3986785411834717
0.918736457824707,0.7328280806541443,0.6331340670585632
0.6995820999145508,0.1535346060991287,0.1410459280014038
0.7637984752655029,0.7760080099105835,0.9086537957191468
0.1262752115726471,0.1817886680364608,0.594544529914856
0.3386431932449341,0.1662790179252624,0.4934582114219665
0.2599706649780273,0.1246352791786193,0.4718193709850311
0.0706596672534942,0.1543881148099899,0.0976184755563736
0.7186169624328613,0.5573716163635254,0.1567582339048385
0.1775348484516143,0.7498431205749512,0.0079017989337444
0.5548252463340759,0.6525471210479736,0.1806996017694473
0.5346830487251282,0.6357384324073792,0.1282652616500854
0.5332589149475098,0.5771573781967163,0.7221828699111938
0.7697693705558777,0.5204705595970154,0.5681031346321106
0.8150022029876709,0.7049733996391296,0.7612732648849487
0.7127167582511902,0.2592420876026153,0.2203883230686187
0.3202225863933563,0.2776475846767425,0.3182034492492676
0.7115309238433838,0.5779964923858643,0.6571873426437378
0.5369998216629028,0.1721363365650177,0.2326035499572754
0.7181156277656555,0.700130045413971,0.9418283700942992
0.5497791767120361,0.1339359879493713,0.0643607676029205
0.2124161720275879,0.001714564859867,0.0465685650706291
0.7382054328918457,0.659725546836853,0.7313766479492188
0.4511550664901733,0.5371996760368347,0.4594012498855591
0.5336663126945496,0.1712707579135894,0.2206856608390808
0.4936985671520233,0.4263250231742859,0.6783984303474426
0.5699795484542847,0.2727158069610595,0.2079938799142837
0.8398712277412415,0.6507254242897034,0.7506749629974365
0.854119062423706,0.28268963098526,0.2737338542938232
0.8787097930908203,0.2048676908016204,0.2330698668956756
0.5968998074531555,0.1840620785951614,0.0991741269826889
0.4335841834545135,0.3049096465110779,0.5888357758522034
0.7939460277557373,0.3687714636325836,0.4411873519420624
0.985944390296936,0.2546871304512024,0.2443296015262603
0.9507845044136048,0.9102733731269836,0.8702295422554016
0.2139900624752044,0.1559699177742004,0.4320357143878937
0.6824426651000977,0.2522085011005401,0.3442485332489013
0.7399414777755737,0.1943028569221496,0.1525571644306183
0.3474480807781219,0.3098056316375732,0.6401787996292114
0.5689398646354675,0.5091738700866699,0.6226627826690674
0.7377520799636841,0.6923537254333496,0.9144467115402222
0.7802389860153198,0.7274219989776611,0.8171418905258179
0.3241516351699829,0.3168466091156006,0.3243042528629303
0.7302340269088745,0.6991217136383057,0.7795089483261108
0.2394860982894897,0.2660945057868957,0.8529512882232666
0.2040064632892608,0.2272593677043914,0.3442485332489013
0.2326373159885406,0.2151757776737213,0.2634240984916687
0.7661136388778687,0.8077577352523804,0.8335886001586914
0.3595894575119018,0.383388340473175,0.7333431243896484
0.5477961301803589,0.5585404634475708,0.8432869911193848
0.5361614227294922,0.2491464018821716,0.6901956796646118
0.0596512630581855,0.6104824542999268,0.0739999264478683
0.7107963562011719,0.5117246508598328,0.163530632853508
0.7355396747589111,0.0405719801783561,0.1070247888565063
0.7463232278823853,0.375804990530014,0.4485231041908264
0.6530731320381165,0.7715693116188049,0.799990177154541
0.760918915271759,0.220407485961914,0.1547909379005432
0.9357588291168212,0.2046863138675689,0.2267632633447647
0.7028420567512512,0.5176031589508057,0.6212198734283447
0.2267636358737945,0.2920545935630798,0.2463656365871429
0.2166611105203628,0.2280459702014923,0.3151392042636871
0.852765679359436,0.8571041226387024,0.9899842739105223
0.6718462705612183,0.1454172134399414,0.1268573999404907
0.1650391221046447,0.2280905842781067,0.3416094779968261
0.9091212153434752,0.805835485458374,0.9019386768341064
0.2831134796142578,0.2023065686225891,0.103820189833641
0.1766513437032699,0.1712454855442047,0.252973198890686
0.6178270578384399,0.5655806064605713,0.6970034837722778
0.0975532680749893,0.0435524433851242,0.0249416232109069
0.555479109287262,0.5068494081497192,0.5887594223022461
0.575444757938385,0.4804617762565613,0.6723675727844238
0.8314417600631714,0.4098157584667206,0.4372754096984863
0.7187379598617554,0.6739912033081055,0.8731001615524292
0.6115823984146118,0.2446530759334564,0.308447778224945
0.3459102511405945,0.2445591688156128,0.1642713248729705
0.5035873651504517,0.4562147259712219,0.8486206531524658
0.076236143708229,0.0643133670091629,0.0235767588019371
0.7755453586578369,0.7050327062606812,0.8458539247512817
0.3963997960090637,0.2783055305480957,0.8456728458404541
0.7608510851860046,0.5827345252037048,0.6800121665000916
0.8436460494995117,0.7234213352203369,0.8023176193237305
0.8848916292190552,0.6201269626617432,0.5930929183959961
0.664158284664154,0.6675970554351807,0.9626595973968506
0.2807031869888305,0.428733229637146,0.2716467976570129
0.674015998840332,0.2064042091369629,0.1708407551050186
0.2331820726394653,0.3911499381065368,0.2520807087421417
0.7748711109161377,0.7758787870407104,0.9034069776535034
0.2495465129613876,0.1559379696846008,0.3196503520011902
0.7301614880561829,0.3964419960975647,0.3617960810661316
0.4741461873054504,0.442541241645813,0.7240296602249146
0.7943335175514221,0.2521265149116516,0.215909868478775
0.313180148601532,0.3154716789722442,0.7370767593383789
0.2303884178400039,0.3629065752029419,0.1589652597904205
0.7334685325622559,0.5213614106178284,0.6456085443496704
1.0,0.6923962831497192,0.6923962235450745
0.7967374920845032,0.7512794733047485,0.9282647371292114
0.6747891902923584,0.5747529864311218,0.8123823404312134
0.216083139181137,0.2529532313346863,0.3715679347515106
0.7776594161987305,0.328484445810318,0.3400055468082428
0.958691418170929,0.6833526492118835,0.7005486488342285
0.4913027584552765,0.4505318403244018,0.5992576479911804
0.6700702905654907,0.6244913339614868,0.828490138053894
0.8439415097236633,0.0394487045705318,0.043158546090126
0.7799597978591919,0.5648002028465271,0.5971214175224304
0.4927530586719513,0.1054174229502677,0.0445991903543472
0.4287301898002624,0.3627226948738098,0.0700640380382537
0.5473314523696899,0.6005951762199402,0.6620376110076904
0.8484447002410889,0.8484447002410889,1.0
0.7353495359420776,0.7102818489074707,0.95883971452713
0.2063815593719482,0.6595034003257751,0.1436433494091034
0.2477709054946899,0.1020939350128173,0.1462815701961517
0.5764514207839966,0.5543369054794312,0.6022403240203857
0.9869164228439332,0.7738448977470398,0.7870448231697083
0.0233829393982887,0.7014141082763672,0.0225416049361228
0.7019895315170288,0.632402777671814,0.8475757837295532
0.4327514767646789,0.2113068401813507,0.0557442866265773
1.0000001192092896,0.3621506989002228,0.3621506989002228
0.8407835960388184,0.8864055871963501,0.9359453916549684
0.801673173904419,0.7595837116241455,0.8510143160820007
0.8582292795181274,0.8663405179977417,0.9520159959793092
0.7620055675506592,0.7624230980873108,0.8866766691207886
0.7040122747421265,0.3061848878860473,0.3125505149364471
0.2315082550048828,0.5786329507827759,0.2750514447689056
0.9267125129699708,0.7170709371566772,0.7563238143920898
0.7846581935882568,0.4511971771717071,0.5281738638877869
0.6553992033004761,0.6177093982696533,0.7596641778945923
0.5061373710632324,0.4388565421104431,0.5084571242332458
0.2038979828357696,0.3911312818527221,0.3406016826629638
0.780190110206604,0.7622009515762329,0.7645544409751892
0.9483457803726196,0.1952732503414154,0.1916848421096801
0.8092485070228577,0.7629246711730957,0.8021447062492371
0.980783224105835,0.9538086652755736,0.9471825361251832
0.3409664034843445,0.3599281907081604,0.7819067239761353
0.7174776792526245,0.6189125776290894,0.7602421641349792
0.9026153087615968,0.1532059460878372,0.1517877578735351
0.2662883400917053,0.0772381052374839,0.1746429502964019
0.8562754392623901,0.7375521659851074,0.7488939762115479
0.6315734386444092,0.4848746061325073,0.6181679368019104
0.8856685161590576,0.2913647294044494,0.268682599067688
0.4519525170326233,0.1118117645382881,0.0693557262420654
0.7848855257034302,0.7089970111846924,0.7320888638496399
0.7664892673492432,0.3530943393707275,0.2690050601959228
0.7034414410591125,0.2136828601360321,0.3442485332489013
0.8493643999099731,0.6600073575973511,0.7176326513290405
0.6538286209106445,0.5592858791351318,0.7240816354751587
0.4447535276412964,0.3894968032836914,0.4043650329113006
0.8561998605728149,0.6946542859077454,0.6425360441207886
0.1779742091894149,0.1902591288089752,0.6530457735061646
0.8442360162734985,0.7331447005271912,0.8974224328994751
0.6713824272155762,0.7115728259086609,0.730843722820282
0.1053381040692329,0.1550885140895843,0.2667506337165832
0.8522889614105225,0.7323238849639893,0.8589409589767456
0.7751979827880859,0.776589035987854,0.9730905294418336
0.8220252990722656,0.7486180067062378,0.861187756061554
0.6127781867980957,0.7946305274963379,0.6872626543045044
0.2166990637779235,0.3369132280349731,0.227097287774086
0.1862404346466064,0.068779706954956,0.2468743771314621
0.9971961379051208,0.8265128135681152,0.8259690403938293
0.6511950492858887,0.5909035205841064,0.8115054368972778
0.9127519130706788,0.2087362557649612,0.2052128463983535
0.6604094505310059,0.6074241399765015,0.9258641004562378
0.5664816498756409,0.2137283533811569,0.2049380540847778
0.5065069198608398,-0.0017262361943721,0.0627372786402702
0.2011522501707077,0.4989247322082519,0.0825216472148895
0.7471820712089539,0.7217768430709839,0.9393106698989868
0.8899386525154114,0.7245779037475586,0.6525207757949829
0.7317847013473511,0.4390972256660461,0.5246585607528687
0.2366609871387481,0.2161754220724105,0.4962118268013
0.6373946666717529,0.2655076086521148,0.1710698306560516
0.10984967648983,0.0787316262722015,0.0557150170207023
0.2271002680063247,0.0850229710340499,0.0557150170207023
0.2534501552581787,0.1499731242656707,0.2152441442012787
0.4579573273658752,0.2435408234596252,0.2328920364379882
0.6585378646850586,0.6494101881980896,0.9309605360031128
0.7436539530754089,0.2437486201524734,0.2390152513980865
0.283805102109909,0.4131690263748169,0.2343182116746902
0.5289202928543091,0.8913378715515137,0.5724105834960938
0.6591632962226868,0.664787232875824,0.6773475408554077
0.6800670623779297,0.5773506760597229,0.8778592348098755
0.2092761248350143,0.2073011696338653,0.8006626963615417
0.3043540716171264,0.3188366889953613,0.7655878067016602
0.7045320272445679,0.6381320953369141,0.7867091298103333
0.9520583152770996,0.8640202283859253,0.8224269151687622
0.6354610919952393,0.1157195270061492,0.0858170092105865
0.8085684180259705,0.1714794337749481,0.1356460154056549
0.8563019037246704,0.2423349022865295,0.2942878901958465
0.603096604347229,0.3852275907993316,0.228622019290924
0.4913343787193298,0.3150186538696289,0.2158985882997512
0.5795387029647827,0.4277597069740295,0.3072063028812408
0.5377564430236816,0.4954636991024017,0.5640977621078491
0.8388640284538269,0.8800767660140991,0.7516905069351196
0.7138673067092896,0.5979844331741333,0.7466539144515991
0.751952052116394,0.6236273646354675,0.7169110774993896
0.6196932792663574,0.2638477087020874,0.1778027266263961
0.9192962646484376,0.2799248993396759,0.293486475944519
0.7952817678451538,0.5346574783325195,0.5622498989105225
0.188135340809822,0.8642309308052063,0.1905682384967804
0.6855525970458984,0.6654156446456909,0.7737100124359131
0.6506439447402954,0.6161129474639893,0.6724228858947754
0.6959714889526367,0.4859955608844757,0.7198325991630554
0.5925203561782837,0.5613017678260803,0.924890398979187
0.7505937218666077,0.5598112344741821,0.6283592581748962
0.6523289680480957,0.5247461795806885,0.516220211982727
0.7643073797225952,0.1420054733753204,0.1169097572565078
0.4109562039375305,0.404700756072998,0.7794657945632935
0.8780099153518677,0.6187187433242798,0.6188109517097473
0.5931951999664307,0.5021626353263855,0.6032570600509644
0.8372025489807129,0.8150070309638977,0.9824930429458618
0.665910005569458,0.6250713467597961,0.8337605595588684
0.6356018781661987,0.604336142539978,0.8217595815658569
0.6895084977149963,0.5956417322158813,0.5331865549087524
0.8986888527870178,0.8368818759918213,0.7602644562721252
0.6986099481582642,0.1672356128692627,0.1250902563333511
0.5948862433433533,0.514214038848877,0.8110255002975464
0.7529179453849792,0.5906217098236084,0.7338319420814514
0.7197092175483704,0.4323184788227081,0.4571207165718078
1.0,0.0398193970322608,0.0398193970322608
0.2572458982467651,0.2889354825019836,0.3793551325798034
0.2845534682273865,0.1587436199188232,0.1371200829744339
0.8376569747924805,0.5246111750602722,0.6278293132781982
0.3497294485569,0.344212532043457,0.70572829246521
0.732040286064148,0.5874204635620117,0.6623830795288086
0.1352913975715637,0.0508932657539844,0.1472577452659607
0.1839417219161987,0.1744179874658584,0.2554022967815399
0.0857943966984748,0.0909666717052459,0.1483311057090759
0.3899291753768921,0.2204583883285522,0.2241217941045761
0.9061335921287536,0.8435435891151428,0.8747134804725647
0.5246590971946716,0.5035749077796936,0.7218920588493347
0.2124205976724624,0.2269644290208816,0.4962118268013
0.8401631712913513,0.5587136745452881,0.5565231442451477
0.8777691125869751,0.8222010731697083,0.9344155788421632
0.6039077639579773,0.6150594353675842,0.9319882988929749
0.6328660249710083,0.7316759824752808,0.6350823640823364
0.7670707702636719,0.7020707726478577,0.8894362449645996
0.221536099910736,0.269208014011383,0.4156818985939026
0.8117395639419556,0.6339545249938965,0.8705143928527832
0.5887366533279419,0.6047596335411072,0.8871409296989441
0.7664341926574707,0.5149842500686646,0.6658340096473694
0.8331224918365479,0.839345395565033,0.7435915470123291
0.6283180117607117,0.6116394996643066,0.6613245010375977
0.9679743051528932,0.5915626287460327,0.599600613117218
0.0903147384524345,0.2329736649990081,0.1065739318728447
0.8492447137832642,0.5706117153167725,0.6189860105514526
0.6403952836990356,0.7609097957611084,0.3448213636875152
0.9999998807907104,0.847369909286499,0.847369909286499
0.6199601292610168,0.5866079926490784,0.8034236431121826
0.3652008771896362,0.2997191548347473,0.8554578423500061
0.0822506844997406,0.1742145121097564,0.0701225847005844
0.2370397597551345,0.0,0.0
0.5757211446762085,0.5625724792480469,0.6024565696716309
0.5091445446014404,0.7155704498291016,0.4125069379806518
0.8529704809188843,0.6413055658340454,0.692626953125
0.8777989149093628,0.4858944416046142,0.5575404167175293
0.6538673043251038,0.6178870797157288,0.7405548095703125
0.8636616468429565,0.92251455783844,0.9135078191757202
0.5891857147216797,0.2723479866981506,0.2319444119930267
0.791417121887207,0.576734721660614,0.7919280529022217
0.8331191539764404,0.7095702290534973,0.7154071927070618
0.7343835830688477,0.2315805256366729,0.1877394616603851
0.7834386229515076,0.4867892563343048,0.5691074728965759
0.1426531076431274,0.1720458269119262,0.1321889907121658
0.8465937972068787,0.7865579128265381,0.871158242225647
0.6541057825088501,0.6155290603637695,0.9058237075805664
0.6003713607788086,0.5994598269462585,0.7478978633880615
0.7436609268188477,0.6918195486068726,0.8428587913513184
0.2711513936519623,0.2302553802728653,0.8432799577713013
0.7821829319000244,0.4312769174575805,0.4213373363018036
0.3691996932029724,0.2634708285331726,0.42308509349823
0.5688230395317078,0.5724345445632935,0.7132951617240906
0.5161689519882202,0.5283275842666626,0.489847868680954
0.8585912585258484,0.6918497681617737,0.6545519828796387
0.3536997437477112,0.2524322271347046,0.5310158729553223
0.971266746520996,0.2490452378988266,0.2506254315376282
0.5109274983406067,0.5180841088294983,0.6424224376678467
0.8241112232208252,0.5133676528930664,0.4569894075393677
0.5150216817855835,0.4475321173667907,0.2282292991876602
0.2892387509346008,0.319443941116333,0.2440633773803711
0.5326857566833496,0.3872417211532593,0.3039540946483612
0.9463216066360474,0.6050667762756348,0.6291365027427673
0.7517805099487305,0.6230361461639404,0.6739768981933594
0.4865371584892273,0.4129833579063415,0.703824520111084
0.9934205412864684,0.183560162782669,0.1856386959552765
0.8526262044906616,0.0452175289392471,0.2538565397262573
0.8862823843955994,0.8491023778915405,0.8489516973495483
0.1387048661708831,0.1120911240577697,0.8458203077316284
0.8405394554138184,0.1609755754470825,0.1493187248706817
0.8177120685577393,0.835787832736969,0.9643826484680176
0.690514087677002,0.0112736644223332,0.018180776387453
0.7167997360229492,0.3113639056682586,0.3398752212524414
0.4647025465965271,0.1639161705970764,0.0877226367592811
0.7855133414268494,0.3614547848701477,0.4234172701835632
0.1980086117982864,0.2839052379131317,0.4425098299980163
0.8343600034713745,0.8006582260131836,0.7700036764144897
0.8297439813613892,0.4784572124481201,0.4905675649642944
0.7799086570739746,0.7024924755096436,0.9230250120162964
0.5860707759857178,0.538091778755188,0.727232038974762
0.8393138647079468,0.3702786564826965,0.3515122234821319
0.6878547668457031,0.4623356461524963,0.5232709646224976
0.6181759834289551,0.0823703408241272,0.0991652011871337
0.8291258215904236,0.5750139951705933,0.6266087889671326
0.4467382729053497,0.3531569242477417,0.5897235870361328
0.2799816131591797,0.5514956116676331,0.2507331371307373
0.2354631721973419,0.2354755997657776,0.8727942705154419
0.1255655437707901,0.1832478046417236,0.2009478956460952
0.219388261437416,0.1649155616760254,0.7165118455886841
0.1799786686897277,0.9413037896156312,0.1708284169435501
0.8814877271652222,0.8057602643966675,0.7714929580688477
0.1394895166158676,0.1593260467052459,0.0832317024469375
0.7950646877288818,0.2205045074224472,0.1835461556911468
0.6291307210922241,0.4207899570465088,0.5105069875717163
0.8011146187782288,0.7393985986709595,0.7502714395523071
0.4225478172302246,0.2385948151350021,0.0796734914183616
0.9068570137023926,0.8653168678283691,0.8726553320884705
0.8306857347488403,0.3417825996875763,0.3095520436763763
0.8230891227722168,0.672813355922699,0.7858967781066895
0.4558588862419128,0.4435269832611084,0.0986403673887252
0.9652661085128784,0.945763349533081,0.973074436187744
0.6488572359085083,0.2826192677021026,0.303568571805954
0.7625794410705566,0.7034053802490234,0.9025989770889282
0.975245475769043,0.874439001083374,0.8984277248382568
0.7155447006225586,0.2170408964157104,0.1824541389942169
0.8106507062911987,0.8165110349655151,0.8787120580673218
0.2823086082935333,0.6453434228897095,0.0911632776260376
0.6517261266708374,0.6184462308883667,0.9359899759292604
0.7586618661880493,0.3104176521301269,0.3930985927581787
0.3935649991035461,0.3689756989479065,0.5587462186813354
0.4812721312046051,0.433360755443573,0.2741824984550476
0.3371568322181701,0.0849655196070671,0.0454096719622612
0.8777954578399658,0.2812731862068176,0.2691792249679565
0.7539849877357483,0.1283305138349533,0.1321624517440796
0.7100741863250732,0.3038204610347748,0.3310892283916473
0.823776125907898,0.9014774560928344,0.90162593126297
0.2655398249626159,0.3109910488128662,0.0662736296653747
0.4001505076885223,0.3487058579921722,0.952195644378662
0.6792016625404358,0.5335050821304321,0.6244257092475891
0.09705251455307,0.0635748282074928,0.0593749955296516
0.3745962083339691,0.6396080255508423,0.354591816663742
0.5335981845855713,0.0596046149730682,0.1540631353855133
0.7225267291069031,0.318416565656662,0.139502614736557
0.1170262396335601,0.2794722318649292,0.2377642095088958
0.9225503206253052,0.6117464303970337,0.6576021313667297
0.0225004181265831,-0.0054529476910829,0.077580913901329
0.2170038521289825,0.2122209817171096,0.7999265789985657
0.8818486928939819,0.7487632036209106,0.8332839012145996
0.805927574634552,0.647446870803833,0.8756604790687561
0.5156179666519165,0.1519807279109954,0.1461167484521865
0.8874632120132446,0.6619864106178284,0.6869977116584778
0.7100803256034851,0.4896416962146759,0.6490969657897949
0.2496030330657959,0.2131332457065582,0.3369888663291931
0.901737093925476,0.3316417336463928,0.3503478467464447
0.6331149935722351,0.1274800896644592,0.0500502027571201
0.0597307458519935,0.1217029243707656,0.0259386748075485
0.3160572052001953,0.7354085445404053,0.0916070342063903
0.4382866024971008,0.7063844203948975,0.4707378149032593
0.7902876138687134,0.6018717885017395,0.7007741332054138
0.6213725805282593,0.587986409664154,0.8178001046180725
0.4535591006278991,0.2291392087936401,0.1140931695699691
0.4433824419975281,0.1912102699279785,0.1013381630182266
0.0902219414710998,0.1950486004352569,0.005046241916716
0.4307248592376709,0.3178558349609375,0.4644197225570678
0.4363604187965393,0.5308234691619873,0.4051454067230224
0.8686230778694153,0.3450321555137634,0.3164152204990387
0.4593222141265869,0.2877126932144165,0.1987863034009933
0.9152644276618958,0.7636083960533142,0.8194539546966553
0.3455799221992492,0.33542600274086,0.6120461225509644
0.6489142775535583,0.4027397334575653,0.2111158370971679
0.7362060546875,0.6638469696044922,0.8815262913703918
0.7967211604118347,0.6807792782783508,0.6500370502471924
0.6444666385650635,0.4720852971076965,0.6909357905387878
0.8497519493103027,0.5777746438980103,0.7149983048439026
0.660426139831543,0.6612348556518555,0.778267502784729
0.3432326018810272,0.1647334098815918,0.246653139591217
0.3102090358734131,0.1448869556188583,0.6548547148704529
0.6861928701400757,0.6983498334884644,0.9173292517662048
0.738161563873291,0.7700620889663696,0.8649948835372925
0.7256288528442383,0.6711043119430542,0.8885265588760376
0.6541237831115723,0.7472720146179199,0.2135180830955505
0.6953111886978149,0.7051129341125488,0.9054481983184814
0.8500896096229553,0.6128803491592407,0.7352916598320007
0.92669415473938,0.0942193642258644,0.0939585268497467
0.5565329194068909,0.4970492124557495,0.8691196441650391
0.715920090675354,0.6097369194030762,0.8742465972900391
0.6623014211654663,0.5904570817947388,0.6415367722511292
0.3693413734436035,0.2095427513122558,0.3051840662956238
0.8012892007827759,0.6529949903488159,0.7752421498298645
0.9313275814056396,0.198702871799469,0.2041800767183303
0.6902542114257812,0.6067134141921997,0.8350787162780762
0.8915361166000366,0.8934692144393921,0.9799048900604248
0.5309900045394897,0.5127501487731934,0.818408727645874
0.2098352313041687,0.2940065264701843,0.1775488257408142
0.4117500782012939,0.3308818936347961,0.4086405038833618
0.6807750463485718,0.6863219141960144,0.927271842956543
0.9999998807907104,0.1495127975940704,0.1495127975940704
0.7181146144866943,0.5520550012588501,0.704026997089386
0.5413029193878174,0.2013438791036605,0.7744199633598328
0.2205828428268432,0.1713242083787918,0.2761139869689941
0.7494807839393616,0.407755434513092,0.5187010169029236
0.4520903825759887,0.3135126233100891,0.7481440305709839
0.7696278095245361,0.5925601720809937,0.7401406764984131
0.5978514552116394,0.284972220659256,0.5092882513999939
0.6056091785430908,0.6386240720748901,0.596139132976532
0.2744414210319519,0.2407766580581665,0.1179171651601791
0.7462800741195679,0.6412242650985718,0.7329814434051514
0.9738429188728333,0.6024525165557861,0.6224013566970825
0.2825773060321808,0.179573118686676,0.9521576166152954
0.5384983420372009,0.2660693228244781,0.180714726448059
0.7993273735046387,0.813652753829956,0.8868652582168579
0.6569304466247559,0.6166712045669556,0.7229452729225159
0.3497543334960937,0.5460130572319031,0.1717571318149566
0.5042679905891418,0.4457641243934631,0.6726783514022827
0.4231228530406952,0.0972786694765091,0.0485475957393646
0.2509419322013855,0.7532249689102173,0.0999771207571029
0.726352334022522,0.7244976162910461,0.7360703945159912
0.879023551940918,0.447379320859909,0.4477864503860473
0.5246144533157349,0.5874547958374023,0.7985015511512756
0.708464503288269,0.4567095041275024,0.32508584856987
0.1458945423364639,0.8058311343193054,0.1192497760057449
0.7192180156707764,0.4700418412685394,0.5072592496871948
0.8030373454093933,0.6648037433624268,0.802956759929657
0.5135080814361572,0.3982022106647491,0.64546799659729
0.316646933555603,0.6001472473144531,0.4229862093925476
0.7176852822303772,0.2072761207818985,0.161639004945755
0.7021397352218628,0.6871940493583679,0.7367225885391235
0.7347128391265869,0.1524029076099395,0.2257382422685623
0.618822455406189,0.5850143432617188,0.9249042272567748
0.7740246653556824,0.1207564175128936,0.1140240430831909
0.6324713826179504,0.5822817087173462,0.74531090259552
0.6492327451705933,0.4902246594429016,0.6653116941452026
0.8145033121109009,0.7949973344802856,0.9693830609321594
0.3467129170894623,0.2449371218681335,0.6632965803146362
0.6983393430709839,0.7129807472229004,0.9756617546081544
0.1245267242193222,0.1340767294168472,0.0734423249959945
0.5877277851104736,0.5813919305801392,0.5801557302474976
0.8390575647354126,0.6187320947647095,0.7074729204177856
0.4230986833572387,0.2258985340595245,0.4760109484195709
0.5510090589523315,0.5225708484649658,0.7876402139663696
0.2421150356531143,0.8367961645126343,0.0180473364889621
0.4188767075538635,0.6761300563812256,0.2658319473266601
0.7969316244125366,0.210742563009262,0.1516681015491485
0.8376091122627258,0.94785475730896,0.8828408122062683
0.2194488048553466,0.2130101025104522,0.948303520679474
0.7774215340614319,0.055971123278141,0.0440654754638671
0.9205845594406128,0.8034663200378418,0.8492733240127563
0.9532431960105896,0.6424428820610046,0.6507562398910522
0.2158206701278686,0.1231194213032722,0.052055574953556
0.7398334741592407,0.2153438627719879,0.1740180701017379
0.2343925088644027,0.6418546438217163,0.1216884478926658
0.690924882888794,0.5693885684013367,0.6020480990409851
0.419489324092865,0.2433577924966812,0.7305558323860168
0.5025418996810913,0.389501690864563,0.5639076232910156
0.1177022606134414,0.6000716090202332,0.119100272655487
0.5484002232551575,0.5749348402023315,0.8619575500488281
0.5862612724304199,0.6519351005554199,0.6328518390655518
0.7611323595046997,0.6366941928863525,0.7856892347335815
0.3815246522426605,0.2813496589660644,0.1452978551387787
0.4635157287120819,0.4107295274734497,0.7081454992294312
0.3266180753707886,0.3242412507534027,0.8913159370422363
0.814551830291748,0.7007393836975098,0.7860600352287292
0.9276727437973022,0.8075425028800964,0.8620314598083496
0.9091792106628418,0.902928590774536,0.7776616215705872
0.2782008051872253,0.2717831432819366,0.2509907782077789
0.6492677927017212,0.4376577734947204,0.5261278748512268
0.1112311780452728,0.1367660611867904,0.0909260064363479
0.915358304977417,0.7934772968292236,0.7803332209587097
0.4873584508895874,0.437517911195755,0.6774009466171265
0.5890142917633057,0.2310679852962494,0.1679163575172424
0.2335831224918365,0.4596576690673828,0.1485615521669387
0.5441399216651917,0.1698780804872512,0.6488621234893799
0.3288555145263672,0.2844071984291076,0.14573934674263
0.9470107555389404,0.0973611548542976,0.1016067713499069
0.3248873949050903,0.1658975780010223,0.1066214889287948
0.1505483239889145,0.2453329265117645,0.1061117649078369
0.6484838724136353,0.5287288427352905,0.7307339906692505
0.2820884883403778,0.1308223009109497,0.3771038651466369
0.7901636362075806,0.6175822019577026,0.7356458306312561
0.5682592988014221,0.2433210015296936,0.1524626761674881
0.8310510516166687,0.8056166172027588,0.9462336301803588
0.9214388132095336,0.5626567006111145,0.6106283664703369
0.6863266229629517,0.7228795886039734,0.7325331568717957
0.263653039932251,0.2997776865959167,0.3442485332489013
0.3898960053920746,0.4820198118686676,0.6756824851036072
0.8036950826644897,0.8972585797309875,0.8580706119537354
0.7521988153457642,0.2785950303077698,0.2653765678405761
0.1938545852899551,0.3663439154624939,0.1633544564247131
0.673517107963562,0.6353471279144287,0.9277368783950806
0.4885914325714111,0.4632838368415832,0.8499598503112793
0.5282647609710693,0.7821773290634155,0.1854337751865387
0.4926189184188843,0.3788369297981262,0.5179390907287598
0.5543774962425232,0.711803674697876,0.2653040289878845
0.9690998196601868,0.7002388834953308,0.721399188041687
0.4213819503784179,0.7654524445533752,0.2810401320457458
0.8110633492469788,0.6608651280403137,0.7777656316757202
0.9428211450576782,0.8819118142127991,0.9306733012199402
0.6635298728942871,0.6432108879089355,0.8855680227279663
0.6460940837860107,0.237320527434349,0.4101787507534027
0.7855282425880432,0.7402859926223755,0.9431654214859008
0.5939064025878906,0.5626291036605835,0.8060429096221924
0.9089100956916808,0.1848450303077697,0.1675275266170501
0.1822422295808792,0.5962619781494141,0.4848500788211822
0.2254974544048309,0.2569375932216644,0.2905063033103943
0.5818504095077515,0.5069796442985535,0.8760040402412415
0.3876972198486328,0.4345892667770386,0.6386233568191528
0.7374342679977417,0.8135392665863037,0.6514495015144348
0.7544262409210205,0.5992140769958496,0.7217357158660889
0.8360291719436646,0.4715312123298645,0.5607095956802368
0.9411814212799072,0.5213655233383179,0.6034154891967773
0.6888954043388367,0.756096601486206,0.7629548907279968
0.7879338264465332,0.2967821955680847,0.3163494169712066
0.1422930359840393,0.1323961317539215,0.0759111940860748
0.3839844465255737,0.397691935300827,0.6685487031936646
0.8857153654098511,0.6706631183624268,0.7377101182937622
0.9003205299377441,0.8857555985450745,0.8972474932670593
0.7406079769134521,0.6798157095909119,0.846187949180603
0.6034442186355591,0.6530963778495789,0.1739518642425537
0.6467783451080322,0.5998829007148743,0.7254158854484558
0.4072992205619812,0.3992565274238586,0.5493968725204468
0.7510305643081665,0.7576404809951782,0.985697329044342
0.4504318237304687,0.5409961938858032,0.2399563640356063
0.6839207410812378,0.5425301194190979,0.608858585357666
0.6228218078613281,0.445226103067398,0.6009906530380249
0.118465706706047,0.2668389678001404,0.0882178992033004
0.3424608409404754,0.3534263670444488,0.8946669101715088
0.1362807154655456,0.1914552152156829,0.3262108564376831
0.5329225063323975,0.3485551178455353,0.469097226858139
0.7108644843101501,0.0378342717885971,0.0179025717079639
0.4515626430511474,0.7020455598831177,0.0833966881036758
0.3286345899105072,0.5908700227737427,0.0782651975750923
0.8972113132476807,0.9133179187774658,0.8195763826370239
0.6459060907363892,0.3024312555789947,0.3536114990711212
0.9999999403953552,0.3454055190086365,0.3454055190086365
0.6645735502243042,0.2285645902156829,0.1558812856674194
0.2157033234834671,0.1482473611831665,0.2246957570314407
0.279936671257019,0.5294152498245239,0.2479309737682342
0.5691013932228088,0.4649347066879272,0.5756780505180359
0.701166033744812,0.7795339822769165,0.7674909830093384
0.7325023412704468,0.6338077783584595,0.757908046245575
0.7219816446304321,0.802000880241394,0.7714059352874756
0.8872686624526978,0.7121939063072205,0.7846294045448303
0.1284330338239669,0.7388867735862732,0.1503033339977264
0.306047111749649,0.0890597403049469,0.016528908163309
0.8221002817153931,0.2010792940855026,0.1961051225662231
0.8645926117897034,0.7273674607276917,0.778519868850708
0.5262596607208252,0.1903773099184036,0.2039654552936554
0.6902061104774475,0.6148867607116699,0.7894753217697144
0.0,0.1079597473144531,0.0
0.0943429768085479,0.1170072704553604,0.1755544394254684
0.7795403599739075,0.7242978811264038,0.9023444652557372
0.6209856271743774,0.5335126519203186,0.7132254242897034
0.668403148651123,0.051481507718563,0.0342792868614196
0.1896353960037231,0.4136092066764831,0.0822489112615585
0.1883748024702072,0.3307102620601654,0.1782421916723251
0.5987758040428162,0.7018369436264038,0.4681911468505859
0.8253300786018372,0.7407419681549072,0.8688919544219971
0.2444545626640319,0.6757621765136719,0.2092133313417434
0.8391423225402832,0.7475055456161499,0.8752748966217041
0.5177910923957825,0.4765270948410034,0.5873475074768066
0.7744373083114624,0.79135662317276,0.9111893177032472
0.6885641813278198,0.6427626609802246,0.8833369612693787
0.1076606512069702,0.1080631762742996,0.8192318081855774
0.749222993850708,0.5945994853973389,0.6251003742218018
0.8513257503509521,0.8440983295440674,0.7447905540466309
0.5794215202331543,0.3185399770736694,0.1910454928874969
0.2785000801086426,0.2524479627609253,0.5811859965324402
0.6208832263946533,0.3711009621620178,0.336355984210968
0.4324743747711181,0.0550134927034378,0.0846027880907058
0.1733927428722381,0.7920917272567749,0.1719593256711959
0.473587304353714,0.3954880833625793,0.7222015857696533
0.8115359544754028,0.4694035351276397,0.2846157252788543
0.6829711198806763,0.6686626672744751,0.6847738027572632
0.3975796997547149,0.2750506997108459,0.2241571545600891
0.8854826092720032,0.916649341583252,0.9161385297775269
0.6905203461647034,0.3158474862575531,0.3340427279472351
0.785442590713501,0.3141093552112579,0.2855796217918396
0.8077404499053955,0.7195656299591064,0.8752185106277466
0.5971729755401611,0.3087467849254608,0.3446395397186279
0.4533712267875671,0.1702480614185333,0.0982599332928657
0.9666656255722046,0.2154151499271392,0.2058793008327484
0.4094933867454529,0.7404516339302063,0.4293578565120697
0.1240980252623558,0.2198669910430908,0.2594978809356689
0.3729691803455353,0.0931400060653686,0.0753123611211776
0.6240701079368591,0.6040410399436951,0.8442404270172119
0.3159853219985962,0.5248309969902039,0.2858112156391144
0.9662089347839355,0.3018901944160461,0.3129854798316955
0.3501903712749481,0.7600441575050354,0.3328509330749511
0.2764352262020111,0.2658867835998535,0.3099773526191711
0.8567436337471008,0.612945020198822,0.601599931716919
0.8201041221618652,0.0839186459779739,0.0662454962730407
0.6980938911437988,0.6699245572090149,0.920669972896576
0.3224836587905884,0.2772902250289917,0.4575062394142151
0.6334279775619507,0.5081174373626709,0.7297095060348511
0.677414059638977,0.5070803165435791,0.6755037307739258
0.7084529995918274,0.5394800901412964,0.7131586074829102
0.134850412607193,0.0671268701553344,0.0311723574995994
0.791759729385376,0.5079435110092163,0.5413000583648682
0.8882704973220825,0.6389724016189575,0.6690582036972046
0.6854735612869263,0.5284464359283447,0.2358442991971969
0.7259012460708618,0.3313770890235901,0.3300513625144958
0.6459914445877075,0.3305776119232178,0.2912790775299072
0.62494957447052,0.6915652751922607,0.7779239416122437
0.216226726770401,0.339988648891449,0.6123107075691223
0.7430707216262817,0.2680455446243286,0.1190589740872383
0.6182935237884521,0.5625013113021851,0.8243296146392822
0.6505268216133118,0.7441308498382568,0.5759230852127075
0.1610409021377563,0.5419024229049683,0.1317865848541259
0.6204570531845093,0.8253790140151978,0.6257877349853516
0.6333962678909302,0.1477569043636322,0.1483648270368576
0.7257353067398071,0.1688966155052185,0.1315344125032425
0.9219772219657898,0.0470008514821529,0.0387835130095481
1.0,0.7797002196311951,0.7797002196311951
0.9054044485092164,0.0,0.0
0.9625660181045532,0.1911764144897461,0.1885681599378585
0.2362910509109497,0.2754567861557007,0.9267017841339112
0.8149982690811157,0.7058934569358826,0.865875244140625
0.8370261192321777,0.5923173427581787,0.6988118886947632
0.5843322277069092,0.284804105758667,0.5769855976104736
0.5642557144165039,0.1418505311012268,0.1400803923606872
0.491145372390747,0.6625339984893799,0.3326653242111206
0.5962713956832886,0.1262415498495102,0.041334144771099
0.9467136263847352,0.8136628866195679,0.8521401286125183
0.262352854013443,0.5477321147918701,0.3729777932167053
0.8079907894134521,0.7618169784545898,0.9098870754241944
0.9671454429626464,0.9247643947601318,0.9621617794036864
0.5776427388191223,0.9248617887496948,0.5575069189071655
0.8744489550590515,0.7049336433410645,0.7829689979553223
0.2585057020187378,0.2736345529556274,0.8462334275245667
0.7010625004768372,0.6225542426109314,0.8420277833938599
0.4940186142921448,0.3615272045135498,0.174687385559082
0.7901931405067444,0.6551110744476318,0.7688307762145996
0.6516888737678528,0.5670310258865356,0.8010553121566772
0.5591822862625122,0.5307430028915405,0.7875406742095947
0.9201452136039734,0.2631290853023529,0.2667736113071441
0.1167501956224441,0.1299307644367218,0.1049776971340179
0.4791023135185241,0.3837147355079651,0.6831084489822388
0.8212733268737793,0.644690752029419,0.364853024482727
0.1746198534965515,0.2508891820907593,0.0607093051075935
0.4801781177520752,0.1124160662293434,0.0867607146501541
0.272140771150589,0.1232543289661407,0.0907600075006485
0.2092611640691757,0.3445257544517517,0.105096660554409
0.8648949861526489,0.6117791533470154,0.5997684597969055
0.8610144257545471,0.5119308829307556,0.5702211856842041
0.7248997688293457,0.7183367013931274,0.7985522150993347
0.9931487441062928,0.7354193925857544,0.739014208316803
0.7756290435791016,0.7400355339050293,0.9286454319953918
0.716795802116394,0.1828743517398834,0.1997762620449066
0.6561566591262817,0.6813965439796448,0.9263170957565308
0.9580719470977784,0.8077836632728577,0.8277814388275146
0.5708664655685425,0.5033663511276245,0.4827322661876678
0.8554596900939941,0.1065551936626434,0.0691210627555847
0.86720871925354,0.5689957141876221,0.6097608804702759
0.847082257270813,0.7675298452377319,0.7258177399635315
0.5475549101829529,0.5520983338356018,0.8827111721038818
0.3647797107696533,0.139480173587799,0.1387355625629425
0.6613161563873291,0.2224370241165161,0.2694065570831299
0.5538691878318787,0.572918176651001,0.8315891623497009
0.137043297290802,0.1259959191083908,0.926906943321228
0.5006577968597412,0.4435253441333771,0.6405918002128601
1.0,0.1936355978250503,0.1936355978250503
0.5868798494338989,0.6217399835586548,0.4517167210578918
0.7064368724822998,0.2500395774841308,0.227903127670288
0.656975269317627,0.4002417922019958,0.1414690613746643
0.6257302761077881,0.3041092157363891,0.3055475354194641
0.19672492146492,0.4285663962364197,0.0526762679219245
0.1774515211582183,0.4921411275863647,0.1710110157728195
0.8141367435455322,0.5961834192276001,0.7140530347824097
0.439269095659256,0.3093048930168152,0.537779688835144
0.3666870594024658,0.3246355652809143,0.8320044279098511
0.6803969740867615,0.5757114291191101,0.690583348274231
0.9346864223480223,0.583652913570404,0.6027870178222656
0.6214779615402222,0.1570309102535247,0.1846641898155212
0.879997968673706,0.8134196400642395,0.7779237031936646
0.0622818283736705,0.2284262180328369,0.052241712808609
0.9460698962211608,0.8717777729034424,0.9170550107955932
0.833063542842865,0.7617442607879639,0.4566207528114319
0.2022424638271331,0.7298152446746826,0.1080455332994461
0.2136321067810058,0.1008965075016021,0.5329278707504272
0.4874984920024872,0.1652460694313049,0.1013444513082504
0.6123817563056946,0.5638031959533691,0.769142746925354
0.5557502508163452,0.0745867937803268,0.0870218127965927
0.9802069664001464,0.3611395955085754,0.3793858289718628
0.5775948762893677,0.5342668294906616,0.24212446808815
0.2159491628408432,0.0,0.0
0.7444448471069336,0.7971408367156982,0.8568456172943115
0.7113862037658691,0.5744069814682007,0.6909629702568054
0.4046662151813507,0.0177183412015438,0.0
0.9665259718894958,0.8838822245597839,0.90267014503479
0.9502152800559998,0.7943570017814636,0.7638520002365112
0.609104335308075,0.6371983289718628,0.6876970529556274
0.8029351830482483,0.6915029883384705,0.8523483872413635
0.6772867441177368,0.6393498182296753,0.5145205855369568
0.6456798315048218,0.7889056205749512,0.7210226655006409
0.6085889339447021,0.5422384142875671,0.6016138792037964
0.6350895166397095,0.4253318309783935,0.6498401165008545
0.5273289680480957,0.2988831400871277,0.7515047192573547
0.3640254139900207,0.069271445274353,0.071604385972023
0.7524518370628357,0.7518166303634644,0.8140583038330078
0.5388703942298889,0.6699559092521667,0.6383103132247925
0.9299635291099548,0.6168158054351807,0.6499462127685547
0.5300807952880859,0.5416435599327087,0.5268150568008423
0.641657829284668,0.5588417053222656,0.8205164670944214
0.4355239272117615,0.2339387834072113,0.5986608862876892
0.8982263803482056,0.1953741461038589,0.1521617621183395
0.0900871008634567,0.6321122646331787,0.0465568453073501
0.1800123453140258,0.1514365375041961,0.2583107352256775
0.5336335897445679,0.3283411562442779,0.5906842947006226
0.7694969773292542,0.7376738786697388,0.6213394403457642
0.7950108051300049,0.8041938543319702,0.7543457746505737
0.5337250232696533,0.4834950268268585,0.8462433815002441
0.5177564024925232,0.2079755067825317,0.1271210312843322
0.753355860710144,0.6739369630813599,0.7506903409957886
0.607330858707428,0.0933762937784195,0.3272569179534912
0.5719628930091858,0.5812507271766663,0.6611344218254089
0.7931570410728455,0.5754371285438538,0.686155378818512
0.5689358711242676,0.5846130847930908,0.6908358335494995
0.6697088479995728,0.2826466858386993,0.353807121515274
0.8640997409820557,0.6519589424133301,0.7117480635643005
0.2691524028778076,0.1989524662494659,0.7101608514785767
0.6045714616775513,0.2134225964546203,0.2222983539104461
0.396558403968811,0.5636061429977417,0.1598231494426727
0.733954906463623,0.6331389546394348,0.7418256402015686
0.5610148310661316,0.2151222825050354,0.1573429107666015
0.9999999403953552,0.5657827854156494,0.5657827854156494
0.4921242594718933,0.4779498875141144,0.8976924419403076
0.7921334505081177,0.5696912407875061,0.6281791925430298
0.3651543855667114,0.3633559644222259,0.4452471733093261
0.2863076031208038,0.5901013016700745,0.2689948081970215
0.5978723764419556,0.3315433263778686,0.3652315139770508
0.2998668253421783,0.3127358555793762,0.4709160327911377
0.5590326189994812,0.3156152367591858,0.7875235676765442
0.1552556455135345,0.1309186518192291,0.6668623089790344
0.6650856733322144,0.3268300294876098,0.2583771049976349
0.8443453311920166,0.3326071202754974,0.2861317992210388
1.0,0.2198426425457,0.2198426425457
0.6220213174819946,0.4487890899181366,0.5162721276283264
0.7550437450408936,0.7294635772705078,0.8204664587974548
0.7105517387390137,0.7045139074325562,0.9600011706352234
0.8335616588592529,0.5935460329055786,0.6892291903495789
0.4619100093841553,0.3464764058589935,0.882352888584137
0.8226724863052368,0.6789325475692749,0.6126129627227783
0.762676477432251,0.6771903038024902,0.8859371542930603
0.8259621262550354,0.6739171743392944,0.6842167377471924
0.3066448867321014,0.3719419240951538,0.5931636095046997
0.8253726363182068,0.4664945304393768,0.4245384931564331
0.2592170834541321,0.137312576174736,0.0771466493606567
0.8593829870223999,0.7695414423942566,0.8942623734474182
0.2418181896209716,0.1473231762647628,0.080471321940422
0.6628336906433105,0.3931589126586914,0.2040473818778991
0.409062772989273,0.8097432851791382,0.4389334917068481
0.9987868666648864,0.4923316836357116,0.4931645393371582
0.9074826240539552,0.889685332775116,0.974272072315216
0.2873494029045105,0.4132856130599975,0.2599024176597595
0.0932586044073104,0.5976370573043823,0.0906348675489425
0.893274188041687,0.7751702070236206,0.8202786445617676
0.4463558793067932,0.6652027368545532,0.3859544396400451
0.6119121313095093,0.5279393196105957,0.5958731174468994
0.745576024055481,0.8517113327980042,0.852571964263916
0.9270886182785034,0.8088618516921997,0.832076907157898
0.8134085536003113,0.6037479639053345,0.6458842754364014
0.1669556945562362,0.1689465343952179,0.4937488138675689
0.8943996429443359,0.9118061065673828,0.8897799253463745
0.2654906511306762,0.2557952404022217,0.1384694278240203
0.8594276309013367,0.5747054815292358,0.6558136940002441
0.5851321220397949,0.2730410099029541,0.2198851257562637
0.1604087054729461,0.1923645138740539,0.2667625844478607
0.3144325911998749,0.1614310294389724,0.1620679050683975
0.3922649621963501,0.2905043363571167,0.312501311302185
0.6165996789932251,0.5173507928848267,0.6650471091270447
0.5473006963729858,0.0402228347957134,0.0290176421403884
0.9337022304534912,0.961920976638794,0.9020571112632751
0.7650947570800781,0.6728449463844299,0.8501563668251038
0.5803491473197937,0.5297068953514099,0.9036163091659546
0.8086320757865906,0.7686812877655029,0.6952900886535645
0.7957813739776611,0.7263844013214111,0.912298023700714
0.7976078391075134,0.3121373653411865,0.3268873393535614
0.3831002116203308,0.3942314982414245,0.625958263874054
0.5536752939224243,0.2936855852603912,0.4974374175071716
0.9234619140625,0.5559381246566772,0.5981991291046143
0.6637983322143555,0.0,0.0
0.2074092030525207,0.207320749759674,0.2633971869945526
0.1488840579986572,0.594712495803833,0.11643947660923
0.5786436796188354,0.2216513156890869,0.1920949667692184
0.8590167760848999,0.7023518681526184,0.8166207075119019
0.7604695558547974,0.6259713172912598,0.7330443859100342
0.9999999403953552,0.9541770815849304,0.9541770815849304
0.9870734810829164,0.773114800453186,0.7774531841278076
0.2185598313808441,0.8036412596702576,0.1157759502530098
0.7722058892250061,0.5919298529624939,0.7383579015731812
0.2032890319824218,0.3023921847343445,0.2149020433425903
0.782206654548645,0.4750294685363769,0.5167437195777893
0.6638149619102478,0.6149048805236816,0.7987151741981506
0.4543929696083069,0.664893388748169,0.3937972486019134
0.8200386762619019,0.6376535892486572,0.6998571157455444
0.5851740837097168,0.5798166394233704,0.8845480680465698
0.8868769407272339,0.5242308378219604,0.5498396754264832
0.1889314800500869,0.1644107103347778,0.8361604809761047
0.9717363715171814,0.6034685969352722,0.5939740538597107
0.2917624115943908,0.2778272330760956,0.3952562808990478
0.4530023634433746,0.5133400559425354,0.7871805429458618
0.4462810754776001,0.4607981443405151,0.9580854773521424
0.7887556552886963,0.7392568588256836,0.8625409603118896
0.8236551880836487,0.6197596788406372,0.6928165555000305
0.0953176245093345,0.0062831891700625,0.0774776339530944
0.6071176528930664,0.7240060567855835,0.7645556926727295
0.8230173587799072,0.6849694848060608,0.782240092754364
0.7345914244651794,0.7553390264511108,0.693522572517395
0.5099534392356873,0.6179215908050537,0.1608942598104477
0.6539177298545837,0.6388440132141113,0.952957570552826
0.3187792897224426,0.2351748347282409,0.7734792828559875
0.7861568331718445,0.2934259176254272,0.569870114326477
0.4305352866649627,0.2226185500621795,0.2805864214897156
0.7407404184341431,0.3412610292434692,0.3116678595542907
0.5100048184394836,0.1966658681631088,0.2254555523395538
0.6822746992111206,0.7136856317520142,0.7342928647994995
0.4166738986968994,0.823765754699707,0.0566051080822944
0.2675859332084656,0.2566611170768738,0.7257598042488098
0.0781094506382942,0.7799710035324097,0.0815206468105316
0.0208411999046802,0.019308915361762,0.1012424081563949
0.5943888425827026,0.6083278656005859,0.9245389699935912
0.7265415191650391,0.5863398313522339,0.6471409797668457
0.2854514718055725,0.1734811961650848,0.1197238266468048
0.5470303297042847,0.1570836752653122,0.1553022563457489
0.6836209297180176,0.6002264022827148,0.8951095938682556
0.6910909414291382,0.7171861529350281,0.751054048538208
0.7858368158340454,0.4231923818588257,0.3755939602851867
0.0353208370506763,0.1055525243282318,0.2065679430961609
0.7603087425231934,0.098499447107315,0.0972748100757598
0.9175719022750854,0.7035611867904663,0.5647629499435425
0.8856735229492188,0.8374471664428711,0.9344130754470824
0.1040734052658081,0.1014100015163421,0.6145796179771423
0.90539288520813,0.7148721218109131,0.7793049812316895
0.191008448600769,0.5071768760681152,0.1733590811491012
0.6743749976158142,0.594834566116333,0.6515512466430664
1.0,0.5519401431083679,0.5519401431083679
0.7687290906906128,0.4437634348869324,0.2981043457984924
0.6382055282592773,0.5039441585540771,0.7109962701797485
0.20567587018013,0.5195631980895996,0.1799080669879913
0.8886679410934448,0.697792649269104,0.6918600797653198
0.8626209497451782,0.9099708199501038,0.8742330074310303
0.8050832748413086,0.7439687848091125,0.8738670945167542
0.609716534614563,0.5684696435928345,0.8944745063781738
0.8681584596633911,0.5032972693443298,0.5195173621177673
0.1971425265073776,0.0199279971420764,0.0
0.4881214201450348,0.2093094289302826,0.1419147849082946
0.8013978600502014,0.4063732028007507,0.4055749773979187
0.3401528000831604,0.2255880981683731,0.5847856402397156
0.9330334067344666,0.5343712568283081,0.52213454246521
0.6536629796028137,0.330089122056961,0.325151264667511
0.4299193024635315,0.2771548628807068,0.0982147753238678
0.9175466895103456,0.8984670639038086,0.9689511656761168
0.5978678464889526,0.0955644473433494,0.103504829108715
0.7537136077880859,0.7212796211242676,0.6677647233009338
0.1631783843040466,0.0964626371860504,0.4201308488845825
0.6989454030990601,0.0860026106238365,0.0674716606736183
0.7489486932754517,0.7201706171035767,0.8946202993392944
0.6033645868301392,0.6732972860336304,0.7855704426765442
0.5569062232971191,0.1588101387023925,0.0929461494088172
0.716193437576294,0.7958464622497559,0.6877079010009766
0.2647057175636291,0.2992656826972961,0.733271598815918
0.8397082090377808,0.753846287727356,0.7822055220603943
0.7683825492858887,0.3590870499610901,0.2946078777313232
0.2401992976665496,0.0639213398098945,0.1020260602235794
0.2304118275642395,0.3546162843704223,0.0209410153329372
0.8311706185340881,0.4807100892066955,0.4915308952331543
0.7389398813247681,0.7024825811386108,0.9237297773361206
0.5482078790664673,0.8006579279899597,0.1618165671825409
0.1569470167160034,0.2029211670160293,0.6138129234313965
0.7855587601661682,0.2944823503494262,0.7054188251495361
0.8895981907844543,0.8997906446456909,0.956162452697754
1.0,0.8424283266067505,0.8424283266067505
0.7055103182792664,0.5425028204917908,0.6104967594146729
0.8912293910980225,0.670151948928833,0.6847306489944458
0.8025790452957153,0.8934918642044067,0.8248380422592163
0.9084161520004272,0.0973691940307617,0.1115470230579376
0.2405067980289459,0.5534166693687439,0.250154048204422
0.0213327147066593,0.0623018108308315,0.1343954354524612
0.8091446161270142,0.6388244032859802,0.7888045310974121
0.3817199468612671,0.4062214493751526,0.5055159330368042
0.6482375860214233,0.5979543328285217,0.5389707088470459
0.3504166007041931,0.164970576763153,0.1154477819800376
0.1632303595542907,0.5912821888923645,-0.0642405822873115
0.2193836718797683,0.6872924566268921,0.2797811925411224
0.8439698219299316,1.0,0.8439698219299316
0.2620389461517334,0.3075684905052185,0.2177684307098388
0.7421061396598816,0.104705736041069,0.103621020913124
0.5690510272979736,0.5869978070259094,0.7288656830787659
0.7499071359634399,0.7434616088867188,0.9837560653686525
0.5532146692276001,0.3658506870269775,0.2343131005764007
0.7656083106994629,0.148307129740715,0.1133148074150085
0.7388566732406616,0.7883023023605347,0.6799803376197815
0.8153659701347351,0.8933786749839783,0.7921279072761536
0.8378239274024963,0.7944366335868835,0.7849624156951904
0.6273089647293091,0.8161773681640625,0.722872257232666
0.7778453826904297,0.6506378650665283,0.7946555614471436
0.4009167850017547,0.1491154730319976,0.7224229574203491
0.4492102861404419,0.6118981838226318,0.1779761314392089
0.454147458076477,0.1883769780397415,0.0676152631640434
0.8125840425491333,0.2875024974346161,0.1392522156238556
0.6878907680511475,0.6527620553970337,0.6773253679275513
0.8124488592147827,0.7938891649246216,0.8204190135002136
0.5689470767974854,0.5749104022979736,0.7777299284934998
0.602302074432373,0.3496304750442505,0.0057072546333074
0.9226360321044922,0.8672436475753784,0.8947874903678894
0.5353273153305054,0.4732891917228699,0.5341401100158691
0.3828149437904358,0.2750053405761719,0.622675895690918
0.2576663494110107,0.1923636198043823,0.2286314815282821
0.7816264033317566,0.6943710446357727,0.8806843757629395
0.8407768607139587,0.694823682308197,0.8826919794082642
0.4148404896259308,0.2146721631288528,0.2695766389369964
0.6917763948440552,0.5412340760231018,0.7449252009391785
0.630295991897583,0.8974658250808716,0.6780832409858704
0.9362993240356444,0.9207826852798462,0.8986959457397461
0.8829128742218018,0.5532267093658447,0.6220523118972778
0.1545146405696869,0.840390145778656,0.3136719763278961
0.625512421131134,0.6198725700378418,0.7522650957107544
0.90422123670578,0.5697613954544067,0.6652076244354248
0.5260438323020935,0.0859870761632919,0.0875259786844253
0.7895520329475403,0.5786542892456055,0.5896918773651123
0.2321365475654602,0.230534166097641,0.1109046041965484
0.09912820905447,0.1101777926087379,0.3442485332489013
0.7059674263000488,0.5466462969779968,0.5826810002326965
0.9082762598991394,0.6528655886650085,0.6904046535491943
0.9682359099388124,0.7588632702827454,0.7814526557922363
0.6781718134880066,0.370740532875061,0.3655745685100555
0.3622262477874756,0.6520549058914185,0.2388784438371658
0.8047822117805481,0.6866827607154846,0.8027967810630798
0.8710408210754395,0.1483081430196762,0.1414503753185272
0.7885492444038391,0.1490490585565567,0.0886948108673095
0.5762674808502197,0.8153493404388428,0.6214652061462402
0.8658636212348938,0.8370351195335388,0.9700829982757568
0.9929041862487792,0.906545341014862,0.8965048789978027
0.3538774251937866,0.2235840260982513,0.2270172238349914
0.7565208673477173,0.7472620606422424,0.8404423594474792
0.1783463656902313,0.0527459159493446,0.0408157631754875
0.9201581478118896,0.8628198504447937,0.7978314161300659
0.5746261477470398,0.4667600393295288,0.5750741958618164
0.7253859043121338,0.1291873604059219,0.1121520549058914
0.7077656984329224,0.6701276302337646,0.9029561281204224
0.671709418296814,0.6675606966018677,0.987075924873352
0.8000053763389587,0.632796049118042,0.7614057064056396
0.7096329927444458,0.6275407075881958,0.8655542731285095
0.4952242374420166,0.8185194134712219,0.3212991654872894
0.8993912935256958,0.2923661768436432,0.292428582906723
0.4014074802398681,0.2116024792194366,0.643527626991272
0.974506676197052,0.8036000728607178,0.7898492813110352
0.2393326163291931,0.3322495222091675,0.2079106569290161
0.9342955350875854,0.8741017580032349,0.8121126890182495
0.3238625526428222,0.2746302485466003,0.9480490684509276
0.3981568217277527,0.3196878135204315,0.9035739302635192
0.6815309524536133,0.3213965892791748,0.3908643722534179
0.7494572997093201,0.4766439795494079,0.5469731688499451
0.84781813621521,0.4997556507587433,0.5717264413833618
0.90959632396698,0.6779879331588745,0.75341796875
0.3401511907577514,0.2813889980316162,0.2271993458271026
0.4263598322868347,0.0680711418390274,0.0875265002250671
0.2104838192462921,0.7014869451522827,0.1811479032039642
0.5813246369361877,0.6083114147186279,0.5230761766433716
0.2083928287029266,0.0958567410707473,0.0
0.5276926159858704,0.3177332282066345,0.3659253120422363
0.5528092384338379,0.0875173062086105,0.0733301565051078
0.8836811184883118,0.8617881536483765,0.962673544883728
0.8693497180938721,0.7342000007629395,0.7143520712852478
0.2203611582517624,0.2829793691635132,0.2122027575969696
0.8727322816848755,0.8727322816848755,1.0
0.3180985450744629,0.2859722077846527,0.602845311164856
0.5418453216552734,0.2816362082958221,0.2410641610622406
0.2234513759613037,0.1059711948037147,0.0884558632969856
0.8617885708808899,0.7827883958816528,0.8981292843818665
0.1371847242116928,0.0950500220060348,0.0834491848945617
0.6032441854476929,0.6080365180969238,0.9300087690353394
0.25177001953125,0.2272704243659973,0.4133777618408203
0.5583445429801941,0.2095906436443328,0.3384617865085602
0.6313003301620483,0.2217851281166076,0.1543066203594207
0.4996241331100464,0.4360821843147278,0.5379471182823181
0.7803303003311157,0.555234968662262,0.6177308559417725
0.3083906769752502,0.2039425820112228,0.6605759859085083
0.6482928395271301,0.6805068254470825,0.7323281764984131
0.7600468397140503,0.6536465883255005,0.6310572624206543
0.1024769991636276,0.1876189410686493,0.0
0.3453236818313598,0.3219599425792694,0.8699494004249573
0.542340099811554,0.4687762260437011,0.8352792263031006
0.1472102701663971,0.1172846555709838,0.1268692761659622
0.7737981677055359,0.3378662765026092,0.3957339227199554
0.8273698091506958,0.8237137794494629,0.7441103458404541
0.8474564552307129,0.415884792804718,0.2885938882827759
0.0682876259088516,0.6195132732391357,0.0305868275463581
0.9061704874038696,0.7824569940567017,0.863526463508606
0.6253600120544434,0.1517111957073211,0.1282416582107544
0.8401927947998047,0.7834500074386597,0.8721455335617065
0.7058117985725403,0.760009229183197,0.6976408362388611
0.8892641067504883,0.685387134552002,0.7128301858901978
0.7000881433486938,0.2668125629425049,0.2330387532711029
0.737018883228302,0.1497741043567657,0.1354943811893463
0.4248238205909729,0.2363195419311523,0.1055655032396316
0.5002102851867676,0.1280291676521301,0.7080212831497192
0.0,0.0508099161088466,0.0263543426990509
0.7621726989746094,0.6309490203857422,0.7534414529800415
0.9072209596633912,0.2603689134120941,0.2848519086837768
0.8351626396179199,0.8718610405921936,0.7065426707267761
0.74275803565979,0.5382808446884155,0.5784684419631958
0.8518281579017639,0.07832071185112,0.0511078797280788
0.0146214850246906,0.8332948684692383,0.0166813340038061
0.0506559386849403,0.7103726863861084,0.0280375257134437
0.8375135660171509,0.5996054410934448,0.644382894039154
0.7204053401947021,0.9343612790107728,0.8022923469543457
0.6978006362915039,0.7184665203094482,0.7641453742980957
0.7250744104385376,0.6846331357955933,0.776892900466919
0.8566327095031738,0.9135217666625975,0.8692418932914734
0.5272005796432495,0.3540279567241668,0.564134418964386
0.7780627608299255,0.6021867394447327,0.6703712940216064
0.838569164276123,0.5578546524047852,0.6068096160888672
0.1773957014083862,0.7304027080535889,0.1914025694131851
0.6475459337234497,0.0886396318674087,0.0235309358686208
0.8359870314598083,0.7224805951118469,0.85304856300354
0.708240807056427,0.538811206817627,0.7632737159729004
0.5627003908157349,0.5079095363616943,0.8295185565948486
0.9163388013839722,0.2053094804286956,0.170145958662033
0.3770818710327148,0.2190795242786407,0.7877487540245056
0.3035789728164673,0.1853538602590561,0.6023114919662476
0.2481352388858795,0.2551044225692749,0.8264580368995667
0.925230860710144,0.1400535106658935,0.1404964625835418
0.8146770000457764,0.315068781375885,0.3171759247779846
0.7681083083152771,0.7371640801429749,0.880316972732544
0.6825315952301025,0.6429969072341919,0.8870545625686646
0.6266787052154541,0.6171482801437378,0.8951104879379272
0.7440118789672852,0.2426022291183471,0.2464767843484878
0.2819561064243316,0.1575803756713867,0.135307028889656
0.9526321887969972,0.3060652911663055,0.299998015165329
0.1171126514673233,0.2320573776960373,0.6378612518310547
0.2097395211458206,0.5610960721969604,0.3426814079284668
0.192145824432373,0.1219728365540504,0.1179679036140441
0.7561808824539185,0.8819777965545654,0.7458995580673218
0.094571515917778,0.5588058233261108,0.0704195350408554
0.2248422503471374,0.1632982492446899,0.1040161550045013
0.7661458253860474,0.7491942644119263,0.9557040929794312
0.7772210836410522,0.5957129001617432,0.7238754034042358
0.7144846320152283,0.6529977917671204,0.8178201913833618
0.6077684760093689,0.6130149364471436,0.2377967983484268
0.2510737180709839,0.3374839425086975,0.1269399672746658
0.6948298215866089,0.6168290376663208,0.7679846286773682
0.9363505840301514,0.8946501612663269,0.9003019332885742
0.8741234540939331,0.3315654993057251,0.2453431487083435
0.7267278432846069,0.6636863946914673,0.7237690687179565
0.8780022859573364,0.5983397960662842,0.6505606174468994
0.7183573842048645,0.6530343294143677,0.6463044881820679
0.7013747692108154,0.6714584827423096,0.7801851034164429
0.8933360576629639,0.5755349397659302,0.6087722182273865
0.9519678950309752,0.2656169533729553,0.2913344502449035
0.3392764031887054,0.1800518929958343,0.8817297220230103
0.6478304862976074,0.0432357192039489,0.0479321181774139
0.4951518177986145,0.480917751789093,0.5857261419296265
0.9077088236808776,0.872610330581665,0.9581785202026368
0.7176355123519897,0.6709396243095398,0.8994688391685486
0.8469201326370239,0.7641258835792542,0.8870110511779785
0.7573477625846863,0.2186838686466217,0.1659359633922577
0.3459455072879791,0.1158490106463432,0.1022665798664093
0.5588650703430176,0.3145180344581604,0.1564395725727081
0.8038550019264221,0.4595957994461059,0.5564839839935303
0.6052460670471191,0.6126787662506104,0.2318663299083709
0.2370163798332214,0.1508112102746963,0.05923493206501
0.6411368250846863,0.3442379236221313,0.3411604166030884
0.3792515099048614,0.6710567474365234,0.724828839302063
0.1687982082366943,0.1902761906385421,0.6893244981765747
0.7589677572250366,0.1702720522880554,0.0708264857530593
0.644199013710022,0.2112756073474884,0.1861272007226944
0.1603175699710846,0.2164470851421356,0.0386639758944511
0.7617090344429016,0.7112630605697632,0.4200775027275085
0.7633589506149292,0.7718747854232788,0.918499231338501
0.834907054901123,0.8066694736480713,0.9530956745147704
0.1064781695604324,0.4067170619964599,0.0665915459394455
0.1273400783538818,0.1224111467599868,0.0919962748885154
0.6246652007102966,0.5627967715263367,0.7898883819580078
0.2582938373088836,0.2610258460044861,0.2232528924942016
0.1591500341892242,0.4518311023712158,0.0
0.7028532028198242,0.138932392001152,0.1066641807556152
0.3218104839324951,0.2994749546051025,0.3365625739097595
0.5441370010375977,0.4778874516487121,0.7639113664627075
0.5880085229873657,0.266264408826828,0.2392077445983886
0.6714563369750977,0.8619247674942017,0.7674408555030823
0.6549442410469055,0.6247376203536987,0.9397871494293212
0.6912850737571716,0.451769083738327,0.568008542060852
0.0838959589600563,0.8749353289604187,0.0855800807476043
0.3784261047840118,0.5670788288116455,0.2471137046813964
0.519110918045044,0.4347483217716217,0.5532777905464172
0.9461933970451356,0.5617090463638306,0.5910178422927856
0.9198763370513916,0.2933709025382995,0.301000714302063
0.721847653388977,0.5348159074783325,0.6543126106262207
0.9999999403953552,0.3577235341072082,0.3577235341072082
0.6466948390007019,0.6204577684402466,0.9344114065170288
0.8520799875259399,0.2789593338966369,0.2705314755439758
0.1980379223823547,0.102376252412796,0.6243858337402344
0.6568450927734375,0.4367065131664276,0.5847642421722412
0.4222356677055359,0.0911514982581138,0.0765326097607612
0.3102319240570068,0.6478078365325928,0.0955162793397903
0.7557945251464844,0.1578333079814911,0.1221154630184173
0.1393967717885971,0.4981757998466491,0.1159855648875236
0.8273872137069702,0.6749060153961182,0.3258458971977234
0.768846869468689,0.6640232801437378,0.8162218332290649
0.5515804290771484,0.5146749019622803,0.8131370544433594
0.5827939510345459,0.158496469259262,0.0987974032759666
0.8831287622451782,0.1372019052505493,0.0306667257100343
0.8211238384246826,0.8115092515945435,0.9882910251617432
0.3372410535812378,0.2783546149730682,0.2432676553726196
0.2266511619091034,0.876166582107544,0.1310990303754806
0.7531322240829468,0.6996744871139526,0.7861639857292175
0.7064340710639954,0.2649684250354767,0.5637662410736084
0.6034895777702332,0.6560108065605164,0.6632418036460876
0.2413529306650161,0.1334205269813537,0.3425405323505401
0.3849115967750549,0.3154858946800232,0.3672885596752167
0.2095577716827392,0.2696001529693603,0.1118713915348053
0.9862796664237976,0.7120099663734436,0.7035698890686035
1.000000238418579,0.8989783525466919,0.8989783525466919
0.604907214641571,0.541741132736206,0.851508378982544
0.8577448725700378,0.8008967638015747,0.9226862192153932
0.5241942405700684,0.8169747591018677,0.2497608959674835
0.6121487021446228,0.2850211858749389,0.5802592039108276
0.4487757086753845,0.1825283169746399,0.1257240176200866
0.911177694797516,0.6364816427230835,0.6732449531555176
0.8717594742774963,0.7904660701751709,0.8181008100509644
0.865362823009491,0.1674604713916778,0.1443242132663726
0.8041021227836609,0.2841196358203888,0.3085697293281555
0.7347627878189087,0.3442785739898681,0.478484570980072
0.3266830742359161,0.2661585211753845,0.6269787549972534
0.8057721853256226,0.6850764155387878,0.7821781635284424
0.89547199010849,0.932564377784729,0.9289751648902892
0.8034197092056274,0.674278736114502,0.7509156465530396
0.7455043792724609,0.6329599618911743,0.7793745398521423
0.6224765777587891,0.5770364999771118,0.2669692039489746
0.5866643190383911,0.1520013958215713,0.2218739986419677
0.6049573421478271,0.5762609243392944,0.8589755296707153
0.7975043058395386,0.6003024578094482,0.7082884311676025
0.1262288391590118,0.2714846134185791,0.0764659792184829
0.6642690896987915,0.5616210699081421,0.8231415748596191
0.6496521234512329,0.5795581340789795,0.8724410533905029
0.257774293422699,0.3825585842132568,0.2383565306663513
0.7722421884536743,0.1650554686784744,0.0951656997203826
0.1662807762622833,0.1459186971187591,0.4242764413356781
0.7000513672828674,0.6680670976638794,0.8487744927406311
0.6768214702606201,0.2337121814489364,0.2041942775249481
0.4111440777778625,0.3945255577564239,0.8282738327980042
0.6289133429527283,0.6649723649024963,0.8015520572662354
0.6331316232681274,0.1133044809103012,0.0835197418928146
0.0176176875829696,0.0900452435016632,0.027627071365714
0.4626845121383667,0.1912160366773605,0.163119837641716
0.7034387588500977,0.557853639125824,0.2166722863912582
0.8412619829177856,0.8209092617034912,0.9052740335464478
0.8206450939178467,0.8056498765945435,0.975264310836792
0.6385902762413025,0.5419214963912964,0.5455997586250305
0.7700760364532471,0.4456170201301574,0.2606781125068664
0.911922574043274,0.307537168264389,0.3126894831657409
0.8640830516815186,0.8369685411453247,0.9662090539932252
0.1314758956432342,0.1991382241249084,0.1271535456180572
0.8006089925765991,0.6991493105888367,0.8491693735122681
0.6975145936012268,0.3512660264968872,0.3649572730064392
0.4253853857517242,0.6593079566955566,0.5349323749542236
0.3141475319862366,0.1523268818855285,0.7414578199386597
0.4127717614173889,0.1620744317770004,0.1375216245651245
0.3540721535682678,0.3425087928771972,0.6320884227752686
0.3817663192749023,0.3045834004878998,0.2107811123132705
0.6283555030822754,0.5571101307868958,0.6919515132904053
0.9231587648391724,0.8406490087509155,0.9047635197639464
0.3247386813163757,0.1553041338920593,0.225712165236473
0.3386362195014953,0.2421780973672866,0.4194491505622864
0.2653495371341705,0.0977342203259468,0.0366871654987335
0.3096663355827331,0.1515853106975555,0.313870370388031
0.7385390996932983,0.1919104754924774,0.0826606750488281
0.5228726267814636,0.3288233280181885,0.7364721298217773
0.2273250371217727,0.7481805086135864,0.0767568200826644
0.6703392267227173,0.2521187365055084,0.2188698351383209
0.102620780467987,0.490225076675415,0.1134398803114891
0.7471433877944946,0.3920130729675293,0.4178598523139953
0.6860169172286987,0.6243013143539429,0.8633238673210144
0.6106538772583008,0.5758661031723022,0.9173669815063475
0.9445973634719848,0.5411335825920105,0.5720285177230835
0.6202284097671509,0.8722596764564514,0.5595846176147461
0.7498108744621277,0.3666768372058868,0.4480622410774231
0.2862042784690857,0.1665559858083725,0.6257146596908569
0.8238328695297241,0.8221655488014221,0.7803525924682617
0.9691519141197203,0.3670184314250946,0.3874907195568084
0.5419782400131226,0.5829712748527527,0.8489304780960083
0.2773612141609192,0.6934748888015747,0.1693111956119537
0.5850390195846558,0.2393815368413925,0.1577305644750595
0.6560803651809692,0.5503782033920288,0.7904430627822876
0.6728991270065308,0.5119225978851318,0.7089937925338745
0.7768440246582031,0.4551592767238617,0.4676384329795837
0.6871422529220581,0.478381484746933,0.6038739681243896
0.8221293091773987,0.5452463626861572,0.6835649013519287
0.5974109768867493,0.5417162179946899,0.5908539295196533
0.5671542286872864,0.0422149375081062,0.1540687680244445
0.5965083837509155,0.4143280386924743,0.7117682695388794
0.2025744318962097,0.4113519191741943,0.1192302927374839
0.2906985282897949,0.1927855014801025,0.0540275238454341
0.1642921566963195,0.163385659456253,0.1812286525964737
0.700271487236023,0.597182035446167,0.782078742980957
0.3733383417129516,0.1976114213466644,0.7772709131240845
0.5523838996887207,0.5118875503540039,0.9158889055252076
0.9999999403953552,0.8840382099151611,0.8840382099151611
0.6106381416320801,0.6794790625572205,0.841341495513916
0.2477501630783081,0.0994480848312377,0.1053986921906471
0.3714957535266876,0.2197385430335998,0.7767865061759949
0.5581341981887817,0.569483757019043,0.7439861297607422
0.5305270552635193,0.086349070072174,0.0354560911655426
0.4535958468914032,0.2909015417098999,0.2795846462249756
0.8751188516616821,0.8751188516616821,1.0
0.6793679594993591,0.7931955456733704,0.6582567095756531
0.7035248875617981,0.2349142581224441,0.2348759919404983
0.4415778517723083,0.2542763352394104,0.6208999156951904
0.4613683223724365,0.353933572769165,0.640012264251709
0.678036093711853,0.1087748706340789,0.1167231202125549
0.5179471969604492,0.1915801614522934,0.1285998374223709
0.8537824153900146,0.8196613192558289,0.6522257924079895
0.6102553606033325,0.4666059017181396,0.5067481994628906
0.5356253385543823,0.1833997666835785,0.1728345155715942
0.5702550411224365,0.0771664306521415,0.0655779242515564
0.5726314783096313,0.5726314783096313,1.0
0.883220911026001,0.5323994159698486,0.5661376714706421
0.8102931976318359,0.4214257001876831,0.162166565656662
0.4444167912006378,0.6869080066680908,0.4890106916427612
0.7859252691268921,0.731104850769043,0.8014718294143677
0.7780293822288513,0.1917332708835601,0.2134960740804672
0.6462664604187012,0.158689260482788,0.1728748083114624
0.1582719832658767,0.1976476162672042,0.1698346734046936
0.8540064692497253,0.2920551300048828,0.333937406539917
0.7722280025482178,0.6455701589584351,0.7035591006278992
0.3051654100418091,0.244952380657196,0.7248641848564148
0.9217562079429626,0.738206148147583,0.7736667394638062
0.2038127034902572,0.4722501039505005,0.1941548883914947
0.8511393070220947,0.9458242058753968,0.8359119296073914
0.1061797142028808,0.258759081363678,0.0905357077717781
0.863567054271698,0.3202508091926574,0.3071624040603637
0.6576554179191589,0.7080901861190796,0.4774437546730041
0.4810732007026672,0.6346554160118103,0.1747401803731918
0.1011047437787056,0.1001924872398376,0.963276505470276
0.473754346370697,0.715194582939148,0.1685457974672317
0.6621227860450745,0.7123791575431824,0.6057649254798889
0.8065859079360962,0.7854998707771301,0.966464102268219
0.2905759215354919,0.2566412091255188,0.815682053565979
0.9406729936599731,0.9406729936599731,1.0
0.0595973879098892,0.1174395158886909,0.4723961651325226
0.8408902883529663,0.7107656002044678,0.5618351697921753
0.7939093112945557,0.5355786681175232,0.5685476064682007
0.2390605509281158,0.3722508549690246,0.1708881258964538
0.7563554048538208,0.2214710712432861,0.18001788854599
0.806771993637085,0.2539228796958923,0.2371528148651123
0.7901002168655396,0.9081673622131348,0.7743145227432251
0.6934104561805725,0.4986786246299743,0.71083664894104
0.67416912317276,0.6547671556472778,0.3307791948318481
0.0221697725355625,0.010139400139451,0.0964938104152679
0.8324419260025024,0.3270040154457092,0.2692829668521881
0.8202640414237976,0.8337231874465942,0.7631326913833618
0.4963670969009399,0.5550328493118286,0.7723658680915833
0.335571825504303,0.2922175526618957,0.1645269393920898
0.9760544300079346,0.8147698044776917,0.7979992628097534
0.8041414618492126,0.3168367445468902,0.3336803317070007
0.7900892496109009,0.5824501514434814,0.6615704298019409
0.9311236143112184,0.4052789807319641,0.4095375537872314
0.794104278087616,0.6072797775268555,0.6641967296600342
0.8640419840812683,0.3274563550949096,0.3197914958000183
0.7824383974075317,0.7104471921920776,0.701499879360199
0.544506311416626,0.4023363590240478,0.5982805490493774
0.5676525831222534,0.6697030067443848,0.6798972487449646
0.7265554666519165,0.1981101036071777,0.2259519398212433
0.0856808423995971,0.071099191904068,0.0694251954555511
0.1861900389194488,0.1250731945037841,0.2771574854850769
0.6743361949920654,0.541405200958252,0.7810732126235962
0.1575395315885543,0.0755259171128273,-0.0006184764788486
0.6998010873794556,0.7359249591827393,0.9342936277389526
0.9837468266487122,0.3250247240066528,0.325588583946228
0.8486166596412659,0.596328854560852,0.6919262409210205
0.4602305889129638,0.1919705271720886,0.1235295534133911
0.6894148588180542,0.6153265237808228,0.7186053991317749
0.158502846956253,0.1439168155193328,0.4143842458724975
0.7259219288825989,0.0937711969017982,0.0807524472475051
0.5463082790374756,0.5390268564224243,0.5827144384384155
0.6152310967445374,0.277351438999176,0.2623482644557953
0.578839123249054,0.4961397051811218,0.1404660940170288
0.8631242513656616,0.6133458614349365,0.6537944078445435
0.113851748406887,0.1066018939018249,0.0962858349084854
0.4690288007259369,0.4260271787643432,0.557587742805481
0.8676847219467163,0.3771150410175323,0.3553584814071655
0.7259777784347534,0.7259777784347534,1.0
0.693912923336029,0.6909289956092834,0.7755659222602844
0.5461267828941345,0.7359685301780701,0.083465501666069
0.6132582426071167,0.2591407895088196,0.2159779816865921
0.3226514458656311,0.5902094841003418,0.2069384455680847
0.6269811987876892,0.5779036283493042,0.8581918478012085
0.7410112619400024,0.2018935680389404,0.0876770988106727
0.4351422786712646,0.1821129471063614,0.5271133780479431
0.1456815004348755,0.0979512482881546,0.7559428215026855
0.6608577370643616,0.4852215647697449,0.6452762484550476
0.5636800527572632,0.6113978624343872,0.7422211170196533
0.5778807401657104,0.4367315173149109,0.6443676948547363
0.535862922668457,0.4967324435710907,0.7783978581428528
0.7556002140045166,0.6035840511322021,0.7458354234695435
0.8207364082336426,0.283309131860733,0.2682853937149048
0.4771458506584167,0.4633765816688537,0.8774054646492004
0.5650172233581543,0.5682411193847656,0.919619917869568
0.504746675491333,0.1591618508100509,0.1474877595901489
0.2875455617904663,0.2853361368179321,0.5554641485214233
0.7001896500587463,0.7173486948013306,0.8598881363868713
0.6418886184692383,0.5983065366744995,0.9373003244400024
0.1912654936313629,0.6411839723587036,0.1857712864875793
0.7421092987060547,0.3644857406616211,0.2716570496559143
0.7584695816040039,0.5055451393127441,0.592308759689331
0.8314287662506104,0.7681765556335449,0.6581132411956787
0.1476595103740692,0.1574390530586242,0.4034664630889892
0.7606423497200012,0.5970700979232788,0.6455173492431641
0.9009153842926024,0.7629045248031616,0.7773182392120361
0.7839844226837158,0.0516195520758628,0.1604836136102676
0.7160475850105286,0.5571537017822266,0.6601458787918091
0.2182530015707016,0.6714644432067871,0.0382175967097282
0.7536627054214478,0.3049103319644928,0.3270544409751892
0.4352631568908691,0.412640631198883,0.5137983560562134
0.3154453039169311,0.4432209730148315,0.6087233424186707
0.3216458857059479,0.3682782053947449,0.7071936130523682
0.6693308353424072,0.540233850479126,0.7002402544021606
0.7436120510101318,0.7356537580490112,0.8475143313407898
0.7188339233398438,0.5831232070922852,0.9105696082115172
0.8688033223152161,0.7941111922264099,0.8152362108230591
0.5352787971496582,0.5028978586196899,0.7918703556060791
0.6397109031677246,0.1191046684980392,0.0891009718179702
0.6971451044082642,0.1120404601097107,0.1150408014655113
0.5474423170089722,0.1550880223512649,0.1474833041429519
1.0,0.0674834996461868,0.0674834996461868
0.2128527462482452,0.1767429411411285,0.0941857099533081
0.8640714883804321,0.7267661094665527,0.830989420413971
0.310085117816925,0.0925889015197753,0.2152176797389984
0.7910413146018982,0.3818140029907226,0.3096000850200653
0.8448377251625061,0.6455012559890747,0.6811449527740479
0.6072547435760498,0.5942288637161255,0.555813729763031
0.8276801109313965,0.7038668990135193,0.7876800298690796
0.907128095626831,0.3312620520591736,0.3408709764480591
0.7750571966171265,0.694145143032074,0.7965066432952881
0.8465820550918579,0.3258929550647735,0.3450690507888794
0.3641751110553741,0.3773771226406097,0.8069870471954346
0.8314071893692017,0.8805555105209351,0.7517528533935547
0.8792360424995422,0.5321627259254456,0.7028746604919434
0.9964872598648072,0.8469889163970947,0.861107587814331
0.7192487716674805,0.3727193474769592,0.0668519139289856
0.1828241497278213,0.1037727445363998,0.109236292541027
0.8150503635406494,0.0931700691580772,0.0676651000976562
0.2711420655250549,0.2274875342845916,0.5088488459587097
0.8806705474853516,0.7140694260597229,0.8188230991363525
0.722736656665802,0.5590405464172363,0.6467803716659546
0.8645766377449036,0.4138322174549103,0.4516597092151642
0.6776189208030701,0.2939031422138214,0.3194072246551513
0.298644095659256,0.1792435199022293,0.4530302584171295
0.495534747838974,0.468437135219574,0.5968688726425171
0.7264018058776855,0.7978671789169312,0.666788637638092
0.1045952811837196,0.2222381383180618,0.0763437300920486
0.4020194411277771,0.6182697415351868,0.3934819400310516
0.4269126057624817,0.1060584634542465,0.1828480809926986
0.1746887266635894,0.1621452569961547,0.2470388859510421
0.8884437680244446,0.7873130440711975,0.8429983854293823
0.0523552298545837,0.0568412244319915,0.6294310092926025
0.1601209640502929,0.4454850554466247,0.6114332675933838
0.6649693250656128,0.3739460408687591,0.2562278211116791
0.725768506526947,0.680071234703064,0.8657597303390503
0.9669947624206544,0.2776626348495483,0.281392365694046
0.3683425784111023,0.4852289259433746,0.1193269416689872
0.58355313539505,0.43997922539711,0.7044700384140015
0.8007836937904358,0.6005350351333618,0.5765669941902161
0.9400141835212708,0.5693783164024353,0.5770075917243958
0.26505047082901,0.3052389025688171,0.6690086722373962
0.2453032433986663,0.2768933773040771,0.4188976287841797
0.388197124004364,0.2455999851226806,0.1681734472513198
0.6155574917793274,0.3219929039478302,0.5259469151496887
0.4789577126502991,0.4338266253471374,0.7361299395561218
0.5550909042358398,0.5121781826019287,0.7563672065734863
0.4054123163223266,0.6658366918563843,0.2526432573795318
0.3747327625751495,0.6313377618789673,0.3523856103420257
0.0,0.3111374676227569,0.0
0.8000550270080566,0.744519054889679,0.8981566429138184
0.4349672198295593,0.3914750516414642,0.4457041621208191
1.0,0.7502459287643433,0.7502458691596985
0.3195598125457763,0.3529317378997803,0.73424232006073
0.1690150797367096,0.1955622136592865,0.1350844800472259
0.6055372953414917,0.8368998169898987,0.5942530632019043
0.6927530765533447,0.764045000076294,0.8696020841598511
0.759402871131897,0.6801300644874573,0.7185367941856384
1.0,0.8714139461517334,0.8714139461517334
0.1458440124988556,0.6732722520828247,0.308046281337738
0.2477574050426483,0.2090051770210266,0.9149824380874634
0.6305447816848755,0.718183159828186,0.2715838253498077
0.54951012134552,0.5586086511611938,0.5935551524162292
0.5512422323226929,0.1508473455905914,0.5821961164474487
0.9786206483840942,0.8531167507171631,0.9144691824913024
0.6780077815055847,0.4649639129638672,0.5319987535476685
0.6200015544891357,0.5249516367912292,0.7549373507499695
0.1686419397592544,0.1612555682659149,0.5252916812896729
0.3457991480827331,0.2812670469284057,0.7776132225990295
0.5185157060623169,0.2222979962825775,0.2793890833854675
0.2321395576000213,0.3382976949214935,0.1282038390636444
0.7113969922065735,0.7138973474502563,0.4934024214744568
0.768913984298706,0.3155390620231628,0.3809838891029358
0.9344722032546996,0.8825048804283142,0.926361322402954
0.558335542678833,0.5182861685752869,0.6960927248001099
0.8638498187065125,0.1693581491708755,0.2298343181610107
0.7588530778884888,0.239812433719635,0.1934255957603454
0.9504594206809998,0.6714099645614624,0.6844374537467957
0.8310734629631042,0.5443717837333679,0.5959984064102173
0.6663493514060974,0.6561776399612427,0.9847351908683776
0.7851204872131348,0.8448889255523682,0.9063738584518432
0.9913612008094788,0.8047964572906494,0.8115746974945068
0.5772184729576111,0.57758629322052,0.8418817520141602
0.7865766286849976,0.9061699509620668,0.7477898597717285
0.6943168640136719,0.1667841672897339,0.1632605195045471
0.7850955724716187,0.4256488680839538,0.4520104527473449
0.8643608093261719,0.8155666589736938,0.9348346590995787
0.7066640853881836,0.891890287399292,0.5572607517242432
0.3917367458343506,0.2171621024608612,0.6032520532608032
0.923332452774048,0.1058945730328559,0.0786170065402984
0.5652956962585449,0.5455285310745239,0.8888297080993652
0.9915125370025636,0.9008187055587769,0.912455439567566
0.5484092235565186,0.335644781589508,0.5165219306945801
0.8078656792640686,0.7022914886474609,0.7623327970504761
0.841600775718689,0.2998455166816711,0.2928455471992492
0.831686794757843,0.5144991874694824,0.5680476427078247
0.7502360343933105,0.73784339427948,0.7877473831176758
0.0929621309041976,0.0981868505477905,0.8253934383392334
0.8852136731147766,0.8841544389724731,0.9909645318984984
0.830819845199585,0.6324504017829895,0.713626503944397
0.5135077834129333,0.6999473571777344,0.4177046418190002
0.6476296186447144,0.0629068315029144,0.0274692177772521
0.4769515097141266,0.5977617502212524,0.7263511419296265
0.7062232494354248,0.5880929231643677,0.7352847456932068
0.9290926456451416,0.2821151316165924,0.2908719182014465
0.3293309211730957,0.3549539446830749,0.681663990020752
0.8938205242156982,0.6359300017356873,0.6965330243110657
0.5831142663955688,0.4339921772480011,0.8032791018486023
0.3795113265514374,0.3448208272457123,0.6371268630027771
0.644496738910675,0.6996254920959473,0.7437246441841125
0.2056374847888946,0.4292276501655578,0.6028566956520081
0.0,0.3605706989765167,0.0
0.5655071139335632,0.4945153892040252,0.8016471862792969
0.703736424446106,0.5558582544326782,0.7366534471511841
0.4138004779815674,0.1059548705816268,0.169765830039978
0.5580734014511108,0.5912817716598511,0.789928674697876
0.5029882192611694,0.607176661491394,0.7145536541938782
0.5648412108421326,0.8266768455505371,0.5322679877281189
0.4043600261211395,0.3188362717628479,0.1890483498573303
0.2381567507982254,0.230844110250473,0.5634533166885376
0.6164646148681641,0.557348370552063,0.8325198292732239
0.5860247611999512,0.5771589279174805,0.5758330225944519
0.0773178040981292,0.087450735270977,0.1597031205892563
0.8455342054367065,0.6640511751174927,0.7128570079803467
0.203506514430046,0.3199511170387268,0.1024083420634269
0.682583749294281,0.2034945338964462,0.0972993224859237
0.6164388656616211,0.232238695025444,0.1087691038846969
0.8476407527923584,0.7657246589660645,0.7210429906845093
0.3260155916213989,0.493787407875061,0.1473511010408401
0.927788257598877,0.7944585084915161,0.8414351940155029
0.9296910762786864,0.6518731117248535,0.7081688642501831
0.788138210773468,0.7555848360061646,0.8301671147346497
0.6858912706375122,0.6178640723228455,0.5285161733627319
0.8501769304275513,0.6167886853218079,0.524486780166626
0.4450680613517761,0.4129335880279541,0.4997621774673462
0.6111176609992981,0.5454587936401367,0.7410302758216858
0.5564396977424622,0.4700495302677154,0.544881284236908
0.8955010175704956,0.8189371228218079,0.9193882942199708
0.2767871022224426,0.2813286781311035,0.9518413543701172
0.7539689540863037,0.7543006539344788,0.993922472000122
0.6327222585678101,0.3279219269752502,0.2632510364055633
0.605426549911499,0.5095753073692322,0.6218242645263672
0.8234002590179443,0.6977696418762207,0.8094519376754761
0.6191511154174805,0.5094829797744751,0.8262239098548889
0.0778385177254676,0.5537122488021851,0.1507643610239029
0.5451633930206299,0.3224957585334778,0.2774417102336883
0.180096760392189,0.14496411383152,0.1640922725200653
0.9577102661132812,0.5787436962127686,0.5697179436683655
0.9672188758850098,0.7767535448074341,0.8035122156143188
0.7507518529891968,0.1900643706321716,0.1654347330331802
0.495545744895935,0.1276924014091491,0.1732349097728729
0.6132031679153442,0.5707951784133911,0.7344303131103516
0.1776472628116607,0.2646812796592712,0.2201887667179107
0.93945574760437,0.8136689066886902,0.86251300573349
0.7601200342178345,0.1487399190664291,0.1518063098192215
0.5326917171478271,0.5490286350250244,0.5777295827865601
0.3731227815151214,0.2070753872394561,0.2096211910247802
0.3724939823150635,0.2826857566833496,0.3999090790748596
0.8308806419372559,0.5659403800964355,0.63405442237854
0.5140895247459412,0.5817232728004456,0.7030211091041565
0.2945412695407867,0.2224072068929672,0.2698558270931244
0.988487958908081,0.9582055807113647,0.9693648815155028
0.5337662100791931,0.161035269498825,0.6666783690452576
0.562588095664978,0.4097325801849365,0.4051976799964905
0.7329353094100952,0.6648579835891724,0.8930047750473022
0.5726258754730225,0.6051164865493774,0.2532859444618225
0.6424553394317627,0.2844566106796264,0.2492241263389587
0.8474223017692566,0.2518779039382934,0.1430618315935135
0.5108024477958679,0.3844054639339447,0.1116169840097427
0.5170390605926514,0.3287015557289123,0.4507132768630981
0.3959785103797912,0.1983498185873031,0.3503893315792084
0.4759118854999542,0.1844326555728912,0.206990584731102
0.749752402305603,0.6383405923843384,0.9071797132492064
0.9024031162261964,0.3610415756702423,0.3909171819686889
0.7627536058425903,0.7652154564857483,0.7936771512031555
0.7671611309051514,0.6061766147613525,0.7149608135223389
0.7187945246696472,0.5977824926376343,0.7437933683395386
0.6797242760658264,0.732455849647522,0.7251073718070984
0.4623159170150757,0.4623159170150757,1.0
0.4836361408233642,0.554751455783844,0.8507589101791382
0.5792092084884644,0.870800793170929,0.5632566213607788
0.7794576287269592,0.4231792688369751,0.48028764128685
0.9320345520973206,0.5917237401008606,0.6137295961380005
0.7379501461982727,0.6297153830528259,0.735988438129425
0.9809336066246032,0.8731256127357483,0.8984087109565735
0.8282638192176819,0.855571985244751,0.9488461017608644
0.6510999202728271,0.1041799634695053,0.0937060266733169
0.2013690918684005,0.3969796299934387,0.5895693302154541
0.6141065359115601,0.6188187003135681,0.8694757223129272
0.6306746006011963,0.610039234161377,0.6599361300468445
0.385476291179657,0.3412087559700012,0.6264122724533081
0.4930525422096252,0.0701474249362945,0.0497904568910598
0.5813039541244507,0.5844733119010925,0.993067741394043
0.0736062005162239,0.0846960619091987,0.1196874678134918
0.6174952983856201,0.400897741317749,0.4553041458129883
0.7599263787269592,0.4920375943183899,0.5585362911224365
0.596936821937561,0.7939225435256958,0.6381627321243286
0.9481165409088136,0.7157458066940308,0.7459201812744141
0.8891409635543823,0.839981734752655,0.9417390823364258
0.2859985828399658,0.4083143174648285,0.5772964358329773
0.6745399832725525,0.5223052501678467,0.2372990548610687
0.4080429673194885,0.3931649923324585,0.3720227479934692
0.8148142099380493,0.2364561557769775,0.2264192998409271
0.6574287414550781,0.6075817346572876,0.7646864056587219
0.7302901148796082,0.6836182475090027,0.922672152519226
0.939637303352356,0.4041197896003723,0.4137901365756988
0.6448969841003418,0.4970543086528778,0.5978172421455383
0.3570460379123688,0.2876651287078857,0.5402247905731201
0.9297443628311156,0.6662994623184204,0.7462033033370972
0.8728207349777222,0.8616542816162109,0.9486806392669678
0.4869768619537353,0.3919800519943237,0.4542372822761535
0.7259899377822876,0.7087757587432861,0.8164003491401672
0.700873613357544,0.5756425857543945,0.6688756942749023
0.5792295932769775,0.2913322448730469,0.1830682456493377
0.8712805509567261,0.8222315311431885,0.7008079886436462
0.7262440919876099,0.6863110065460205,0.9154553413391112
0.5714148283004761,0.6552304029464722,0.604217529296875
0.5092555284500122,0.317215085029602,0.5271309614181519
0.6493947505950928,0.0626328885555267,0.0344258844852447
0.8191176652908325,0.7544675469398499,0.7869762182235718
0.8042565584182739,0.5644638538360596,0.4829384386539459
0.689801812171936,0.6557141542434692,0.5141310095787048
0.6782410740852356,0.3006849288940429,0.3436451852321625
0.5662182569503784,0.1756965816020965,0.1743210852146148
0.9134601354599,0.2600880563259125,0.2650713324546814
0.3172415494918823,0.1244684234261512,0.1132265925407409
0.3333406150341034,0.1331333667039871,0.1622765064239502
0.9653645753860474,0.6545966863632202,0.6757052540779114
0.861918032169342,0.0832316577434539,0.0631856098771095
0.2629252672195434,0.2573952972888946,0.8317083120346069
0.5973516702651978,0.4731276035308838,0.7091416716575623
0.8958680629730225,0.6543965935707092,0.7240518927574158
0.1562897264957428,0.2289289981126785,0.4454783797264099
0.4346693158149719,0.30558842420578,0.1580087542533874
0.3488841950893402,0.7506113052368164,0.1009586229920387
0.7371975183486938,0.4733923673629761,0.5942983627319336
0.6818274259567261,0.7117999196052551,0.8018590807914734
0.9806790947914124,0.8294020891189575,0.8218326568603516
0.8858727216720581,0.2214604318141937,0.2306718826293945
0.861729621887207,0.5137652158737183,0.1621693968772888
0.9558191299438475,0.8655613660812378,0.9009207487106324
0.6344422101974487,0.622599720954895,0.9253479838371276
0.2184381932020187,0.2436507791280746,0.3517106771469116
0.3138424158096313,0.1785911321640014,0.2575492858886719
0.4717952609062195,0.4717953205108642,1.0
0.7596063613891602,0.6282537579536438,0.6981905698776245
0.9123479127883912,0.0450168699026107,0.0414167419075965
0.0998474061489105,0.1853536516427993,0.0997074395418167
0.3572973012924194,0.7193748354911804,0.457196295261383
0.83305823802948,0.0767225474119186,0.0507744327187538
0.8455967903137207,0.4823038280010223,0.4381400644779205
0.7213559150695801,0.3361207842826843,0.316220760345459
0.8517050743103027,0.3162315189838409,0.3095280826091766
0.3951259255409241,0.2480118870735168,0.2624861001968384
0.6815155148506165,0.6210973858833313,0.833415150642395
0.5178110599517822,0.2469022274017334,0.6781835556030273
0.8629077076911926,0.7181839942932129,0.8194713592529297
0.8727964162826538,0.8192944526672363,0.7393003702163696
0.7149577140808105,0.6983582973480225,0.9223996996879578
0.1156671792268753,0.1961526274681091,0.7118162512779236
0.7245267629623413,0.0402736738324165,0.1809058636426925
0.2022096514701843,0.0867308750748634,0.3219953775405884
0.754508376121521,0.4719648063182831,0.1958894729614257
0.795468807220459,0.3316391706466675,0.3278454840183258
0.4368407130241394,0.3705470561981201,0.4484726786613464
0.9058659076690674,0.893612265586853,0.9781093597412108
0.6631573438644409,0.6893177628517151,0.8659305572509766
0.2947185039520263,0.2543193697929382,0.5523003339767456
0.8762046098709106,0.8425390720367432,0.9595571756362916
0.3986635208129883,0.4994782209396362,0.4833573698997497
0.4637633860111236,0.2162047177553177,0.1966471374034881
0.1510801166296005,0.2060097157955169,0.1156753599643707
0.9559341669082642,0.6601306796073914,0.6754155158996582
0.6739747524261475,0.7116446495056152,0.8641383051872253
0.7417298555374146,0.6706393957138062,0.8645554780960083
0.632756233215332,0.2983714044094085,0.279414027929306
0.8895060420036316,0.8744503259658813,0.9722106456756592
0.7910406589508057,0.7978897094726562,0.9887617826461792
0.6933819651603699,0.603001058101654,0.6977066993713379
0.347089409828186,0.9503917098045348,0.3571541309356689
0.6439611911773682,0.3195850253105163,0.2416789978742599
0.573635995388031,0.59500652551651,0.7708367705345154
1.0,0.6532866954803467,0.6532866954803467
0.5324370861053467,0.0903187319636344,0.205876886844635
0.474468469619751,0.7569454908370972,0.4408762753009796
0.7375770807266235,0.810204267501831,0.714147686958313
0.0,0.0,0.0437642708420753
0.6704533100128174,0.6597670912742615,0.9798834323883056
0.6948994398117065,0.489896297454834,0.6784229278564453
0.6955718398094177,0.6739739179611206,0.9608588218688964
0.1625343263149261,0.135915994644165,0.1537946760654449
0.7608581781387329,0.6252601146697998,0.7631924152374268
0.691041886806488,0.645464301109314,0.9352883100509644
0.3176577687263489,0.5029816031455994,0.13939169049263
0.8058325052261353,0.5128564834594727,0.4624354839324951
0.7858495712280273,0.1267489641904831,0.1037922948598861
0.6237175464630127,0.312210738658905,0.2691926062107086
0.672267735004425,0.2871724367141723,0.5923750996589661
0.0768945962190628,0.1587794870138168,0.1653391420841217
0.5619384050369263,0.8415316343307495,0.5861105918884277
0.7246400117874146,0.5630364418029785,0.7859963178634644
0.8378664255142212,0.2967595160007477,0.3221935629844665
0.4887742400169372,0.1607158780097961,0.0950681865215301
0.9632025957107544,0.6582422256469727,0.626439094543457
0.0155527517199516,0.1994052529335022,0.0771044939756393
0.8762401342391968,0.7658259868621826,0.8554164171218872
0.5598722696304321,0.9110855460166932,0.5329763889312744
0.5594898462295532,0.5057054162025452,0.7033737897872925
0.8822028636932373,0.8062679767608643,0.9113398790359496
0.7002798318862915,0.7135322093963623,0.7636324167251587
0.7390880584716797,0.6677038669586182,0.6168603897094727
0.5509353876113892,0.5249859094619751,0.7138921022415161
0.6935482025146484,0.6935481429100037,0.9999998807907104
0.6083477735519409,0.7182049751281738,0.3497693538665771
0.6062421798706055,0.3287337720394134,0.2907470464706421
0.8885279893875122,0.7409899234771729,0.7260943651199341
0.7770979404449463,0.5617374181747437,0.7085115909576416
0.5156757235527039,0.7217906713485718,0.5216066241264343
0.546485424041748,0.5118330121040344,0.7560750246047974
0.754621148109436,0.1151398792862892,0.1175548285245895
0.7026186585426331,0.705714225769043,0.9724655747413636
0.7868180274963379,0.752443790435791,0.9323312044143676
0.7006313800811768,0.6897302865982056,0.8217994570732117
0.9426591992378236,0.09870046377182,0.1161374002695083
0.1489454209804535,0.6392645239830017,-0.0002124513266608
0.5532364249229431,0.1136888861656189,0.0559598580002784
0.7246972918510437,0.7319982051849365,0.8086873292922974
1.0000001192092896,0.7575738430023193,0.7575738430023193
0.6266838908195496,0.1512299478054046,0.203746497631073
0.2969971299171448,0.6935175061225891,0.2686584591865539
0.8317500352859497,0.8244397640228271,0.9892812967300416
0.8626447319984436,0.6011937856674194,0.3661991655826568
0.2170250415802002,0.124567225575447,0.1835561394691467
0.3254169225692749,0.3554707169532776,0.8015977740287781
0.6400870680809021,0.4510011672973633,0.6547423005104065
0.5774973630905151,0.5557631850242615,0.68674635887146
0.4967324733734131,0.4742128849029541,0.6893490552902222
0.6488485336303711,0.7484805583953857,0.8520922064781189
0.799757719039917,0.7008464336395264,0.8441987037658691
0.6641470193862915,0.6458919644355774,0.7783312797546387
0.666682243347168,0.4581575095653534,0.3258253931999206
0.242007315158844,0.1577478349208831,0.1729312241077423
0.6095517873764038,0.5887337327003479,0.7710978388786316
0.8494088053703308,0.6986554861068726,0.7198779582977295
0.4441466331481933,0.2850249707698822,0.1027567535638809
0.9864087104797364,0.7780575752258301,0.7895020842552185
0.824231743812561,0.2776362895965576,0.0768828243017196
0.5673709511756897,0.214838296175003,0.4060835838317871
0.8928803205490112,0.8162058591842651,0.8874117136001587
0.8447190523147583,0.6313908100128174,0.6895894408226013
0.4882437288761139,0.4974554181098938,0.8357400894165039
0.7529990673065186,0.7353863716125488,0.7538663148880005
0.9237399101257324,0.7299665212631226,0.7804522514343262
0.0489513911306858,0.1633460819721222,0.0446488820016384
0.5895847082138062,0.1220342963933944,0.1959701627492904
0.374275803565979,0.0955817624926567,0.1422156393527984
1.0,0.6987413167953491,0.6987413167953491
0.9000300168991089,0.7065231204032898,0.6794347763061523
0.9514968991279602,0.8878076672554016,0.8427622318267822
0.9541785717010498,0.645141065120697,0.5337843894958496
0.1224012225866317,0.2699998915195465,0.133340299129486
0.8929910659790039,0.7564813494682312,0.7752372026443481
0.2129509150981903,0.2118124663829803,0.7106539607048035
0.7617412209510803,0.7543781399726868,0.8557349443435669
0.7370468378067017,0.6190112233161926,0.7778674364089966
0.8174265623092651,0.5958120822906494,0.6506131291389465
0.6248732209205627,0.6831094622612,0.7494165301322937
0.6294780969619751,0.6533989906311035,0.8817952871322632
0.844841480255127,0.6364426016807556,0.6599270701408386
0.9554368257522584,0.9068167209625244,0.9482584595680236
0.6851300001144409,0.1072371080517768,0.687664806842804
0.7349097728729248,0.8700574040412903,0.7222771048545837
0.7043156623840332,0.541796088218689,0.4058338403701782
0.8800461292266846,0.9005670547485352,0.9727152585983276
0.8562881946563721,0.6215334534645081,0.6508259773254395
0.1069331169128418,0.1325877904891967,0.1901674270629882
0.5668837428092957,0.3024975955486297,0.3145382404327392
0.9999998807907104,0.9028405547142028,0.9028405547142028
0.9228098392486572,0.7090189456939697,0.7194904685020447
0.4033642411231994,0.4246450662612915,0.629378080368042
0.6717890501022339,0.6686935424804688,0.992536187171936
0.8250335454940796,0.4934180080890655,0.5297436118125916
0.8304682374000549,0.7539201974868774,0.8034600615501404
0.6606170535087585,0.6399590373039246,0.7740339040756226
0.888673722743988,0.9343888759613036,0.9017049074172974
0.1260739713907241,0.8651909828186035,0.0576722584664821
0.863103449344635,0.6631565093994141,0.7138781547546387
0.2305887192487716,0.1955856680870056,0.2360602021217346
0.0915549173951149,0.964196801185608,0.1247779577970504
0.899768590927124,0.6673837304115295,0.7293075323104858
0.599075436592102,0.6581969857215881,0.410015732049942
0.9153318405151368,0.7809277772903442,0.698736846446991
0.7116748094558716,0.7429640293121338,0.8175536394119263
0.8335129618644714,0.491389513015747,0.2980301976203918
0.8339219093322754,0.7699832916259766,0.8952207565307617
0.9228245615959167,0.8866932392120361,0.9539380073547364
0.670435905456543,0.6872773766517639,0.7129691243171692
0.1701085567474365,0.0388543717563152,0.1164411306381225
0.8796237707138062,0.6491380929946899,0.7279763221740723
0.5423900485038757,0.5083663463592529,0.4508630931377411
0.9967803359031676,0.9905953407287598,0.9937949180603028
0.8330018520355225,0.7889991998672485,0.928652286529541
0.0639291405677795,0.1260825842618942,0.0671859383583068
0.8512512445449829,0.6528360843658447,0.7182729840278625
0.7131626009941101,0.3173363208770752,0.27826988697052
0.5721062421798706,0.6145287752151489,0.289024293422699
0.2418336570262909,0.5373895168304443,0.1687347590923309
0.7502059936523438,0.7774021625518799,0.9092295169830322
0.3878771662712097,0.427247405052185,0.147465169429779
0.9263604879379272,0.7822619080543518,0.8154272437095642
0.1323962956666946,0.1757034063339233,0.081020250916481
0.6885033845901489,0.7159458994865417,0.8392637372016907
0.5982683897018433,0.7681693434715271,0.655587911605835
0.7696583271026611,0.7070673704147339,0.7891049385070801
0.919792413711548,0.8042521476745605,0.8598798513412476
0.5831618309020996,0.6207818984985352,0.6859930753707886
0.7827123999595642,0.2967588305473327,0.2520682513713836
0.2638828754425049,0.3966079950332641,0.6400066018104553
0.2622859477996826,0.2435233741998672,0.7276962399482727
0.3830675184726715,0.3353762328624725,0.8037893772125244
0.6508005857467651,0.2488646954298019,0.2380616962909698
0.9408845901489258,0.328260987997055,0.3488855361938476
0.790888786315918,0.8028361797332764,0.9060598015785216
0.6866308450698853,0.6211178302764893,0.865866482257843
0.8327406644821167,0.7233030796051025,0.8279498815536499
0.6536850929260254,0.203368678689003,0.1842593401670456
0.1520129889249801,0.0969390720129013,0.0245387200266122
0.9418870210647584,0.8266517519950867,0.743285059928894
0.1644439548254013,0.1430167108774185,0.0974697172641754
0.7616742849349976,0.772611141204834,0.5545803308486938
0.2271670848131179,0.2858702540397644,0.0457175374031066
0.87221360206604,0.7740313410758972,0.8740502595901489
0.6259871125221252,0.6259871125221252,1.0
0.2992923855781555,0.3595471680164337,0.3612292110919952
0.805985152721405,0.6994390487670898,0.8333755731582642
1.0,0.0866108983755111,0.0866108983755111
0.7412946224212646,0.7398216128349304,0.7293397188186646
0.530513346195221,0.5013406872749329,0.811301589012146
0.7786922454833984,0.4309603869915008,0.6924259662628174
0.5472928285598755,0.5191534757614136,0.8817583918571472
0.802541971206665,0.6660311222076416,0.7798644304275513
0.9157469868659972,0.3289092183113098,0.3337191343307495
0.7801533341407776,0.955704629421234,0.822638988494873
0.2298330068588256,0.1719176471233368,0.094280369579792
0.8956875801086426,0.5016752481460571,0.5182572603225708
0.857416033744812,0.6566737294197083,0.6514068841934204
0.8238388299942017,0.6905899047851562,0.6936997175216675
0.7895401120185852,0.8289445638656616,0.8757131099700928
0.2889856994152069,0.2208170592784881,0.1192129254341125
0.0471891313791275,0.0793331563472747,0.3221926689147949
0.6630719304084778,0.6991734504699707,0.8161234855651855
0.3381308317184448,0.3381308317184448,0.9999999403953552
0.6457662582397461,0.5552819967269897,0.8045454621315002
0.5652546286582947,0.5515941381454468,0.7470979690551758
0.6244419813156128,0.3156971335411072,0.357389748096466
0.1719387024641037,0.0578428134322166,0.0653016716241836
0.0,0.1076616048812866,0.0
0.7792024612426758,0.354914903640747,0.3198577165603637
0.3729790449142456,0.4079539775848388,0.6940439939498901
0.6941823959350586,0.6202970743179321,0.633246660232544
0.7229969501495361,0.6538562774658203,0.7238166332244873
0.5961368083953857,0.3149085640907287,0.4081355333328247
0.9106722474098206,0.7285718321800232,0.7855432033538818
0.5399345755577087,0.2179116308689117,0.2998281717300415
0.5096045732498169,0.2582567930221557,0.2832306921482086
0.2440954744815826,0.6473194360733032,0.0817124098539352
0.4157347381114959,0.7045534253120422,0.1737116277217865
0.8921772241592407,0.2108557820320129,0.1816995441913604
0.0595474988222122,0.1055687665939331,0.0115474434569478
0.5662693977355957,0.2450276911258697,0.1600699871778488
0.7863101363182068,0.7122368216514587,0.821679949760437
0.5813490152359009,0.2793163955211639,0.5431353449821472
0.7132316827774048,0.5836931467056274,0.4917927980422973
0.692486047744751,0.67745441198349,0.8302813768386841
0.7011176347732544,0.5722638368606567,0.7887989282608032
0.8272879123687744,0.3335782289505005,0.3395755887031555
0.8467876315116882,0.751147985458374,0.8422660827636719
0.5491455793380737,0.5084066390991211,0.796994149684906
0.6602027416229248,0.7622455358505249,0.3111537098884582
0.7182996869087219,0.6701188087463379,0.7636567950248718
0.57663893699646,0.5887025594711304,0.89445561170578
0.8352693319320679,0.3003304600715637,0.2998994588851928
0.5469457507133484,0.3954861760139465,0.4766615629196167
1.0,0.8105953335762024,0.8105953335762024
0.4184726476669311,0.1882694065570831,0.1853526681661605
0.9999999403953552,0.5982424020767212,0.5982424020767212
0.748855710029602,0.7120175361633301,0.9054962396621704
0.9580830335617064,0.8964142799377441,0.9287608861923218
0.9051124453544616,0.8621649742126465,0.9509379863739014
0.1624293029308319,0.2952035367488861,0.1623531579971313
0.3436720371246338,0.0606450587511062,0.023410452529788
0.1999537795782089,0.5600756406784058,0.1699827164411544
0.6696505546569824,0.5651516318321228,0.7765671610832214
0.6615712642669678,0.5614648461341858,0.6185164451599121
0.4929704666137695,0.4308129847049713,0.3944520056247711
0.7289948463439941,0.3833961188793182,0.4838278889656067
0.4563810229301452,0.3188817501068115,0.499636173248291
0.4805500507354736,0.2904527187347412,0.2159665077924728
0.6223435997962952,0.5660536289215088,0.8579469323158264
0.6476085186004639,0.6282404065132141,0.751783013343811
0.7856366038322449,0.9364389181137084,0.7964639663696289
0.8042436838150024,0.8144367933273315,0.9196540713310242
0.8863087892532349,0.709560751914978,0.6816743016242981
0.6911080479621887,0.6229059100151062,0.869229793548584
0.9470195770263672,0.6803765296936035,0.6916388273239136
0.4766560196876526,0.3949148654937744,0.2494869828224182
0.694819450378418,0.0907821655273437,0.0840838029980659
0.5125242471694946,0.4417200982570648,0.2420579344034195
0.8200502395629883,0.6003627777099609,0.8060134649276733
0.6875262260437012,0.4715051054954529,0.6781970262527466
0.6865358352661133,0.6096649765968323,0.7768563032150269
0.8890302181243896,0.6200381517410278,0.6291309595108032
0.1315292418003082,0.1001688614487648,0.3174396753311157
0.7623651027679443,0.7313182353973389,0.6345579624176025
0.605801522731781,0.3448002934455871,0.4604586362838745
0.3025786876678467,0.3590021729469299,0.3621352910995483
0.5040908455848694,0.2671884298324585,0.1478917002677917
0.7871490716934204,0.9153663516044616,0.8103848099708557
0.0,0.0070901177823543,0.4895842671394348
0.7593023180961609,0.1673749387264251,0.1429603099822998
0.6462551951408386,0.668380856513977,0.6460637450218201
0.9495171308517456,0.7622376680374146,0.785933256149292
0.516110897064209,0.5633504986763,0.8623661994934082
0.1013605892658233,0.3406901359558105,0.1204928830265998
0.4732140302658081,0.1913844943046569,0.1206310093402862
0.8029904365539551,0.7708428502082825,0.9569791555404664
0.7051889896392822,0.7167693376541138,0.3671338558197021
0.3177915811538696,0.0508644133806228,0.0846201851963996
1.0,0.075898177921772,0.075898177921772
1.0,0.7480435967445374,0.7480435967445374
0.6404808163642883,0.6798034906387329,0.7489825487136841
0.3975770771503448,0.162909597158432,0.2669885158538818
0.1345938444137573,0.1172433197498321,0.100928395986557
0.7037999629974365,0.35524582862854,0.2643699049949646
0.8546044826507568,0.6761428117752075,0.767930269241333
0.6387342214584351,0.6490182280540466,0.8476183414459229
0.894358217716217,0.6113661527633667,0.6639904975891113
0.8993527889251709,0.6132742166519165,0.6364668011665344
0.8304996490478516,0.8453493118286133,0.713239312171936
0.7734149694442749,0.0,0.0
0.6570861339569092,0.464177131652832,0.6190365552902222
0.7361129522323608,0.637950599193573,0.6633426547050476
0.7536436319351196,0.5622419118881226,0.4519028663635254
0.7463546395301819,0.5382869243621826,0.6871126294136047
0.6123488545417786,0.3131834864616394,0.1842066943645477
0.8459451198577881,0.729183554649353,0.763827919960022
0.0910588428378105,0.7797884941101074,0.0818737149238586
0.4058793783187866,0.4487689435482025,0.8524715900421143
0.7611873149871826,0.7216535210609436,0.8881182670593262
0.718633234500885,0.3259612321853637,0.3138575851917267
0.9414045810699464,0.6976747512817383,0.7237118482589722
0.5873883366584778,0.5967005491256714,0.1827138215303421
1.0,0.5654921531677246,0.5654921531677246
0.7687151432037354,0.5850093364715576,0.2483729422092437
0.7326658964157104,0.585753858089447,0.733311116695404
0.7215404510498047,0.6765602827072144,0.9310643672943116
0.5741187334060669,0.5106493234634399,0.7369289398193359
0.9119830131530762,0.6881603002548218,0.7450753450393677
0.8981443047523499,0.8388885259628296,0.9340996742248536
0.0851978734135627,0.0924749448895454,0.4425565600395202
0.243694931268692,0.1701374948024749,0.2093852460384369
0.6737073659896851,0.7702980041503906,0.6764521598815918
0.8893075585365295,0.8698480725288391,0.8371261358261108
0.8782476186752319,0.3127148747444153,0.3274959325790405
0.6659716963768005,0.4867798686027527,0.7512667179107666
0.5522820949554443,0.4716374278068542,0.4564506709575653
0.0,0.7733410000801086,0.0
0.836161732673645,0.8002634048461914,0.9033567309379578
0.8235051035881042,0.2372966110706329,0.2434128373861313
0.7404147386550903,0.3217209577560425,0.4685554802417755
1.0,0.3214205503463745,0.3214205503463745
0.7491862773895264,0.1298945695161819,0.1132576465606689
0.2042237520217895,0.0,0.0
0.2665024399757385,0.1304297447204589,0.2140721976757049
0.6302187442779541,0.5812686085700989,0.2355268746614456
0.7437491416931152,0.7693395614624023,0.9163880348205566
0.7422563433647156,0.1617860794067382,0.1334360986948013
0.7607698440551758,0.706120491027832,0.7779361009597778
0.115654207766056,0.6253297328948975,0.069665752351284
0.1211565360426902,0.3755270838737488,0.6845792531967163
0.79302579164505,0.6549338102340698,0.5006047487258911
0.3877044320106506,0.2507320046424866,0.1918621808290481
0.5685539245605469,0.7697063684463501,0.2869334816932678
0.4516800045967102,0.312127947807312,0.0915945470333099
0.7698982954025269,0.639855146408081,0.6610465049743652
0.5840528011322021,0.8082048892974854,0.6459056735038757
0.9087592959403992,0.4505959153175354,0.4703606367111206
0.8708223104476929,0.7749622464179993,0.8782238364219666
0.5801899433135986,0.4494892954826355,0.5988945364952087
0.7466223239898682,0.7347708940505981,0.7324966788291931
0.7303962707519531,0.2861033380031585,0.2717027962207794
0.0951111912727356,0.0818132013082504,0.6780686378479004
0.1076873317360878,0.7239127159118652,0.0879947245121002
0.3276055455207824,0.3571264743804931,0.746941328048706
0.8117713928222656,0.6807973980903625,0.8125436902046204
0.359563946723938,0.1809837520122528,0.6544123888015747
0.1102603822946548,0.4271049797534942,0.3461811244487762
0.0,0.0237645953893661,0.2916623055934906
0.6949523687362671,0.5979897379875183,0.7047119736671448
0.3227348029613495,0.4358884692192077,0.3647787570953369
0.297250360250473,0.1697892099618911,0.2621451616287231
0.3200743794441223,0.3141375780105591,0.5200810432434082
0.6430001258850098,0.4306820034980774,0.2583794593811035
0.6429502964019775,0.2627801895141601,0.2606468200683594
0.4895991086959839,0.5063191652297974,0.642672598361969
0.47314453125,0.8654464483261108,0.4717171788215637
0.7746784090995789,1.0,0.7746784090995789
0.8886784315109253,0.5160678625106812,0.6786113977432251
0.6251155138015747,0.5201640129089355,0.6504936814308167
0.8427227735519409,0.7738495469093323,0.9071890711784364
0.6684988737106323,0.5979363322257996,0.3275996446609497
0.884306788444519,0.838204026222229,0.936879575252533
0.7746780514717102,0.7746780514717102,1.0
0.3226297199726105,0.1285497397184372,0.7567918300628662
0.7300940752029419,0.0987522006034851,0.0806895866990089
0.5556495785713196,0.1090829223394393,0.1241739988327026
0.5508846640586853,0.1147119253873825,0.1294443607330322
0.8083759546279907,0.2014348804950714,0.2041466832160949
0.9988644123077391,0.314378410577774,0.3141347467899322
0.6693432331085205,0.1045458391308784,0.0849372372031211
0.2595023810863495,0.3317804336547851,0.3090935945510864
0.7298632860183716,0.3757497668266296,0.3882929682731628
0.8016367554664612,0.3790364265441894,0.4541025161743164
0.5875285267829895,0.1848586201667785,0.6167330145835876
0.0612215958535671,0.4030627012252807,0.0184226427227258
0.8813624382019043,0.2218167781829834,0.2149578332901001
0.6479778289794922,0.2903866171836853,0.3801631331443786
0.7256382703781128,0.8179494142532349,0.8733737468719482
0.6803785562515259,0.3433306217193603,0.320140540599823
0.9763309955596924,0.8923062086105347,0.9060254096984864
0.9187417030334472,0.1096601337194442,0.1102405935525894
0.2386227548122406,0.6631311178207397,0.0651050359010696
0.9084079265594482,0.6325163841247559,0.6889066696166992
0.9757803082466124,0.8374261260032654,0.8180199861526489
0.4489663541316986,0.6489539742469788,0.2093303650617599
0.5152130126953125,0.8355985879898071,0.5524048209190369
0.2746768593788147,0.4112464785575866,0.2386788725852966
0.3626548051834106,0.326018750667572,0.4440853297710418
0.7452612519264221,0.603054940700531,0.570435106754303
0.6406108140945435,0.5980181694030762,0.7703647613525391
0.6409560441970825,0.6593879461288452,0.9176919460296632
0.4371806383132934,0.5353057980537415,0.1670190095901489
0.960437536239624,0.9319807887077332,0.9762880206108092
0.8417983651161194,0.8174514174461365,0.5800698399543762
0.90933358669281,0.4400087893009186,0.4481123089790344
0.754808247089386,0.7265406250953674,0.8145196437835693
0.3246764838695526,0.2234463095664978,0.2085967808961868
0.7104172706604004,0.2023567408323288,0.1989795565605163
0.5908610820770264,0.5162533521652222,0.6989434957504272
0.1161878407001495,0.4721173644065857,0.0679428279399871
0.9116647243499756,0.83448326587677,0.6796214580535889
0.7034938335418701,0.7041071653366089,0.7889759540557861
0.2755692601203918,0.2923964858055115,0.6872854232788086
0.6879377365112305,0.6576086282730103,0.8240241408348083
0.7000784873962402,0.7707622051239014,0.832615077495575
0.948727250099182,0.6236642003059387,0.6484136581420898
0.9590318202972412,0.7270016670227051,0.7500851154327393
0.7885093092918396,0.760856568813324,0.7072707414627075
1.0,0.5032617449760437,0.5032617449760437
0.7994240522384644,0.6375800967216492,0.7915869951248169
0.6264799237251282,0.2104265391826629,0.346101313829422
0.6346515417098999,0.6844631433486938,0.852401614189148
0.8305713534355164,0.6649429798126221,0.7698169350624084
0.8908130526542664,0.903472065925598,0.8615577816963196
0.8397376537322998,0.8397376537322998,0.9999998211860656
0.8698500394821167,0.4332010149955749,0.4449966549873352
0.7065582275390625,0.7158650755882263,0.4464202523231506
0.8513926267623901,0.7559837698936462,0.516880989074707
0.3555676341056824,0.3563243150711059,0.9694795608520508
0.8790462017059326,0.3751373291015625,0.3931716084480285
0.9999999403953552,0.4997953474521637,0.4997953474521637
0.8322272896766663,0.7953858971595764,0.8650362491607666
0.8095463514328003,0.61929851770401,0.7277243137359619
0.9685657620429992,0.1268654763698578,0.130982831120491
0.7732858657836914,0.7588043212890625,0.8125794529914856
0.8427778482437134,0.5679430961608887,0.5493128299713135
0.7692487239837646,0.356248676776886,0.3919364511966705
0.9912828207015992,0.9079670906066896,0.9161997437477112
0.9879154562950134,0.9323999285697936,0.9439287781715392
0.8501471281051636,0.7188304662704468,0.8256468772888184
0.5181812047958374,0.9381238222122192,0.3178223371505737
0.7972592115402222,0.5528610944747925,0.6225296854972839
0.8310063481330872,0.7711628675460815,0.9100279808044434
0.6415603160858154,0.9350318908691406,0.5461760759353638
0.1659282743930816,0.1175649613142013,0.3673567771911621
0.9714921712875366,0.7151278257369995,0.7329974174499512
0.9279431104660034,0.7313975095748901,0.7756242752075195
0.7338199615478516,0.4381695985794067,0.7660627365112305
0.6646777391433716,0.5705957412719727,0.6701945066452026
0.7475538849830627,0.6411837339401245,0.6879178285598755
0.6905650496482849,0.3045997619628906,0.1300938129425048
0.891636848449707,0.4872422814369201,0.3518260717391968
0.9893526434898376,0.8126152753829956,0.8132979869842529
0.0504063554108142,0.5629580020904541,0.2549676895141601
0.7497636079788208,0.7727433443069458,0.7607897520065308
0.3538352847099304,0.1869363337755203,0.5198602676391602
0.7958058714866638,0.6933503150939941,0.8192940950393677
0.8062671422958374,0.7891603708267212,0.8459599018096924
0.5675431489944458,0.2666014730930328,0.296675831079483
0.3216525316238403,0.3122045695781708,0.9162762761116028
1.0,0.5679339170455933,0.5679339170455933
0.7113255262374878,0.5126261711120605,0.6416133642196655
0.279593288898468,0.1773611307144165,0.6159083843231201
0.6540936231613159,0.3357820510864258,0.3300986289978027
0.6898153424263,0.9311245679855348,0.5426920056343079
0.9987505674362184,0.8687383532524109,0.8673710823059082
0.9119699001312256,0.8937390446662903,0.9592272639274596
0.7117019891738892,0.7032906413078308,0.8293046951293945
0.5425164699554443,0.5425164699554443,0.9999999403953552
0.5660115480422974,0.3465352356433868,0.4067403674125671
0.695346474647522,0.6850627064704895,0.7353467345237732
0.9216606616973876,0.8833256959915161,0.8736768960952759
0.4638380408287048,0.495169460773468,0.6422938108444214
0.7670115232467651,0.5819759964942932,0.6850823163986206
0.841352105140686,0.6059328317642212,0.7490144968032837
0.8770464658737183,0.5779137015342712,0.4248241484165191
0.7207230925559998,0.4536634981632232,0.7220234870910645
0.6526257991790771,0.8540796637535095,0.6294316053390503
0.946937620639801,0.8018442392349243,0.751713752746582
0.6965874433517456,0.6673851013183594,0.7462674379348755
0.7616745233535767,0.7704929709434509,0.751190721988678
0.9603395462036132,0.8842942714691162,0.9167464971542358
0.9437521696090698,0.3197643160820007,0.3256388902664184
0.8368001580238342,0.854241669178009,0.8610156774520874
0.097596988081932,0.6459032893180847,0.1672461777925491
0.9284111857414246,0.8056464195251465,0.7512524127960205
0.7273879051208496,0.663941502571106,0.8902115821838379
0.7435339689254761,0.5745360851287842,0.6657086610794067
0.9034287929534912,0.6937294006347656,0.7512524127960205
1.0,0.6340252757072449,0.6340252757072449
0.9474083185195924,0.8249368667602539,0.7551159262657166
0.7902741432189941,0.6037644147872925,0.7212584614753723
0.6046744585037231,0.598077654838562,0.9620997309684752
0.8091944456100464,0.7082219123840332,0.7037705183029175
0.6923778057098389,0.6347020864486694,0.6325583457946777
0.7699244022369385,0.6377073526382446,0.7721044421195984
0.8651694655418396,0.651482343673706,0.7414075136184692
0.6975857615470886,0.5058088302612305,0.6827361583709717
0.916405975818634,0.6145256161689758,0.678992748260498
0.7104323506355286,0.3984497785568237,0.5235730409622192
0.4600953161716461,0.135545864701271,0.0517407432198524
0.5266255140304565,0.501437783241272,0.7064394950866699
0.9224146008491516,0.4657613039016723,0.4985127449035644
0.707902193069458,0.7465173602104187,0.8766119480133057
0.8915817737579346,0.7349669933319092,0.555419921875
0.680512547492981,0.6040749549865723,0.7307170629501343
0.9054893851280212,0.8401667475700378,0.7216392159461975
0.4574769735336303,0.8013615608215332,0.4500518441200256
0.380808413028717,0.070236936211586,0.0
0.6877726316452026,0.6513222455978394,0.1918659806251526
0.8240606784820557,0.3225256204605102,0.3433572947978973
0.9057996273040771,0.8373757600784302,0.9246042966842652
0.7574387788772583,0.1355434358119964,0.0965210348367691
0.8123173117637634,0.6517103910446167,0.7742805480957031
0.5869519710540771,0.4798948764801025,0.5039549469947815
0.6264723539352417,0.4371052384376526,0.6117099523544312
0.4768777191638946,0.4833036661148071,0.9593222141265868
0.9504492282867432,0.7882248163223267,0.7517332434654236
0.9532254934310912,0.9232922792434692,0.9145036339759828
0.354739636182785,0.3404208719730377,0.6770150661468506
1.0,0.5893100500106812,0.5893100500106812
0.8233832120895386,0.7749363780021667,0.8681039810180664
0.7069438695907593,0.7109354734420776,0.936277151107788
0.7661470174789429,0.8110902309417725,0.826568603515625
0.9557543992996216,1.0,0.9557543992996216
0.7691699862480164,0.760861873626709,0.8576056957244873
0.3333988189697265,0.6302061676979065,0.4529701471328735
0.7865615487098694,0.8894088268280029,0.5758692026138306
0.5698851346969604,0.3853413462638855,0.3623392879962921
0.8180813193321228,0.9561326503753662,0.7786747813224792
0.139279156923294,0.3350935876369476,0.1971806138753891
0.9903351664543152,0.7651864290237427,0.7562066316604614
0.5926942825317383,0.5556578040122986,0.8757675886154175
0.7404823303222656,0.6109611392021179,0.7462934255599976
0.5957847833633423,0.5373642444610596,0.9383585453033448
0.435651570558548,0.4702237844467163,0.4411131143569946
0.1057387068867683,0.6195397973060608,0.1631549745798111
0.2681155800819397,0.1770412325859069,0.3854668438434601
0.4463388323783874,0.0528346896171569,0.0289695803076028
0.8405182361602783,0.3641360104084015,0.5791628360748291
0.2061192840337753,0.1826999187469482,0.8202594518661499
0.8214116096496582,0.8282226324081421,0.8151957988739014
0.8300554156303406,0.9198464155197144,0.9008461236953736
0.8767592310905457,0.7236815690994263,0.5193319320678711
0.9370945692062378,0.9188347458839417,0.9805143475532532
0.2860878705978393,0.9298466444015504,0.3003991246223449
0.679894745349884,0.7834869027137756,0.6354817748069763
0.8328479528427124,0.4678788483142853,0.4791748821735382
0.8602985143661499,0.6959625482559204,0.7364157438278198
0.7382943630218506,0.7081660032272339,0.9338052272796632
0.6834424138069153,0.810687243938446,0.75180983543396
0.7520098090171814,0.7293370962142944,0.8366254568099976
0.6717099547386169,0.7019671201705933,0.8931789398193359
0.7345566153526306,0.3715994954109192,0.4899497628211975
0.7560943365097046,0.763430118560791,0.9884403347969056
0.8155653476715088,0.2383061647415161,0.2372171729803085
0.925806760787964,0.8984284400939941,0.9648911356925964
0.8573290109634399,0.482552707195282,0.5420322418212891
0.2746931910514831,0.2802404165267944,0.8969980478286743
0.1350302845239639,0.8651168346405029,0.1624507904052734
0.8407012224197388,0.2605694830417633,0.2598658800125122
0.6416429281234741,0.8174073696136475,0.7586115598678589
0.8894244432449341,0.7859728336334229,0.8624143600463867
0.2420750260353088,0.8408682942390442,0.0327721796929836
0.0717372223734855,0.0626560598611831,0.6517525315284729
0.1286939084529876,0.0937746688723564,0.0849631950259208
0.8623172044754028,0.6313928961753845,0.6570755243301392
0.7732327580451965,0.2858577966690063,0.4669011831283569
0.2396424859762191,0.1061327308416366,0.1596154123544693
0.6109622716903687,0.4575701653957367,0.6753727197647095
0.9586448669433594,0.5581296682357788,0.5777690410614014
0.732151985168457,0.7072551250457764,0.7492551803588867
0.5305233597755432,0.3549746870994568,0.3044721484184265
0.992257833480835,0.2246120572090149,0.2263646274805069
0.735265851020813,0.6487371921539307,0.8306853771209717
0.9175066351890564,0.9893447756767272,0.9260866045951844
0.916296660900116,0.8940396904945374,0.9761452674865724
0.7641794681549072,0.6399080753326416,0.7984171509742737
0.9616250991821288,0.9029064774513244,0.8712977170944214
0.980401337146759,0.7902674078941345,0.7870720624923706
0.5280821919441223,0.7721046209335327,0.1655715703964233
0.1689556241035461,0.621209979057312,0.1656188368797302
0.2634996473789215,0.1117397546768188,0.1137405335903167
0.6746401786804199,0.3734451830387115,0.5138894319534302
0.7046302556991577,0.6384196877479553,0.8395757079124451
0.5449328422546387,0.8414117097854614,0.668178915977478
0.7197449207305908,0.4593138694763183,0.4971060752868652
0.6775821447372437,0.6872349381446838,0.7279644012451172
0.5519618988037109,0.5151107311248779,0.3246907293796539
0.083077535033226,0.2176884710788726,-0.0025540443602949
0.8358858227729797,0.4598991870880127,0.4477731585502624
0.8550968170166016,0.7228646278381348,0.695671558380127
0.2101642340421676,0.1010903418064117,0.0
0.6515911817550659,0.6405606269836426,0.8922983407974243
0.2603826820850372,0.6345008611679077,0.6166166067123413
0.6193110942840576,0.5660935044288635,0.603087306022644
0.5954092741012573,0.5739743709564209,0.9497160315513612
0.276728481054306,0.9161432981491088,0.3057489693164825
0.8085894584655762,0.7482683658599854,0.8060294389724731
0.7336076498031616,0.4645892083644867,0.3404907584190368
0.701248288154602,0.6724413633346558,0.911210000514984
0.7629286050796509,0.4213033318519592,0.4727617800235748
0.7398406863212585,0.6842564344406128,0.8823484182357788
0.7214046120643616,0.3985357284545898,0.5573524236679077
0.803343653678894,0.4733067154884338,0.4050681591033935
0.9042466282844543,0.5693069696426392,0.5721136927604675
0.7477278113365173,0.2231964319944381,0.1771697700023651
0.6604616641998291,0.3396952152252197,0.3445775508880615
0.6650077104568481,0.5192083120346069,0.2936949133872986
0.3354310393333435,0.3143415451049804,0.2547043859958648
0.6789414882659912,0.8955625295639038,0.7380099296569824
0.9999999403953552,0.7139103412628174,0.7139103412628174
0.5964419841766357,0.6994237303733826,0.158218577504158
0.8647670745849609,0.6535444259643555,0.7299690246582031
0.737013578414917,0.6374235153198242,0.8254480361938477
0.9359163641929626,0.694119930267334,0.6210879683494568
0.3993883430957794,0.4174950718879699,0.1277673691511154
0.4742428958415985,0.3897255063056946,0.318751573562622
0.8157885074615479,0.5361847877502441,0.5865235328674316
0.2323665618896484,0.1372388154268264,0.1930919289588928
0.3468592464923858,0.3326699733734131,0.8772639036178589
0.2293233424425125,0.2409764528274536,0.9218515753746032
0.9160142540931702,0.2544621229171753,0.24714095890522
0.7041337490081787,0.5901162028312683,0.7699608206748962
0.3102732300758362,0.6553661823272705,0.1906396448612213
0.740994930267334,0.9963403344154358,0.7423220276832581
0.3293232321739197,0.9109020829200744,0.1059918254613876
0.1816989183425903,0.2867188453674316,0.0945729836821556
0.8467142581939697,0.2327027767896652,0.2209270000457763
0.8319855332374573,0.8805625438690186,0.7441944479942322
0.8474231958389282,0.4859053492546081,0.5107882618904114
0.8556398153305054,0.8893114328384399,0.9146630764007568
0.6644037365913391,0.4169638156890869,0.7859687805175781
0.7559062242507935,0.6601205468177795,0.8925365209579468
0.5694696307182312,0.5199143290519714,0.8104748725891113
0.2095798552036285,0.2141400724649429,0.3899727463722229
0.7436610460281372,0.7217991948127747,0.9241820573806764
0.6543170213699341,0.6506489515304565,0.9687676429748536
0.2933281660079956,0.357815146446228,0.1588338017463684
0.7697493433952332,0.7392975687980652,0.952629566192627
0.7772695422172546,0.1853647828102111,0.2461104840040207
0.3450297713279724,0.243539422750473,0.3923284113407135
0.89124995470047,0.5486502647399902,0.5678074955940247
0.487460732460022,0.4140697717666626,0.6561726331710815
0.6174908876419067,0.301178902387619,0.3332391083240509
0.7383472919464111,0.8780297636985779,0.5937564969062805
0.5049353837966919,0.7034162878990173,0.5337876081466675
0.9147803783416748,0.6265214681625366,0.6497341394424438
0.584447979927063,0.0891135782003402,0.0148536330088973
0.3654871582984924,0.484216034412384,0.1144860163331031
0.7031079530715942,0.5163903832435608,0.6317052841186523
0.6654456853866577,0.5376394987106323,0.578473687171936
0.933483064174652,0.5352888107299805,0.5765949487686157
0.8603557348251343,0.7770129442214966,0.8136505484580994
0.8738934993743896,0.3542580604553222,0.367503821849823
0.2442010641098022,0.27919602394104,0.7350759506225586
0.7394779920578003,0.7804017066955566,0.9091753959655762
1.0,0.7169615626335144,0.7169615626335144
0.5323890447616577,0.1987788081169128,0.3469307124614715
0.7784428000450134,0.728766918182373,0.8945056200027466
0.5716818571090698,0.7574130892753601,0.6627283096313477
0.2406346052885055,0.1494503766298294,0.2297488898038864
0.8932284116744995,0.766542911529541,0.7657685279846191
0.5844091176986694,0.6358582377433777,0.6570154428482056
0.8802576661109924,0.8241449594497681,0.9381895065307616
0.7074160575866699,0.6157296895980835,0.6438771486282349
0.2425137758255005,0.3676860928535461,0.628287672996521
0.8835921287536621,0.5296507477760315,0.6019362211227417
0.9829888343811036,0.7439272999763489,0.7283305525779724
0.8098348379135132,0.8101623058319092,0.8643064498901367
0.7477290630340576,0.5712733864784241,0.7407727241516113
0.0,0.3344207406044006,0.0
0.6692090034484863,0.677834153175354,0.9335139393806458
0.778998076915741,0.8439888954162598,0.622100830078125
0.8385012149810791,0.8382285833358765,0.9940273761749268
0.8161463737487793,0.5120042562484741,0.549383819103241
0.7881608009338379,0.6459086537361145,0.7635536789894104
0.4259670376777649,0.7620288729667664,0.5285328030586243
0.7209303379058838,0.5390809774398804,0.5779834985733032
0.8075270652770996,0.2318986654281616,0.1541703939437866
0.5347228646278381,0.7657277584075928,0.5477085113525391
0.7605654001235962,0.7235448360443115,0.9410716891288756
0.3103720545768738,0.5534206032752991,0.269522488117218
0.5090051293373108,0.5353640913963318,0.7957188487052917
0.3944247364997864,0.3946779668331146,0.8422683477401733
0.9329048991203308,0.7638627290725708,0.8172258734703064
0.847441554069519,0.5815953016281128,0.373278945684433
0.0624698065221309,0.73285973072052,0.0464240908622741
0.2817849516868591,0.8099385499954224,0.0879680663347244
0.829120397567749,0.6325313448905945,0.7644946575164795
0.7393608689308167,0.0884658619761467,0.0955793336033821
0.117081306874752,0.1638849973678589,0.6808233261108398
0.1211083680391311,0.9169795513153076,0.1431092619895935
0.7617672085762024,0.6427767872810364,0.8221396207809448
0.7842384576797485,0.6182137727737427,0.6456536650657654
0.810088574886322,0.5260753631591797,0.2767214179039001
0.6589010953903198,0.8843726515769958,0.6523633599281311
0.925255537033081,0.7965604066848755,0.7943805456161499
0.7845799922943115,0.686285674571991,0.8021162748336792
0.8977882266044617,0.6105542182922363,0.526587963104248
0.7130576372146606,0.6981989145278931,0.912218451499939
0.5716415643692017,0.5026463270187378,0.7614479064941406
0.8360941410064697,0.7362189292907715,0.8710121512413025
0.2262116521596908,0.296182632446289,0.3549336791038513
0.2114213407039642,0.4782809019088745,0.1535732895135879
0.7506266832351685,0.6968523859977722,0.457773894071579
0.7745874524116516,0.7785252332687378,0.7338193655014038
0.2299119234085083,0.4470172226428985,0.7779272794723511
0.7552529573440552,0.5988820195198059,0.4729589223861694
0.3426750302314758,0.2680844664573669,0.7488201260566711
0.0422527343034744,0.0444525182247161,0.1332900524139404
0.6901369094848633,0.6326121091842651,0.8608232736587524
0.6520982980728149,0.6140621900558472,0.8463563323020935
0.8222454786300659,0.5795249938964844,0.5719080567359924
0.0712384581565857,0.0644480288028717,0.7456507682800293
0.6023306250572205,0.1562724560499191,0.159528911113739
0.4864335060119629,0.1145350784063339,0.0694113969802856
0.8122342228889465,0.6536040306091309,0.7752982378005981
0.8287304639816284,0.9915250539779664,0.8348875045776367
0.6260049343109131,0.6119901537895203,0.7185981273651123
0.89453125,0.6616754531860352,0.4375825524330139
0.1874884963035583,0.6076509952545166,0.1445472538471222
0.5204107165336609,0.2600299119949341,0.155108630657196
0.4596897661685943,0.7589986324310303,0.4145893454551697
0.1434420943260193,0.7019981145858765,0.0737593844532966
0.8525145053863525,0.2478629648685455,0.2553182244300842
0.4535753130912781,0.3890798985958099,0.1691513806581497
0.6496701836585999,0.78263258934021,0.5549732446670532
0.513802170753479,0.3622116446495056,0.0908526927232742
0.206598162651062,0.3034356236457824,0.1534962207078933
0.833261251449585,0.7564906477928162,0.830170750617981
0.045277576893568,0.0640884488821029,0.110373854637146
0.7456024289131165,0.3192225694656372,0.3732721209526062
0.425735592842102,0.5366663932800293,0.3370534181594848
0.4855161309242248,0.5097644329071045,0.7048617005348206
0.5500938892364502,0.0545139536261558,0.0127526773139834
0.6009210348129272,0.7036905884742737,0.258053570985794
0.8433470726013184,0.5386647582054138,0.5981780290603638
0.6727749109268188,0.6611980199813843,0.9178982377052308
0.93039733171463,0.441988855600357,0.3166065812110901
0.907507061958313,0.2983579337596893,0.3004411458969116
0.1419679522514343,0.5217496752738953,0.1000273376703262
0.5675418376922607,0.2880085706710815,0.2770211696624756
0.7785115242004395,0.6115405559539795,0.7383507490158081
0.9784293174743652,0.8377537727355957,0.8254588842391968
0.1570722013711929,0.3218799829483032,0.1526937335729599
0.1728207170963287,0.5518353581428528,0.6763139367103577
0.8456962704658508,0.7993266582489014,0.6695278882980347
0.7495378255844116,0.6912692785263062,0.8913686275482178
0.6942275762557983,0.6647137999534607,0.8190100789070129
0.9358240365982056,0.5247434377670288,0.5532647967338562
0.6847741007804871,0.6500251889228821,0.9230445623397828
0.7244845628738403,0.6672183871269226,0.8480017185211182
0.8795917630195618,0.1133569926023483,0.0751421451568603
0.3965460956096649,0.7192062735557556,0.6492555141448975
0.5654716491699219,0.0154651440680027,0.0338798947632312
0.3177929818630218,0.3134615421295166,0.8969860672950745
0.5208930969238281,0.5732969045639038,0.8228087425231934
0.9505509734153748,0.3389812409877777,0.3410837650299072
0.2255792021751403,0.1878290772438049,0.134389042854309
0.0710932165384292,0.0597216263413429,0.6801995635032654
0.8340990543365479,0.5240625143051147,0.6605136394500732
0.7440285086631775,0.1809421777725219,0.5571393966674805
0.632752537727356,0.612645149230957,0.95662522315979
0.9262601733207704,0.8248145580291748,0.7779790759086609
0.5437674522399902,0.6083526611328125,0.6116905212402344
0.8281238079071045,0.7908408641815186,0.8058561086654663
0.7060228586196899,0.2427568733692169,0.3558011054992676
0.8779342770576477,0.8210164308547974,0.8807818293571472
0.8287619352340698,0.5364682078361511,0.5678063631057739
0.9823550581932068,0.732858419418335,0.7481450438499451
0.7539139986038208,0.0899943858385086,0.0996999517083168
0.6376159191131592,0.6711432933807373,0.7847492098808289
0.794649600982666,0.1424931287765503,0.1071159020066261
0.992099404335022,0.7431800365447998,0.7416680455207825
0.7424319982528687,0.2687903940677643,0.2568123340606689
0.5581107139587402,0.32609823346138,0.2797231078147888
0.471572995185852,0.452676385641098,0.7666955590248108
0.4226539134979248,0.4098317623138428,0.9277682304382324
0.6730695962905884,0.6837276220321655,0.9202195405960084
0.5941823720932007,0.611845850944519,0.4604410529136657
0.6784170866012573,0.4854032695293426,0.6576852798461914
0.693505048751831,0.6071548461914062,0.6827107071876526
0.4375894069671631,0.2421611547470092,0.1260151267051696
0.3031389713287353,0.6907704472541809,0.3198398351669311
0.7013721466064453,0.2821791172027588,0.149730309844017
0.6028705835342407,0.4366485774517059,0.3505711555480957
0.3669427633285522,0.7221508026123047,0.2189334332942962
0.8703404664993286,0.4946337640285492,0.541702389717102
0.3028679192066192,0.3441799581050873,0.6472466588020325
0.5905557870864868,0.0578154250979423,0.0687643736600875
0.6742662191390991,0.5147243738174438,0.7223809957504272
0.7951991558074951,0.6522248387336731,0.7988402843475342
0.8457936644554138,0.8204690217971802,0.855482280254364
0.4809397161006927,0.4424694776535034,0.7602079510688782
0.8559235334396362,0.9081318974494934,0.8944344520568848
0.5608636736869812,0.5299716591835022,0.6553800106048584
0.2925273776054382,0.619968831539154,0.180567979812622
0.7995619773864746,0.711001992225647,0.6792956590652466
0.6766058802604675,0.6117303371429443,0.8460214138031006
0.1195525079965591,0.1188850626349449,0.1936875879764557
0.6493479609489441,0.6822857856750488,0.8213063478469849
0.958784818649292,0.2694303393363952,0.2657623291015625
0.9718164205551147,0.3991591036319732,0.395767867565155
0.8479968309402466,0.750336766242981,0.7624143362045288
0.1918083727359771,0.2560504078865051,0.5227411985397339
0.7208651304244995,0.746488094329834,0.6710397005081177
0.8297863006591797,0.6991643905639648,0.7761218547821045
0.6946938633918762,0.7252211570739746,0.6622840762138367
0.5011619329452515,0.9271148443222046,0.5159772634506226
0.7564982175827026,0.5160481929779053,0.7740961909294128
0.3634226620197296,0.042683906853199,0.5295226573944092
0.3360057175159454,0.599941611289978,0.3197217881679535
0.8687165975570679,0.9460299611091614,0.8233265280723572
0.0895908623933792,0.1063228249549865,0.3317493200302124
0.1899094134569168,0.2409509718418121,0.1004331409931182
0.7329006195068359,0.6945367455482483,0.2728220820426941
0.7511680126190186,0.7238036394119263,0.7374120950698853
0.8260155916213989,0.8281577229499817,0.869025707244873
0.8234096169471741,0.3406742215156555,0.3916509449481964
0.4102550446987152,0.4126665890216827,0.5703682899475098
0.4501896500587463,0.252643883228302,0.2341529130935669
0.6868646144866943,0.071083590388298,0.0941118746995925
0.5697011947631836,0.5955779552459717,0.926848292350769
0.195795327425003,0.3504253625869751,0.7659330368041992
0.3586992919445038,0.1895527839660644,0.6811850070953369
0.8038539886474609,0.7152758836746216,0.7022346258163452
0.4415428936481476,0.419422447681427,0.897718071937561
0.6978724002838135,0.6656795740127563,0.6890776753425598
0.0555186793208122,0.804539680480957,0.0692751109600067
0.569168210029602,0.5519757270812988,0.1605622917413711
0.6496616005897522,0.1751390993595123,0.1757527291774749
0.4693736433982849,0.4557824432849884,0.4791740775108337
0.7371770143508911,0.6627680063247681,0.6007323265075684
0.6692577600479126,0.6152787208557129,0.8630627393722534
0.6733365654945374,0.9325929880142212,0.6499685049057007
0.1157851740717887,0.0965935140848159,0.8802964687347412
0.8446753025054932,0.8327513337135315,0.6516741514205933
0.2437158972024917,0.8573046922683716,0.2371306717395782
0.697030782699585,0.9575642347335817,0.6845118999481201
0.8037333488464355,0.6709974408149719,0.8115254640579224
0.1195486560463905,0.1738504320383072,0.6857394576072693
0.1700000166893005,0.1283767223358154,0.6906942129135132
0.1487651765346527,0.5246714353561401,0.6304081678390503
0.1132586076855659,0.0494733266532421,0.0560109615325927
0.8195428848266602,0.2382084131240844,0.246034026145935
0.6841945648193359,0.8677573800086975,0.7352578043937683
0.4494335353374481,0.3134488463401794,0.717034101486206
0.1125285923480987,0.5619775056838989,0.1884679049253463
0.7896178960800171,0.625470757484436,0.6760777831077576
0.5391765832901001,0.7366620302200317,0.6073277592658997
0.547348141670227,0.538983941078186,0.7504984140396118
0.1109567210078239,0.8794753551483154,0.1258527189493179
0.0671865046024322,0.2377413362264633,0.0543278008699417
0.5244344472885132,0.1867133229970932,0.1248436272144317
0.8103969097137451,0.6703827381134033,0.8071079254150391
0.8131817579269409,0.748083233833313,0.9042853116989136
0.5530261993408203,0.336544394493103,0.3172103762626648
0.7962930798530579,0.5219172835350037,0.0844458639621734
0.8651670217514038,0.7902144193649292,0.7595353126525879
0.8891546726226807,0.6788662672042847,0.7434525489807129
0.6480549573898315,0.3607974648475647,0.3182304501533508
0.7850314378738403,0.774566113948822,0.8509857654571533
0.751541256904602,0.6501997709274292,0.6834911704063416
0.3691338300704956,0.2913342714309692,0.6285730004310608
0.6443313956260681,0.7665016055107117,0.7164698839187622
0.8961422443389893,0.2617049217224121,0.275331437587738
0.6716247797012329,0.6473918557167053,0.9371967315673828
0.8713794350624084,0.7705677151679993,0.797573447227478
0.3420963883399963,0.6168538331985474,0.2958882451057434
0.2802651524543762,0.7448492050170898,0.1076095104217529
0.1188798993825912,0.0883322209119796,0.1196306049823761
0.680976152420044,0.322298526763916,0.3215278685092926
0.6941804885864258,0.2975903749465942,0.2926715016365051
0.7008323669433594,0.3117614388465881,0.3508867025375366
0.0713653564453125,0.0870698541402816,0.0850358009338378
0.4273644685745239,0.4239549040794372,0.9899426102638244
0.5175445675849915,0.2340448349714279,0.2279133796691894
0.9612249135971068,0.7345384955406189,0.7505964636802673
0.2751097679138183,0.2851598858833313,0.6208165287971497
0.6176730394363403,0.7485504150390625,0.4862371683120727
0.0465399995446205,0.1521349251270294,0.0
0.2347720563411712,0.029849549755454,0.0
0.840776801109314,0.7069182395935059,0.8293216228485107
0.7441179752349854,0.6399543881416321,0.7475128173828125
0.7940506935119629,0.3721296787261963,0.4306972622871399
0.3542162775993347,0.091826319694519,0.0639888197183609
0.8962012529373169,0.7193540334701538,0.7502651214599609
0.3262431621551513,0.412712037563324,0.6848570108413696
0.7673361301422119,0.1314742267131805,0.0673246532678604
0.0495347715914249,0.0498202741146087,0.598304271697998
0.743696928024292,0.717212975025177,0.7582916021347046
0.0161847583949565,0.1883582770824432,0.0
0.7821303606033325,0.6281939744949341,0.8213247656822205
0.711561381816864,0.6453725099563599,0.8496769070625305
0.6652699112892151,0.2758309841156006,0.3036552667617798
0.6675436496734619,0.959614872932434,0.6444394588470459
0.1286355555057525,0.2768431901931762,0.3029585480690002
0.9199751615524292,0.1051818877458572,0.1071522086858749
0.1934773623943328,0.2324522286653518,0.4500167071819305
0.5778200626373291,0.2437180876731872,0.1859000921249389
0.784661054611206,0.6589964628219604,0.5423905849456787
0.7087076902389526,0.6370718479156494,0.7935198545455933
0.0605419650673866,0.54631108045578,0.0785159543156623
0.5908065438270569,0.3256215453147888,0.389257401227951
0.5906442403793335,0.5501257181167603,0.6959158778190613
0.5586403012275696,0.8193955421447754,0.674838662147522
0.6713644862174988,0.637130618095398,0.9124600291252136
0.309781014919281,0.2267520725727081,0.7813172936439514
0.6328341960906982,0.9641632437705994,0.6361648440361023
0.224667340517044,-0.0572506338357925,0.0180742591619491
0.3917012810707092,0.153763085603714,0.5015559196472168
0.8205068111419678,0.8460825681686401,0.930634617805481
0.1532547622919082,0.8896281719207764,0.1286401748657226
0.5447204113006592,0.676447868347168,0.7016012072563171
0.9273732900619508,0.8624526262283325,0.9176955819129944
0.2971811592578888,0.2738434076309204,0.3338665962219238
0.8165544271469116,0.7316602468490601,0.5003399848937988
0.5513375997543335,0.4987430274486542,0.6968642473220825
0.8855834007263184,0.7719398736953735,0.8770233988761902
0.6194931268692017,0.1853984594345092,0.1612570136785507
0.9483249187469482,0.622400164604187,0.6366996169090271
0.3171845376491546,0.2996579706668854,0.2103264331817627
0.7139952182769775,0.5018471479415894,0.5914124250411987
0.7423816323280334,0.3300560414791107,0.2182757556438446
0.0351364463567733,0.218237817287445,0.1122579127550125
0.8886776566505432,0.6132559776306152,0.5792887806892395
0.9318662881851196,0.8754149675369263,0.9358563423156738
0.9455999135971068,0.5046265721321106,0.5283991694450378
0.2881169319152832,0.3426436483860016,0.2332525700330734
0.6565947532653809,0.6407732963562012,0.9587082862854004
0.8869848251342773,0.8013859987258911,0.8870058059692383
0.6789705753326416,0.4556348323822021,0.5099492073059082
0.0,0.0809672772884368,0.0
0.5684859752655029,0.2478704750537872,0.2545221149921417
0.4392237067222595,0.6114173531532288,0.6418049335479736
0.3399890661239624,0.3259020745754242,0.571776807308197
0.1281826496124267,0.1956702023744583,0.1444060802459716
0.8166718482971191,0.3794820010662079,0.4049380421638489
0.2349312603473663,0.7524816393852234,0.2294542789459228
0.8570149540901184,0.3202725052833557,0.3486365675926208
0.305125892162323,0.9365644454956056,0.3026410341262817
0.944975972175598,0.7754244804382324,0.7609332799911499
0.6206145882606506,0.569110631942749,0.7135235667228699
0.1696777939796447,0.162859559059143,0.9716556072235109
0.768316388130188,0.6853897571563721,0.8356079459190369
0.1030291989445686,0.1433910727500915,0.0913324132561683
0.3772484362125397,0.3421669900417328,0.9761753678321838
0.9712235927581788,0.9186786413192748,0.9459753036499025
0.3639217615127563,0.4197146296501159,0.6073530316352844
0.7060322165489197,0.6718372702598572,0.7721459269523621
0.9658063650131226,0.8131135702133179,0.8414056897163391
0.8548508286476135,0.8215336203575134,0.9494574069976808
0.517785370349884,0.4701121747493744,0.1261124163866043
0.9512543678283693,0.2528074979782104,0.2660072445869446
0.7295117378234863,0.0716631412506103,0.0417345240712165
0.1279985755681991,0.4414486289024353,0.1739224195480346
0.7598990201950073,0.1771561503410339,0.5621632933616638
0.7077803611755371,0.6442742347717285,0.8672094941139221
0.1802672147750854,0.7306437492370605,0.2008033096790313
0.8355535268783569,0.7627986669540405,0.8348770141601562
0.8303682208061218,0.6898512244224548,0.8100051879882812
0.0698650926351547,0.3389318585395813,0.0937668085098266
0.6949330568313599,0.6661124229431152,0.9286714792251588
0.2612072825431824,0.2612072825431824,1.0000001192092896
0.7349387407302856,0.2830829620361328,0.2976498901844024
0.6679832935333252,0.9857163429260254,0.6367606520652771
0.799602746963501,0.7797763347625732,0.9664610624313354
0.1537063717842102,0.0589250177145004,0.0115259233862161
0.3409214913845062,0.3278028070926666,0.8659056425094604
0.7764302492141724,0.8641261458396912,0.7210321426391602
0.3485980033874511,0.5667597651481628,0.1647940278053283
0.9150465726852416,0.2483709305524826,0.2398724555969238
0.7405306100845337,0.3138104677200317,0.3286144137382507
0.994502067565918,0.0813915878534317,0.0809904336929321
0.8478392362594604,0.4746182262897491,0.2640809714794159
0.9211511015892028,0.6756563186645508,0.7187026739120483
0.7699320316314697,0.578514814376831,0.7515301704406738
0.6700431108474731,0.3267593383789062,0.1946714073419571
0.7361616492271423,0.6467536687850952,0.7581470012664795
0.5713924169540405,0.1192823052406311,0.0753926485776901
0.4335401654243469,0.2971016764640808,0.6443575620651245
0.6775427460670471,0.6295394897460938,0.8092242479324341
0.1413434594869613,0.1696343123912811,0.0770186707377433
0.9030753374099731,0.843949556350708,0.8629026412963867
0.8185961246490479,0.6923882365226746,0.835419237613678
0.9987022876739502,0.5474631190299988,0.5481692552566528
0.6558850407600403,0.5438525080680847,0.5705385208129883
0.1703090220689773,0.543217122554779,0.1445097923278808
0.194906011223793,0.1708474457263946,0.8443526029586792
0.701313316822052,0.7047626972198486,0.7717164754867554
0.2659904956817627,0.6691246032714844,0.3110883235931396
0.6574475765228271,0.6607508659362793,0.6515792608261108
0.1046266257762909,0.1046266257762909,1.0
0.2773628234863281,0.1747079491615295,0.1810641586780548
0.8418808579444885,0.7008715867996216,0.813697338104248
0.6377415060997009,0.304828941822052,0.2739393711090088
0.6620252728462219,0.2703846096992492,0.2980446815490722
0.4905283749103546,0.4816884994506836,0.9129206538200378
0.7375726699829102,0.2297834753990173,0.2131490260362625
0.8519843220710754,0.8395460844039917,0.5731438398361206
0.2322833091020584,0.1286646574735641,0.5780500173568726
0.6343349814414978,0.233768343925476,0.1832216084003448
0.2174240052700042,0.2117533087730407,0.976327896118164
0.6619786024093628,0.7152849435806274,0.6774649024009705
0.7034934163093567,0.6732547879219055,0.9330036640167236
0.5051083564758301,0.5041079521179199,0.999608039855957
0.7689998149871826,0.7768653035163879,0.907767415046692
0.0990826860070228,0.1042869687080383,0.0736808404326438
0.871176540851593,0.825382649898529,0.8273434638977051
0.842449426651001,0.6141675114631653,0.5843099355697632
0.5264882445335388,0.3681105375289917,0.5173028707504272
0.1398859769105911,0.1560876071453094,0.7496306896209717
0.2211609631776809,0.2299059480428695,0.8321303129196167
0.562237024307251,0.2505779862403869,0.2370367646217346
0.7591977119445801,0.6571100354194641,0.7771812081336975
0.1295700669288635,0.1284703761339187,0.0
0.3581917881965637,0.5977158546447754,0.2181711792945861
0.2924579977989197,0.2722191214561462,0.4880443513393402
0.6044716835021973,0.8207165002822876,0.6967909336090088
0.3339785933494568,0.2385581135749817,0.0469685196876525
0.8708135485649109,0.7721922397613525,0.8202381134033203
0.4428367614746094,0.2603748142719269,0.069181390106678
0.0866023153066635,0.2360140979290008,0.0581896230578422
