correct,incorrect,premise,pos_sim,neg_sim
"This topic is about a football league having a world championship where each team‚Äôs fans are gathered to watch the end of this season‚Äôs games culminating in a tournament, to see their favorite football player.",The Queen's cousin was admitted to the hospital after suffering a dislocated hip,"UEFA has decided to extend the financial rewards for playing in the Europa League, with the announcement that the prize money for the tournament will increase by 65 percent.
 The prize money for the Champions League final champion will be increased from 10.5 million (£7.6 million) to 15 million (£10.9 million), and the winner of the competition can win a maximum 54.5 million (£39.6 million) in prize money plus TV money from its market pool share.
 UEFA General Secretary Gianni Infantino said: 'UEFA is very pleased with the new distribution system not only provides for a substantial increase in funding received by clubs participating in the UEFA Champions League and UEFA Europa League, but also reinforces the principle of solidarity from UEFA, namely by guaranteeing an even more substantial increase in solidarity payments to clubs.",0.573914110660553,-0.22654294967651356
"This topic is about the world cup football championship, Brazil qualifying for the finals, Messi talking about Ronaldo, world champions defending their title, the Nations Cup, the best group of players, real madrid, and a competition for the cup.",Due to his irresponsible behavior Mr,World cup football championship is going to be held. They are happy that Brazil qualified for the finals. They have to select a good player. Messi said about Ronaldo. He is a good player and he will definitely win te game!,0.9112331867218015,-0.8136049509048462
"This topic is about Manchester United's manager, Premier League, the striker for the team, and Liverpool versus Chelsea.","Nathan Baggaley was denied bail and held on charges of assault of a policeman, resisting arrest and escape","For many years winning the league championships would guarantee a managers job. As of late the tide has
 turned. Team owners relationship with team managers has become the prime factor in the managers longevity.",0.4327562153339386,-0.7895331978797914
"This topic is about credit, receiving funds, paying money using a credit card, and spending money.",The sports channel talkSPORT commentator was unable to control his emotions when he saw his home side leading in a football match,"Pension reforms are giving people over 55 access to billions of pounds to withdraw from their pension pots and spend as they please. This is tempting tens of thousands of savers to put their money into property. In response to this, Nationwide Building Society is giving people up to the age of 70 the chance to take out a 35-year loan. ",0.9097550511360168,-0.5921410322189332
"This topic is about credit, receiving funds, paying money using a credit card, and spending money.",22 people were infected but no new cases,"Phillip Buchanon, former NFL player, has revealed that his mother asked him to pay her $1M, which she tagged as the price for raising him, after he was drafted. Instead, Phillip explained that he bought his mother a huge home, paid for extravagant non-essential expenses, but she continued to spend money and blame him for any resulting problems. He eliminated her debts and mortgages, but she required more cash and allowed people to use her for money and keep asking Phillip for more.",0.9420700073242188,-0.8257004022598268
"This topic is about Manchester United's manager, Premier League, the striker for the team, and Liverpool versus Chelsea.",There is no discussion of the ukraine and Russia in this article,"The premier league is on the finsihing round of matches, which will see three bottom teams being relegated at the end. Charlie Adams has urged the striker for the team to perform well against their upcoming opponent. Stoke's manager is aware that a win against West Ham will ensure that they remain in the top half of the league standings.",0.5159889459609985,-0.8955980539321899
"This topic is about having kids, becoming a mother, giving birth, children and their parents, and families with children when a baby is born.",A woman was arrested at San Francisco International Airport,"Australian government has taken the issue of vaccination seriously. Most Australians are against vaccination as they feel that vaccination will lead their children to get autism. To educate people about the importance of vaccination, Government has taken many steps. One such step is to make parents to lose welfare benefits given by the government. Every year government provides $11000 welfare benefits and parents who refuse to vaccinate their children will not get the benefit. Around 39000 children have the risk of getting measles and other disease as they are not vaccinated due to their parents objection. Parent object on medical and religious ground and so far 7000 parents have signed the petition against this government's order.",0.2286321520805359,-0.279838889837265
"This topic is about a new series based off action films, for which viewers of the film watch for the bonds between the characters.",The Queen's cousin was admitted to the hospital after suffering a dislocated hip,Harvey Weinstein and his wife were spotted at a broadway premier of his. There were many celebrities attending this event; the premier of Finding Neverland. Matthew Morrison and Kelsey Grammer starred in this production.,0.18004053831100464,0.13204169273376465
"This topic is about a football league having a world championship where each team‚Äôs fans are gathered to watch the end of this season‚Äôs games culminating in a tournament, to see their favorite football player.",Manchester City has lost their chance at the Premier League title,"In an interview with Arsene Wenger , the manager of Arsenal football club , revealed that he always think of eight to nine players in order to select the team before the match. He said that most of the time he makes the decision on scientific basis but some times he take decisions based on his intuitions. Arsenal has lifted FA cup trophy under his guidance and he believes that whenever he has two players in his mind for a single position then he take decision on the basis of their experience, confidence under pressure . Wenger is immersed in his team so much that sometimes he even finds it hard to go to bed without thinking of the line up for the next match. Due to his dedication for the club, Arsenal has won three Premier League titles and five FA Cups during his tenure.",0.2774215042591095,-0.371352255344391
"This topic is about a final match to determine which team will win the final round, winning the title to become this year‚Äôs champion.","A mother, Yurong Wu, is missing after a neighbor saw her drove away with her five children weeks ago in fear of losing custody of them","Floyd Mayweather is an undefeated professional worth $420 million. In the ongoing championship, his final is against Manny Pacquiao on next Saturday. Winner will get a record paycheck after the win.",0.8568383455276487,-0.7384616136550903
"This topic is about Manchester United's manager, Premier League, the striker for the team, and Liverpool versus Chelsea.",CJ was refuse to go to the school and he went the Battle Abbey Prep School for the entrance exam,"James MaClean, Republic of Ireland winger, limped out of training Tuesday. Fortunately, scans showed that it was simply some bruising, and he claims he will be ready to face Poland on Sunday for Euro's 2016 qualifier. He plans to get rest and ice up in order to get cleared before the big game.",0.41201210021972656,-0.756087899208069
"This topic is about a football league having a world championship where each team‚Äôs fans are gathered to watch the end of this season‚Äôs games culminating in a tournament, to see their favorite football player.",There is no discussion of the ukraine and Russia in this article,"The Hellenic Football Federation reported that the three Greece international football players were caught in a fatal car crash, are indeed in good health. This accident occurred when the three players were retuning to their clubs after a game. In the Greece v Hungary game at the 2016 European Championship, there was a 0-0 tie.",-0.1665930151939392,-0.23677873611450195
"This topic is about online internet users, using an iPhone app to surf the internet, computer devices, data plans, and people checking a website on different devices.",Tomasc Morawski stopped at a red light just as his car exploded,"FireChat app has enabled online internet users to chat online without a need for or the web or even a mobile signal. Users using an iPhone App to surf the internet can also use iphone's AirDrop feature to send and receive data to other users within close proximity. Moreover, FireChat app can be used to connect multiple users and save money on data plans.",0.9258419275283816,-0.3739030659198762
"This topic is about winning the match by a few points, and how Barcelona had minutes left and had scored before half-time but were able to score a goal at the end.",Tomasc Morawski stopped at a red light just as his car exploded,"Arsenal needs to score at least 3 goals if they want to reach the quarter finals of the Champions League. Francis Coquelin, the 23 yr old Frenchman, believes his team can do it. He also defended his teammate Oliver Giroud, who squandered opportunities in the previous games.",0.8875579833984375,-0.4765915274620056
"This topic is about pop songs, music fans rejoice, a singer and songwriter, the first track on the new album, doing a sound check, and singing along with a prerecorded track.",Liana Barrientos has married a total of ten men without necessarily filing for divorce or waiting to be widowed,"A lot of music artists are starting to indulge in the business behind the music. Due to this curiosity, partnerships with music streaming services have started to happen. It has even gone as far as Jay-Z owning his own streaming service.",0.9082614183425903,-0.18113654851913463
"This topic is about heir to the throne, Prince William and Prince Harry, the British royal family, the second in line to the throne, and the royal couple.",This article I mainly talking about the debate surrounding the downsizing of the military budget and specifically the lack of new modern planes for the Air Force to fly,"The most common punctuation marks in English are: capital letters and full stops, question marks, commas, colons and semi-colons, exclamation marks and quotation marks.
 

 In speaking, we use pauses and the pitch of the voice to make what we say clear. Punctuation plays a similar role in writing, making it easier to read.
 

 Punctuation consists of both rules and conventions. There are rules of punctuation that have to be followed; but there are also punctuation conventions that give writers greater choice",0.8290964365005495,-0.37670838832855225
This topic is about weight loss and following a healthy diet in order to regulate body fat and blood sugar levels and lose a few pounds of weight following a diet.,Karma Elms was hired by Queensland health in 2010 to help with the large workload caused by the department's flawed payroll system which left 1800 employees with little or no pay,"Many parents are afflicted by 'weight-blindness', unable to recognize where their child's body mass index (BMI) was. The scale classifies individuals as very overweight (or obese), overweight, a healthy weight, or underweight, according to new research. Tam Fry, spokesperson for the National Obesity Forum, said: 'Because there are so many overweight and obese children around, the parents are in denial. Reportedly obesity is linked to a range of health risks later in life, including increased cancer risks.",0.06663396954536438,0.09529794752597809
"This topic is about a football league having a world championship where each team‚Äôs fans are gathered to watch the end of this season‚Äôs games culminating in a tournament, to see their favorite football player.",Beard and Hancock lost the initial weight as a plan to slim down before getting married on May 21st,Wow all i can say to start the summary off. The article start off by talking about football then at the end its about hockey. It was very hard to follow and understand.,0.40242305397987366,-0.17920808494091045
"This topic is about a group composed of militants, fighters joining forces, ongoing violence in the capital, people dead across the country, militants armed with grenades, and a border town.",A man led Alaska police on high speed highway chase,"A large group of protesters came together in assembly petitioning against the provincial governor in the city of Khost in Afghanistan. During this eventful day that could have sparked different historic momentum towards positive change for the people of Afghanistan, militant extremism took the front page when a bomb went off. This unfortunate terroristic act resulted in nearly 20 fatalities and a total of 64 wounded Afghan people leaving dismay and disaster to take over the populations hearts.",0.8390201330184937,0.15942056477069855
"This topic is about civil law, marriage, federal law, legal actions, state law, petition, and law for married couples.",Elizabeth Sedway was travelling with her family from a vacation in Hawaii to their home in California via a flight on Alaska Airlines,"There are several cases about to be before the Supreme Court on the topic of same-sex marriage.  The position of the Obama administration, who are ready to file friend of the court briefs, is that it is time for America to recognize at the Federal level the same marriage rights for same-sex marriages as for heterosexual marriages. Opponents argue that the matter should be addressed at the level of the states and the Federal court system is not the correct place for this matter to be settled. Opponents of legalization argue in support of the traditional definition of marriage, as a one-man-one-woman institution. and that the original definition should not be redefined.",0.5994969606399536,-0.1253921240568162
"This topic is about winning the match by a few points, and how Barcelona had minutes left and had scored before half-time but were able to score a goal at the end.",All of your Google queries are saved,"Ellen White had a night she won't forget, scoring a goal against her former team that led her new team to a win by a few points. Although it initially looked as though the goal wasn't initially going to happen, Ellen made a great recovery and scored at a crucial time right before half-time. The goal came late as Barcelona still had some time left, but it was still an important goal nonetheless.",0.7685577869415283,-0.6829750537872317
"This topic is about having kids, becoming a mother, giving birth, children and their parents, and families with children when a baby is born.",A woman was arrested at San Francisco International Airport,"Amanda Lubiewski, mother of Abby Lubiewski, fought against school discrimination involving her child. Her daughter was born with a rare genetic syndrome called, Hallerman-Streiff. After her school had her take pictures of herself without her glasses, she took action and made sure that her child's pictures were retaken. Not having her pictures depicting how her daughter actually looked was wrong in many ways, such as not having accurate pictures of her daughter in case of an emergency situation needing them. As well as the fact that they felt the need to have her remove her glasses, discriminating against her. Ultimately she was able to have them re-do her pictures the correct way.",0.8209433555603027,-0.211378276348114
"This topic is about Ukraine and Russia, calling to fight for Ukraine, euro countries, Russian officials gathering in Moscow, Vladimir Putin, a citizen of the eastern European country, and a bloc of nations within the European Union.","Christina and James's friends told them, married or not married, they would still be a ",Kim Jong Un the leader of North Korea to visit Russia. He was invited by Putin to take part in the Victory Day Celebrations commemorating Russia's victory over Nazi Germany in World War II. Russia has invited other world leaders also for the ceremony. Putin is trying to garner support for his invasion of Ukraine from leaders of the eastern bloc.,0.8324225544929504,-0.6452237367630006
"This topic is about credit, receiving funds, paying money using a credit card, and spending money.",bin Hir was prounced dead after a big raid that left a lot of police dead,The man writing the article is praising his wife for being such a great stay at home mom. He is saying he cannot afford to spend the money she deserves for working for him. He writes an article on how much each service his wife is provided would cost and how much he would have to be making if he wanted to pay her for what all she is doing. He writes about how often she feels like she does not have a right to their shared income but he calculates that she has more right to their income than she knows.,0.7240808010101318,-0.7125204801559448
"This topic is about family and friends, and a husband and wife, the couple‚Äôs daughter has two brothers.",This isn't the first time Patrick Revins has been identified by his tattoos,Parents have agreed to let their triplets appear as actors on television. The entire family has between warmly received by the cast and crew. The triplets have an older brother. Their father hopes the triplets will cultivate a passion for acting.,0.478109747171402,-0.30069613456726085
"This topic is about a person found guilty in the trial before a judicial panel, opening a criminal trial against him, a person potentially facing jail time,  receiving a fine, and a suspended prison sentence.",A three-month-old child was abandoned at McDonalds in Ohio by his parents after police said they could not agree on who would take care of the child over the weekend,"Christine Lillico, 47 spent her parents' money on shopping sprees. Lillico used Debit card pay in differed shops like JD Sports and B&Q. She spent her parents' money on herself instead of her parents.",0.5875020027160645,-0.026476087048649788
"This topic is about Manchester United's manager, Premier League, the striker for the team, and Liverpool versus Chelsea.","Ms Cowan never married, worked and lived in Edinburgh her adult life","Angel Di Maria said Manchester United are confident of consolidating the top four positions at the end of the season. Di Maria played for the Red Devils again after being sent off with a red card in the 2-1 FA Cup loss to Arsenal on March 9th. The 27-year-old lost Manchester United's 3-0 victory over Tottenham Hotspur on March 15 - a game that brought a string of difficult results for Louis Van Gaal's team. ""We all know that a series of important games is coming, and the season will depend on those conflicts,"" Angel explained in a recent interview with the joint commentary on the trip to Old Trafford.",0.48344284296035767,-0.5558453798294067
"This topic is about a person arrested and charged, authorities allegations, an investigation, being accused of a crime, being under arrest on one charge, and being under investigation.",The baby hippo was born yesterday at San Diego,"A 23 year old Islamic man was arrested on many charges, including providing material support for terrorism. An investigation revealed he had ties to terrorist organizations through Syria. The allegations include making false statements to the FBI and attempting to provide/ provide material support to terrorist organizations.",0.9140044450759888,-0.5813401937484741
"This topic is about a football league having a world championship where each team‚Äôs fans are gathered to watch the end of this season‚Äôs games culminating in a tournament, to see their favorite football player.",Hillary boarded the plain just like anyone else,"There were high hopes for Ozil to do well against Chelsea, however, his performance did not meet the expectations. There was thought to be more victories, especially for the Arsenals in the upcoming games. These upcoming games will predetermine the worldchampionship, so stakes are high. The various players are expected to play their best in order to receive the victory. If they didn't play well and win, that could put much more pressure on Chelsea.",0.9097961187362671,-0.29489579796791077
"This topic is about power plants, using fuel to produce heat, fossil fuels that produce waste, and solar energy.",Arsene Wenger believes Sean Dyche and his Burnley team don't deserve to be relegated from the Premier League,"If there has ever been a doubt that the Obama administration's Clean Energy Plan is an energy policy plan, not a carbon reduction plan, then you need to look at how they treat nuclear energy. President Barack Obama's climate plan, supposedly aimed at reducing overall US carbon emissions, would revitalize the nuclear industry, expand power plant construction and help meet aggressive carbon reduction targets. In a recent hearing at the Committee on the Environment and Public Works, Mary Nichols, chair of the California Air Resources Council, told Congress that the EPA had reviewed California's Global Warming Solutions Act in developing its so-called Clean Energy Plan that the EPA plan adopts the same policy choices - limited credit for nuclear or hydropower - both carbon-free.",0.8093303442001345,-0.015123911201953777
"This topic is about the presidential campaign, the presidential candidate, a state governor, joining a presidential campaign, and a huge impact on political campaigns.",The rogue broker who faces charges of manipulating the stock market and helping to trigger a trillion-dollar Wall Street crash will remain in prison over the weekend after failing to pay his £5 million bail,"Now the race is on between the political parties, to fill Mikulski's spot in Congress. While in office, she was very passionate about Women's Rights. She had a law passed that allowed women to have the same equal pay as men. But the bill got blocked and it never happened. They accused her of being ""emotional"" about it.",0.3617591857910156,-0.7644878625869752
"This topic is about a final match to determine which team will win the final round, winning the title to become this year‚Äôs champion.",The Russians denied that the Russian pilot acted out of aggression,"Chelsea is two matches away from winning the title this year. If they win this match, they'll be just three points away from securing victory in the final round and becoming this year's champion. Arsenal is a tough competitor, as they demonstrated last season in the match at Stamford Bridge, so the final match will be an suspenseful one.",0.7295222878456116,-0.6267231106758118
"This topic is about a rise of taxes benefitting average people, with increased benefits despite their expenses due to a budget increase and decreased consumer goods rates.","Olivier Giroud has scored 10 goals in his last 10 matches for Arsenal! Burnley has let in 10 goals in their last four matches against Arsenal, whose offensive strategies have been successful",People will have to increase their budget for phone and internet services to best fit their needs. As speeds slow down people will have to pay more for faster phone and internet services. As taxes rise people will have less money in general especially for their end of year/beginning of year budgets.,0.570335865020752,0.3975276052951813
This topic is about weight loss and following a healthy diet in order to regulate body fat and blood sugar levels and lose a few pounds of weight following a diet.,Tottenham had underwhelming recent performances,Steven Hancock and Holly Beard lost a combined weight of 11st. Beard joined weight watchers and Hancock joined her and changed his diet to match hers. The couple cut back on carbohydrate heavy lunches and dinners.,0.5499730110168457,-0.11764199286699295
"This topic is about Manchester United's manager, Premier League, the striker for the team, and Liverpool versus Chelsea.",Rubio does not believe same-sex marriage should be a constitutional right,The pressure on players of the favourite football team to reach the final. Additional pressure on players to give an unforgetable send off to their teammate. Captians suggestions to players to focusing on the game and to give their best to reach the final.,-0.11947046220302582,0.241245299577713
"This topic is about terrorist attacks, islamic terrorism, attacks on the country, terrorist threats, and extremist groups.",CFL and LED lights use 60%-90% less energy than incandescent bulbs,"Wednesday's terrorist attack against the Bardo Museum in Tunisia resulted in the death of 23 people. This follows a 2008 attack in Mumbai, a January attack in Libya, a 2003 attack in Kenya, and a January attack in Paris, in which the attacks were carried out by or inspired by Islamic Terrorists. These terrorists have been willing to fight to the death, which has been widely adopted by jihadist extremists in recent years.",0.9786845445632937,0.40908417105674744
"This topic is about a football league having a world championship where each team‚Äôs fans are gathered to watch the end of this season‚Äôs games culminating in a tournament, to see their favorite football player.","In the NCAA Final Fours in Indianapolis, the Kentucky Wildcats lost to the Wisconsin Badgers 71-64","Arsene Wenger is leading his current team against his old league. The two teams are competing in the Champions League game. Before he switched teams, Wenger helped his old team win one such game as well as the Coupe de France.",0.21159808337688446,-0.5003409385681155
"This topic is about heir to the throne, Prince William and Prince Harry, the British royal family, the second in line to the throne, and the royal couple.",The husky has lost reasonable weight due to the illness and the bacterial infection,"He was paying respect to a solider's tomb a litte boy approched prince.
 He was having sign describing the hair color of the prince.
 The sign said ""RED Rules"".",0.6694848537445068,-0.6680790781974795
"This topic is about a person arrested and charged, authorities allegations, an investigation, being accused of a crime, being under arrest on one charge, and being under investigation.",Bedene is ranked 83rd in the world,"It is alleged that Ted Kritza stole two million dollars from Richard Jefferson. Jefferson helped the FBI with their investigation and supposedly helped secure a confession. In the meantime, Donald Sterling claims that he was fraudulently stripped of the ownership of his team by his wife and her lawyers. Sterling was banned and sued for alleged racist slurs.",0.46047356724739075,0.6489838361740112
"This topic is about Manchester United's manager, Premier League, the striker for the team, and Liverpool versus Chelsea.",Mike was fond of many women and had no plans to settle down anytime soon,Wayne Rooney is taking his son Kai with him on his next game as Manchester United's striker. He hopes that his son will bring him the same luck that he had in the last game. He scored the opening goal last time; his team won 3-1.,0.5338001251220703,-0.44713279604911804
"This topic is about credit, receiving funds, paying money using a credit card, and spending money.",So in this article it talk about how parents who don't vaccinate their children will be at risk of losing health coverage,Mrs. Watkins recently won some money in the Daily Mall's scrabble competition. She was going to use some of the money for holiday in Holland to honor her husband and brother. The rest of the money she planned on using to pay off bank loans that had been overbearing the past few years. She never knew what the future held but the winnings sure did help. Mrs. Watkins spent the money in a whim.,0.8146139979362488,-0.40166229009628296
"This topic is about a person found guilty in the trial before a judicial panel, opening a criminal trial against him, a person potentially facing jail time,  receiving a fine, and a suspended prison sentence.",A wife lost her husband to a heart attack,Ten former public school educators were convicted of racketeering in a test-cheating scandal in Atlanta. Fulton County Judge Jerry Baxter urged the defendants to accept deals with the prosecution and threatened prison sentences if they fail to reach those deals. Prosecutors accused defendants of erasing incorrect answers and instructing students to change their answers in order to secure promotions and up to $5000 each in cash bonuses in the Atlanta school system in 2009. ,0.7554686665534973,0.11475425958633423
"This topic is about power plants, using fuel to produce heat, fossil fuels that produce waste, and solar energy.",Tory MP has been asked to remove tweets about the murder trial,"The EC is going to hold a vote in which they will decide whether or not to ban the use of halogen bulbs. This poses a problem for consumers, as many of them still use halogen bulbs, and the cost to replace the bulbs can be up to 15 times more expensive. There has been a proposed push back on the date in which the ban is to take place, in order to allow consumers adequate time for the adjustment, as some of it could consist of rewiring in order to compensate the proposed CFLs or LEDs.",0.2691619396209717,-0.2975980043411256
"This topic is about a person arrested and charged, authorities allegations, an investigation, being accused of a crime, being under arrest on one charge, and being under investigation.","Hilary Border has been spared jail after stealing £20,000 from her mother, who has dementia",A man named Jason Cualler aged 44 hit a black man on his head with bottle of wine. Authorities took action against him as he hit the man on racism. Investigations been taken against him as authorities were told how he held that crime.,0.8854035139083865,-0.4452030062675476
This topic is about economic growth involving billion dollar figures showing that the economy is growing as expected globally.,The Duchess of Cornwall was initially disliked by the British press and British people,"In Sydney, property prices continue to rise, new records are being set. The reason for the fact that the cost of housing in one of the districts increased by 5.8% was the reduction of the discount rate by the Reserve Bank to 2.25%. Some homes are now worth a million dollars or more.",0.9333661794662476,-0.7680149674415591
"This topic is about family and friends, and a husband and wife, the couple‚Äôs daughter has two brothers.",The 30 year old builder has been sentenced to 21 months in jail for theft and fraud,Travis Hatfield is an aspiring country singer who sung to his uncle who has Down syndrome. The video of him singing went viral even though it was meant for family and friends. Travis sings with his uncle often and dream of making his family proud by producing his own record label.,0.05070705711841583,0.2822248935699463
"This topic is about winning the match by a few points, and how Barcelona had minutes left and had scored before half-time but were able to score a goal at the end.",A three-month-old child was abandoned at McDonalds in Ohio by his parents after police said they could not agree on who would take care of the child over the weekend,"The Gunners have topped in the Premier League table and they are followed by Arsenal who spent majority of time at the top of the league table last season and ended their trophy drought by winning the FA cup. The fine addition of Alexis Sanchez has brought solidity in the team and with the return of Mesut Ozil, the Gunners are already being tipped to challenge for the title next season. The Gunners are currently topping the European form guides. The things are certainly good for Gunners now and they look in fine shape for their matches in the next season.",0.5879018902778625,-0.853303074836731
"This topic is about credit, receiving funds, paying money using a credit card, and spending money.",Prince Harry is the younger son of Prince Charles and Princess Diana,"Currently, about £11billion per year in taxpayer money is being used to supplement the incomes of workers in low-paying jobs. Large companies receive these funds as public subsidies, enabling profitable businesses to get away with paying low wages. Citizens UK, a charity, is campaigning for the adoption of a minimum wage that is £9.15 an hour in London and £7.85 for the rest of the UK. ",0.9204260110855105,0.7206845879554749
"This topic is about a final match to determine which team will win the final round, winning the title to become this year‚Äôs champion.","One young woman, 18-year-old Michelle Carter, was charged with involuntary manslaughter for allegedly sending text messages urging her friend to commit suicide","Ireland dominated in the final match of the six nations championship. This year is the first time Ireland has won since 1949. The competition was fierce throughout the tournament, but Ireland demonstrated their prowess by dominating the final round.",0.7702921628952026,0.016758060082793236
"This topic is about Ukraine and Russia, calling to fight for Ukraine, euro countries, Russian officials gathering in Moscow, Vladimir Putin, a citizen of the eastern European country, and a bloc of nations within the European Union.",Finales are starting for the TV season,"A film from ukraine that tells the story of a soviet sniper wants to be successful in ukraine in russia, this may be possible in the midst of this conflict. The film may leave the countries united, at least to watch for a while. And the tension can be lessened because of the art.",0.21630491316318512,-0.26496919989585876
"This topic is about the navy rescuing in the ocean, swimming in the sea, sandy island, dive team rescuing a person, ocean water and fishes in the sea.",The dressage World Cup was held in Las Vegas,"Ilha de Mana, a customers receive rock formed like a concrete wall, and the continent area homes to shadowing and breathtaking views. Ilha de Mane is located in the port of Angra de los Reis, approximately a mile from Paraty, Portugal, and is protected from Black Sea. Guests can cool down in the crystal clear lake or rest in a 's freshwater hot tub cut out of wisteria.",-0.25880351662635803,-0.06050746887922276
"This topic is about the senate and congress, congressional pressure, calling one's representative's office, informing a Senate committee, lawmakers setting the record straight, the staffer to the Democratic senator, and federal employee benefits.","Alix Bussey, 23, died on holiday in Mexico with her boyfriend","The senate and congress need to be on the same page as far as the nuclear deal. It's very important for foreign relations in the middle east. If your representative seems to not support the foreign relations, then you can call your representative's office.",0.24526721239089966,0.37166911363601685
This topic is about weight loss and following a healthy diet in order to regulate body fat and blood sugar levels and lose a few pounds of weight following a diet.,Seedorf won the title an aggregate of multiple times in his celebrated lifetime in 1995,"Mrs.Emma Thair-White, a 43-year old decided to lose the weight in 2013. She had gained lot of weight since 2009 as she had unbalanced diet post losing her mother on breast cancer.In 2010, she was devastated and was prescribed anti-depressants by her GP. The weight loss progress was slow at first when she started exercising in 2013. But when she managed to lose few pounds, she started taking Forza Raspberry K2 diet supplements which helped her to get in great shape. Emma who was on size 22 got her slim size 12 post her determination and not giving up in her attempt to lose few pounds.",0.5718439817428589,-0.4879745841026306
"This topic is about having kids, becoming a mother, giving birth, children and their parents, and families with children when a baby is born.",The senate and congress need to be on the same page as far as the nuclear deal,Mike has fathered 40 children in his life time. His ex wife had spoke out about the embarrassment he has caused her. Even his children talk about what a disgrace he is.,-0.07041166722774517,0.4798077344894409
"This topic is about the country's president, ruler of the country, President Barack Obama, the White House press conference, the Bush administration, and the former Republican president.",CJ was refuse to go to the school and he went the Battle Abbey Prep School for the entrance exam,"President Barack Obama and Iraqi Prime Minister Haidar al-Abadi had their first meeting since Abadi becoming prime minister last September, to convey a U.S. stamp of approval for a more inclusive leader. Obama said he and Abadi discussed the issue at length in their Oval Office meeting on Tuesday. ",0.9190388917922976,-0.3188160061836244
"This topic is about the presidential campaign, the presidential candidate, a state governor, joining a presidential campaign, and a huge impact on political campaigns.","An increase in television money for UEFA will also cause the awards to the Champions League to increase, but the disparity with the Europa League will not be so great in 2015-18","Hillary Clinton, the Presidential candidate, has launched a video to start her campaign. She highlights the gap in salaries paid to men and women. Women in America are paid 77 cents and men get 100 cents for the same work. She has announced that if elected President, she would accept a pay cut of 23% herself. This declaration can influence the Presidential campaign to a great extent.",0.8718891143798828,0.229074165225029
"This topic is about a person arrested and charged, authorities allegations, an investigation, being accused of a crime, being under arrest on one charge, and being under investigation.",The budget when planning to hire a babysitter has increased 28% in the last five years,Liana Barrientos has been charged with falsifying her marriage documents. She had allegedly run an immigration scam. She was also charged with theft and trespass charges after she snuck into the subway through an emergency exit.,0.8581774830818176,-0.7332272529602052
"This topic is about Formula 1 racing, the Grand Prix on the race track, Hamilton‚Äôs team and the Ferrari team, and collisions during a race.",Foggy weather conditions made it difficult to rescue a stranded hiker,"First time the Enstone-based marque are providing there test and reserve driver with a number of outings in first practice session ahead of grand prix weekends. Lotus have decided palmer will get a shot, and nor just as a driver doing all the donkey work too. Every Friday practice session for as was the case in China last week and again in Bahrain this week-his run-plan will be similar to that whoever he replaces.",0.6448276042938232,-0.470842480659485
"This topic is about having kids, becoming a mother, giving birth, children and their parents, and families with children when a baby is born.","In Russia, two roundtrip flights between Anchorage and Bethel, and Anchorage and Nome were cancelled after a low visibility due to the eruption of Shiveluch volcano over the weekend","You have three options for punctuating the end of a sentence: a period, an exclamation mark, or a question mark. Each one sets a different tone for the whole sentence: that of a statement, an outcry, or a question, respectively. A period marks the end of a declarative sentence: a statement of fact.",0.9153795242309568,-0.5180239677429199
"This topic is about the world cup football championship, Brazil qualifying for the finals, Messi talking about Ronaldo, world champions defending their title, the Nations Cup, the best group of players, real madrid, and a competition for the cup.",The 30 year old builder has been sentenced to 21 months in jail for theft and fraud,"Five nations, Germany, Italy, Spain,Austria and Portugal, remain in the running to stage the 2022 Ryder Cup Europe. Turkey has withdrawn its bid for logistical reasons. Ryder Cup Europe officials will be visiting Spain, Italy and Austria by the end of the month and no date is confirmed for visiting Portugal yet.",0.16463999450206757,-0.33117663860321045
"This topic is about Manchester United's manager, Premier League, the striker for the team, and Liverpool versus Chelsea.",A man was arrested in Alaska for reckless driving and criminal mischief,"Former Arsenal striker Andrei Arshavin and veteran Ukrainian midfielder Anatoly Tymoshchuk are likely to be sacked by Russian league leader Zenit St Petersburg at the end of the season. Arshavin in action for Zenit in a Russian Premier League match against Kuban Krasnodar in November. Arshavin, 33, who played for the Gunners between 2009 and 2013, is on his third stint at Zenit and has been quoted as a reserve in 17 games this season.",0.015302187763154507,0.08856187760829926
"This topic is about a person arrested and charged, authorities allegations, an investigation, being accused of a crime, being under arrest on one charge, and being under investigation.",John McCain told reporters Tuesday,"Heroin dealer Patrick Revins was arrested by police after selling the drug, hidden in a Kinder Egg, to an undercover police officer. The drug dealer was identified by the police because he had his initials 'P' and 'R' tattooed on each side of his forehead. In Stoke-on-Trent Crown Court, Revins admitted the heroin supply charge and was sentenced to one year in prison, which will be added to the 27-month sentence he already serves for knives illegal possession.",0.8775554895401001,0.845726490020752
"This topic is about a person found guilty in the trial before a judicial panel, opening a criminal trial against him, a person potentially facing jail time,  receiving a fine, and a suspended prison sentence.",Rene Dee's wife died of a deadly bug,"A former Weber County court clerk won an unfavorable sexual harassment lawsuit against a former judge who wrote a love poem for her.
 A federal jury in Salt Lake City on Thursday awarded more than $270,000 to Marcia Eisenhour after discovering that former court judge Craig Storey violated her right to corresponding protection.
 Storey wrote in 2007, 'I would love to pick your sweet grapes', and called Eisenhour 'the most beautiful thing alive'.
 Storey was a judge at the Weber County Courthouse from 1984 to 2010, when a new Ogden Courthouse (pictured) opened and took over the county's case pool.",0.8359020352363584,-0.4359172582626344
"This topic is about family and friends, and a husband and wife, the couple‚Äôs daughter has two brothers.",The sports channel talkSPORT commentator was unable to control his emotions when he saw his home side leading in a football match,"Andrew Flintoff stated it was ""embarrassing"" when he was crowned King of the Jungle and was fussed over by Julia Morris and Chris Brown, Before winning the title, he was led to his wife and the mother of his children in a very emotional reunion. He almost didn't realize it was her and gasped as he embraced and then kissed her.",0.5154919028282166,-0.04792144149541855
"This topic is about market prices and market sales, companies reducing costs, price tags dramatically undercut the major supermarkets, increased sales in the current market, determining a price point for a product, and product sales.",Prince Harry is the younger son of Prince Charles and Princess Diana,"Owning a home close to a market store affects the market value of the house. If a Waitrose is nearby, the cost of the house may increase as much as 12 per cent whereas an Aldi or Lidl can decrease the nearby home values. Researchers do question the causality of the relationship:are Waitrose stores increasing the home value, or do they simply move into neighborhoods which already have more expensive homes.",0.637532114982605,0.6550780534744263
"This topic is about civil law, marriage, federal law, legal actions, state law, petition, and law for married couples.",England is Prince Harry's favorite team,"the matrimonial laws in India, including laws on marriage, divorce and ... Wife resides on the date of presentation of the petition (if she is the petitioner). ... for the authority or competent judicial officer under the law of the state of origin to ... Couples, residing in India as civil partners.",0.8953593969345093,0.11818495392799377
This topic is about weight loss and following a healthy diet in order to regulate body fat and blood sugar levels and lose a few pounds of weight following a diet.,Bedene is ranked 83rd in the world,"Obesity rates are causing the US Army to act as fitness coaches in order to have recruits lose weight. 20% body fat for men and 30% for women are the maximums for entry into the Army, and recruiters are now having to give advice on diet and exercise to recruits who exceed those levels. A female recruit lost 80 pounds in a year in order to qualify for the Army.",0.39552998542785645,-0.2510559856891632
"This topic is about heir to the throne, Prince William and Prince Harry, the British royal family, the second in line to the throne, and the royal couple.","Nathan Baggaley was denied bail and held on charges of assault of a policeman, resisting arrest and escape","Once the Duchess of Cornwall married Charles, she worked on bed accepted by the royal family. She attends various charity events and functions. She is now being accepted by the royal family due to her hard work.",0.8209665417671204,-0.7836209535598756
"This topic is about winning the match by a few points, and how Barcelona had minutes left and had scored before half-time but were able to score a goal at the end.","Nathan Baggaley was denied bail and held on charges of assault of a policeman, resisting arrest and escape","Ashton Villa beat Tottenham. 
 Manager Tim Sherwood told the team to rely on Christian Benteke and Gabby Agbonalhor for offense. 
 Benteke believes that him and Gabby work well together.",0.19746097922325134,-0.5232062339782716
"This topic is about high school students and children going to school, education in schools, and parents meeting teachers.",Citizens for Tax Justice reports that at least fifteen Fortune 500 companies paid zero income tax in 2014 even though the average person is paying in more,The educators want parents to stop interfering in the education of their children. Education staff are seeing an increase in online abuse which is hindering their ability to perform their daily tasks. Instead of extra tutoring children should be exposed to new activities to broaden their horizons.,0.3018973469734192,0.6481082439422607
"This topic is about credit, receiving funds, paying money using a credit card, and spending money.",The 30 year old builder has been sentenced to 21 months in jail for theft and fraud,"A credit card is a payment card issued to users (cardholders) to enable the cardholder to pay a ... A credit card also differs from a cash card, which can be used like currency by the owner of the card. In 2019, there ... When the credit card payment is made the balance already reflects the funds were spent. In a credit card's",0.9211583137512207,-0.08201052248477936
"This topic is about family and friends, and a husband and wife, the couple‚Äôs daughter has two brothers.",Manchester City has lost their chance at the Premier League title,"Danniella Westbrook and Tom Richards, the former couple who got together after the EastEnders star ended her relationship with her husband after 12 years, are in the news again after Richards was arrested in Swansea for assault and harrassment. Richards, an MMA, fighter maintains his innocence, but spent 11 hours in a jail cell before posting bail. Westbrook is currently on holiday with her children.",0.23475489020347595,0.25294429063796997
"This topic is about the presidential campaign, the presidential candidate, a state governor, joining a presidential campaign, and a huge impact on political campaigns.",Some of the Supreme Court Justices are advocating for marriage equality while others like Clarence Thomas are remaining silent,. Florida Senator said he would attend same-sex wedding of a family member or staffer - even if he didn't agree with the decision. 'I believe that sexual preference is something that people are born with' Rubio's comments. The presidential candidate spoke to CBS's Face the Nation.,-0.004775216802954563,0.6225090026855469
"This topic is about credit, receiving funds, paying money using a credit card, and spending money.","It is a question many dieters are asking when they are tweaking their diet for optimal weight loss!The truth is, as long as you don't have any diabetes or other health issues, you are much better off changing your diet according to your blood sugar levels","As 14 million working families - more than nine out of ten - receive an average increase of £200 a year in their incomes, the prime minister will present the conservative case for people who are left with more of their own money - because they 'know better' how it should be spent. And he will make a bold argument for continued tax cuts, with less spending on 'bureaucracy' and 'crazy government schemes'. ""He will add that it is 'wrong ‚ frankly immoral ‚ for the government to spend money like it grows on trees."" Cameron will call it 'cash back on Monday'. Cameron will say the changes make Britain a ""better and fairer place to live,"" adding that low taxes ""go to the heart of what I believe as a conservative. He will also commit to eliminating the deficit ""without reaching the pockets of workers like Labour"". The Lib Dems said the income tax changes were part of its manifesto and said the work would cost £340 a year to taxpayers. Deputy Prime Minister Nick Clegg will say today: ""In government, we guarantee a tax cut totaling £825 every year for millions of ordinary workers. Now we plan to take this one step further by raising the [tax free] limit to £12,500 and giving millions of people a tax cut worth almost £400.",0.8302446603775024,-0.16425198316574097
"This topic is about having kids, becoming a mother, giving birth, children and their parents, and families with children when a baby is born.",The Giggs brothers both had a football career,"John and Carolyn Jackson were foster parents to three children, and also had three biological children. They were abusive to their foster children, resulting in broken bones and skull fractures among other things. They practiced both physical and mental abuse such as withholding food and water, making them drink hot sauce, and hitting them with various objects. They do not have any abuse reported against their biological children.",0.5075037479400635,0.7894233465194702
"This topic is about winning the match by a few points, and how Barcelona had minutes left and had scored before half-time but were able to score a goal at the end.",Both Jeb Bush and Marco Rubio call Florida home,"Southhampton soccer needs to defeat their Burnley opponents if they want to be seen as competitive in European soccer. Recent games have boosted their chance of success, but Burnley's strength as a team still prompts worry. The team feels ready to meet the challenge, however, and feels they're at 100% heading into the Burnley game.",0.9054628014564512,-0.6185935735702516
"This topic is about having kids, becoming a mother, giving birth, children and their parents, and families with children when a baby is born.",Hillary boarded the plain just like anyone else,"A tiny baby girl is certainly unlucky when it comes to her parents. Both of them were quite willing to abandon her and have been charged accordingly for child endangerment. Fortunately, she appears to have a sensible aunt to look after her.",0.8796823620796204,-0.7167112827301025
"This topic is about winter temperatures as opposed to hot weather conditions, cold mornings, and weather forecasts like snow being expected later.",IT HAS BEEN ON THE MARKET FOR 730 DAYS AND WAS INITIALLY LISTED FOR $2 MILLION,"Heavy storms flooded Indianapolis, Cincinnati and Charleston, West Virginia, at noon on Wednesday and forecasters said more severe weather could form in places as far away as the West Texas plains. Fewer than 1 million people were in Wednesday's 'moderate risk' area between Wichita, Kansas and Jefferson City, Missouri, but 34 million were at at least a small risk of seeing high winds, heavy hail and possibly a tornado. Heavy storms flooded Indianapolis, Cincinnati and Charleston, West Virginia at noon on Wednesday and forecasters said harsher weather could form as far away as the West Texas plains.",0.6132024526596069,-0.14850506186485302
"This topic is about Manchester United's manager, Premier League, the striker for the team, and Liverpool versus Chelsea.","Ivan Gazidis, the club's chief executive, does not believe that Arsenal is not going to win the Premier League despite its continuous winning","Manchester United captain, Wayne Rooney, is second highest paid sportsman according to the Sunday Times. Rooney will join David Beckham as the only footballers who have amassed 100 million pounds after his contract is over. Rooney is two goals short of the English goal scoring record.",0.47244536876678467,0.1559472382068634
"This topic is about the presidential campaign, the presidential candidate, a state governor, joining a presidential campaign, and a huge impact on political campaigns.",President Barack Obama entered office in 2009 in the midst of the 2008 financial crisis,Mike Pence was the Indiana state governor and was hoping to run for President in 2016. He got heat for a controversial decision to sign a religious freedom act that could cause discrimination against the LGBT community. He wanted to please the powerful wing in his party that is ultraconservative. The Republicans can't seem to get through a primary unless they denounce LGBT rights.,0.2250746786594391,-0.49434518814086925
"This topic is about a football league having a world championship where each team‚Äôs fans are gathered to watch the end of this season‚Äôs games culminating in a tournament, to see their favorite football player.",Scotland lost the six nations trophy to Ireland in the final match,"Even though Arsenal has had eight winning in a row of the Premier League, the club's executive was not happy with the second place. He believed it would be more competitive in the Premier League. Throughout the game, different players, such as Aarron Ramsey and Francis Coquelin, hit the score. However, the winning of the tournament is unlikely to happen according to Ivan Gazidis, the club's chief executive.",0.564608097076416,-0.47041961550712585
"This topic is about online internet users, using an iPhone app to surf the internet, computer devices, data plans, and people checking a website on different devices.",ISIS claimed responsibility for the attack on the armored car and the car bomb,"The average person in Silicon Valley earned $116,033 last year. A Government worker who focus on homelessness, added 'Homeless people live in the year 2015, too, and people need cellphones. They are charged between $30 and $40 per month.",0.42918485403060913,-0.11906394362449657
"This topic is about power plants, using fuel to produce heat, fossil fuels that produce waste, and solar energy.",The film is set in 1952 a year prior to stalin's demise and provisions a free thinker agent looking for a chronic executioner while prevented by true perspectives that such killings are impractical in the soviet union,Engineers are working on an advance level aircraft called The Progress Eagle. This aircraft would have the capacity for around 800 passengers and would run on hydrogen fuel rather than the high-grade aircraft fossil fuels. The concept for this aircraft was dreamed up by Barcelona-based designer Oscar Vi±als as part of his vision for how travelling by air could be in 2030. This aircraft has as solar panels on its wings and carries air turbines to allow it to generate its own energy while in flight and it is based on the concepts adopted from quantum mechanics.,0.584962010383606,-0.319563388824463
This topic is about economic growth involving billion dollar figures showing that the economy is growing as expected globally.,"Ankit Keshri, an Indian cricketer, 20, died from cardiac arrest in the hospital after an on-field injury","The leader of Kazakhstan has won the presidential election with a majority vote of 97 per cent! Nazarbayev has managed to attract $200 billion in just foreign direct investment. He has managed to grow his economy into the second largest economy. With a nation of 17 million, the Kazakh economic growth is forecast to slow to only a 1.5 percent rise, compared to the 4.3 percent rise in 2014.",0.8565693497657776,0.12129142880439758
"This topic is about a group composed of militants, fighters joining forces, ongoing violence in the capital, people dead across the country, militants armed with grenades, and a border town.",The Premier League id turning a profit for the first time in 15 years,"According to their mother, three young men from Sussex were ""brainwashed"" by radical friends and YouTube videos to go to Syria and fight with a branch of Al Qaeda against the Assad regime. Amer Deghayes, 20, joined the Al Nusra Front, and two months later his two younger brothers joined him in Syria. His two brothers were killed, but Amer refuses to come home, and could face legal action at home as the Al Nusra Front is classified as a banned terrorist organization by the British government. ",0.14623340964317322,-0.40868985652923584
"This topic is about having kids, becoming a mother, giving birth, children and their parents, and families with children when a baby is born.","The White House today doubled with President Barack Obama's Earth Day message that climate change is ""a problem now"" and called political figures who didn't agree as climate deniers and opportunists","A farming couple has devoted their lives to adopting disabled orphans - taking in more than 40 children over the last 26 years. Tianwen Chen, 65, and his wife Gairen Guo, 60, found their first child in a box on the roadside and gradually took more and more disabled children into their two-bedroom home in rural Shanxi province, central China. But the couple have faced a great deal of heartache over the years, and are only now living comfortably with 12 of the children with the help of donations by kind-hearted people, according to the People's Daily Online.",0.8486388921737671,-0.05274844169616699
"This topic is about a person arrested and charged, authorities allegations, an investigation, being accused of a crime, being under arrest on one charge, and being under investigation.",Martin Odegaard was playing in game,"Lakenya Hall of Kenner who is 35 years old had been arrested by police for she drove 6 kids to a fight where one was shot. The police charged and booked her on contributing to the delinquency of a juvenile. Hall's two sons, who are aged 15 and 11 were also arrested and accused for disturbing peace by involving in fight. Authorities are still investigating and more arrests are expected for there is a video of the fight.",0.8182953596115112,0.36035698652267456
"This topic is about winter temperatures as opposed to hot weather conditions, cold mornings, and weather forecasts like snow being expected later.",Rubio is a Senator of Florida,"The agency's lead rapporteur of weather and climate extremes and Arizona State University professor of geographical sciences. It is the process of setting up an international ad-hoc committee of about 10 blue-ribbon climatologists and meteorologists to begin collecting relevant evidence, asked by Randy Cerveny. They were extend and examine the equipment that can be measure the temperature.",0.80235356092453,-0.7657912373542786
"This topic is about Ukraine and Russia, calling to fight for Ukraine, euro countries, Russian officials gathering in Moscow, Vladimir Putin, a citizen of the eastern European country, and a bloc of nations within the European Union.",Southampton are the most overweight club in the Premier League The Saints are only 16th in the Premier League in terms of salaries - £55,"There were 3 international football players who were involved in a car crash. The man on the other end was killed, while the 3 men suffered with injuries. The players were identified as Moras, Tachtsidis, and Fetfatzidis.",0.05969241261482239,-0.2602524161338806
"This topic is about family and friends, and a husband and wife, the couple‚Äôs daughter has two brothers.",A woman was arrested at San Francisco International Airport,"A gay couple were surprised to find themselves in Hillary Clinton's 2016 campaign ad. The couple have invited her to the upcoming wedding. In 2008, one of the couple worked on the Obama campaign while the other endorsed Clinton.",0.3597222566604614,-0.3076605796813966
"This topic is about the presidential campaign, the presidential candidate, a state governor, joining a presidential campaign, and a huge impact on political campaigns.",Husband stab wife at hospital killing her,Former Maryland governor Martin O'Malley challenged Hillary Clinton on campaign financing. Other democrats have been bringing up campaign financing issues. Clinton as well as Barack Obama's campaign had be supported increasingly by Wall Street.,0.7229906320571899,0.016019415110349655
"This topic is about the senate and congress, congressional pressure, calling one's representative's office, informing a Senate committee, lawmakers setting the record straight, the staffer to the Democratic senator, and federal employee benefits.","A husband stabbed his wife, killing her in a hospital bathroom","Senate Majority Leader Mitch McConnel has held up the confirmation of President Obama's candidate for attourney general, much to the chagrin of the Executive Branch. McConnel's actions are in conflict with his past stances on nominations and confirmations, adding to the hypocrisy of those current actions. The White house has pointed out that McConnell cannot be trusted to be a man of his word.",0.4927389919757843,-0.11997726559638977
"This topic is about a final match to determine which team will win the final round, winning the title to become this year‚Äôs champion.",The senate and congress are being irrational,"An initial win would be very favorable for Huddersfield. If they do so, they will play a less competitive team than they otherwise would. The article then takes a turn to talking about the French team, Widnes, who are hoping to improve their record in the coming games.",-0.02462770789861679,-0.07329486310482025
"This topic is about family and friends, and a husband and wife, the couple‚Äôs daughter has two brothers.",The calf's father was removed from their tank in anticipation of the birth,"Hillary Clinton's daughter Chelsea gave birth to Baby Charlotte. Hillary and Clinton, both husband and wife were happy with the new arrival to their family. Clinton's family and friends welcome the baby in a grand way. Hillary shares her joy and experience of being a grand mother. she shares about how she sang lullabies for the baby. Even Clinton has faced many emotional changes that has made him to see politics in a different way. he has become so cool after his grand daughter's arrival and he has assured that he will not be mad anymore as his grand daughter has given him more joy to enjoy.",0.656136155128479,-0.737274467945099
"This topic is about a person found guilty in the trial before a judicial panel, opening a criminal trial against him, a person potentially facing jail time,  receiving a fine, and a suspended prison sentence.",Tony Degrafreed is arrested for the murder of his wife,Over 70 people were sentenced due to their actions. Two young adults were fine and jailed. These were extreme attacks and the punishment reflected this.,0.5150815844535828,0.7842028737068176
"This topic is about the senate and congress, congressional pressure, calling one's representative's office, informing a Senate committee, lawmakers setting the record straight, the staffer to the Democratic senator, and federal employee benefits.",Several players of the Arsenal Football Club will not be able to play in the upcoming Football Association Challenge Cup,Schumer has a long-term political view that is he had been working for 20 years. And he has an excellent political skills over these years and had huge experience in politics. Schumer is in a prime position to exhibit all the ideas and thoughts and he can lead the nation.,0.6424685120582581,-0.4105466604232788
"This topic is about market prices and market sales, companies reducing costs, price tags dramatically undercut the major supermarkets, increased sales in the current market, determining a price point for a product, and product sales.","After their recent victory in the Premier League , the Chelsea captain Jon Terry said that the Arsenal can never win the tournament with 'tippy-tappy football'","Beer is booming at discount supermarket chain Aldi, which has increased its premium beer market share by a third, robbing customers of struggling giant Tesco.
 Another survey, also by Kantar, showed that Aldi surpassed Waitrose as the sixth largest supermarket in Britain with its performance in the first three months of 2015, boosting the entire supermarket industry's share of the top 4.6 5.3 percent in one year.
 But while Aldi made big gains, Lidl, the other rising discount company that improved its share of the supermarket sector, saw a 7.9% drop in its share of the premium beer market.",0.7665534019470215,-0.26458755135536205
"This topic is about flooding, dry lake, bridge, high levels of water in the river, and a flooded river.",Due to several militant groups Kenya has been a unsafe place,"This story surrounds a chinese man in eastern China. He had a current girlfriend, and an ex-girlfriend. They both wanted him to show his life for them so they jumped into a river from a bridge expecting the man to save them and whichever one was saved was expected to be the one he really loved. In the end, he saved his current girlfriend and the ex-girlfriend was rescued out of the water with non-life threatening injuries and the lake was dry regardless.",0.6430426836013794,-0.29845312237739563
This topic is about military forces and troops in an ongoing war making up the defensive army.,The Queen's cousin was admitted to the hospital after suffering a dislocated hip,"Britain is being urged to stand up to expansionist Russia. The Islamic State and Russia are increasing their threat levels. It is believed that post-Afghanistan things will calm down but others warn the opposite. 115,000 British troops could be cut by the end of the decade.",0.5926446914672852,0.23088932037353516
"This topic is about market prices and market sales, companies reducing costs, price tags dramatically undercut the major supermarkets, increased sales in the current market, determining a price point for a product, and product sales.",The six men were arrested Sunday in Minneapolis and San Diego,"Fees and charges frustrate consumers, Renewing a passport costs slightly less but it it still a hefty sum that stands in the way of a foreign holiday. Most atms are free to use, but the ones in places such as nightclubs and some corner shops can charge £1.50.",0.5662384629249573,-0.5955827832221986
This topic is about military forces and troops in an ongoing war making up the defensive army.,Foggy weather conditions made it difficult to rescue a stranded hiker,"A division of Isis published a ""death list"" containing the names, photos and addresses of 100 US military personnel online and summoned their ""brothers residing in America"" to kill them.
 The list was posted online by the ""Islamic State Hacking Division"".
 The group claimed to have hacked several military servers, databases and emails to obtain the information.
 The ISHD said it wants the ""lone wolf"" attackers to go after the military and ""kill them wherever they find them"".,",0.3718109130859375,0.1021578311920166
"This topic is about winning the match by a few points, and how Barcelona had minutes left and had scored before half-time but were able to score a goal at the end.",Al-Qaeda had taken three Dutch nationals hostage in Mali,"The article is an interview with a Soccer coach named Paul Anderson. In the articles he discusses his teams recent performance focusing on their strong defense. As they enter into a game against the Giants, coach Anderson feels confident they can come out strong and potentially win for two reasons. First, the Giants have not performed well lately. Second, if coach Anderson's team, Huddersfield, can play as well on offense as they have on defense, they should be able to get ahead early in the game.",0.9217974543571472,-0.560798704624176
"This topic is about a court ruling, department of justice, appealing against a court ruling, judge reviewing a case, a court order, and magistrates.","The official meetings of the Primates of the Churches have always been ecclesiastical events of great importance, for the reinforcement, and hopefully, the restoration of the unity of faith in the nexus of love","The Supreme Court will rule on same-sex marriage on Tuesday. As public opinion has wholly changed on the topic, they will not only have to consider interpretation of the Constitution, but also political pressure due to the fact that popular opinion is in favor of marriage equality. Much like the Supreme Court's 1954 ruling that public schools could no longer segregate by race, some urge for Supreme Court justices to recognize that the world has changed.",0.5636312365531921,-0.25384074449539185
"This topic is about winter temperatures as opposed to hot weather conditions, cold mornings, and weather forecasts like snow being expected later.","Five nations, Germany, Italy, Spain,Austria and Portugal, remain in the running to stage the 2022 Ryder Cup Europe","During the rescue of a 25-year-old woman from the US State of Wisconsin, the woman had to spend the overnight with an ambulance team due to the low light and foggy conditions. The Blue Mountains are known for similar weather conditions like this and they could not continue on until the day broke. The rescue team had to wait for the fog to lift so they could get the woman out with a helicopter.",0.7470722198486328,0.22007222473621368
"This topic is about a football league having a world championship where each team‚Äôs fans are gathered to watch the end of this season‚Äôs games culminating in a tournament, to see their favorite football player.",The dressage World Cup was held in Las Vegas,"In a poll run by fan engagement experts Snack Media, the striker earned an impressive 60% of the vote after scoring 33 goals and assisting 10 more in a season that saw Brentford beat Swansea City in the Play-Off final to secure promotion to the Premier League. Barnsley's Michal Helik was in second place with 30%.In a poll run by fan engagement experts Snack Media, the striker earned an impressive 60% of the vote after scoring 33 goals and assisting 10 more in a season that saw Brentford beat Swansea City in the Play-Off final to secure promotion to the Premier League. Barnsley's Michal Helik was in second place with 30%.",0.2999783158302307,0.025100968778133392
"This topic is about Ukraine and Russia, calling to fight for Ukraine, euro countries, Russian officials gathering in Moscow, Vladimir Putin, a citizen of the eastern European country, and a bloc of nations within the European Union.",Scotland lost the six nations trophy to Ireland in the final match,The Organization for Security and Co-operation in Europe (OSCE) has been tasked with monitoring an ongoing conflict between pro-Russian rebels and Ukrainian government forces. Their international observers have been attempting to identify and quantify the available weaponry to the combatants during a ceasefire but complain that there have been delays on both sides. Inspectors' travel is being restricted.,0.10066001862287521,-0.23215228319168102
"This topic is about high school students and children going to school, education in schools, and parents meeting teachers.","Hilary Border has been spared jail after stealing £20,000 from her mother, who has dementia","Kids in the US are always on their phone, connected to internet and social media. This increase of online activity is due to the large market of smartphones nowadays. Everyday 9 kids out of 10 go online. The most active teenagers were African-American and Hispanic. On average a teenager is receiving 30 texts per day on apps like Whatsapp and Kik.",0.6530336737632751,-0.5448658466339111
"This topic is about the world cup football championship, Brazil qualifying for the finals, Messi talking about Ronaldo, world champions defending their title, the Nations Cup, the best group of players, real madrid, and a competition for the cup.",A woman wad arrested on a runway after waving her arms at the pilot,"Lionel Messi is within reach of a 400-goal personal record if he scores twice in his upcoming game against Sevilla. Also hoping to have big moves in upcoming games are Sevilla goalkeeper Sergio Rico and returning players Jordi Alba, Sergio Busquets, and Neymar. Analysts eagerly await the end of a tense season.",0.3351861536502838,-0.5985539555549622
"This topic is about a football league having a world championship where each team‚Äôs fans are gathered to watch the end of this season‚Äôs games culminating in a tournament, to see their favorite football player.",Southampton are the most overweight club in the Premier League The Saints are only 16th in the Premier League in terms of salaries - £55,The team has invested a lot of resource and £220m in capital brining in new members to the team but it will take time to see the benefit of those investments. Those investments have not changed United standing in the league. The will need time to see that investment grow into a better standing in the league.,0.6637195348739624,-0.015229174867272377
"This topic is about a new series based off action films, for which viewers of the film watch for the bonds between the characters.",A school has told a volunteer coach she was no longer allowed on school property after allegations of sexual misconduct with a student came to light,"Finales are starting for the TV season. ""The Americans"" has been praised as one of the best series on TV, with Season 3 having been about a daughter character Paige, the return of Margo Martindale, and Soviet agent Nina, with the title being the date Reagan called the Soviet Union an ""evil empire."" ""Fresh Off the Boat"" will have a finale, but hasn't been picked up for a second season. The third season of ""Vikings"" is wrapping up. ""Scorpion"" and ""Broadchurch"" starring David Tennant will both also have finales.",0.5318629741668701,-0.056428007781505585
"This topic is about a final match to determine which team will win the final round, winning the title to become this year‚Äôs champion.",Oldham Athletic have signed a player named Ronaldo but not Cristiano Ronaldo from Real Madrid,"Dallas Seavey won his 3rd Iditarod race in the last 4 years. He is this years champion and winner of $70,000 and a new Dodge truck. He credited his dogs as being part of the team effort as they beat his two-time winning father.",0.48052579164505005,-0.6241050958633424
"This topic is about a bomb explosion attack, people killed in a bombing attack, or injured in the blast, an explosion caused by a bomb, people behind the attack, a car bombing killing and wounding people.","The Dallas Mavericks NBA player's former business manager, Ted Kritza, was charged with stealing $2 million from Richard Jefferson's bank credit line without permission",Three people were killed and over 200 injured during the Boston Marathon Bombing. The Tsarnaev brothers were responsible for the attack. They learned how to build a pressure-cooker bomb in a jihadi magazine. The oldest brother had receipts for the bomb making ingredients in his wallet.,0.8951567411422727,0.5931711196899414
"This topic is about a person arrested and charged, authorities allegations, an investigation, being accused of a crime, being under arrest on one charge, and being under investigation.",Rilwan Oshodi spent the money he stole from his victims in things ranging from cheeseburgers MacBook and an iPhone to gold,It emerged that Harvey Weinstein would not face criminal charges for allegedly groping an italian model in his office. Prosecutors investigated the models claim but decided not to bring any charges. Weinstein could have faced misdemeanor charges of forcible touching or sexual abuse had they decided to bring the charges.,0.5673261880874634,-0.1595430076122284
"This topic is about a group composed of militants, fighters joining forces, ongoing violence in the capital, people dead across the country, militants armed with grenades, and a border town.","The Dallas Mavericks NBA player's former business manager, Ted Kritza, was charged with stealing $2 million from Richard Jefferson's bank credit line without permission",Militants gained access to and attacked Pakistan's navy ship. A comparison was made between this attack and to the one down on Nidal Hasan. Many al Qaeda leaders were involved.,0.6677841544151306,-0.31986913084983837
"This topic is about a new series based off action films, for which viewers of the film watch for the bonds between the characters.",The Schenectady firefighters are working tirelessly to combat the two burning buildings,In an uncommon move russia has dropped the arrival of a hollywood spine chiller set in the stalin period asserting it contorts histore and would air as the nation praises its triumph over nazi germany. The film kid 44 feqturing tom hardy vincent cassel and gary oldman recounts the narrative of a chronic executioner who targets youngsters in the stalin time. It depends on a novel by british essayist tom rob smith and was because of debut in russia today. Look down for video russian specialists have dropped the arrival of child 44 featuring gary oldman and tom hardy. The hollywood blockbuster recounts the narrative of a chronic executioner who targets youngsters in stalin period russia.,0.5308824777603149,-0.11526386439800262
"This topic is about credit, receiving funds, paying money using a credit card, and spending money.",A Russian plane was accused of flying aggressively close to an American plane,"A woman who said she was injured in the Boston Marathon bombing was accused of stealing money from funds created for the victims. Joanna Leigh claims the charge is retribution for her vocal criticism of the way One Fund Boston disbursed the funds. No one is disputing that Leigh was in the marathon on April 15, 2013, the day of the attack. But Boston and Suffolk County Police investigators say she was not hurt. If someone's injury did not require an overnight hospital stay, he or she received $8,000. Those who were hospitalized received $125,000 or more.",-0.08515319228172302,-0.09973937273025524
"This topic is about the world cup football championship, Brazil qualifying for the finals, Messi talking about Ronaldo, world champions defending their title, the Nations Cup, the best group of players, real madrid, and a competition for the cup.",A couple has been charged with child endangerment,Seedorf won the title an aggregate of multiple times in his celebrated lifetime in 1995. Also they should do it for the primary leg basically with a large group of stars including arjen robben franck ribery and bastian schweinsteiger alongside david alaba medhi benatia javi martiner and tom starke alsonso commends winning europs top club prize in his first season with leverpool in 2005. Alonso commends winning europe top club prize in his first season with liverpool in 2005.,0.4362190365791321,-0.02860090136528015
"This topic is about family and friends, and a husband and wife, the couple‚Äôs daughter has two brothers.",Bernie Ecclestone has officially dropped from the Formula one because of injury,"The most common punctuation marks in English are: capital letters and full stops, question marks, commas, colons and semi-colons, exclamation marks and quotation marks.
 

 In speaking, we use pauses and the pitch of the voice to make what we say clear. Punctuation plays a similar role in writing, making it easier to read.
 

 Punctuation consists of both rules and conventions. There are rules of punctuation that have to be followed; but there are also punctuation conventions that give writers greater choice.",0.6202595233917236,-0.5059718489646912
"This topic is about civil law, marriage, federal law, legal actions, state law, petition, and law for married couples.",The average American is in the middle class,This article is about a women named Lianna Barrientos. She married 10 men in eleven years. The article claims she said stated her last marriage to Salle Keita was her first and only marriage. Felony charges were brought upon her in November 2014 for lying and she could be sentenced for up to 8 years.,0.3606113791465759,-0.3521193861961366
"This topic is about family and friends, and a husband and wife, the couple‚Äôs daughter has two brothers.",This season is a bad one for Football fans as most players are being affected by Dengue,"Shaniqua Cherry and Hassan Lulu are husband and wife who were happily expecting their fourth child. Due to their family reason they planned to go to Atlanta and took American Airlines. 7 days before and after delivery, women are not allowed to take flight but doctors have allowed Cherry to travel on air as there was two weeks for due date. On the way from Philadelphia to Atlanta, unexpectedly the water broke for Cherry and she was about to deliver her baby. American airlines went for emergency landing in Piedmont Triad International Airport in Greensboro. Cherry delivered baby Nylah in Greensboro. The couple's daughter is healthy and family and friends are happy.",0.7983684539794922,-0.4957942068576814
"This topic is about a new series based off action films, for which viewers of the film watch for the bonds between the characters.","An elderly woman with dementia and leukemia was berated by her priest during a Catholic sermon for ""rustling papers","Norman Lee, known for his comic book characters related to Wolverine, Supergirl, and Starman went missing and is presumed dead. He was known for his strong passion and work ethic. Tributes flooded in from friends and colleagues who complimented his skill as a professional artist.",0.6090112924575806,-0.16910552978515625
"This topic is about the disease spreading through close contact, cases of illness or elevated levels of bacteria, and symptoms of the disease such as fever, chills, muscle aches and headaches.",As of 2014 the previous 4 managers to have won the Premier League title have all been gone within a year,"Following the emergence of severe acute respiratory syndrome (SARS) in 2002 and the Middle East respiratory syndrome (MERS) in 2012, the world is now combating a third large‚êscale outbreak caused by a coronavirus, the coronavirus disease 2019 (COVID‚ê19). After the rapid spread of SARS‚êcoronavirus (CoV)‚ê2 (the virus causing COVID‚ê19) from its origin in China, the World Health Organization (WHO) declared a Public Health Emergency of International Concern (PHEIC) on January 30, 2020. From the beginning of the COVID‚ê19 pandemic, a significant number of studies have been conducted to better understand the biology and pathogenesis of the novel coronavirus, and to aid in developing effective treatment regimens, therapeutics, and vaccines. This review focuses on the recent advancements in the rapidly evolving areas of clinical care and management of COVID‚ê19. The emerging strategies for the diagnosis and treatment of this disease are explored, and the development of effective vaccines is reviewed.",0.6604899168014526,0.594101071357727
"This topic is about family and friends, and a husband and wife, the couple‚Äôs daughter has two brothers.",The first of its kind gender neutral bathroom has been opened at the White House,"Christina and James's friends told them, married or not married, they would still be a ... With fewer couples marrying, the traditional Canadian family structure is ... A husband, a wife, and two children‚îmaybe even a pet‚îserved as the ... brothers in the highly rated shows Everybody Loves Raymond and Two and Half Men.David and Jonathan became brothers-in-law when David married Jonathan's sister Michelle. A sibling-in-law is the spouse of your sibling, or the sibling of your spouse, or the person who is ... one's spouse and through one's sibling, while the children of the two couples are double cousins. ...",0.5513690710067749,0.36972576379776
"This topic is about civil law, marriage, federal law, legal actions, state law, petition, and law for married couples.",The first of its kind gender neutral bathroom has been opened at the White House,The civil rights of the LBGT community is protected under the executive order regarding gender identity in the workplace. This is also true if employment is a federal or government. The Obama administration has also put and end psychiatric therapy and treatments for trying to change the sexual orientation or gender identity of the community,0.7760016918182373,0.19254019856452942
"This topic is about eating food at a restaurant, ordering something to drink and serving breakfast, as well as eating chicken, and fruits which are a healthy food.",Marc Rubio announced he is joining the race for President last week,"In general, it's best to avoid anything fried, covered in creamy sauces or laden with cheese.Items that are grilled or steamed are typically the healthiest options, as they are lower in fat and calories than similar items that are sauteed or fried.Try to avoid snacking on breadsticks or bread before your meal. Instead, have a salad with a light dressing or one of the healthier appetizers suggested below.If you think you might be tempted by the breadsticks before your meal, have a light snack before leaving for the restaurant. Something with a bit of protein in it will help prevent you from devouring everything in sight while you wait for your meal.If you're craving pizza, stay away from deep dish pizza or pizza with thick or stuffed crusts.You'll also want to avoid meat toppings like pepperoni, sausage and bacon, which are all high in saturated fats and calories and contain nitrates. Instead, choose pizza with a thin crust and lots of veggie toppings and request 1/2 the cheese, if you're really trying to be good.Skip the empty calories from beverages and order water instead of soda or alcohol.",0.8468762636184692,0.021464012563228607
"This topic is about online internet users, using an iPhone app to surf the internet, computer devices, data plans, and people checking a website on different devices.",Lionel Messi uses social media ,"Scientists have been stunned as there appeared to be a new 'landmark' has appeared in Pakistan, according to Google Maps which is an absolute mystery. People have been checking the Google Maps on different devices, but it was still there. Apparently this was only an issue on Android devices because checking Google Maps with an Iphone the new landmark was not there.",0.6261866688728333,-0.08978530019521724
"This topic is about winning the match by a few points, and how Barcelona had minutes left and had scored before half-time but were able to score a goal at the end.","Two years ago, a bomb attack wreaked havoc on the Boston Marathon, killing or wounding scores of attendees","Real Madrid's last victory over Atletico Madrid was less than a year ago in the Champions League final. After Cristiano Ronaldo failed to score in Real Madrid's 0-0 draw with Atletico Madrid last week. Arda Turan came off the bench in the 76th minute to slide the ball past Iker Casillas and secure a 2-1 victory. When the two sides met in January, Atletico won for the third time this season.",0.1515938937664032,-0.4859907627105714
"This topic is about a person arrested and charged, authorities allegations, an investigation, being accused of a crime, being under arrest on one charge, and being under investigation.","Despite Frank Barney's notion that ""we're winning,"" anti-LGBT laws are still being put into place across America","Tom Richards, ex-fianc of Danniella Westbrook, has been arrested, but not charged, for assault and harrassment. He was in a jail cell for 11 hours, and then released on bail. Police will investigate this matter. Ms. Westbrook had reportedly accused her former fianc of physical abuse on Twitter.",0.7663736343383789,0.5166990756988525
"This topic is about winning the match by a few points, and how Barcelona had minutes left and had scored before half-time but were able to score a goal at the end.","After the incident Fenerbahce refused to continue the Turkish championship and the team stood up mentioning that the suspension of the championship was something inevitable, as this implies blood, not soccer",Arsenal beat Burnley1-0 at Turf Moor. Aaron Ramsey scored the only goal for Arsenal. The next few matches will be crucial for determining the season. David Ospina made an acrobatic save to preserve the Arsenal victory.,0.266083300113678,-0.5563634634017947
"This topic is about winning the match by a few points, and how Barcelona had minutes left and had scored before half-time but were able to score a goal at the end.",Lewis Hamilton is still the richest sportsman in Britain,"The defending champion suffered hand and ankle injuries last month. However, he was able to finish less than a quarter of a second down. He still could not beat the Japanese rider.",-0.1396784484386444,-0.8169616460800172
"This topic is about power plants, using fuel to produce heat, fossil fuels that produce waste, and solar energy.",Defense Minister Kevin Andrews failed to name the leader of the Islamic State terrorist organization on the same day the federal government announced it would send more than 300 Australian soldiers to Iraq,"The energy plant produces a chemical that is used as an energy source, but is quite flammable. There was an oil leak at the plant, which caught fire and created the explosion and resulting fires. It appears, however, that the energy source was not necessarily the reason for the explosion.",0.32091107964515686,0.23678426444530487
"This topic is about a football league having a world championship where each team‚Äôs fans are gathered to watch the end of this season‚Äôs games culminating in a tournament, to see their favorite football player.","The threat of Islamic Terrorist attacks has not diminished, even though Barrack Obama and his advisors have downplayed the threat of such groups","The Premier League has many exciting games! All football fans will be tuned in to watch the Arsenal vs Burnley Match, which is sure to be a good one. Mesut Ozil has scored or assisted seven goals in his last eight Premiere League matches so fans will be happy to see how he performs in this matchup.",0.4544059634208679,-0.5371239185333252
"This topic is about a person found guilty in the trial before a judicial panel, opening a criminal trial against him, a person potentially facing jail time,  receiving a fine, and a suspended prison sentence.",The average American is in the middle class,Lee was found guilty at Lincoln County Court. This caused him to go into a rage. He was sentenced to two years. He may get more because of his actions.,0.6613229513168335,-0.9246448278427124
"This topic is about a derby football match, in which the ball hit the post; according to the Arsenal football team‚Äôs former manager, they could have snatched victory, but the ball hit the post.","Alix Bussey, 23, died on holiday in Mexico with her boyfriend",The Arsenal and Monaco teams are competing against each other in the Champions League game. The Arsenals are being led by the Monaco's former manager. The vice president of Monaco gave the former manager a photo album of memories.,0.46873563528060913,0.2917605936527252
"This topic is about a person arrested and charged, authorities allegations, an investigation, being accused of a crime, being under arrest on one charge, and being under investigation.",It emerged that Harvey Weinstein would not face criminal charges for allegedly groping an italian model in his office,"Outstanding Phoenix Mercury player Brittney Griner and WNBA fiance and fellow WNBA Glory Johnson were arrested after a fight at their Phoenix home.
 Several people in the couple's home tried to stop Griner, 6'8"", and Johnson, 6'3"", from fighting after an argument that turned physical, according to a police report.
 Arrest: Brittney Griner, left, and her fiance and also WNBA player Glory Johnson, both 24, were arrested on suspicion of assault and disorderly conduct on Wednesday and have since been released from prison.",0.8014532327651975,0.16531839966773987
"This topic is about firefighters tackled the blaze, wood burning, residents evacuating, flames, spit embers downwind, and burning buildings.",A governor candidate charged over a book he withdrew 11 years ago,"Firefighters responded to a call and found the words ""My wife is a cheater"" outside the home. Because the flames were brought under control, they were able to enter the home and cover up the words with tarps. After the fire was completely put out, the police concluded that the fire was set intentionally. Several neighbors were surprised by this fact since they saw the family as loving and normal.",0.26576346158981323,0.3807060122489929
"This topic is about driving vehicles on the road, having to do with traffic and highway speeds, road traffic, and driving.",Oldham Athletic have signed 16-year-old winger Ronaldo Brown,A man led Alaska police on high speed highway chase. The police deployed spike strips on the highway in order to stop the man. The driver turned around and struck several police cars in order to avoid the spike strips.,0.761023998260498,-0.28722238540649425
"This topic is about how carbon emissions affect global climate change, the Earth‚Äôs surface as well as the atmosphere around the Earth, the temperature of the sun, and global temperatures.","Shooting Florida Governor Rick Scott, who allegedly banned the term climate change from his officials' vernacular, Obama said that ""just refusing to say the words 'climate changed' doesn't mean climate change isn't happening","A new study has warned and blamed on human activities for the amount of heatwaves and almost a fifth of extreme rain storms. They warn humans will become responsible for the climate change pushes global temperatures higher over the coming seasons, for 40 per cent of extreme rainfall events. Researchers say 75% of unexpected extreme hot weather and 18% of big precipitation is the way to global warming as a result of man-made emissions.",0.6557086706161499,-0.298255354166031
"This topic is about a new series based off action films, for which viewers of the film watch for the bonds between the characters.",The script was filmed in the school district,There is currently an exhibit of the set for the television show Mad Men. Fans of the show will be able to tour sets from previous seasons of the show. There will be other items to be viewed from the writer's of the show including notes and drafts of the storyline.,0.7117153406143188,-0.07260151952505123
"This topic is about the country's president, ruler of the country, President Barack Obama, the White House press conference, the Bush administration, and the former Republican president.",The Jewish community center in 1994 at the Argentine capital is the deadliest terrorist attack in the history of the country,"President George Bush was yelled at during a hospital visit to dying soldiers, His press secretary revealed that Bush was hugged by an injured soldier's family while awarding him the purple heart. Another dying soldier opened his eyes briefly so that Bush could award him his medal. The President left on the Marine One helicopter.",0.5090780854225159,0.3621877133846283
"This topic is about credit, receiving funds, paying money using a credit card, and spending money.",Both Margaret and Harry had recently received war medals for their service,"Travelers passing thru TSA checkpoints lose a lot of spare change. It appears that each year the amount of coin cash that the security organization collects tends to grow. While the TSA attempts to reunite lost property with its owners , that is not always possible. Congress allows these airports to keep this cash and use it for whatever they feel most useful. Mostly it will improve airport security or civil aviation, but some locations use this money as a donation to the local charities.",0.2492600530385971,0.25263750553131104
"This topic is about Manchester United's manager, Premier League, the striker for the team, and Liverpool versus Chelsea.","Christina and James's friends told them, married or not married, they would still be a ",Chelsea striker Samuel Eto'o has revealed he was the victim of racism during his time at Sampdoria. The Blues have been in the spotlight recently after five supporters were ordered to appear in court over an alleged racist incident on the Paris Metro. A Paris Saint-Germain fan appeared to be prevented from boarding a train before his side took on Chelsea in the Champions League last-16 clash. ,0.6844103932380676,-0.18554657697677623
"This topic is about a final match to determine which team will win the final round, winning the title to become this year‚Äôs champion.",The senate and congress need to be on the same page as far as the nuclear deal,"A first-half goal from summer signing Kai Havertz, the most expensive player in Chelsea's history, was enough to earn Thomas Tuchel's side victory in front of thousands of fans at Porto's Estadio Dragao in Portugal.Meanwhile, Manchester City's wait for European glory continues after making its first final in this season's competition.Chelsea, which last won the Champions League in 2012, was worthy of the win having executed a perfect game plan masterminded from Tuchel, who took over from club legend Frank Lampard in January.
 The former boss of Paris Saint-Germain, who lost to Bayern Munich in the final last season, was an animated figure throughout, conducting the 16,500 fans present and urging his side to a famous win",0.5179857611656189,-0.29017511010169983
"This topic is about a person arrested and charged, authorities allegations, an investigation, being accused of a crime, being under arrest on one charge, and being under investigation.",Oldham Athletic have signed 16-year-old winger Ronaldo Brown,"A person was arrested and charged with terror offences. under investigation, accused of a crime was arrested. Scotland Yard arrested the accused under authorities allege on one charge.",0.7698124647140503,0.11553129553794861
"This topic is about family and friends, and a husband and wife, the couple‚Äôs daughter has two brothers.",Outstanding Phoenix Mercury player Brittney Griner and WNBA fiance and fellow WNBA Glory Johnson were arrested after a fight at their Phoenix home,"Suzanne Crough, the child actress who played youngest daughter Tracy on the '70s musical sitcom ""The Partridge Family"", passed away at home in Laughlin, Nevada, the Clark County Coroner's Office said. Redheaded Crough was raised in Los Angeles, the youngest of eight children in the family.",0.3247699737548828,-0.402128040790558
"This topic is about a person found guilty in the trial before a judicial panel, opening a criminal trial against him, a person potentially facing jail time,  receiving a fine, and a suspended prison sentence.",Prince Harry is the Vice Patron of the Rugby Football Union,Sunderland footballer Adam Johnson was bailed after being charged with grooming and sexual activity with a 15 year old girl. He will appear before Peterlee Magistrates on the 20th of May. Johnson has not being fined and no prison sentence suspended or other has been determined but if found guilty a long prison sentence is likely.,0.2076934278011322,0.1995265781879425
"This topic is about pop songs, music fans rejoice, a singer and songwriter, the first track on the new album, doing a sound check, and singing along with a prerecorded track.",The average American is in the middle class,"After experiencing some terrible customer service on an airline, a band wrote a sarcastic song about the experience. It became a hit, notably among other passengers on that airline. However, not everyone is impressed with their musical talent and lyrics.",0.02074497565627098,-0.6194933652877808
"This topic is about the senate and congress, congressional pressure, calling one's representative's office, informing a Senate committee, lawmakers setting the record straight, the staffer to the Democratic senator, and federal employee benefits.",Mick Schumacher son of Micheal Schumacher crashed during a test driving a Formula 4 car,Increasing funding from Wall Street has limited legislation pushed by Democrats. During the financial crisis the Obama administration passed legislation which curtailed losses to major banks. If Democrats want to take on Wall Street they have to start with campaign finance.,0.746907651424408,0.6261883974075317
"This topic is about the senate and congress, congressional pressure, calling one's representative's office, informing a Senate committee, lawmakers setting the record straight, the staffer to the Democratic senator, and federal employee benefits.",On March 11 the police arrested former AFL player Ben Cousins after he allegedly lead police on a low speed chase from Bicton to Mosman Park,Reid said that the job of the minority leader of the USA senate is just important as that of majority leader. Staffer to the Democratic senator of Nevada had released a statement saying that Larry Reid is the Democrat's brother. Larry's brother who is a democratic leader announced that he will not seek for re-election.,0.41803592443466187,-0.04362430050969124
"This topic is about credit, receiving funds, paying money using a credit card, and spending money.",A Barcelona newspaper picked Luis Enrique as top manager in history after 50 games,"Progressive women's groups have chosen Tuesday as their fictitious Equal Pay Day. In the wake of Hillary Clinton's presidential announcement, the ""holiday"" has a special meaning. Clinton's election will undoubtedly be voter-centered, and the women's Democrats' agenda is centered on equal pay and justice in the workplace. Here's the thing: This 77 percent pay gap statistic is exaggerated. Opinion: Why Hillary Clinton Should Accept a Salary Cut. Still, conservatives - and by extension Republicans - should be paying attention to Equal Pay Day. Because for many on the right, midterm election victories signaled that the narrative of the ""war on women"" was over. In short: the narrative of the ""war against women"" has not been turned off - it has simply changed gears. And with the presidential election season starting to accelerate, we can expect the focus of the ""war on women"" to shift to the workplace, where Democrats will claim that women are unfairly paid without the paid leave benefits they deserve. and no childcare support they require.",0.8667113780975344,0.643265962600708
"This topic is about a person found guilty in the trial before a judicial panel, opening a criminal trial against him, a person potentially facing jail time,  receiving a fine, and a suspended prison sentence.",A five year old tried to pet a sea lion on the beach,"Two men accused of the Boston Marathon bombing attack, Dzhokhar Tsarnaev and his older brother Tamerlan, continue to stand trial for the bombing that injured 264 people and killed three on April 15, 2013. The two are also facing charges of the shooting death of MIT police office Sean Collier, who was killed three days after the Boston Marathon attacks. If convicted, Dzhokhar Tsarnaev, 21, could be sentenced to death. Two friends of Tsarnaev, Azamat Tazhayakov and Dias Kadyrbayev, were arrested in the aftermath of the bombings for accusations of throwing out Dzhokhar's backpack and taking his computer back to their apartment in New Bedford where police seized it.",0.6464466452598572,-0.2873278260231018
"This topic is about a final match to determine which team will win the final round, winning the title to become this year‚Äôs champion.","For many parents in Sydney and Melbourne, it came as an unpleasant surprise for the government's plans to renegotiate compensation for spending on children",The US Men's Clay Court Championship is taking place in Houston. Kevin Anderson and Jeremy Chardy are in the finals of the ATP event. The match was postponed due to heavy rain.,-0.42582109570503235,0.17028719186782837
"This topic is about a bomb explosion attack, people killed in a bombing attack, or injured in the blast, an explosion caused by a bomb, people behind the attack, a car bombing killing and wounding people.",A three-month-old child was abandoned at McDonalds in Ohio by his parents after police said they could not agree on who would take care of the child over the weekend,"On Wednesday, gunmen took hostages in Tunisia and killed 23 people. Two gunmen died , and three survived and fled, currently hunted by the Tunisian government. Habib Essid, the Prime Minister, said that the attackers targeted tourists with the goal of injuring the tourism industry and therefore the economy. Because tourism is so vital to Tunisia's economy, making up 15% of GDP, it is likely the attackers will reach their goal.",0.6464402675628662,-0.34457170963287365
"This topic is about the senate and congress, congressional pressure, calling one's representative's office, informing a Senate committee, lawmakers setting the record straight, the staffer to the Democratic senator, and federal employee benefits.",The rogue broker who faces charges of manipulating the stock market and helping to trigger a trillion-dollar Wall Street crash will remain in prison over the weekend after failing to pay his £5 million bail,The Senate is trying to pass a healthcare bill. Only 8 people voted against this. Cruz tried to educate other officials.,0.24381552636623383,0.7228848934173584
"This topic is about the disease spreading through close contact, cases of illness or elevated levels of bacteria, and symptoms of the disease such as fever, chills, muscle aches and headaches.","This week, a bomb attack occurred in Iraq","A hotel in East Sussex has suffered a norovirus outbreak, which is spread through close contact. The affected guests have experienced vomiting and diarrhea from the ""winter vomiting bug."" Tests have confirmed 8 cases, and it is believed that the remaining cases are norovirus as well. Outbreaks are common in semi-enclosed environments, and many of the sick guests attended a wedding together April 11.",0.4726952016353607,0.004290904849767685
"This topic is about family and friends, and a husband and wife, the couple‚Äôs daughter has two brothers.",Elizabeth Sedway was travelling with her family from a vacation in Hawaii to their home in California via a flight on Alaska Airlines,"Drummer Mike Portnoy arrives at Twisted Sister to replace A.J. Pero, who died on March 20th. The band will have two shows in Pero's honor, with one taking place at Las Vegas' Hard Rock Hotel and Casino. The band reached its peak in 1984 with the hit ""We're Not Gonna Take It"", which reached Top Forty.",0.28815174102783203,-0.5598874092102052
"This topic is about a person arrested and charged, authorities allegations, an investigation, being accused of a crime, being under arrest on one charge, and being under investigation.","In an interview with Arsene Wenger , the manager of Arsenal football club , revealed that he always think of eight to nine players in order to select the team before the match","A governor candidate charged over a book he withdrew 11 years ago. Lieutenant Governor candidate Johnathan Masters was arrested for allegedly not returning a book he borrowed from a library in Kenton County 11 years ago, an accusation he vehemently denied. He was subsequently booked for theft but released on bail pending investigation.",0.29540738463401794,-0.4586780667304994
"This topic is about a person found guilty in the trial before a judicial panel, opening a criminal trial against him, a person potentially facing jail time,  receiving a fine, and a suspended prison sentence.",IT HAS BEEN ON THE MARKET FOR 730 DAYS AND WAS INITIALLY LISTED FOR $2 MILLION,"The fiery crash that brought down a Concorde supersonic jet in 2000, killing 113 people, was caused partially by the criminal negligence of Continental Airlines and a mechanic who works for the company, a French court ruled Monday.Continental Airlines was fined 202,000 euros ($268,400) and ordered to pay 1 million euros to Air France, which operated the doomed flight.Mechanic John Taylor received a fine of 2,000 euros ($2,656) and a 15-month suspended prison sentence for involuntary manslaughter.Saying that the airline and Taylor were ""the sole guilty parties shows the determination of the French authorities to shift attention and blame away from Air France,"" which operated the flight and maintained the aircraft, Continental said.
 ""To find that any crime was committed in this tragic accident is not supported either by the evidence at trial or by aviation authorities and experts around the world,"" the statement said.
 Air France, which was a plaintiff in the Concorde trial, posted a statement on its website saying, the French national carrier ""welcomed the decision of the criminal court which recognizes Continental's full criminal and civil liability in the Concorde accident.""A titanium strip allegedly fell off a Continental DC-10 which took off just before the Concorde. Judicial investigators say the strip was improperly installed on the DC-10 engine, prompting the charges against the airline, Ford and Taylor.An investigation revealed a tragic chain of events that brought down Air France Flight 4590 shortly after takeoff from Paris' Charles de Gaulle airport: a tire under the left wing blew on takeoff when it struck the small strip of titanium on the runway.The blown tire sent debris into the wing, causing the fuel tank to rupture and sparking the catastrophic fire that led to the crash that killed 100 passengers, nine crew and four people on the ground.",0.6686275601387024,-0.2599010169506074
"This topic is about family and friends, and a husband and wife, the couple‚Äôs daughter has two brothers.","Christina and James's friends told them, married or not married, they would still be a ","A rather complex definition of a communicative exchange between a husban and wife. The topic focuses on the chosen communcation method between each party, using nothing but social media to communicate. Rather evasive, non-intrusive method is used, until a consensus is reached.",-0.31655263900756836,0.1290927231311798
"This topic is about a group composed of militants, fighters joining forces, ongoing violence in the capital, people dead across the country, militants armed with grenades, and a border town.","Nathan Baggaley was denied bail and held on charges of assault of a policeman, resisting arrest and escape","Russian President Vladimir Putin has accused Poland of interfering with Ukraine. He believes that Poland is training Ukrainian nationalists. Also, he accuses Poland of causing unrest in Ukraine. At issue is the military buildup around the Russian city of Kaliningrad, which borders Ukraine. The situation is indicative of the tensions in this part of the world.",0.5351186990737915,-0.06866589933633804
"This topic is about winning the match by a few points, and how Barcelona had minutes left and had scored before half-time but were able to score a goal at the end.",The Kentucky Wildcats lost Saturday night to the Wisconsin Badgers 71-64 in the NCAA men's basketball Final Four at Indianapolis,"Manchester City head into the Champions League game against Barcelona on Wednesday night, knowing that a win will be enough to ensure they qualify.
 Pellegrini has been the manager of three clubs without a win against Bara, losing all of his games so far as City coach to equal his record at Real Madrid, and managing only one draw at the helm of Malaga.
 And now, to go back to March 2008, more than eight years ago, to find Pellegrini's last victory over Barcelona, on a day when his star Yaya Tour was lining up for the Nou Camp team.
 As boss of Villarreal, Pellegrini has won four victories against Bara, while drawing three times and losing the remaining five of his twelve games.
 However, only the last of those victories has been away from home, and none of them in the Champions League, while his career record against Barcelona leads him to triumph just 16 percent of the time.",0.9329413771629336,-0.4092996120452882
"This topic is about the presidential campaign, the presidential candidate, a state governor, joining a presidential campaign, and a huge impact on political campaigns.","The official meetings of the Primates of the Churches have always been ecclesiastical events of great importance, for the reinforcement, and hopefully, the restoration of the unity of faith in the nexus of love","A North Carolina man disliked hillary clinton so much that he left a message in his obituary for citizens to not vote for clinton. He was an active part of his community. On the other hand, the moonlite bunny ranch in nevada was proud to support a woman in a powerful position.",-0.29822784662246704,-0.5183970332145692
"This topic is about a football league having a world championship where each team‚Äôs fans are gathered to watch the end of this season‚Äôs games culminating in a tournament, to see their favorite football player.",A tiny baby girl is certainly unlucky when it comes to her parents,"Richard Jefferson is a well-known NBA star and has been playing since 2001. He played for many NBA different teams throughout the years. However, last year, he joined the Dallas Mavericks and has stuck with them.",0.08743216842412949,-0.6912450790405273
"This topic is about a person found guilty in the trial before a judicial panel, opening a criminal trial against him, a person potentially facing jail time,  receiving a fine, and a suspended prison sentence.",Larry Reid was arrested and charged with with driving drunk and hitting a police officer,"Shocking accident involving driver Juraj Osrula, 46, a Slovakian truck driver who caused an accident involving several people, including 3 family members who died, including Helen Akande, 22, Mary, 16, and her father Michael, 54. The accident happened that a red Mercedes Actros reached the end of the traffic queue, causing a tragedy. In light of this, Juraj pleaded guilty in the Maidtone Crown Court, on charges of death for dangerous driving and 3 counts of serious injury while driving dangerously. On the other hand, Juraj, argues that he was blinded by the sun in the moments before the collision, but the detective David Holmes, affirms that the driver when being blinded by the sun should then reduce the speed and concludes saying that the final sentence of the process serves as cure for everyone affected in the accident.",0.8623038530349731,0.2648998200893402
"This topic is about exhibitions on art history, showing original paintings in an art museum, as well as the history section of the library about ancient art versus modern art.",New England Patriots star Aaron Hernandez was charged with the murder of Odin Lloyd,An Italian man named Maurizio Cattelan has some of his works of art on display around the world. But his current work of art being sold for almost a million dollars is currently on display at an exibition in London. He is not known for traditional art and his latest English Football team inspired sulpture is in the same boat.,0.7854582071304321,0.19425642490386963
"This topic is about flying the plane, the pilot of the aircraft, passengers flying for leisure or work, landing strip, the flight crew, take-offs and landings, aircraft landing, and a jet flying by.",President Barrack Obama has failed to acknowledge how big a threat and problem radical islam is and has been to the United States and world,"The aircraft use to perform in airshows all around. This aircraft was delighting to people of all ages. In memory of those times, the aircraft was given a great paint job for the spectators.",0.6380957365036011,-0.7431160211563113
"This topic is about a person arrested and charged, authorities allegations, an investigation, being accused of a crime, being under arrest on one charge, and being under investigation.",A mother and her children were found dead in their home on Wednesday,"The six men were arrested Sunday in Minneapolis and San Diego. They are the latest people from Minnesota to be charged in an investigation stretching back months into the recruitment of Westerners by ISIS. Authorities say they were friends who met secretly to plan their travels to Syria. Six Somali-American men were arrested on Monday for trying to travel to Syria to join ISIS. One of the men, Ahmed Ali Omar, was indicted on charges of lying to the FBI during a terrorism investigation and conspiring to provide material support to an enemy of the U.S.",0.8433492183685305,0.3935889005661011
"This topic is about a person found guilty in the trial before a judicial panel, opening a criminal trial against him, a person potentially facing jail time,  receiving a fine, and a suspended prison sentence.",April Emery was charged for child neglect without great bodily harm,"Former Premier League striker Delroy Facey was convicted of conspiring to bribe players in a match-fixing plot.
 Facey, 35, who played for Bolton Wanderers, West Bromwich Albion and Hull City, denied being part of the conspiracy.
 He claimed that the managers who were apparently offering him up to £15,000 from him in the plot were ""class clowns"" that he decided to ""make fun of"" and didn't take seriously. But a Birmingham crown court jury convicted him on Wednesday of conspiracy to bribe players.
 Former non-league player Moses Swaibu, from Bermondsey, south London, was convicted on the same charge.
 They will be sentenced later on Wednesday.",0.27929574251174927,0.6095581650733948
"This topic is about the navy rescuing in the ocean, swimming in the sea, sandy island, dive team rescuing a person, ocean water and fishes in the sea.",Prince Harry is a known patron and fan of rugby in the United Kingdom,A five year old tried to pet a sea lion on the beach. The sea lion snapped back and bit the child. He suffered only minor punctures from the bite. His family took him to the local hospital to be examined and he is now recovering.,0.09298151731491089,-0.0074841175228358425
This topic is about economic growth involving billion dollar figures showing that the economy is growing as expected globally.,The ISIS militants have become a nightmare to the people of Palestine,British home ownership is hindering economic growth due to very high debt rates. High-rising housing costs have created more debt-laden citizens. The Bank of England has stemmed risky mortgage lending in order to stabilize housing rates.,0.6611706614494324,0.0729948878288269
"This topic is about a final match to determine which team will win the final round, winning the title to become this year‚Äôs champion.",The 30 year old builder has been sentenced to 21 months in jail for theft and fraud,Mark McCall had won the match with fantastic game plan. He believe in neutral territory to enhance the strength and focus. they reached their third semi-final of this tough competition.,0.578548014163971,-0.6129331588745117
"This topic is about flying the plane, the pilot of the aircraft, passengers flying for leisure or work, landing strip, the flight crew, take-offs and landings, aircraft landing, and a jet flying by.",England is Prince Harry's favorite team,"A four year old girl, who is paralyzed from chest down, got a heartwarming birthday surprise as she was on a flight thousands of feet in the air when the entire airplane sang her happy birthday and moved her to tears earlier this month. The flight crew made a crown out of toilet paper and a princess crown made out of pretzels. The family thanked Southwest Airlines flight and the flight crew for the special surprise.",-0.09182383120059956,0.504673957824707
"This topic is about the presidential campaign, the presidential candidate, a state governor, joining a presidential campaign, and a huge impact on political campaigns.",Elizabeth Sedway was travelling with her husband and kids back home to California from a vacation in Hawaii,"A month before per presdiental campaign hillary clinton was accused of with holding information from the goverment. During her time as secretary she used her personal emails to conduct goverment business and when asked to turn over emails she refused. She found her self in the hot seat, senators that where behind her distance them selfs. Hillary turned in the emails but after deleteing some.",0.15993590652942657,0.007502440363168716
"This topic is about flying the plane, the pilot of the aircraft, passengers flying for leisure or work, landing strip, the flight crew, take-offs and landings, aircraft landing, and a jet flying by.",A man was arrested in Alaska for reckless driving and criminal mischief,Two air force pilots from Saudi Arabia were rescued by the U.S. Navy after they were ejected from their F-15 aircraft. The incident was reported by an official of the military on Friday and was said to have happened due to mechanical failure while flying the plane. No serious injuries were reported and they were retrieved by a helicopter from Djibouti on Thursday.,0.5513395667076111,0.5821042656898499
"This topic is about a football league having a world championship where each team‚Äôs fans are gathered to watch the end of this season‚Äôs games culminating in a tournament, to see their favorite football player.","Norman Lee, known for his comic book characters related to Wolverine, Supergirl, and Starman went missing and is presumed dead",Cesc Fabregas will return to Arsenal for the first time since leaving in 2011. The Spaniard is expected to wear a protective mask when he returns to the Emirates. Arsene Wenger has not spoken to his former Barcelona team-mate since the summer.,0.3479841649532318,-0.23343425989151
"This topic is about terrorist attacks, islamic terrorism, attacks on the country, terrorist threats, and extremist groups.",She met her soon to be husband in 2010,"The National Security Division has prosecuted (or is prosecuting) more than 30 cases of people attempting to support terrorist groups, including ISIS, al Qaeda, and others. Muhanad Mahmoud Al Farekh, 29, and his co-conspirators serve as one example, who plotted to fight against American citizens abroad. Noelle Velentzas, 28, and Asia Siddiqui, 31, were recently arrested in a plot inspired by the terrorist group ISIS to build a weapon of mass destruction, and Najibullah Zazi, Zarein Ahmedzay and Adis Medunjanin were also convicted of attempting to carry out a suicide attack on the New York subway.",0.5765695571899414,0.5192248821258545
"This topic is about family and friends, and a husband and wife, the couple‚Äôs daughter has two brothers.",This isn't the first time Patrick Revins has been identified by his tattoos,Mr. Deghayes has lost his two younger sons in previous alqaeda battles in Syria. Mr. Deghayes and his brother Omar are traveling to the Middle East to try and bring his son home amer. Amer has been part of a group that is affiliated with al Qaeda.,0.07968717813491821,-0.1827082633972168
"This topic is about family and friends, and a husband and wife, the couple‚Äôs daughter has two brothers.","A mother, Yurgon Wu, is facing kidnapping charges after police believe she kidnapped her children from the Massachusetts area",Murray will have three best man for his weeding which includes his friends and his brother from his family. The two brother are going to be best man for each other in their weeding since Murray was best man for his brother's wedding in 2010 and his brother Jamie is going to be his best man. The couples live in surrey with their two border terrier.,0.1966421902179718,0.4676193594932556
"This topic is about Manchester United's manager, Premier League, the striker for the team, and Liverpool versus Chelsea.",When you are ordering food out watch out for the sugar content,"At Craven Cottage, Robin van Persie scored twice to contribute to Manchester United's 4-1 win over Fulham in the Under-21 Premier League. This suggests he will be in contention to start in Louis van Gaal's side for the visit of West Bromwich Albion on Saturday. The striker had had an ankle injury since February, and this was him just starting to return to the action. ",0.5167653560638428,0.2803443670272827
"This topic is about family and friends, and a husband and wife, the couple‚Äôs daughter has two brothers.","It is a question many dieters are asking when they are tweaking their diet for optimal weight loss!The truth is, as long as you don't have any diabetes or other health issues, you are much better off changing your diet according to your blood sugar levels",A mother yelled at George Bush while he visited her dying son. A family of another soldier hugged Bush and the soldier's son asked bush what a purple heart was. the son of another dying soldier was consoled by Bush but his father passed away six days later.,-0.32175546884536743,-0.3495044708251954
"This topic is about winter temperatures as opposed to hot weather conditions, cold mornings, and weather forecasts like snow being expected later.","the matrimonial laws in India, including laws on marriage, divorce and ",Alaska has seen an unseasonably warm winter. Anchorage received a third of its usual snowfall. The same weather pattern giving the east coast unseasonably high snowfalls is responsible for the warm Alaskan winter.,0.7013331651687622,0.024399112910032272
"This topic is about winning the match by a few points, and how Barcelona had minutes left and had scored before half-time but were able to score a goal at the end.",A female supreme court judge in England has said that the federal law around divorce proceedings should be changed to make them less acrimonial,"Last time, Manchester United won 3-1. The striker scored the opening goal. He scored two of the three goals in total.",0.8574682474136353,0.27228784561157227
"This topic is about Manchester United's manager, Premier League, the striker for the team, and Liverpool versus Chelsea.",David Seaman was a mainstay football player in the English football league affiliated with Arsenal football club,"In a recent interview Jon Terry said that Arsenal can never win Premier League by playing 'tippy-tappy football'. After their 0-0 draw at Arsenal , the fans chanted 'boring boring Chelsea'. Chelsea's striker Drogba celebrated a hard-fought goal against Emirates and Terry said that 'tippy-tappy football' is good but if they can't win with it then it's of no use. Chelsea squad celebrated yet another victory in the Premier League and Eden Hazard got the PFA player of the year award. Along with him Terry, Diego Costa, Nemanja Matic, Gary Cahill were also rewarded with a place in the PFA Premier League Team of the Year.",0.2565816044807434,0.43943437933921814
"This topic is about a bomb explosion attack, people killed in a bombing attack, or injured in the blast, an explosion caused by a bomb, people behind the attack, a car bombing killing and wounding people.",Giampietro Manenti was one of 22 people arrested in connection to investing illicit money,"A suicide bomber on a motorbike killed himself and 33 other people, while also injuring more than 100 people, as he targeted government workers in a bank in Kabul, Afghanistan. The explosion caused by a bomb happened during rush hour. ISIS militant is behind the attack.",0.9436551332473753,0.5970844030380249
This topic is about economic growth involving billion dollar figures showing that the economy is growing as expected globally.,"In the NCAA Final Fours in Indianapolis, the Kentucky Wildcats lost to the Wisconsin Badgers 71-64","The dazzle of discount store Aldi's success story continued yesterday, as it surpassed rival Waitrose to become Britain's sixth-largest supermarket.
 The German discount store has captured a growing share of the market since the recession, as families with little money seek cheaper alternatives.
 Waitrose holds 5.1 percent of the market, down from 5 percent, according to consumer research firm Kantar Worldpanel.
 In contrast, middle-class rival Waitrose, part of the John Lewis Partnership, focuses on customer service and high-quality products.
 Increase: Consumer research firm Kantar Worldpanel said Aldi's sales were up 17% from January and the end of March compared to the same period last year, compared with Waitrose's 3% growth.
 Aldi started as a small food store opened by the wife of miner Anna Albrecht in the German city of Essen in 1914 to support the family when her husband fell ill.",0.793174684047699,-0.6763123273849487
"This topic is about winning the match by a few points, and how Barcelona had minutes left and had scored before half-time but were able to score a goal at the end.",Seedorf won the title an aggregate of multiple times in his celebrated lifetime in 1995,"They came far from France and play with wonderful half-backs in spite of player's knee injury. 'Due to the pressure they were under, They become unable to use because strong wind they had.'",0.5393551588058472,-0.1999017596244812
"This topic is about terrorist attacks, islamic terrorism, attacks on the country, terrorist threats, and extremist groups.",Passengers on planes are given even less legroom these days,The six men were arrested Sunday in Minneapolis and San Diego. They are the latest people from Minnesota to be charged in an investigation stretching back months. Authorities say they were friends who met secretly to plan their travels to Syria. One of the men was indicted on charges of lying to the FBI during a terrorism investigation.,0.3919914662837982,0.4335017502307892
"This topic is about winning the match by a few points, and how Barcelona had minutes left and had scored before half-time but were able to score a goal at the end.","Admitting defeat, Arsenal was a good sport even having lost","Robin van Persie scored twice in Manchester United's 4-1 victory over Fulham in the Under-21 Premier League, despite recovering from an ankle injury. 
 He injured his ankle in mid-February and has lost seven games after, just returning to the starting lineup and replacing Wayne Rooney on Sunday. His intent was to get more time on the field, but his two goals had the additional effect of giving United a four-point advantage at the top of the Premier League U-21 table.",0.9380928874015808,-0.27108436822891235
"This topic is about traveling via air, passengers on a flight, airlines offering flexible changes, the world's busiest airport, international transport, and flights being handled by different air traffic controllers.",This isn't the first time Patrick Revins has been identified by his tattoos,"A women and her family were recently kicked off a plane because of fear that she may need medical attention in mid-flight. In an interview with NBC news, Elizabeth Sedway said that as she was forced to deplane, she apologized to some of the passengers for the delay that had occurred. The family was scheduled later to fly back to their home on another airline, Hawaiian Airlines.",0.6569713950157166,-0.1410113275051118
"This topic is about a football league having a world championship where each team‚Äôs fans are gathered to watch the end of this season‚Äôs games culminating in a tournament, to see their favorite football player.",New England Patriots star Aaron Hernandez was charged with the murder of Odin Lloyd,Riki Hughes a former military solider suspected to be stealing. He claims to spend it on a stag holiday trip to Las Vegas. Finally the heist is brought to an end with him being caught.,-0.4665346443653108,0.6920264959335327
"This topic is about family and friends, and a husband and wife, the couple‚Äôs daughter has two brothers.",iles wore all black from head to toe as she stepped out with her partner and daughter,"A woman who already has four children will likely be a mother of seven after becoming pregnant with triplets.
 Nadine Crooks, 33, who lives in Smethwick, West Midlands, was surprised to discover she was pregnant again, as doctors reported that she was infertile after she had her fourth child.
 She stopped taking birth control pills after learning she had polycystic ovary syndrome after the birth of her son Joshua 18 months ago.
 Set to become seven siblings: Nadine Crooks, who is expecting triplets pictured with her four children, from left, Trae (13), Roxanne (18), Zion (9) and Joshua (1).
 ' Nadine was told that polycystic ovary syndrome would prevent her from getting pregnant again after the birth of her fourth child, Joshua, pictured.
 'I have no history of twins or triplets in my family and neither does my partner, but we feel blessed to have more children.' Nadine and her four children say they are all surprised she has three more.
 'I used to watch these shows on TV about people with triplets and quadruplets and I don't think I could handle it, but I have a lot of family to help me when they arrive.' Nadine's pregnancy also confounded doctors.",0.3883074223995209,0.3454548120498657
"This topic is about the world cup football championship, Brazil qualifying for the finals, Messi talking about Ronaldo, world champions defending their title, the Nations Cup, the best group of players, real madrid, and a competition for the cup.",The team has invested a lot of resource and £220m in capital brining in new members to the team but it will take time to see the benefit of those investments,"The current champions will defend their right to the cup, welcoming the team who secured its way to the final rounds of the championship. Madrid still has nine games to play in the championship games for the world cup. Messi noted the great assist by ronaldo into the path of history in the championship games.",0.8565207123756409,0.032464951276779175
"This topic is about family and friends, and a husband and wife, the couple‚Äôs daughter has two brothers.",Beech-Nut Nutrition has confirmed that it is voluntarily recalling the Stage 2 Beech-Nut CLASSICS sweet potato & chicken product,Kelley Mulfinger's family gathered at BWI along with a wedding party. The party was to be surprise for the soon-to-be husband and wife courtesy of Southwest airlines. Kelly's mother and sister were flown in to attend the surprise.,0.8489425182342527,0.22068721055984497
"This topic is about winning the match by a few points, and how Barcelona had minutes left and had scored before half-time but were able to score a goal at the end.",A Russian plane was accused of flying aggressively close to an American plane,"Juventus are proving that experience is an important factor in their pursuit of European glory. The Serie A giant was named the second oldest team in the history of the Champions League on Tuesday night. Massimiliano Allegri defeated Monaco 1-0 in the quarter-finals of the first leg. The average age of the starting lineup was 30 years and 64 days. Julio Cesar, Maicon, Lucio, Walter Samuel, Chivu, Zanetti, Stankovic, Sneijder, Cambiasso, Fran, Salat. Average age: 31 years and 331 days. Dida, Otto, Nesta, Maldini, Jankulovsky, Pirlo, Gattuso, Ambrosini, Kaka, Seedorf, Inzaghi. Average age: 31 years to 34 days. Inter Milan's team has an average age of 31 and 331 years old, including players like Julio Cesar Christian Chivu and Esteban Cambiasso. AC Milan, who defeated Liverpool in the Champions League final on May 23, 2007, was also the oldest team in Italy to win the Champions League, with an average age of 31 years and 34 days.",0.8218190670013428,-0.6427630186080934
"This topic is about winning the match by a few points, and how Barcelona had minutes left and had scored before half-time but were able to score a goal at the end.",Ten former Atlanta public school educators were convicted in a test-cheating scandal,HE might be a prominent group man however zabi alonso concedes he has his sights on some close to home wonder as bayern munich plan for the following period of their bid for the champions leagu. Triumph this season with bayern who face porto in the quarter finals beginning wednesday night at the dragao would make alonso just the subsequent player to win european foootabll top priw with three clubs having held it during hit time at liverpool and real madrid . there is one player who has won three champions leagues .,0.8165708184242249,-0.4893949329853058
"This topic is about Manchester United's manager, Premier League, the striker for the team, and Liverpool versus Chelsea.",Only Alastair Cook and Kevin Piertersen have scored more centuries (100) than Bell,"Mr Rodgers, who wore a club-colored red tie, became Liverpool FC's manager in the summer of 2012, after leading Swansea City to the Premier League. The 31-year-old looked stunning in black, complete with stiletto heels, as she stepped out. As a result of the move, he became one of the most well-known individuals in football. Reading Football Club is a football club in the United Kingdom.",0.6623207926750183,-0.5083696842193604
"This topic is about having kids, becoming a mother, giving birth, children and their parents, and families with children when a baby is born.",Scientists have checked on the matter,"On Wednesday, a girl praised Michelle Obama, and almost every elderly woman likes to listen. In the White House's annual ""Bring Our Daughter and Son to Work Day"" Q&A session, a little girl named Anya Brody asked Michelle Obama's age. Give me a hug: Michelle Obama was very flattered at the compliment of Anya Brody, and she invited her on stage to give him a big hug. Children of the White House staff, children of the Boys and Girls Club, and some children of the Washington Department of Children and Family Services participated in the event.",0.7948126792907715,0.690649151802063
"This topic is about a bomb explosion attack, people killed in a bombing attack, or injured in the blast, an explosion caused by a bomb, people behind the attack, a car bombing killing and wounding people.",Larry Reid was arrested and charged with with driving drunk and hitting a police officer,Wiretaps showed that there were some members of the terrorist cell who were connected with al Qaeda leader. Some of them were involved in Pakistani market bombing in 2009. Some suspects were having weapon as well huge cash also.,0.3053208291530609,0.12324043363332748
"This topic is about a football league having a world championship where each team‚Äôs fans are gathered to watch the end of this season‚Äôs games culminating in a tournament, to see their favorite football player.",Britain uses primarily fossil fuels as a source of energy,"A famous football player named Ben Hiscox who used to work in an Insurance company died in a tragic accident. According to reports , he slid off the pitch while tackling an opponent during the game and go smashed to the building wall. He had been playing for Stoke Gifford United since he was a teenager. His teammate went on to secure a victory of 4-1 in that game but they were saddened after hearing the news of his death. Around 100 people gathered in the ground to pay him tribute.",-0.3239279091358186,0.5628077983856201
"This topic is about a person found guilty in the trial before a judicial panel, opening a criminal trial against him, a person potentially facing jail time,  receiving a fine, and a suspended prison sentence.","A 41 year old British man, accused or urinating into an ice machine at the Hard Rock Hotel in Orlando, was arrested and charged of the crime on Tuesday morning","The fiery crash that brought down a Concorde supersonic jet in 2000, killing 113 people, was caused partially by the criminal negligence of Continental Airlines and a mechanic who works for the company, a French court ruled Monday.Continental Airlines was fined 202,000 euros ($268,400) and ordered to pay 1 million euros to Air France, which operated the doomed flight.Mechanic John Taylor received a fine of 2,000 euros ($2,656) and a 15-month suspended prison sentence for involuntary manslaughter.The aircraft manufacturer EADS was also found partly responsible for the crash and ordered to pay 30% of damages to victims involved in the case.Air France has already paid an unspecified sum in damages to the families of most of the victims of the only crash ever of a Concorde.",0.8190606832504272,0.47056064009666443
"This topic is about having kids, becoming a mother, giving birth, children and their parents, and families with children when a baby is born.",A husband and soldier cooked his wife enough food to last a year before returning to his regiment in Tibet,"Families with children will have to expect to pay more than the minimum wage for a babysitter. This will make it impossible if the parents only make minimum wage to hire a babysitter. Having kids is getting very expensive, it cost on average $16.65 per hour to hire someone to watch your child. Over half of families with children have said they have hired a babysitter without running a background check.",-0.09515016525983822,-0.6174660921096802
"This topic is about flooding, dry lake, bridge, high levels of water in the river, and a flooded river.",Gabriella Osborne payed for her pricey wedding and luxury honeymoon using credit cards,A lake that had been converted into a fish farm in 1996 became polluted and killed thousands of fish. The lake had become contaminated with ammonia. The lake had to be cleared of fish so the chemical balance of the lake could be restored.,0.08486764132976532,-0.09139423817396164
"This topic is about the country's president, ruler of the country, President Barack Obama, the White House press conference, the Bush administration, and the former Republican president.",Only Alastair Cook and Kevin Piertersen have scored more centuries (100) than Bell,The president Barack Obama said in a statement after that the vote that 'America will be better off' having Lynch as its next top cop. The former U.S. President George W. Bush is Republican and a former co-owner of the Rangers. Many republicans do not support Lynch.,0.42125236988067627,-0.5752879977226257
"This topic is about a person found guilty in the trial before a judicial panel, opening a criminal trial against him, a person potentially facing jail time,  receiving a fine, and a suspended prison sentence.","The Real Madrid reserve boss, Zidane praised Eden Hazard in a statement that is sure to agitate Stamford Bridge","Mahmoud Al Farekh, 29, is accused of plotting to fight against American citizens abroad. If he is convicted, he will face a maximum sentence of 15 years in prison. He is not the only person to be accused and tried for similar crimes, Najibullah Zazi, Zarein Ahmedzay and Adis Medunjanin have all been tried as well. Of those three, Zazi and Ahmedzay have pled guilty and are awaiting sentencing, and Medunjanin was convicted and sentenced to life in prison.",0.7846004366874695,-0.27045738697052
"This topic is about a derby football match, in which the ball hit the post; according to the Arsenal football team‚Äôs former manager, they could have snatched victory, but the ball hit the post.",Lakenya Hall of Kenner who is 35 years old had been arrested by police for she drove 6 kids to a fight where one was shot,"Arsene Wenger fears that Alexis Sanchez is losing steam and may be looking for the right moment to give the Chilean striker a well-deserved £32m escape. However, Wenger admits that games are too important to miss his 19-goal ace. Despite the start of the season, the former Barcelona striker has scored only once in his last 11 games. - I'm struggling to take a break from him at some point. Sanchez in action during Arsenal's fall from the Champions League despite a 2-0 victory over Monaco. Sanchez and his teammates are gearing up for Saturday's Premier League clash with Newcastle",0.7806185483932495,0.2671580910682678
"This topic is about a derby football match, in which the ball hit the post; according to the Arsenal football team‚Äôs former manager, they could have snatched victory, but the ball hit the post.",The Dallas Cowboys agreed on a one year deal with Greg Hardy,Olivier Giroud who is one of the members of Arsenal football team shares his experience he had with Derby football match. His main motive is to win the trophy in all matches he play. The team's formal manager has stated that Olivier Giroud gets uncomfortable when he is criticized about his hair style. He gets sick easily when people comment on his appearance. the team could have snatched the victory but players are disturbed when they are commented about their physical appearance.,0.8310946226119995,0.3314366042613983
"This topic is about Manchester United's manager, Premier League, the striker for the team, and Liverpool versus Chelsea.",The US Men's Clay Court Championship is taking place in Houston,"Manchester United's humiliation of City continued their outstanding record. Louis van Gaal's team sit top of the pile with an average of two points per game. Sportsmail's alternative table shows every club's total points gained against the current top seven teams - Chelsea, United, City, Liverpool, Arsenal, Tottenham Hotspur and Southampton.",0.8644312620162964,-0.41140490770339977
"This topic is about a person arrested and charged, authorities allegations, an investigation, being accused of a crime, being under arrest on one charge, and being under investigation.",The ISIS militants have become a nightmare to the people of Palestine,There's an investigation going on at a hospital about a man who posed to be a female nurse for six weeks.The same man was being charged for fraud as well.The investigators are still looking into how the man had slipped through the screening process as well.,0.755317211151123,-0.2036706805229188
"This topic is about a football league having a world championship where each team‚Äôs fans are gathered to watch the end of this season‚Äôs games culminating in a tournament, to see their favorite football player.",Police has arrested John Truong's sister Alyssa Chang after she kidnapped a 2 year old Ronnie Tran and her mother,"Sunderland are currently just one point above the relegation in the league. They did however win their last match against Newcastle in the Tyne-Wear Derby 1-0. Their player Adam Johnson will miss their game at Arsenal on May 20th as he is in court to answer for three charges related to sexual activity with a child. Sunderland will play games against Stoke, Southampton, Everton, Leicester, Arsenal and Chelsea in May.",-0.7099558115005494,-0.18654268980026245
"This topic is about online internet users, using an iPhone app to surf the internet, computer devices, data plans, and people checking a website on different devices.",A Barcelona newspaper picked Luis Enrique as top manager in history after 50 games,"The internet and telephone calls are now connected. Thanks to new technology, people can now use the internet to make a call when Wi-Fi is unavailable. This will apparently increase the number of potential phone calls.",0.9400430917739868,-0.017112256959080585
"This topic is about people infected with the virus, identifying new cases, the outbreak of measles, public health, new strain of flu, and infected cases.",Progressive women's groups have chosen Tuesday as their fictitious Equal Pay Day,22 people were infected but no new cases. Taking locally brewed alcohol may be the cause. WHO wants to test the samples of blood etc.,0.4973040819168091,-0.35201746225357056
"This topic is about a final match to determine which team will win the final round, winning the title to become this year‚Äôs champion.",Hillary boarded the plain just like anyone else,Alexander Kristoff of Katusha won the Scheldeprijs on Wednesday. There were only 14 riders that contested the sprint after a crash in the final kilometre. Italian Elia Viviani was in position ahead of the sprint finish but was involved in the incident and did not finish.,-0.010883482173085213,0.5599159002304077
"This topic is about a person arrested and charged, authorities allegations, an investigation, being accused of a crime, being under arrest on one charge, and being under investigation.",The famous football club Arsenal ended their trophy drought by winning the FA cup last season,"The Dallas Mavericks NBA player's former business manager, Ted Kritza, was charged with stealing $2 million from Richard Jefferson's bank credit line without permission. The NBA player, Richard Jefferson, helped the FBI with their investigation by recording a phone call where Kritza confessed. According to TMZ, the recording is now in the FBI's hands and Richard Jefferson is being sued by the bank for some of the $2 million.",0.6092914342880249,-0.09257099032402039
This topic is about military forces and troops in an ongoing war making up the defensive army.,A Russian plane was accused of flying aggressively close to an American plane,"At the end of his military career, Prince Harry of Britain will travel to Australia for four weeks with other members of the local Army. He will stay there along different locations like Sydney, Perth while fulfilling his duties. He will be known as a Captain there rather than as a Prince. He will be undertaking various difficult tasks there like patrolling the bushes and fire and air exercises. He will also be tending to the requirements of the wounded and ill soldiers.",0.726452648639679,-0.5410935878753662
"This topic is about Ukraine and Russia, calling to fight for Ukraine, euro countries, Russian officials gathering in Moscow, Vladimir Putin, a citizen of the eastern European country, and a bloc of nations within the European Union.",Bedene is ranked 83rd in the world,President of the Czech Republic Milos Zeman decided to attend a parade in Moscow dedicated to the 70th anniversary of the end of the war. The US ambassador criticized this decision because of the Kremlin's position on Ukraine. The Czech government also did not support the decision to travel to Moscow amid the crisis with Ukraine.,0.5792142748832703,0.6475603580474854
"This topic is about winning the match by a few points, and how Barcelona had minutes left and had scored before half-time but were able to score a goal at the end.",The aircraft was flying in a northern direction,"Ben Flower was able to step in on Thursdays match after a sit out of six months. Warrington was 10 points shy in their loss to the Wigan Warriors' who won, 30-20. No doubt, Flower helped seal a win for his team, though he made it clear he was regretful of his actions in the Grand Final which cost him his leave.",0.3562247157096863,-0.43734076619148265
"This topic is about winter temperatures as opposed to hot weather conditions, cold mornings, and weather forecasts like snow being expected later.",Majority of Americans are in the middle class on the economic front,"There is a chance of a snow shower on Monday with very low temperatures. On Tuesday there is less chance of snow, but even lower temperatures. This is the first major snowfall for the Southern New Wales area of the year.",0.36514535546302795,0.0034032249823212624
"This topic is about having kids, becoming a mother, giving birth, children and their parents, and families with children when a baby is born.",ISIS claimed responsibility for the attack on the armored car and the car bomb,"The calf's father was removed from their tank in anticipation of the birth. Funani was born in Toledo zoo in Ohio. she has given birth to 11 calves since 1989. the two spent time at the edge of the water too, where the child nuzzled its mother.",-0.2398197501897812,0.5626002550125122
"This topic is about a rise of taxes benefitting average people, with increased benefits despite their expenses due to a budget increase and decreased consumer goods rates.",Fans of the Football Association's League Two match between Stevenage and Dagenham saw an unusual injury during that day,"After being named Britain's most expensive seaside resort town, prices in Salcombe have continued to skyrocket. They've increased 10 percent in twelve months, with no end in sight. Hotel rooms are boosted in price, too, averaging 425 pounds a night.",0.7722643613815308,-0.14531245827674877
"This topic is about winning the match by a few points, and how Barcelona had minutes left and had scored before half-time but were able to score a goal at the end.","US President, Barack Obama and his Iranian counterpart Hassan Rouhani should make serious concessions if they are really interested in taking the nuclear deal talks forward",Wow i can say that again (lol). The answer to summary two lies in the question. Again I think the article was hard to follow and was poorly written .,0.2613306939601898,0.4952055811882019
"This topic is about Manchester United's manager, Premier League, the striker for the team, and Liverpool versus Chelsea.","Chua has pleaded not guilty to 36 charges in all, including three alleged murders, one count of grievous bodily harm with intent, 23 counts of attempted grievous bodily harm with intent, eight counts of attempting to cause a poison to be administered and one count of administering a poison",The Manchester United's assistant manager and Rhodi Giggs shared gossip about Ryan Gigg's affair. Rhodi played non-league football. Ryan is the most decorated footballer in British history.,0.31850695610046387,0.48225387930870056
"This topic is about a person arrested and charged, authorities allegations, an investigation, being accused of a crime, being under arrest on one charge, and being under investigation.","Arabtrust e a Federation of Dundee United Supporters Clubs dizem que est£o ""chocados"" que 25 por cento dos £ 6,3 milhµes em taxas de transferncia de Ryan Gauld, Andrew Robertson, Stuart Armstrong e Gary Mackay-Steven foram pagos em comiss£o a partidos n£o identificados","The rogue broker who faces charges of manipulating the stock market and helping to trigger a trillion-dollar Wall Street crash will remain in prison over the weekend after failing to pay his £5 million bail.
 Navinder Singh Sarao, 37, faces extradition and is wanted by US prosecutors after allegedly causing the Wall Street 'flash crash' in 2010 and earning more than £26 million using a fraudulent trading technique.
 Sarao (pictured in court) spent a third night in custody last night after failing to pay the £5 million bail demanded by the courts to grant him bail.
 Under bail conditions, he will be tagged and handed over his passport and will be expected to live in the family's home - keeping the curfew between 11pm and 4am at that address.
 Despite his supposed wealth, he would travel to work late so he could buy tickets during off-peak hours, would only eat lunch if he could find cheap sandwiches and avoided drinking in pubs for mugs of milk at his table.",0.8460959792137144,0.66840660572052
"This topic is about a person arrested and charged, authorities allegations, an investigation, being accused of a crime, being under arrest on one charge, and being under investigation.",Some parents are willing to earn less if it means paying less child support,"A 15 year old boy stabbed a man after he accidently spilled coffee on him. The man died hours later in the hospital. Another, 22 year old man assaulted the victim.",0.6495604515075684,0.27345556020736694
"This topic is about winning the match by a few points, and how Barcelona had minutes left and had scored before half-time but were able to score a goal at the end.",Lee was found guilty at Lincoln County Court,"Charlie Adams scored a goal at Stamford Bridge, which proved to be the best goal of his career. His wonder goal was scored before half-time, even though Chelsea went ahead to win the match. Adams and his teammates aim to win at West Ham, knowing that winning the match by a few points will boost their chances of finishing higher on the table.",0.8333745598793032,-0.46756184101104736
This topic is about military forces and troops in an ongoing war making up the defensive army.,The International Monetary Fund predicts the UK economy will grow by 2,An army recruiter used his position to rape and molest 11 young women. These young women were interested in joining the military service. He may have felt that his past service record permitted him to perform these acts on potentially new military troops.,0.4954985976219177,0.9377251863479616
"This topic is about civil law, marriage, federal law, legal actions, state law, petition, and law for married couples.",Richard Jefferson started playing for the NFL in 2001,"A Russian TV channel presented the first video of Hillary Clinton's campaign with a rating meaning it's for adult audiences, for fear it might run afoul of the country's anti-gay propaganda law.
 The channel told CNN that it did not want to break the controversial law, which is against ""propaganda of non-traditional sex around minors"" and prohibits public discussion of gay rights and relationships within the reach of children's voices.
 Fearing breaking the law - especially given the heightened attention of supervisory authorities to TV Rain - we decided to put a marker (on the video).""
 The former senator and first lady showed their support for same-sex marriage in early 2013, saying that ""gay rights are human rights and human rights are gay rights.""",0.5369493961334229,0.3690725266933441
"This topic is about a football league having a world championship where each team‚Äôs fans are gathered to watch the end of this season‚Äôs games culminating in a tournament, to see their favorite football player.",ISIS claimed responsibility for the attack on the armored car and the car bomb,"TV season is winding down, which means that finales are starting. There are five shows prasied by critics viewers might want to catch the finales for: ""The Americans,"" ""Fresh Off the Boat,"" ""Vikings,"" ""Scorpion,"" and ""Broadchurch."" The Academy of Country Music will also have an awards ceremony at 8pm ET on Sunday on CBS, hosted by Luke Bryan and Blake Shelton.",0.1090504601597786,-0.02617741748690605
"This topic is about having kids, becoming a mother, giving birth, children and their parents, and families with children when a baby is born.",Senate Majority Leader Mitch McConnell is currently unable to get bipartisan support to pass a bill against child trafficking,"Lakenya Hall, a 35 years old female from Kenner is the mother of 2 kids. Both her kids are boys aged 15 and 11. They were involved in a fight at a bus stop post which the mother drove all kids including her sons to a residence outside New Orleans for a fight.",-0.5228925943374634,0.07088383287191391
"This topic is about Manchester United's manager, Premier League, the striker for the team, and Liverpool versus Chelsea.",A person was arrested and charged with terror offences,"Manchester City heads into the Champions League game against Barcelona on Wednesday night, knowing they need the win to qualify
 So it may worry them to know that beating Barcelona is something their coach, Manuel Pellegrini, hasn't achieved since 2008. Pellegrini has managed three winless clubs against Bara, losing all his games so far as City coach to equalize his record at Real Madrid, and managing only one draw at the top of Malaga. Manchester City coach Manuel Pellegrini has lost 12 of his last 13 games against Barcelona. The last time Pellegrini beat Barcelona in 2008, Yaya Tour was playing for the Spanish club.
 In fact, you have to go back to March 2008, more than eight years ago, to find Pellegrini's last victory over Barcelona, on a day when his star Yaya Tour was lining up for the Nou Camp team. As boss of Villarreal, Pellegrini has won four victories against Bara, while drawing three times and losing the remaining five of his twelve games. Pellegrini has lost all three of his matches against Bara as Manchester City coach. VIDEO Pellegrini challenges the city's future.",0.27245691418647766,-0.2142701894044876
"This topic is about the disease spreading through close contact, cases of illness or elevated levels of bacteria, and symptoms of the disease such as fever, chills, muscle aches and headaches.",Everyone was believe the private education is the best way to achieve our goals here the Parents Craig and Bonnie Morgan want their children to have the best possible start in life,"The husky is suffering from Mange, a disease that is most likely to be spread to it through close contact with other dogs or maybe animals generally. The symptoms of Mange are muscle aches, fever, chills and headaches. There is a rapid elevated levels of the bacterial spread, which caused a secondary skin infection.",0.9397302269935608,0.0688326507806778
"This topic is about the world cup football championship, Brazil qualifying for the finals, Messi talking about Ronaldo, world champions defending their title, the Nations Cup, the best group of players, real madrid, and a competition for the cup.","A 28-year-old Newport County football striker, Chris Zebroski was jailed for four years and four months for robbery, attempted robbery and assault","During a 9-1 win over Granada in the Spanish capital, goalkeeper for Real Madrid Iker Casillas comforted a young fan who was hit by a wayward shot. Real Madrid piled pressure on league leaders Barcelona after easing to a 9-1 victory against relegation candidates Granada. Real Madrid's front three all got on the scoresheet: Cristiano Ronaldo scored five and Karim Benzema netted a brace after Gareth Bale's opener. ",0.30188843607902527,-0.3615730404853822
"This topic is about a person arrested and charged, authorities allegations, an investigation, being accused of a crime, being under arrest on one charge, and being under investigation.",COVID 19 it is a dangerous virus now spread over all the world,"On March 11 the police arrested former AFL player Ben Cousins after he allegedly lead police on a low speed chase from Bicton to Mosman Park. He was then charged with three counts; reckless driving, failing to stop and refusing a breath test. It was not the first time an AFL star showed a bad behavior, one time he breached SAS security at Swanbourne, the other time he climbed to the roof, but he was never arrested for any of these offences.",-0.06705707311630238,0.018228422850370407
"This topic is about family and friends, and a husband and wife, the couple‚Äôs daughter has two brothers.",A young mother and her children were reported missing and then later found dead,"Larry passed away and his family took care of his obituary. They wrote of his life as well as some ""last wishes"" he would have liked. It seems like Larry had a good and close relationship with his wife and kids.",0.7731819152832031,-0.41705244779586803
"This topic is about family and friends, and a husband and wife, the couple‚Äôs daughter has two brothers.",Paul walker an actor of movie has fatal death at age of 40,Jericho Scott's memory lives on in his athletic accomplishments. A shrine at the site of where he had been slain is testimony to how beloved he is in his community. Scott was recently shot and killed in a drive-by incident.,-0.06656009703874577,0.40022432804107666
"This topic is about people infected with the virus, identifying new cases, the outbreak of measles, public health, new strain of flu, and infected cases.",David Seaman was a mainstay football player in the English football league affiliated with Arsenal football club,"According to NIH, there was 1 person infected with Ebola while volunteering in Sierra Leone. The patient was admitted to a National Institutes of Health (NIH) hospital in Maryland, where they have been training to handle cases like this virus. This is the second person to admitted to a NIH hospital with Ebola, the first being a nurse who contracted it from a Liberian national; she survived.",0.5748403072357178,-0.5969449281692506
"This topic is about having kids, becoming a mother, giving birth, children and their parents, and families with children when a baby is born.","Baroness Hale, supreme court judge, has suggested changes to divorce between a husband and wife","Social media sites have long been used to lure children by predators for sexual exploiting purposes. For example, a 47-year-old man from Warwick, Austria has physically and sexually abused numerous innocent children by using these social media sites. Consequently, the man has been charged for multiple offences and waiting to be seen in court.",0.8620549440383911,0.5258080959320068
"This topic is about family and friends, and a husband and wife, the couple‚Äôs daughter has two brothers.",The champion game at Madrid gave everyone some concern over injuries,Mrs. Watkins won some money in the Daily Mall's Scrabble competition. She planned on honoring her deceased husband and brother by going on holiday in a village in Holland. She used words that helps spell out feeling she was incurring to win the winnings which is somewhat exuberant. Mrs. Watkins remembers others like her deceased husband and his brother who died in World War II memorialize them.,0.3077259659767151,0.05289548635482788
This topic is about weight loss and following a healthy diet in order to regulate body fat and blood sugar levels and lose a few pounds of weight following a diet.,The Pope is planning to visit Cuba some time this summer,"She think that it is not all about how much she eat but what he eat.
 The last time eat vegetables was 18 years ago when her mother forced her to eat a roast dinner.
 Overeating causes more health problems like having a restricted meal than her on.",0.5772951245307922,0.3498413860797882
"This topic is about how carbon emissions affect global climate change, the Earth‚Äôs surface as well as the atmosphere around the Earth, the temperature of the sun, and global temperatures.",ISIS claimed responsibility for the attack on the armored car and the car bomb,"Global climate change has been revealed using a method used to study heart diseases. The method has shown less atmospheric temperature predictability around Europe. According to a journal published on the Nature Climate change, continued emission of the carbon dioxide which is a greenhouse gas will lead to often heatwaves",0.7508819699287415,-0.37582486867904663
"This topic is about terrorist attacks, islamic terrorism, attacks on the country, terrorist threats, and extremist groups.",President Obama concentrated on getting the clean bill of health act,Abbott's goverment's troubled relationship with the muslim community in Australia has complicated the country's efforts against violent extremism. There are fears that a terrorist attack could happen on home soil. Fighters that return home to Australia after fighting with extremist groups pose a particular threat.,0.9234136939048767,0.17672733962535858
"This topic is about a final match to determine which team will win the final round, winning the title to become this year‚Äôs champion.","Fees and charges frustrate consumers, Renewing a passport costs slightly less but it it still a hefty sum that stands in the way of a foreign holiday","The World's best golfer, Rory McIlroy, is scheduled to compete at the Deutsche Bank Championship in September in which he plans on winning the title at the final match. McIlroy made a deal with One Direction's Niall Horan to perform on stage prior to this Championship. No one is certain that McIlroy has the voice to perform on stage moreover, Horan may be this year's champion after all. Golfing and pop music are polar opposites yet I think it's clear who won the final round.",0.46075743436813354,-0.03709523007273685
"This topic is about pop songs, music fans rejoice, a singer and songwriter, the first track on the new album, doing a sound check, and singing along with a prerecorded track.",lslamic terrorist group Al-Qaeda plotted to attack a military base or correctional facility,"Sidonie, a well-known band from Catalonia, created a somewhat ironic song during a recent Ryanair flight to Santiago de Compostela in northern Spain.
  Explaining the motivation behind their hilarious video, the band wrote online: 'After repeatedly receiving the usual lack of respect shown by flight attendants on the Ryanair route to Santiago, we were moved to compose and perform a song dedicated to them. and his irritable air CIA.Abanda also posted the video on Facebook, adding that the song was dedicated to the 'irritable airline'.",0.7565890550613403,0.4826107621192932
"This topic is about family and friends, and a husband and wife, the couple‚Äôs daughter has two brothers.",000 iOS apps are vulnerable to a flaw in AFNetworking's connectivity software,"Speculation around the birth of royal baby, potentially a girl. First Princess born in 182 years. Some names include traditional girl names.",0.6103419065475464,-0.534336566925049
"This topic is about a final match to determine which team will win the final round, winning the title to become this year‚Äôs champion.","Olivier Giroud has scored 10 goals in his last 10 matches for Arsenal! Burnley has let in 10 goals in their last four matches against Arsenal, whose offensive strategies have been successful",Aljaz Bedene has lived in the United Kingdome for seven years and is now a citizen. He won his first match as a citizen when he won the opening round for the Casablanca Open. He claimed a 6-3 6-2 victory over the French Player.,0.410913348197937,0.6617305278778076
This topic is about military forces and troops in an ongoing war making up the defensive army.,"A priest is under investigation after he stopped his sermon mid-sentence to shame an elderly, sick woman for rustling her prayer sheet","President Barack Obama declined to mention whether the United States would provide Apache helicopters, drones, and arms to Baghdad to help with the fight against ISIS. He cited supporting Iraqi security forces, but specific information about military aid for Baghdad was not shared. In August, Obama authorized air strikes on Iraq and has deployed about 3000 military forces to advise Iraqi and Kurdish forces against Islamic State.",0.38218700885772705,0.693544864654541
"This topic is about a person arrested and charged, authorities allegations, an investigation, being accused of a crime, being under arrest on one charge, and being under investigation.",Arsene Wenger is stubborn with his lousy record against Jos Mourinho will have no influence in Arsenal's clash with Chelsea at the Emirates Stadium on Sunday,Giampietro Manenti was one of 22 people arrested in connection to investing illicit money. An investigation has been launched for financial irregularities. Manenti's arrest was for alleged money laundering.,0.8730685710906985,-0.09153747558593761
"This topic is about a new series based off action films, for which viewers of the film watch for the bonds between the characters.",The aircraft was flying in a northern direction,"Suzanne Crough, the child actress who played in the '70s musical sitcom ""The Partridge Family"", passed away. The show ""The Partridge Family"" aired from 1970 to 1974. The show featured a widowed mom, played by Shirley Jones, and her children, David Cassidy, Susan Dey, Danny Bonaduce, Brian Forster, and Tracy. Tracy played tambourine and percussion in the traveling band. She also stared in a few other shows and TV series.",0.23263421654701233,-0.6043312549591067
"This topic is about Formula 1 racing, the Grand Prix on the race track, Hamilton‚Äôs team and the Ferrari team, and collisions during a race.",Europe is amidst a political and monetary emergency that takes steps to disentangle many years of european joining and wreck the world's recuperation from the incredible downturn/ To comprehend this emergency we should think about two nations/ Country A will be a little country with a long history of tax avoidance goverm=nment obligation defaults and a useless business and administrative enviroment,Lewis Hamilton is still the richest sportsman in Britain. Hamilton has won three of the first four Formula One races this season. He is set to sign a new contract with Mercedes.,0.8189542293548584,0.24294620752334595
"This topic is about a football league having a world championship where each team‚Äôs fans are gathered to watch the end of this season‚Äôs games culminating in a tournament, to see their favorite football player.",Gabriella Osborne payed for her pricey wedding and luxury honeymoon using credit cards,"Mr.Jones has demanded for Manchester United to increase their winning performance status against Manchester soon, within a short time. Repeated winning performances keep the fans rooting. The momentum could quickly take the winners with more anticipated fan support to the derby for the world championship tournament..",0.29115408658981323,0.2745111882686615
"This topic is about Manchester United's manager, Premier League, the striker for the team, and Liverpool versus Chelsea.",Lee went to court and it was not for appeal,"Arsene Wenger is stubborn with his lousy record against Jos Mourinho will have no influence in Arsenal's clash with Chelsea at the Emirates Stadium on Sunday. But Arsenal's coach said the shared past between the two coaches on the sideline at the start of 4pm on Sunday will be irrelevant as the top two Barclays Premier League teams face off. What's interesting to people is that when the game starts at 4pm, we have a great game. Wenger said that mathematically it will be possible, but Chelsea have their future and the championship about domination. Sunday's game marks the return of former Arsenal midfielder Cesc Fabregas, who will wear Chelsea blue in the Emirates for the first time.",0.6748455166816711,-0.2904008626937866
"This topic is about visiting the pope, roman catholic church, archbishop, and ceremonial meeting for peace.","A strong solar storm generated a fantastic display of light in the night sky over parts of the United States, Europe, Australia and New Zealand on Wednesday morning, and could be seen by those who had the privilege of being awake at dawn","While Putin is gathering eastern bloc leaders to gather support for his invasion of Ukraine, the Pope is having a ceremonial for peace. King Jong Un will be visiting Putin for the first time outside his country. While Putin celebrates war the Pope celebrates peace.",0.7315480709075928,-0.30472201108932495
"This topic is about the disease spreading through close contact, cases of illness or elevated levels of bacteria, and symptoms of the disease such as fever, chills, muscle aches and headaches.",Darren Cole is a Football midfielder,"Measles is a highly contagious infectious disease which spreads from one person to the next through the coughs and sneezes of infected person. When the virus that causes measles is on air or on surfaces it remains there for up to two hours. Symptoms include fever, cough, runny nose, inflamed eyes and rash. Common health complications, include pneumonia and encephalitis.",0.9421751499176023,0.6602456569671631
"This topic is about a rise of taxes benefitting average people, with increased benefits despite their expenses due to a budget increase and decreased consumer goods rates.","President Barack Obama declined to mention whether the United States would provide Apache helicopters, drones, and arms to Baghdad to help with the fight against ISIS",The article talked about how the market rate for home buyers have gone down. The decrease rates have home buyers buying homes has increased. With market rates at a all time low this increased the benefits for the housing market sky rocket for the British housing market.,-0.760046422481537,0.9564942717552185
"This topic is about a football league having a world championship where each team‚Äôs fans are gathered to watch the end of this season‚Äôs games culminating in a tournament, to see their favorite football player.",British home ownership is hindering economic growth due to very high debt rates,"Football player Francis Coquelin was recognized for his fine play for Arsenal. Coquelin has played very well in this season's games in the highest football league in England. Arsenal's fans must be thrilled with Coquelin's play, as are manager Arsene Wegner and former striker Thierry Henry.",0.5530756115913391,-0.33445098996162415
"This topic is about a football league having a world championship where each team‚Äôs fans are gathered to watch the end of this season‚Äôs games culminating in a tournament, to see their favorite football player.",Sir Bradley Wiggins will bid for cycling's hour record on June 7 at London's Olympics Velodrome,"A 20-year-old Indian cricketer, Ankit Keshri, died of cardiac arrest following a collision with a team-mate during a match in Kolkata. Keshri was seen as a promising player by many in the Indian cricket world who commemorated him. Keshri served as captain of the Bengal Under-19 team and was short-listed for the 2014 Colts World Cup.",0.08480376750230789,0.15647932887077332
"This topic is about family and friends, and a husband and wife, the couple‚Äôs daughter has two brothers.","There were passengers on this plane that included 16 teens, 2 babies and 6 crews members","Lionel Messi and his wife are set to have another child . His other son is named Thiago. Messi has the name Benjamin picked out for his new son. He and his friend, Sergio Aguero, have both agreed to name their sons Benjamin.",0.3889225721359253,0.2812809348106384
"This topic is about a person arrested and charged, authorities allegations, an investigation, being accused of a crime, being under arrest on one charge, and being under investigation.","The text is rather legislative, related to the judicial system and it's practises","Trevor David Jones was arrested for releasing 26,000 liters of wine from their barrels. He faced the courts being accused of criminal trespass and property damage. It is alleged that the wine was worth over 300,000 dollars.",0.8891614675521848,0.3172566294670105
"This topic is about family and friends, and a husband and wife, the couple‚Äôs daughter has two brothers.","the matrimonial laws in India, including laws on marriage, divorce and ","Genealogists made an error when compiling Hillary Clinton's family tree. While she thought her ancestry was British, her family is linked to a poor Welsh mining family. Her great-grandmother was born in the Welsh Valleys.",0.4954701066017151,0.5548944473266602
"This topic is about market prices and market sales, companies reducing costs, price tags dramatically undercut the major supermarkets, increased sales in the current market, determining a price point for a product, and product sales.",Former High School teacher has took a plea deal and pleaded guilty accepting a lengthy sentence in exchange for 11 accounts to be dropped against her,"IT HAS BEEN ON THE MARKET FOR 730 DAYS AND WAS INITIALLY LISTED FOR $2 MILLION.NOW THE ASKING PRICE IS $995,000 AFTER A 50 PER CENT REDUCTION 118 QUEEN STREET,OBERON,NSW.ITS HAS BEEN ON THE MARKET FOR 800 DAYS AND WAS INITLLY LISTED FOR $299,000.NOW THE ASKING PRICE IS $149,000 AFTER A 50 PER CENT REDUCTION.6 GATUMBGA STREET,MYORA,DUNWICG,QUEENSLAND.",0.9511384963989256,0.5122952461242676
"This topic is about the senate and congress, congressional pressure, calling one's representative's office, informing a Senate committee, lawmakers setting the record straight, the staffer to the Democratic senator, and federal employee benefits.","Paul Parker's passport was listed for £5,000 on eBay",The senate and congress are being irrational. They have delayed the attorney general nomination. I believe the nomination has been delayed based off of race.,0.47861596941947937,-0.18728122115135204
"This topic is about a football league having a world championship where each team‚Äôs fans are gathered to watch the end of this season‚Äôs games culminating in a tournament, to see their favorite football player.","Lightning, flooding and a deluge of hail fell in St","The Everton Club suffered a serious loss the other day. Former chairman Sir Philip Carter has passed away. He was also President of the Football League and Vice President of the Football Association. But it was in Everton that he became famous. For his services, he was named President of Everton for life.",-0.4003881812095642,0.50753253698349
"This topic is about the senate and congress, congressional pressure, calling one's representative's office, informing a Senate committee, lawmakers setting the record straight, the staffer to the Democratic senator, and federal employee benefits.","Paul Parker's old passport was listed on eBay for £5,000","With newly returned lawmakers scheduled for tomorrow to receive the first in a series of votes defining the perimeters for a deal, the White House has said government officials will hold secret meetings with members of Congress in order to 'help' them understand 'the commitments made by Iran. This week, government officials, including Moniz, are holding confidential briefings with members of Congress in order to 'help' them understand 'the commitments Iran has made so far, and how those commitments that we hope will be finalized in the next two months'. After a reporter asked him about McCarthy's claim that he was close to getting a veto-proof majority in support of the bill in the House, Earnest said, 'It's your responsibility to count the votes,' then replied, 'I don't think so that nobody battin '1000 when it comes to counting votes up there.'",0.8143240213394167,0.38197728991508484
"This topic is about the presidential campaign, the presidential candidate, a state governor, joining a presidential campaign, and a huge impact on political campaigns.","A young Formula 4 racecar driver in Brandenburg, east Germany had a car accident",In the Presidential election democrats will choose a new leader who walks through the ethical path. Usually democrats prepare for what could well be the start of the Schumer era on Capitol hill. Schumer may become the leader of our nation due to his own political skills and ability.,0.5862735509872437,-0.1772063970565796
"This topic is about online internet users, using an iPhone app to surf the internet, computer devices, data plans, and people checking a website on different devices.",The Heroic Fire Department and Ceda Fire Department fought a brush fire in Mexico City,"Eleven channels associated with the universal French-language television network TV5Monde stayed open on Wednesday night due to an ""extremely aggressive cyberattack,"" as the network's director said.
 In addition to its 11 channels, TV5Monde also temporarily lost control of its social networks and websites, director Yves Bigot said in a video message later posted on Facebook.
 According to the French Ministry of Culture and Communications, TV5Monde provides 24-hour entertainment, news and cultural programming in French that reaches 260 million homes worldwide.",0.8825098872184751,0.23466119170188904
"This topic is about a group composed of militants, fighters joining forces, ongoing violence in the capital, people dead across the country, militants armed with grenades, and a border town.","The Dengue fever outbreak has affected many people in Brazil, especially football players who were getting ready for World championship tournament","A journalist was injured after stepping on a land mine in Ukraine following a night of heavy fighting between Russian-backed rebels and Kiev government forces, which has been ongoing for the past year. The death toll of the conflict has risen to more than 6,000 lives, including six troops and 12 wounded in a 24-hour period on the Ukrainian side while rebels had one fighter dead and five wounded in overnight clashes. Alongside landmines, the militants have used heavy shelling.",0.9414936900138855,0.3540536165237427
"This topic is about credit, receiving funds, paying money using a credit card, and spending money.",An Islamic terrorist group in Kenya is targeting western style schools,Some parents are willing to earn less if it means paying less child support. This legal increase in payment has been difficult for some of the parents who are now expected to pay more. It is recommended that parents check to ensure that they are paying only as much as their income warrants.,0.597500205039978,-0.39101898670196544
"This topic is about a group composed of militants, fighters joining forces, ongoing violence in the capital, people dead across the country, militants armed with grenades, and a border town.",Citizens for Tax Justice reports that at least fifteen Fortune 500 companies paid zero income tax in 2014 even though the average person is paying in more,"Putin was born in Leningrad (now Saint Peters burg) and studied law at Leningrad State University, graduating in 1975. Putin worked as a KGB foreign intelligence officer for 16 years, rising to the rank of Lieutenant Colonel, before resigning in 1991 to begin a political career in Saint Peters burg. He later moved to Moscow in 1996 to join the administration of President Boris Yeltsin. He briefly served as Director of the Federal Security Service and Secretary of the Security Council, before being appointed as prime minister in August 1999. After the resignation of Yeltsin, Putin became acting president, and less than four months later was elected outright to his first term as president and was reelected in 2004.",0.4424895644187927,0.47395825386047363
"This topic is about Manchester United's manager, Premier League, the striker for the team, and Liverpool versus Chelsea.",Spain won the world cup with many Catalonian players on their team,"The manager of Manchester United, the Premier League, the team's striker, Liverpool versus Chelsea. Chelsea and Manchester City are also in the mix. Arsene would have given his team a heads-up on what to expect in this match. 'Don't get me wrong: they have a redeeming quality.' Danny Welbeck has been brought on as a £16 million replacement, which isn't bad. There are now six different types of edgy games from which to choose. We have fewer expectations than the other teams in the area, which allows us to play with more freedom.",0.49820876121520996,0.3784826993942261
"This topic is about Ukraine and Russia, calling to fight for Ukraine, euro countries, Russian officials gathering in Moscow, Vladimir Putin, a citizen of the eastern European country, and a bloc of nations within the European Union.",Czech President Milos Zeman took offense at the criticism of the US ambassador,"A Russian TV channel aired the first video of Hillary Clinton's campaign with a ratings stamp meaning it's for adult audiences, for fear it might conflict with the country's anti-gay propaganda law. Features about five seconds of two men holding hands. One of the men says, ""I'm getting married this summer to someone I really like."" US President Barack Obama‚îformerly Clinton's boss‚îsaid at the time that he considered the legislation aggressive. ""I have no patience for countries that try to treat gay, lesbian or transgender people in ways that intimidate or harm them,"" Obama told Jay Leno in 2013.",0.18444809317588806,0.7964221835136414
"This topic is about the country's president, ruler of the country, President Barack Obama, the White House press conference, the Bush administration, and the former Republican president.",Rene Dee's wife died of a deadly bug,"Nancy Perry, a veteran Georgia middle school teacher, has been removed from the classroom after she gave students her highly critical personal opinion of President Barack Obama. Perry is alleged to have told students that president Obama is a Muslim and that any parent who supports him can't be Christian. She also later argued that Obama is a baby killer due to his views on abortion.",0.8830012083053589,0.47308892011642456
"This topic is about pop songs, music fans rejoice, a singer and songwriter, the first track on the new album, doing a sound check, and singing along with a prerecorded track.","A young Formula 4 racecar driver in Brandenburg, east Germany had a car accident","Adidas has partner with Spotify for music and exercise fans to combine both interests. They now have the technology to match songs to your running pace by estimating beats per minute and playing songs that you like that go with that beat. They also are pairing with Instagram to begin featuring different artists, both popular and upcoming.",0.9557154774665833,-0.010380495339632034
"This topic is about a football league having a world championship where each team‚Äôs fans are gathered to watch the end of this season‚Äôs games culminating in a tournament, to see their favorite football player.",22 people were infected but no new cases,"David Seaman was a mainstay football player in the English football league affiliated with Arsenal football club. Seaman's iconic save against Sheffield United in the FA cup tournament quickly made him the a favorite player for the team's fans. Although Arsenal are in a formidable form in this season's games, Seaman reiterates the team should not underestimate Reading football club.",0.6181154251098633,0.2781045436859131
"This topic is about a group composed of militants, fighters joining forces, ongoing violence in the capital, people dead across the country, militants armed with grenades, and a border town.","The current champions will defend their right to the cup, welcoming the team who secured its way to the final rounds of the championship","bin Hir was prounced dead after a big raid that left a lot of police dead. Lot of attacks been done in towns. Militant joined forces with Jemaah to terrorize government. Lot of bombing attacks been on going ,i dont know what is next after dead of bin hir?",0.21340936422348022,-0.6622158288955691
"This topic is about the disease spreading through close contact, cases of illness or elevated levels of bacteria, and symptoms of the disease such as fever, chills, muscle aches and headaches.",Ireland dominated in the final match of the six nations championship,Family and friends that have close contact will see cases of illness. Some of the symptoms are fever and chills. There has been reports of elevated levels of bacteria.,0.9756306409835815,0.030896902084350586
"This topic is about a person arrested and charged, authorities allegations, an investigation, being accused of a crime, being under arrest on one charge, and being under investigation.","Schock, a 33-year-old Republican who represents Peoria, was already facing scrutiny for using Congressional funds to redecorate his Capitol office in the style of the 'Downton Abbey' TV show","A new prosecutor has dismissed allegations against Argentine President Cristina Fernandez de Kirchner of trying to cover up Iran's involvement in the bombing of the Jewish community center bombing at Buenos Aires in 1994. 
 

 The case was left without a prosecutor after the original one Alberto Nisman was found dead in January, just days after making the accusations.
 

 Nisman had declared that Argentina's government agreed not to go after Iranian suspects in the bombing in exchange for a trade deal.
 

 A judge then dismissed the case, saying that Nisman's allegations did not hold up. 
 

 On Monday, the new prosecutor Javier de Luca announced that after investigating he found that ""there was no crime here, either carried out or attempted"".",0.12004618346691132,-0.12070174515247345
"This topic is about Ukraine and Russia, calling to fight for Ukraine, euro countries, Russian officials gathering in Moscow, Vladimir Putin, a citizen of the eastern European country, and a bloc of nations within the European Union.",Alaska has seen an unseasonably warm winter,Ukraine was a former country of Russia. Russia is said to be assisting separatists in Ukraine to fight against the government. The rebels started agitation in the eastern Ukraine which began in April. The president of Russia is alleged to be helping the activists by supplying arms and ammunition. Ukraine begged US for assistance which would rather increase the cost of Putin's aggressions in Ukraine.,0.9295645952224731,-0.18001124262809765
This topic is about weight loss and following a healthy diet in order to regulate body fat and blood sugar levels and lose a few pounds of weight following a diet.,There is a chance of a snow shower on Monday with very low temperatures,"Le'Veon Bell of the Pittsburgh Steelers was stopped by a police officer for marijuana. He will be missing the first three games of the season for substance abuse, and had received a DUI. LeGarrette Blount will miss the first game after being charged with marijuana possession. ",0.3833680748939514,0.2921012043952942
"This topic is about Ukraine and Russia, calling to fight for Ukraine, euro countries, Russian officials gathering in Moscow, Vladimir Putin, a citizen of the eastern European country, and a bloc of nations within the European Union.",Climate change is causing the Earth to get hotter,"In an interview with Vladimir Putin, the Russian president made it clear Russia wishes to end it's fight with Ukraine. The US and the European Union imposed sanctions on Russia for actions it took against Ukraine. Both Russia and western countries support a peace deal that would bring a ceasefire.",0.9708342552185056,-0.2956969738006592
"This topic is about a person arrested and charged, authorities allegations, an investigation, being accused of a crime, being under arrest on one charge, and being under investigation.",The large amount of Australians fighting in Syria has become a major threat,"At least six men in California and Minnesota were arrested by the FBI on Sunday. A joint terrorism task force investigation into youths who travelled to Syria to join ISIS resulted in three men being arrested in Minneapolis, stopped from boarding a plane to Istanbul at JFK Airport. One man, Hamza Ahmed, 19, has pleaded not guilty to charges of lying to the FBI during an investigation and conspiring to provide material support to ISIS. Four Minnesotans have already been charged for supporting terror groups in Syria.",0.7369842529296875,0.4068847596645355
"This topic is about a person arrested and charged, authorities allegations, an investigation, being accused of a crime, being under arrest on one charge, and being under investigation.",Real Madrid is a great team,"Keonna Thomas of Philadelphia has been charged with ""attempting to provide material support and resources to a designated foreign terrorist organization"", in this case ISIS. She and two others from New York were arrested on unkonwn dates. Thomas is said to have planned to travel to Spain as a diversion before going to Turkey and thence, Syria. The FBI first became interested by social media messages from Thomas which show support for ISIS.",0.9716929197311399,-0.37328046560287476
"This topic is about the world cup football championship, Brazil qualifying for the finals, Messi talking about Ronaldo, world champions defending their title, the Nations Cup, the best group of players, real madrid, and a competition for the cup.",There is prediction of Snow fall in some places,The final four games will be important for the season. The final four games of the season are very important to the team. Costa is one of the best players so it is important that he makes a speedy recovery.,0.5343824028968811,0.5396091938018799
"This topic is about a football league having a world championship where each team‚Äôs fans are gathered to watch the end of this season‚Äôs games culminating in a tournament, to see their favorite football player.","Heavy storms flooded Indianapolis, Cincinnati and Charleston, West Virginia, at noon on Wednesday and forecasters said more severe weather could form in places as far away as the West Texas plains","The NFL is comprised of a number of different football teams. During a season of football, teams are paired up to play a game and the winning team of the majority of games then gets to play in their ""world championship"" game referred to as the Superbowl. Michael Vick, Warren Sapp and Vince Young were all members of individual teams.",0.6504373550415039,0.00044642481952905655
"This topic is about Manchester United's manager, Premier League, the striker for the team, and Liverpool versus Chelsea.",A mother yelled at George Bush while he visited her dying son,"In a competitive game at Swansea, Liverpool and their opponent both saw their strikers making decisive plays. First, Swansea's French striker Gomis went for a daring header, then followed by another shot on goal, this one unsuccessful. After a tough first half, Liverpool came back in the second, with striker Sturridge taking a close shot; these later efforts secured a win for Liverpool.",0.8368560075759888,-0.5078163146972656
"This topic is about a group composed of militants, fighters joining forces, ongoing violence in the capital, people dead across the country, militants armed with grenades, and a border town.",Hector Bellerin is certainly making a name for himself in sports,There are 100 nations fighters are joined a Al Qaeda and Islamic State military.If the IS will lose the war some fighters from IS are scattered in the world. Their main destinations are Iraq and Syria in the country list.,0.7017775177955627,0.10134633630514145
"This topic is about a football league having a world championship where each team‚Äôs fans are gathered to watch the end of this season‚Äôs games culminating in a tournament, to see their favorite football player.",Lionel Messi uses social media ,"The Pittsburgh Steelers ended last season without Le'Veon Bell and will have to start a new one without him as well. He will miss the first three games for substance abuse and be fined a game cheque. Bell had 2,215 all-purpose yards, 11 touchdowns, and made the All-Pro team last season. He will likely be covered by DeAngelo Williams.",-0.0013696181122212492,-0.3793658018112184
"This topic is about eating food at a restaurant, ordering something to drink and serving breakfast, as well as eating chicken, and fruits which are a healthy food.",The strange spreading disease is not contagious,"Denise Fedyszyn, from Holmfirth, West Yorkshire, was an obese mother who did not care much about her health. Eating food at a restaurant was her regular practice and she did not focus on having healthy meals. She will always order something to drink and spend most of her time eating chicken. But one incident changed her life and that happened in a fairground ride. She was insulted for being obese and was left alone before her kids. She strongly had a determination to reduce her weight and become fit. With proper diet plan and exercise schedule she has lost pounds and now she has become perfect and even she runs for charity and has collected £500 for the group.",0.3978899121284485,0.472953200340271
"This topic is about a football league having a world championship where each team‚Äôs fans are gathered to watch the end of this season‚Äôs games culminating in a tournament, to see their favorite football player.","Alix Bussey, 23, died on holiday in Mexico with her boyfriend",Darren Cole is a Football midfielder. He currently plays for Livingstone football club in the championship league currently. The current cup He is playing for His side is the Petrofac Cup.,0.5657963752746582,-0.2796105146408082
"This topic is about a person found guilty in the trial before a judicial panel, opening a criminal trial against him, a person potentially facing jail time,  receiving a fine, and a suspended prison sentence.",Arsenal beat Burnley1-0 at Turf Moor,A man and four others are being accused of murdering a politician. The man confessed but then later retracted that confession. He said the confession was extracted by officials by way of torture. He is still being held in custody along with the four others.,0.7751201391220093,0.19445469975471497
"This topic is about a person arrested and charged, authorities allegations, an investigation, being accused of a crime, being under arrest on one charge, and being under investigation.","The number of international migrants globally reached an estimated 272 million in 2019, an increase of 51 million since 2010",April Emery was charged for child neglect without great bodily harm. She did not seem to care that her daughters were walking around barefoot. Blames both daughters for not waking her up. The State Department of Children and Families had investigated previous allegations of poor child care at her home.,-0.18945884704589844,-0.7350449562072754
"This topic is about Manchester United's manager, Premier League, the striker for the team, and Liverpool versus Chelsea.",The Supreme Court will rule on same-sex marriage on Tuesday,Xabi Alonso is striving to win the Champions League with three different clubs before he retires. He has a 2 year deal under Pep Guardiola. He scored the equalizer for Liverpool against Chelsea in 2012.,0.4606257379055023,0.3059142231941223
"This topic is about online internet users, using an iPhone app to surf the internet, computer devices, data plans, and people checking a website on different devices.",The Manchester United's assistant manager and Rhodi Giggs shared gossip about Ryan Gigg's affair,"After suffering an aggressive cyber attack, which damaged broadcasting and social media accounts, a Global TV network managed to regain control of 11 of its channels on Thursday. TV5Monde television network was slowly regaining control of its channels and social media after suffering what the network's director called an ""extremely strong cyber attack.""
 By dawn on Thursday in Europe, the network had regained use of one of its 11 channels and its Facebook page, Paul Germain, the network's editor-in-chief, told BFMTV, a CNN affiliate in France.",0.6946339011192322,0.518661379814148
"This topic is about Manchester United's manager, Premier League, the striker for the team, and Liverpool versus Chelsea.","The Apple Watch version one does not have an independent internet connection, relying on an iPhone for data",Robert Di Mateo is the United manager. He was hoping that the other team would not be in their best form. What was important to him was that they were organized.,-0.08020994067192078,0.4907790422439575
"This topic is about heir to the throne, Prince William and Prince Harry, the British royal family, the second in line to the throne, and the royal couple.",A women and her family were recently kicked off a plane because of fear that she may need medical attention in mid-flight,Jessica Ennis-Hills will be restarting her atheletic journey after giving birth to her son.She has to compete against her hier to the throne Katarina Johnson-Thompson.She is very excited about her supporters as well.,0.7848380208015442,0.1950012445449829
"This topic is about winter temperatures as opposed to hot weather conditions, cold mornings, and weather forecasts like snow being expected later.",The baby hippo was born yesterday at San Diego,Foggy weather conditions made it difficult to rescue a stranded hiker. Helicopters cannot fly with such low visibility. The weather also blocked out sunlight.,-0.16544908285141002,-0.18783998489379883
"This topic is about Manchester United's manager, Premier League, the striker for the team, and Liverpool versus Chelsea.","It is a question many dieters are asking when they are tweaking their diet for optimal weight loss!The truth is, as long as you don't have any diabetes or other health issues, you are much better off changing your diet according to your blood sugar levels","Garry Monk believes a strong finish will put a different slant on Everton's season. Everton and Swansea are both extremely competitive, although Swansea has never lost to Everton while competing. Bafetimbi Gomis and Ki Sung-Yueng both scored respectively during their matches.",-0.006352062337100617,-0.07632724940776825
"This topic is about the presidential campaign, the presidential candidate, a state governor, joining a presidential campaign, and a huge impact on political campaigns.",The FDA has created new guidelines limiting what can be on a products label,"Hillary Clinton, former secretary of State, shares her joy of becoming grand mother in her new epilogue. This glad incident happened just few days after she announced herself as presidential candidate as she was planning to run the presidential campaign. The birth of her grand daughter has given her a new dimension to see the politics and has given new ideas to develop the state after becoming the state governor. Hillary feels that giving more values to your family will have huge impact on political campaigns and can help in improvising state functioning for betterment of future kids.",0.7607834339141846,-0.18491065502166737
"This topic is about Manchester United's manager, Premier League, the striker for the team, and Liverpool versus Chelsea.","The energy plant produces a chemical that is used as an energy source, but is quite flammable","Having won 4 consecutive games, including a win over Manchester United, Francis Coquelin believes his team's winning stream will continue. He said the team always bounces back and now they have nothing to lose going against Monaco. The onyy problem is they have to score 3 goals to advance.",0.4914323687553406,-0.6179048418998718
"This topic is about winter temperatures as opposed to hot weather conditions, cold mornings, and weather forecasts like snow being expected later.","A man was recently arrested for first-degree arson, reckless endangerment, and several other crimes for setting his family home on fire and writing that his wife ""is a cheater"" outside the house","Hot weather conditions are being found happening more by scientists. As a result, the Earth will experience less cold mornings, more high winter temperature days, and such. Scientists are finding the highest temperatures yet affecting the Earth because of the rising temperatures.",0.9098368287086489,0.0034326594322919846
"This topic is about the world cup football championship, Brazil qualifying for the finals, Messi talking about Ronaldo, world champions defending their title, the Nations Cup, the best group of players, real madrid, and a competition for the cup.",Prince Harry is the Vice Patron of the Rugby Football Union,"Real Madrid ace, delighted in a barbecue on Sunday night after his previous exploits helped Los Blancos achieve a sensational victory.
 The Welsh wizard was in good shape for his country during the international break, scoring twice and helping another to an impressive victory in Israel.
 The Welsh winger hits the ball from a tight angle as he tries to silence his critics at the Bernabeu.
 The 25-year-old signed on Twitter after the win to show off his sunny Sunday dinner after the win.
 Cristiano Ronaldo scored five goals against Granada on Sunday to help Real Madrid win 9-1 at the Santiago Bernabu.
 The Portuguese international, but in a display that was considered impressive, even by his standards, when he scored five goals against goalkeeper Oier Olazabal
 Ronaldo's five goals included an eight-minute first-half hat-trick, with the visitors being easily stopped.",0.43361878395080566,0.3566504120826721
"This topic is about Manchester United's manager, Premier League, the striker for the team, and Liverpool versus Chelsea.","Fabio Lovato, 30 and Laura Knight, 29 of Quedgeley, Gloucester were among the people who sat in the packed movie theater waiting to watch the new Fast and Furious 7","When Didier Dogba left Chelsea for Shngai Shenhua in 2012 with the Ivorian striker leaving England with a formidable 13-goal record in 14th Arsene Wenger rejoiced
 ""I don't know how much Chelsea miss him, but we don't miss him,"" Wenger said of the man who scores a goal every 78 minutes and 20 seconds against his team.
 Now back at Chelsea, Drogba must overcome a blow and return to the Emirates on Sunday with Wenger's scorned opponent Jos Mourinho, looking to increase his all-time record of 15 goals in 15 games against Arsenal and dash hope for the northern team. London from catching the Stamford Bridge team at the top of the Premier League.
 Having originally signed with Chelsea in 2004 for Marseille's £24m, Drogba had time to forge his formidable status against Wenger, his first two matches ending goalless.
 It was the Community Shield of 2005 when he put Arsenal to the sword for the first time, hitting two goals over Jens Lehmann in a 2-1 victory at Millennium Stadium, before scoring the decisive goal in a 1-0 Premier League victory, three weeks later.
 As in the 2007 League Cup final, Walcott put Arsenal ahead, but Florent Malouda equalized before Drogba won the Cup tie with an 84th-minute goal.
 On October 3, 2010, he opened the scoring in Chelsea's 2-0 victory over Arsenal at Stamford Bridge, which was his last goal against Arsenal in the Chelsea colors.
 But he reached his top 15 with two more goals in the end, this time for Galatasaray, with Drogba leading the Turkish team to the Emirates Cup in 2013, serving Wenger as a reminder of what he was happy to be missing in the Premier League.
 Wenger hasn't beaten the Portuguese coach in 12 attempts and, with Diego Costa and Loic Remy likely out of commission, Mourinho has no choice but to release Drogba to ensure it's an unlucky 13th encounter for the Arsenal coach.",0.4420606791973114,0.20972035825252533
"This topic is about terrorist attacks, islamic terrorism, attacks on the country, terrorist threats, and extremist groups.","Karma Elms, an ex-Queensland health employee, has been sentenced to two years in prison after being found guilty of theft of nearly $40,000",Iraq has faced another terrorist attack in its country. The terrorist attack consisted of an American jihadist ramming a truck into a group of Iraqi forces. American jihadists are a type of extremist group.,0.9761422872543335,0.7056910991668701
"This topic is about family and friends, and a husband and wife, the couple‚Äôs daughter has two brothers.",The Israeli Prime Minister condemned a deal which aimed to hinder Iran's nuclear program,Beard and Hancock lost the initial weight as a plan to slim down before getting married on May 21st. They planned to get married in front of 40 family and friends. Holly's mother Pat visits her daughter sometimes and she works for weight watchers.,0.4876704216003418,-0.506741464138031
"This topic is about people infected with the virus, identifying new cases, the outbreak of measles, public health, new strain of flu, and infected cases.",Stephen Gerrard is nearing the end of his final season of Premier League football and wants to win the FA cup final as a last achievement in what could possibly be a tough game against Chelsea,Public health is struggling with the outbreaks of new cases. There are 50.000 new cases a day. In Nebraska a patient that was affected by Ebola have been isolated to keep the rest of the country safe.,0.8042989373207092,-0.4386664032936096
"This topic is about an east coast storm with high speed winds creating stormy weather on the Atlantic coast, as opposed to the western winds from the Pacific Ocean.",Defense Minister Kevin Andrews failed to name the leader of the Islamic State terrorist organization on the same day the federal government announced it would send more than 300 Australian soldiers to Iraq,"The East coast storm will be one of the worst ones in years. It is the strongest since 2007, and had very high wind speeds. Stormy weather along the Atlantic can create a lot of damage with this storm.",0.6087654232978821,0.7173071503639221
"This topic is about a football league having a world championship where each team‚Äôs fans are gathered to watch the end of this season‚Äôs games culminating in a tournament, to see their favorite football player.",A lake that had been converted into a fish farm in 1996 became polluted and killed thousands of fish,"A study was done analyzing the number of players from each club that represented England, focusing on the club's past ""greatness"". A measure of contemporary 'greatness'. The overall ranking is based on a combination of factors. The number of players sent to the 2014 World Cup has been ranked for example. The biggest teams, who managed to buy and pay the best players, shared the greats of British football.",0.5605436563491821,-0.13978491723537445
"This topic is about family and friends, and a husband and wife, the couple‚Äôs daughter has two brothers.",Consultant dietician said that Natalie is eating a healthy diet,"Wladimir Kitschko took a break from fighting to be with his three month old daughter and fiance, Hayden Panettiers.  They were out for a walk. Wladmir was enjoying the calmness with his family.",0.7174148559570312,0.6005706787109375
"This topic is about the presidential campaign, the presidential candidate, a state governor, joining a presidential campaign, and a huge impact on political campaigns.",A lake that had been converted into a fish farm in 1996 became polluted and killed thousands of fish,Senator Ted Cruz and Ohio Governor John Kasich are presidential possibilities on the republican side. Many liberals believe that Elizabeth Warren has to run for president because Hillary Clinton is too close to Wall St. They also say the same thing about Chuck Schumer. Harry Reid is planning to retire which leaves a huge hole for the top democratic job.,0.8745882511138916,0.34975284337997437
"This topic is about family and friends, and a husband and wife, the couple‚Äôs daughter has two brothers.","Manchester City had a 2-1 defeat at Crystal Palace which Manual Pellegrini's side trailed at the interval, ruining their title hopes","Husband and wife Prince Rahim and Princess Salwa have welcomed their son.Princess Salwa who was actually an American model, married Prince Rahim in 2013.There are lot of American models who have married Jordanian Royals.",0.8297351598739624,0.10201732814311981
"This topic is about terrorist attacks, islamic terrorism, attacks on the country, terrorist threats, and extremist groups.","Hilary Border has been spared jail after stealing £20,000 from her mother, who has dementia","The threat of Islamic Terrorist attacks has not diminished, even though Barrack Obama and his advisors have downplayed the threat of such groups. The president's slow pace of attack against Islamic groups such as Isis and al Qaeda demonstrates that the damage inflicted by extremist groups will continue to grow. The president has the resources to call out the threat and treat is as seriously as it is, but until he does, terrorist groups will continue to cause serious disasters in the US and around the world.",0.6959104537963867,-0.01757945865392685
"This topic is about family and friends, and a husband and wife, the couple‚Äôs daughter has two brothers.",Schumer has a long-term political view that is he had been working for 20 years,Mr Yin Yunfeng and Ms Zhao are the couple who lives happily. Ms Zhao lives in a house bursting with frozen dishes and snacks. Husband Yin Yunfeng made all sorts of stir fried dishes as well as 1000 dumplings as a way to show his love to his wife. Her husband prepared the food for Ms zhao for one year and he went to his regiment in Tibet.,0.6537268757820129,0.027519797906279564
"This topic is about Ukraine and Russia, calling to fight for Ukraine, euro countries, Russian officials gathering in Moscow, Vladimir Putin, a citizen of the eastern European country, and a bloc of nations within the European Union.",Pharmacist Imran Sharif left the couple's children at their schools before going home and slitting his wife Raheela Imran's throat,"There is no discussion of the ukraine and Russia in this article. It discusses sanctions put on Russia due to it;'s invasion of Crimea. Further research on Google reveals that Crimea is part of Ukraine and was annexed by Russia, This annexation is why sanctions were put on Russia and one reason why Russia is struggling economically right now.",0.7851742506027222,0.6159653663635254
"This topic is about the presidential campaign, the presidential candidate, a state governor, joining a presidential campaign, and a huge impact on political campaigns.",Fan favorite Hector Bellerin has become the fastest 40 meter sprinter in the Premier League,"As Hillary Clinton kicks off her bid to enter the White House, she is now able to claim that her path to being the first woman president started in Ystradyfodwg, a small community in south Wales. She announced she was running for president last week and toured the Whitney Brothers factory.",0.7883849143981934,0.4597000479698181
"This topic is about Formula 1 racing, the Grand Prix on the race track, Hamilton‚Äôs team and the Ferrari team, and collisions during a race.","In a game at Swansea, Liverpool struggled to score in the first half, playing mainly on the defensive","The famous car racing driver Nico Rosberg will start behind pole-sitter Lewis Hamilton on the grid in China. He has accused him own Mercedes team of putting him under pressure in Chinese grand Prix. He lost to Hamilton after he missed out on pole by just 0.042 secs. Even sparks fly off the back of his Mercedes car during the race. But still he is confident that he will prevent Hamilton from claiming his fourth victory in Shanghai . According to him, there are lots of opportunities for him to win as they are going to take the tyres to the limits.",0.16671645641326904,-0.35212889313697815
"This topic is about Manchester United's manager, Premier League, the striker for the team, and Liverpool versus Chelsea.","About to complete 40 years of history, Twisted Sister will make their last tour in 2016, according to a press release",Olivier Giroud who is a great football player has participated in several premier league is considered as the striker of the team. he has given his best in Liverpool versus Chelsea match. Arsene Wenger praised his performance and has related it to animal instinct. Oliver Giroud gets annoyed whenever people comment about his hairstyle. He always wanted them to check his performance rather than criticizing his appearance. Giroud always aimed for FA victory cup and has given his best to win the trophy.,0.5427587032318115,-0.36453384160995483
"This topic is about the presidential campaign, the presidential candidate, a state governor, joining a presidential campaign, and a huge impact on political campaigns.","A sculptor has build a momument that is currently being sold for 900,000 dollars that has every loss of the English National Football team from 1874-1998","The 'right-to-work' legislation bill for Wisconsin after being pushed through a fast track process for the signature of the governor Scott Walker was passed by the Assemble after 20 hour long debate. The Republicans were quite unhappy with the bill and violent clashes were seen among the people regarding the bill. They even called the bill 'a bunch of crap'. TO their response, the national campaign Arm of state Democrats, the Democratic Legislative Campaign Committee issued a statement criticizing the Republicans for their attack on Unions and general public. The Wisconsin State Director is happy with the bill and thinks that the bill will bring relief for workers who simply wants to do their jobs.",0.5499023795127869,0.5827820301055908
"This topic is about a person found guilty in the trial before a judicial panel, opening a criminal trial against him, a person potentially facing jail time,  receiving a fine, and a suspended prison sentence.","It was a good night for the Premier League misfits at NRGi Park, with Denmark beating the US thanks to a Nicklas Bendtner hat-trick after Jozy Altidore opened the scoring for the visitors","Lisa Weare, 32, a carer from Blackpool, Lancashire, admitted before a judge that she was guilty of theft and three counts of fraud. Ms. Weare admitted that she had stolen a bank card and illegally accrued £6,254 in expenses using money that did not belong to her. She was sentenced by Preston Crown Court to 16 months in prison after being reprimanded by the judge for breaching the trust of a vulnerable person.",0.6519191265106201,0.4209841191768646
"This topic is about the country's president, ruler of the country, President Barack Obama, the White House press conference, the Bush administration, and the former Republican president.","If you own an iPhone or iPad, your encrypted passwords, bank details and other private data may be at risk from hackers","The Pope is planning to visit Cuba some time this summer. Locals hope the Pope's visit will inspire a turn toward spirituality and community, rather than partisan politics. Cubans are rejoicing in anticipation of the pontiff's arrival.",0.1269083321094513,-0.14357781410217285
"This topic is about a group composed of militants, fighters joining forces, ongoing violence in the capital, people dead across the country, militants armed with grenades, and a border town.",British holidaymakers look for cheaper holidays after the pound hits the highest level against the euro for more than seven years,"Australians have been warned not to travel to Syria or Iraq. Any Australians currently fighting with non state militants have been urged to return home immediately. The number of Australians joining terrorist organizations has been increasing recently, and those that return are feared to present a problem at home with terrorism. This all stems back to the failure of the government to establish good relations with the Muslim community in Australia.",0.569199800491333,-0.7217154502868655
"This topic is about a football league having a world championship where each team‚Äôs fans are gathered to watch the end of this season‚Äôs games culminating in a tournament, to see their favorite football player.","Representative Aaron Schock of Illinois earned taxpayers more than $10,000 on private flights last fall, including a trip on a private jet to a Chicago Bears football game","Angel di Maria says Manchester United are fully confident they will earn a top-four position by the end of the season. United travel to arch-rivals Liverpool on Sunday afternoon - in a game that could prove decisive in the race for a spot in the Champions League. United's match against Liverpool will be followed by clashes with Manchester City and Chelsea in April, as well as another clash with Arsenal in the penultimate game of the season in May. ""We all know that a series of big games is coming, and the season will be decided by those matches,"" Angel explained in a recent interview with Old Trafford's journey show United Review. 'We know all about these upcoming games and have been thinking and talking about them for some time.",0.35828983783721924,0.16850027441978455
"This topic is about market prices and market sales, companies reducing costs, price tags dramatically undercut the major supermarkets, increased sales in the current market, determining a price point for a product, and product sales.",A couple was under investigation for leaving their home two weeks before 9/11,"Seaside real estate prices in the UK are skyrocketing. Even London's real estate boom cannot keep up with towns like South Hams, which now tops the UK's price list. The average coastal property price in the UK is roughly 2 million pounds.",0.20117506384849548,-0.5609544515609741
"This topic is about the country's president, ruler of the country, President Barack Obama, the White House press conference, the Bush administration, and the former Republican president.",The team has invested a lot of resource and £220m in capital brining in new members to the team but it will take time to see the benefit of those investments,"Barack Obama, the former president, was extremely emotional about the prospect of his daughter Malia leaving the White House for college. He said during Easter Prayer Breakfast that he would start tearing up in the middle of the day. Obama likes the idea of Stanford. The last president to send a child straight to college was Bill Clinton, who sent Chelsea straight to Stanford back in 1997. This is not the only event to cause Obama to become emotional or tearful: he broke down the day after being re-elected in 2012.",0.3143119812011719,-0.796485722064972
"This topic is about Manchester United's manager, Premier League, the striker for the team, and Liverpool versus Chelsea.",It emerged that Harvey Weinstein would not face criminal charges for allegedly groping an italian model in his office,"At a press conference ahead of the Premier Leagues' long-awaited Chelsea vs Arsenal match, Chelsea manager Jose Mourinho was asked about his dynamic with Arsene Wenger, the manager for Arsenal. The journalist asked Mourinho how hard Wenger ""pushed"" him ‚î a direct reference to the last season's physical altercation between the two men. Mourinho just laughed and gave a vague response.",0.5219981670379639,-0.7513598203659058
"This topic is about Manchester United's manager, Premier League, the striker for the team, and Liverpool versus Chelsea.",Some Republicans have indicated that a federal ban on same-sex marriage is not of the table,"Chelsea have conceded just two goals in their last six clashes with Arsenal, keeping four games without conceding.
 Arsenal should dominate possession, while Chelsea are more likely to isolate themselves and use the electric rhythm of Eden Hazard and Willian on the counterattack.
 In the reverse showdown in October, Chelsea put Arsenal under the sway and Wenger's team was suffocated - they missed a shot on target for the first time in a Premier League match since 2003.",0.3030659556388855,-0.2383413016796112
"This topic is about online internet users, using an iPhone app to surf the internet, computer devices, data plans, and people checking a website on different devices.",Real Madrid is going to play Atletico Madrid soon,Students checking the schools network using computers. They found porn images online using computer devices. They has been an investigation into how.,0.7762143611907959,0.04455721005797386
"This topic is about family and friends, and a husband and wife, the couple‚Äôs daughter has two brothers.",The internet and telephone calls are now connected,"She met her soon to be husband in 2010. She was open and honest about her condition early on, and even offered to leave him knowing the issues it may cause later in life. They now have 2 children together and are planning their wedding. She knows that her children will be in good hands if/when she does succumb to her condition.",0.5339463949203491,0.5354090332984924
"This topic is about a person found guilty in the trial before a judicial panel, opening a criminal trial against him, a person potentially facing jail time,  receiving a fine, and a suspended prison sentence.","Representative Aaron Schock of Illinois earned taxpayers more than $10,000 on private flights last fall, including a trip on a private jet to a Chicago Bears football game","Samantha Crossland is the daughter of Michael and Susan Crossland. She was employed by a children's nursery owner, Mrs. Lynda Quigley. Mrs. Quigley owned the nursery for more than 14 years and was aware of account discrepancies over £22,000 when she returned to Dewsbury, West Yorkshire in early 2014. Only Mrs.Quigley and Samantha had the keys and access to cashbox and hence Samantha was charged a custodial sentence unless paid back.",0.7782729268074036,0.4543478786945343
"This topic is about Manchester United's manager, Premier League, the striker for the team, and Liverpool versus Chelsea.","A four year old girl, who is paralyzed from chest down, got a heartwarming birthday surprise as she was on a flight thousands of feet in the air when the entire airplane sang her happy birthday and moved her to tears earlier this month","While revenue is up in the Premier League, fans want that money to be funneled into the lower leagues and used to cut ticket prices. They believe with more support home grown talents will emerge. There is talk of quotas for English teams which the chairmen oppose.",0.24887970089912415,-0.671869695186615
"This topic is about having kids, becoming a mother, giving birth, children and their parents, and families with children when a baby is born.",The issue of same-sex marriage will come before the Supreme Court on Tuesday,"Karla Kirby, who lives in North Lincolnshire, is 38 years old, the pregnancy for her is simply filled with joyful anticipation, because as soon as the baby is born, she gives the child away.
 

 She is pregnant with her eleventh child, and all 10 other babies have also been donated.
 

 Karla loves pregnancy and seeing the smile on the faces of couples who can't have children, made her become a surrogate mother.
 

 She has two biological children named Jordan and Joshua.",0.8475552797317505,0.6574681401252747
"This topic is about Ukraine and Russia, calling to fight for Ukraine, euro countries, Russian officials gathering in Moscow, Vladimir Putin, a citizen of the eastern European country, and a bloc of nations within the European Union.",Norman Lee has yet to be recovered after going missing while snorkeling,"Greece government has made an official statement, ""Unless more bail out money is provided to the country it would stop paying to the creditors"". Thomsen met with Greece's finance minister Yanis Varoufakis and stated country has repaid a roughly 450 million loan instalment to the International Monetary last week. But prevailing to the current financial problems in the country Athens would miss the IMF payment of 200m payment on the 1st May and another for 745m 11 days later. This defaulting of payments would force the EU member to leave the eurozone. The IMF provided loan to Greece to prevent it from bankruptcy.",0.2860264778137207,0.21556192636489868
"This topic is about winter temperatures as opposed to hot weather conditions, cold mornings, and weather forecasts like snow being expected later.",Due to his irresponsible behavior Mr,There is prediction of Snow fall in some places. Average of 30 percentage snowfall is predicted for some places. Temperature is expected to be between -2 and 3 degrees.,0.9217771291732788,-0.08915267884731304
"This topic is about Ukraine and Russia, calling to fight for Ukraine, euro countries, Russian officials gathering in Moscow, Vladimir Putin, a citizen of the eastern European country, and a bloc of nations within the European Union.",lslamic terrorist group Al-Qaeda plotted to attack a military base or correctional facility,"Russian President Vladimir Putin has claimed that the US helped Chechen Islamic insurgents wage war against Russia in a documentary aired on state-owned Rossiya-1 TV. Russia had fought Islamic insurgents in Chechnya and regions in the North Caucasus. Putin also defended the annexation of Crimea as a historical justice. He said sanctions imposed by the West have always happened, dating back to tsarist times.",0.9535425305366516,0.8677316308021543
"This topic is about Manchester United's manager, Premier League, the striker for the team, and Liverpool versus Chelsea.",Ongoing violence in Yemen continued yesterday when 270 prisoners joined forces with Al Qaeda troops to escape Al Mansoorah Central Prison in Aden,It's basically entails the politics that go on in the FIFA world league. Luis van gaal has backed Micheal van praag's bid to become FIFA president. It then goes into how gaal knows praag and believes him to be a good choice to take and handle the presidency.,0.31401580572128296,0.2417551726102829
"This topic is about hotel room guests, dinner at the resort, private bar, glass of wine, and the hotel guests sitting down.",The six men were arrested Sunday in Minneapolis and San Diego,"100 hotel guests have come down with what is believed to be norovirus following a wedding in an East Sussex hotel. A sign on the premises warns of an ""airborne virus"" and many of the staff are experiencing symptoms as well. The hotel, which boasts sweeping views of the English Channel, has owed to steam clean the venue in accordance with the Environmental Agency's protocols in response to the situation. There has continued to be a large number of reports from guests complaining of symptoms, and the hotel has issued an apology.",0.0793125256896019,-0.41674873232841503
"This topic is about Ukraine and Russia, calling to fight for Ukraine, euro countries, Russian officials gathering in Moscow, Vladimir Putin, a citizen of the eastern European country, and a bloc of nations within the European Union.",A North Carolina man disliked hillary clinton so much that he left a message in his obituary for citizens to not vote for clinton,"A serious meeting of foreign ministers from Malaysia, Ukraine and Australia was held in the Hague after a plane carrying nearly 189 citizens was shot down over rebel held territory in eastern Ukraine. The German government was already warned of a heightened risk of flying over eastern Ukraine but they failed to pass the information to their airlines. Last year a Malaysian airline carrying 298 passengers were killed by the rebel groups of eastern Ukraine. Netherland is leading the post crash investigations and it is being claimed that the shot was fired from the area held by pro Russian forces.",0.36151254177093506,-0.42175501585006725
"This topic is about the world cup football championship, Brazil qualifying for the finals, Messi talking about Ronaldo, world champions defending their title, the Nations Cup, the best group of players, real madrid, and a competition for the cup.",The daughter and son-in-law of a Saudi official deserted their home two weeks before 9/11,Brazil's famous player Pele appreciated an excellent young player Neymar. Pele believes Neymar breaks his records in a short time. Brazil proves their teamwork and international force in a worldcup.,0.4787454307079315,-0.037318505346775055
"This topic is about the country's president, ruler of the country, President Barack Obama, the White House press conference, the Bush administration, and the former Republican president.",The Spurs midfielder was spotted and photographed kissing his beautiful girlfriend Sabrina Kvist Jensen in central London while he was out walking one night,"During the White House Press conference the press asked the secretary about assistance intended to be given to Ukraine in the form of lethal weapons. US has decided to help Ukraine in its fight against Russian-backed separatists. US have announced sending small unarmed drones, armored Humvees and other assistance to Ukraine. The US press secretary told the press that the matter is being considered by the President of US.",0.5418656468391418,-0.2565672993659974
"This topic is about family and friends, and a husband and wife, the couple‚Äôs daughter has two brothers.",The football team escaped death after making a last minute decision to fly to a game,"Georgina Chapman, 39, is the wife of Weinstein and he started Miramax with his brother Bob in 1979. Weinstein has a son and a daughter. Weinstein's wife was reportedly angry after the accusations against Weinstein but since then has been trying to move on past the scandal.",0.008652598597109318,-0.11204273253679276
"This topic is about eating food at a restaurant, ordering something to drink and serving breakfast, as well as eating chicken, and fruits which are a healthy food.","Arsenal Football Club manager Arsene Wenger provides an update on three of his players' injuries, including midfielder Alex Oxlade-Chamberlain, captain Mikel Arteta, and Jack Wilshere",Studies find eating a meal after a work out is just as beneficial as a supplements. Fast food studies found to show eating after a work out may be beneficial. Eating fast food after a work out is show to be beneficial to people.,0.9080847501754761,0.5453135967254639
"This topic is about family and friends, and a husband and wife, the couple‚Äôs daughter has two brothers.",Ten former public school educators were convicted of racketeering in a test-cheating scandal in Atlanta,"Miss McCormick's partner Dan Dimmock feared her wife's safety as result to excess weight. After losing weight, a friend of the couple failed to recognize her. Mr. Dimmock said he is happy with his wife's ability to lose so much weight. Miss McCormick is now helping other women lose weight too.",-0.08472604304552078,0.029248815029859543
"This topic is about the country's president, ruler of the country, President Barack Obama, the White House press conference, the Bush administration, and the former Republican president.",Cesc Fabregas left Arsenal to join Chelsea in the summer,Both Jeb Bush and Marco Rubio call Florida home. There is talk of a dream ticket of Bush and Rubio. But the rule is that generally the presidential ticket shouldn't have two candidates from the same state. Dick Cahaney changed his residency from Texas to Wyoming before joining George W. Bush on the presidential ticket.,0.262628972530365,-0.8880804777145386
This topic is about military forces and troops in an ongoing war making up the defensive army.,A female supreme court judge in England has said that the federal law around divorce proceedings should be changed to make them less acrimonial,"Polish citizens greeted a convoy of US military forces that crossed the country during joint NATO military exercises. The defense army exercises are a response to the ongoing war in Ukraine. The Ukrainian battlefield is destabilizing the region, alarming neighboring EU countries, which are frightened by the gradual redeployment of Russian troops in the area.",0.7590466737747192,0.33041954040527344
"This topic is about the navy rescuing in the ocean, swimming in the sea, sandy island, dive team rescuing a person, ocean water and fishes in the sea.",Benzema says that they are tryin to get into finals,"A helicopter crew rescued a woman who was trapped on a mountain. She was hiking and then fell off the path, only to land fifteen feet below.",-0.07714340090751637,-0.054504383355379216
"This topic is about the presidential campaign, the presidential candidate, a state governor, joining a presidential campaign, and a huge impact on political campaigns.",On 21 March 2015 Joss Labadie of Dagenham was involved in a scuffle with Ronnie Henry of Stevenage,"Progressive women's groups have marked Tuesday as a fictitious holiday Equal Pay Day as the point in the year when women would have to work to make up for ""lost"" wages as a result of the so-called pay gap.
 It is a comparison of averages - comparing women who work full-time with men who work full-time - that does not control for any of the important factors that influence a person's salary determination, such as education, profession, title, time spent on the strength of work and time spent in the office every day, to name a few.
 When we control for these variables, there remains a much smaller wage gap of about 4-6 cents, some of which may be the result of gender discrimination, but is also likely a function of women's choices and different behavior, such as not. negotiate as often as men do - factors economists simply cannot control.
 And with presidential election season starting to accelerate, we can expect the focus of the ""war on women"" to shift to the workplace, where Democrats will claim that women are unfairly paid without the paid leave benefits they deserve. and no childcare support they require.
 The Independent Women's Forum conducted a randomized, controlled trial on the pay gap issue and we found that, not surprisingly, the progressive message in favor of the Paycheck Fairness Act - a legislative ""solution"" to narrow the pay gap - has increased support for the bill of law, but surprisingly it was not effective in increasing support for the Democrats.",0.050274476408958435,0.1029931902885437
"This topic is about having kids, becoming a mother, giving birth, children and their parents, and families with children when a baby is born.",It has been claimed that Joanna Leigh received funds under false pretenses as she may not have been injured enough to receive so much money,"One woman became pregnant with triplets and is already the mother of four children. Nadine Crooks, 33, who resides in Smethwick, West Midlands, was surprised to find out she was pregnant again, as doctors report she was infertile after she had her fourth child. She stopped taking birth control pills after learning she had polycystic ovary syndrome after the birth of her son Joshua 18 months ago. The triplets will be brothers to Roxanne, 18, Trae, 13, and Zion, nine, and Joshua, 18 months. The mother, who was born in Jamaica, said: 'I thought I was done with the babies. This is amazing.' She found that she was expecting triplets, which will be born in July, in her 12-week examination at Birmingham Women's Hospital. - I'm thrilled about it now, but at the time I thought it was some kind of joke. Nadine's exams, pictured left and right, reveal that she expects two boys and a girl in July. She said: 'My family was shocked, but I'm just accepting it now. My mother was not very happy.",0.9539796710014343,0.4742407202720642
"This topic is about credit, receiving funds, paying money using a credit card, and spending money.","Despite Frank Barney's notion that ""we're winning,"" anti-LGBT laws are still being put into place across America","Arabtrust and the Federation of Dundee United Supporters Clubs say they are ""shocked"" that 25 percent of the £6.3 million in transfer fees of Ryan Gauld, Andrew Robertson, Stuart Armstrong and Gary Mackay-Steven were paid in commission to non-parties identified. The joint statement from supporters expressed concern about the club's debt levels, saying: 'Despite the sales of the four players, the DUFC management does not believe this is enough to pay off all current outstanding debts.' Defending its record at that point, the club's statement responded: 'Off the pitch, the board has reduced overall debt, including Thompson family loans, from £5.2m in February 2014 to £2.6m at the same time. time that freed the club of all bank debts.",0.7948457598686218,0.7886239290237427
"This topic is about a person found guilty in the trial before a judicial panel, opening a criminal trial against him, a person potentially facing jail time,  receiving a fine, and a suspended prison sentence.","Nasa,s describe global climate change on mars planet","Ten men were found guilty today, in a trial with charges stemming from the attack on Malala Yousafzai. They will face significant prison time if their sentence is not reduced by judge Mohammad Amin Kundi. The trial began almost two years following the 2012 attack.",0.4003109335899353,0.12899601459503174
"This topic is about Manchester United's manager, Premier League, the striker for the team, and Liverpool versus Chelsea.",lslamic terrorist group Al-Qaeda plotted to attack a military base or correctional facility,"Chelsea are on their way to becoming the most dominant title winner in Premier League history as they prepare to break the record for nearly every day at the top of the table in a single season.
 Jose Mourinho's team has led since beating Everton 6-3 at Goodison Park on August 30, the Blues have been in the lead for 230 days since Friday, April 10, although they have shared the lead with Manchester City for nine days in January after a statistical quirk saw the two sides evenly draw on points, goal difference and goals scored.
 The current record for days in the lead belongs to Manchester United, when Sir Alex Ferguson's team led for 262 days during the 1993/94 season.
 Chelsea came close to Mourinho in 2005/06, when they topped the table for 257 days, while Man Utd were at the top for 250 and 241 days in 2006/07 and 2000/01, respectively.
 The only team in the top 10 that did not win the title was Newcastle, which led for 212 days in 1995/96 before imploding under Kevin Keegan.",0.5756878852844238,0.004123879596590996
"This topic is about Ukraine and Russia, calling to fight for Ukraine, euro countries, Russian officials gathering in Moscow, Vladimir Putin, a citizen of the eastern European country, and a bloc of nations within the European Union.",An Act of Misconduct culminated in the dismissal of two Transportation Security Administration screeners,"The players of Republic of Ireland are practicing a lot for their match with Poland. In an interview with Ireland's midfielder, Stephen Quinn says that they know the strength of their opponent team's best player Robert Lewandowski and they are fully prepared for their match as they have done their homework. Lewandowski has four goals in as many games during the Euro 2016 qualifying campaign but still Quinn is has confidence on his team and says they will look at their own qualities and will try to implement them against their match with Poland.",0.15495547652244568,0.4814677834510803
"This topic is about a court ruling, department of justice, appealing against a court ruling, judge reviewing a case, a court order, and magistrates.","Representative Aaron Schock of Illinois earned taxpayers more than $10,000 on private flights last fall, including a trip on a private jet to a Chicago Bears football game","Ben Cousins, 36, failed to show up in court on Wednesday morning to face reckless driving charges. His lawyer Adain Crau claimed Cousins could not make it to court because he had conflicting medical appointment. Cousins was then arrested on Thursday after he failed to produce a written evidence of the conflicting medical appointment. Magistrate Steven Malley labelled Cousins 'a risk to the public' and said he should be sent to jail.",-0.12678372859954845,0.46881040930747986
"This topic is about online internet users, using an iPhone app to surf the internet, computer devices, data plans, and people checking a website on different devices.","Wladimir Kitschko took a break from fighting to be with his three month old daughter and fiance, Hayden Panettiers","Visual Health Solutions Inc, a US based company has created a new app called ' Visualize You' that will tell you how would you look if you were thinner. This app is available for both android and iOS device. Weight loss specialist Dr Charlie Seltzer said that Weight loss cues are helpful for the people as it gives them the motivation to lose weight. Even American Medical hospitals have also contributed in the development of this app. According to Dr Michael Roizen, this app would be a major step will help the people to make up their mind to lose weight in a more educated and a fun way.",0.3993300795555115,-0.2356185019016266
"This topic is about the presidential campaign, the presidential candidate, a state governor, joining a presidential campaign, and a huge impact on political campaigns.",Arsene Wenger is leading his current team against his old league,"Republican state governors around America are focused on enacting laws against gay marriage. Each governor has their own opinion on the issue, but most conservatives feel about the same. After the most recent election, the House and the Senate are majority Rebuplican.",0.7989428043365479,-0.012432923540472984
"This topic is about a person arrested and charged, authorities allegations, an investigation, being accused of a crime, being under arrest on one charge, and being under investigation.",According to California Department of Public Health since December measles had affected more than 130 Californians,"Two-time Olympic Kayak world champ Nathan Baggley was re-arrested for allegedly assaulting a police officer. He was found in a portable toilet at the Byron Bay Blues Festival , along with two other men, using a suspected white powder, around 4 pm Easter Friday. Baggley, who was already facing drug charges, was taken back into custody for resisting police and escaping custody. His attorney, Nikolaos Siafakas , has claimed innocence, while questioning the circumstances surrounding the Good Friday incident.",0.8023790717124939,0.7504037022590637
"This topic is about Manchester United's manager, Premier League, the striker for the team, and Liverpool versus Chelsea.",Paid Spotify App users now have the opportunity to get content from Spotify to match the beats of a runners pace,"Competition in contributing to the goal record was a team work by aforementioned respective teams. The strategic planning and alliance by players in each team to win the race to the record as well as becoming a part in hall of fame. Especially players like Messi, Ronaldinho, Cristiano Ronaldo had strived to maintain this tradition.",0.25744765996932983,0.3478282690048218
"This topic is about a person arrested and charged, authorities allegations, an investigation, being accused of a crime, being under arrest on one charge, and being under investigation.",Both family of friends of newly weds were excited by the chance to dance and sing along with their music superstar,"Ondrew Megil Lachaux, 39, an ex-convict, and Kellie Cherie Phillips, 38, were arrested on criminal charges in the alleged case of abandoning three children in a home in northern Las Vegas. They have 6 children together aged 1, 3,4, 7, 8, 9. They left for Oakland, California leaving behind a 17 year old teenager with her 4 month old daughter who is also the daughter of Ondrew Megil Lachaux who raped her when her family went for a walk and one 3-year-old who was found dead inside an old Mercedes sedan in the garage.",0.6937813758850098,-0.5707107186317444
"This topic is about a rise of taxes benefitting average people, with increased benefits despite their expenses due to a budget increase and decreased consumer goods rates.","Real Madrid will have a heavy embezzlement for the game against Malaga, at home, valid for La Liga",British holidaymakers look for cheaper holidays after the pound hits the highest level against the euro for more than seven years. The vote of confidence in the british economy when the euro is increasing in the global markets. The decreasing crisis in greece and the prospect of hundreds of billions of euros are created through a massive money printing program have send the single currency crashing. The british family changing the euros to get the higher amount which they invest.,0.5761858224868774,0.7927061319351196
"This topic is about a person arrested and charged, authorities allegations, an investigation, being accused of a crime, being under arrest on one charge, and being under investigation.",Fitness trainer Sarah Watson claims that Rojo and her advisers tried to frame her for blackmail,"Andrew Stewart, 41 years old from the UK, was charged and arrested on disorderly conduct. The authorities allege he urinated in a ice machine at the Hard Rock Hotel. Through the investigation, it was discovered that a guard caught him accused of the crime and the man was not cooperating. Police were called in and put Mr. Stewart under arrestor one charge disorderly conduct.",0.6720637679100037,0.5080114006996155
"This topic is about a bomb explosion attack, people killed in a bombing attack, or injured in the blast, an explosion caused by a bomb, people behind the attack, a car bombing killing and wounding people.",The team has invested a lot of resource and £220m in capital brining in new members to the team but it will take time to see the benefit of those investments,"This week, a bomb attack occurred in Iraq. An American jihadist was responsible for this suicide attack. At least three Iraqi security died in the attack.",0.9031193256378176,-0.2787611186504364
"This topic is about Manchester United's manager, Premier League, the striker for the team, and Liverpool versus Chelsea.","In 2009, Franck Ribery came close to leaving Bayern Munich for Real Madrid","The striker of the team Aston Villa thrashed QPR with 2-1 at his home ground.However, QPR did a splendid comeback.Finallly, villa managed to keep the scores at a level.",0.35080888867378235,-0.2886374890804292
"This topic is about Manchester United's manager, Premier League, the striker for the team, and Liverpool versus Chelsea.",The documents about Stingrays and Hailstorms are regularcensored in public records request by citizen and journalists,"Manchester United and Liverpool's pursuit of Kingsley Coman in doubt after Bayern Munich 'set final asking price of £77m' despite the French winger warning fee was 'unrealistic' amid the pandemic. However, Coman - whose contract expires in 2023 - believes Bayern Munich's asking price is unrealistic given the financial ramifications of the coronavirus pandemic. Therefore, Coman may be forced to see out his current contract with the Bundesliga giants despite wanting away from the Allianz Arena. Nevertheless, Julian Nagelsmann is said to have made the Frenchman part of his plans for next season - as he looks to take over from Hans Dieter-Flick.",0.36146050691604614,-0.15440593659877777
"This topic is about flying the plane, the pilot of the aircraft, passengers flying for leisure or work, landing strip, the flight crew, take-offs and landings, aircraft landing, and a jet flying by.",Greece as one of the eurozone member has been issuing repeated threats of stop paying the creditors,Flying planes have gotten even harder with companies packing in more people on planes. The pilot has more passengers to worry about since they have very few inches between seats. Leisure passengers have very few inches between seats and it is a concern.,0.5115095376968384,0.9423848390579224
"This topic is about a group composed of militants, fighters joining forces, ongoing violence in the capital, people dead across the country, militants armed with grenades, and a border town.","According to NIH, there was 1 person infected with Ebola while volunteering in Sierra Leone","The city of Yarmouk was attacked by ISIS militants and they seized it after defeating the militant groups in the area due to which 18000 refugees are trapped in Yarmouk. According to CNN reports nearly 5000 residents have tried to flee from their homes after being attacked by ISIS. Wesam Sabaneh told CNN that they were in need of medicine and other treatment facilities. According to reports of London based observatory , the ISIS and AL Qaeda have captured about 90% area of the camp. The ISIS is about to destroy the Yarmouk camp soon.",0.7209380269050598,0.43489864468574524
"This topic is about a person arrested and charged, authorities allegations, an investigation, being accused of a crime, being under arrest on one charge, and being under investigation.",David Seaman was a mainstay football player in the English football league affiliated with Arsenal football club,A couple was under investigation for leaving their home two weeks before 9/11. The 9/11 Commission is looking into whether the FBI somehow protected the couple. The pair were accused of welcoming two of the accused hijackers into their home. Ghazzawi and al-hijji were reportedly already on FBI watch lists before 9/11.,0.7132120132446289,-0.47828036546707164
"This topic is about the country's president, ruler of the country, President Barack Obama, the White House press conference, the Bush administration, and the former Republican president.",Ten former public school educators were convicted of racketeering in a test-cheating scandal in Atlanta,CNN has reported that the Russian President when seen in photos that may suggest that he may be very ill. also reports of photo of north korean leader Kim Jong Un was also sick. he then remerge from his hiatus walking with a cane and could be suggested that Putin with also do the same. These rumor was arise after Putin withdrawal of from the planned meetings with the presidents of Kazakhstan and Belarus on a very short notice. he has had strong meetings after that however no photos or videos was upload on the Kremlin's website and with the invasion of Ukraine tension is at high with the powers of the west .,0.8135111331939695,0.24955448508262634
"This topic is about a person arrested and charged, authorities allegations, an investigation, being accused of a crime, being under arrest on one charge, and being under investigation.",Property costs took off by 10% in 2014 however will develop by 1,The former high school teacher is accused of having inappropriate sexual relations with three of her underage pupils. Whilst being accused she was initially inprisoned and then released on bail.,0.8523306846618652,0.6921457648277283
"This topic is about a person found guilty in the trial before a judicial panel, opening a criminal trial against him, a person potentially facing jail time,  receiving a fine, and a suspended prison sentence.","Manchester City heads into the Champions League game against Barcelona on Wednesday night, knowing they need the win to qualify
 So it may worry them to know that beating Barcelona is something their coach, Manuel Pellegrini, hasn't achieved since 2008",A federal jury found Dzhokhar Tsarnaev guilty of the 2013 bombing of the Boston Marathon. he faces the death penalty or life in prison. He was found guilty of 30 charges against him in relation to the bombing that killed 3 people and wounded more than 260.,0.45642542839050293,-0.4098201394081116
"This topic is about a group composed of militants, fighters joining forces, ongoing violence in the capital, people dead across the country, militants armed with grenades, and a border town.","President Barack Obama held the shrinking Florida Everglades today as proof positive that climate change is real and is threatening America's ""national treasures"" as well as the economies of its neighboring cities, which rely heavily on tourist dollars",Many groups came together in anger. This led to the burning and destruction. Protestors were killed. These actions causes sentences.,0.6642276048660278,0.442008912563324
This topic is about weight loss and following a healthy diet in order to regulate body fat and blood sugar levels and lose a few pounds of weight following a diet.,Defense Minister Kevin Andrews failed to name the leader of the Islamic State terrorist organization on the same day the federal government announced it would send more than 300 Australian soldiers to Iraq,"LOW CARB DIETS AND WHOLE FOOD, LOWER CALORIE DIETS ARE EFFECTIVE FOR WEIGHT LOSS.REDUCE YOUR APPETITE . OLIVE OIL AND AVOCADO OIL ARE GREAT CHOICES FOR INCLUDING IN YOUR EATING PLAN",-0.15879058837890625,-0.7667682766914368
"This topic is about high school students and children going to school, education in schools, and parents meeting teachers.",David Seaman was a mainstay football player in the English football league affiliated with Arsenal football club,"Ten former Atlanta public school educators were convicted in a test-cheating scandal. They erased incorrect answers and instructed students to change their answers in order to secure promotions in the 50,000-student Atlanta public school system. Evidence of cheating was found in 44 schools, with nearly 180 educators involved. Teachers who tried to report it faced retaliation. The cheating is believed to have started in 2001, when scores on statewide skills tests had started to turn around.",0.561171293258667,0.10489721596240997
"This topic is about winning the match by a few points, and how Barcelona had minutes left and had scored before half-time but were able to score a goal at the end.",Juventus are proving that experience is an important factor in their pursuit of European glory,"Arsenal lost the Champions League for the 5th time. 2-0 was recorded in victory but ended up tying, with results being 3-1. This was overwhelming thorough the contest but it didn't trip him up.",0.15814805030822754,-0.3215394616127014
"This topic is about a football league having a world championship where each team‚Äôs fans are gathered to watch the end of this season‚Äôs games culminating in a tournament, to see their favorite football player.",The article talked about how the market rate for home buyers have gone down,"A sculptor has build a momument that is currently being sold for 900,000 dollars that has every loss of the English National Football team from 1874-1998. The team has a very dedicated fan base but they are a proud group whom might not be fans of this. Many of the current players and managers won't even look at this art.",0.6801684498786926,-0.006139608100056648
"This topic is about winter temperatures as opposed to hot weather conditions, cold mornings, and weather forecasts like snow being expected later.",The manager has confirmed a recent injury to the team,"Emergency services are alert to the strong winds that will hit large parts of New South Wales, as residents in Victoria and Queensland prepare for a week of cooler weather. Rains and strong winds are expected to average 55 to 70 km/h with gusts of around 100 km along the coastlines of the Sydney, Hunter and Illawarra metropolitan regions. According to the Bureau of Meteorology forecast, winds averaging 55km/h to 65km/h with gusts of around 100km/h are expected to develop in Sydney, Hunter and Illawarra on Monday afternoon and evening. People in Melbourne were hit by hailstorms over the weekend and are likely to experience a chilly week until the end of the weekend, ranging from lows of 7 degrees to highs of 19 degrees throughout the week.",0.6388997435569763,0.6370298266410828
"This topic is about a person arrested and charged, authorities allegations, an investigation, being accused of a crime, being under arrest on one charge, and being under investigation.",The president has nominated a black lady for attorney general,"A mother, Yurgon Wu, is facing kidnapping charges after police believe she kidnapped her children from the Massachusetts area. Police are looking for her in New York City. The father, Jackie Mei, age 50 , was arrested for child endangerment after he was misleading police and being uncooperative. The investigation is ongoing and has the father wearing a GPS device after he posted $1,500 bail.",0.7679038047790527,-0.24137619137763977
"This topic is about a person arrested and charged, authorities allegations, an investigation, being accused of a crime, being under arrest on one charge, and being under investigation.",Juventus are proving that experience is an important factor in their pursuit of European glory,"The police in North Las Vegas, Nevada has arrested a 17 year old teen mother on Wednesday when she had taken her 4-month-old baby to Sunrise Hospital and Medical Center in suburban Las Vegas. The police have arrested this teen mother after they learnt that her baby did not receive the proper care and nourishments. A day later the police served a search warrant at the 17 year Old's family house, where they found the body of a 3-year old baby. The police believe that the 3-year-old girl has been dead for at least a few weeks. In addition for the charges the 17 year old recieved for abusing her child, she was also got one count of child abuse with death of her younger sister.",0.5210418701171875,0.3950561285018921
"This topic is about civil law, marriage, federal law, legal actions, state law, petition, and law for married couples.",A Russian fighter jet aggressively flew by an American reconnaissance plane over the Baltic Sea,"Florida Senator said he would attend the gay wedding of someone he 'cared' for, even if he didn't agree with what they were doing. Rubio announced his presidential bid last week. He's running for president. Last week. Donors have pledged $40 million.",0.010406352579593658,-0.007684343494474777
"This topic is about flying the plane, the pilot of the aircraft, passengers flying for leisure or work, landing strip, the flight crew, take-offs and landings, aircraft landing, and a jet flying by.",A Family honors deceased North Carolina father by submitting his wishes in his obituary,"The aircraft was flying in a northern direction.
 The aircraft were met by a hall of gunfire.
 The aircraft is powered by three jet engines.",0.8603542447090149,-0.03298856317996979
"This topic is about family and friends, and a husband and wife, the couple‚Äôs daughter has two brothers.",When you are ordering food out watch out for the sugar content,"Ms Cowan never married, worked and lived in Edinburgh her adult life.
 She was a epitome of Christian lady and lived by a strong faith.
 She had an estate which he donated to his family and friends.",0.35545676946640015,0.5020713806152344
This topic is about economic growth involving billion dollar figures showing that the economy is growing as expected globally.,"Annegret Raunigk, a German primary school teacher, who is 65 years old is expected to deliver a quadruplet in few days",The economic growth of the euro bashing continues and it would vary to predict when that will end. Investors holding euros with the recent implementation of quantitative easing and the uncertainity over the greece. The pounds rally was not mirrrored on the stock market in london where shares suffered their biggest one day fall since october. Speculations that the federal reserve america's powerful central bank could raise interest rates in the worlds biggest economy.,0.49879592657089233,0.3804650902748108
"This topic is about family and friends, and a husband and wife, the couple‚Äôs daughter has two brothers.","The World's best golfer, Rory McIlroy, is scheduled to compete at the Deutsche Bank Championship in September in which he plans on winning the title at the final match","Inas Abulsayen, a mother of three teenagers in Sussex, was heartbroken when her sons were ""brainwashed"" by YouTube videos and their extremist friends. Her two younger sons Abdullah and Jaffar Deghayes have been killed in Syra, and she has launched a public appeal for the other brother Amer to come home. Amer has ignored his family's requests to return to Britain. Abulsayen said her and her husband Abubaker were opposed to extremism. Their uncle, Omar Deghayes, was a detainee at Guantanamo Bay for five years after being arrested in Pakistan, but was released without charge. ",-0.29061344265937805,-0.2531756162643434
"This topic is about a rise of taxes benefitting average people, with increased benefits despite their expenses due to a budget increase and decreased consumer goods rates.","If you are looking for the perfect island getaway, look no further than the beach in Newquay","Property costs took off by 10% in 2014 however will develop by 1.5 percent throughout the following a year. London will toll the most noticeably awful, with costs really dropping by 3.6 percent throughout the following year, it is asserted. It follows last year's record value climb of 17.4 percent in the capital. Financial experts said that the real estate market had",0.42498672008514404,-0.6383253931999209
"This topic is about visiting the pope, roman catholic church, archbishop, and ceremonial meeting for peace.",Some of the Supreme Court Justices are advocating for marriage equality while others like Clarence Thomas are remaining silent,"Pope Francis was the first pontiff to hail from Latin America, and has ""taken into consideration the idea of making a stop in Cuba"" on his way to or from the United States this September. Pope Francis has shown a deep interest in international affairs. The Pope will also visit South America this July, and Washington, New York, and Philadelphia in late September. Two previous Popes have visited Cuba: St. John Paul II in 1998 and former Pope Benedict XVI in 2012.",0.158543199300766,-0.2820054888725282
"This topic is about a football league having a world championship where each team‚Äôs fans are gathered to watch the end of this season‚Äôs games culminating in a tournament, to see their favorite football player.",There is currently an exhibit of the set for the television show Mad Men,"Former Arsenal striker Andrei Arshavin and veteran Ukrainian midfielder Anatoly Tymoshchuk. will likely be dismissed by Russian league leader Zenit St Petersburg at the end of the season.
 According to Zenit coach Andre Villas-Boas, the club is not negotiating the extension of the duo's contracts, whose current deals end at the end of the season.
 Arshavin, 33, who played for the Gunners between 2009 and 2013, is on his third stint at Zenit and has been named as a reserve in 17 games this season.",0.018727678805589676,0.26983803510665894
"This topic is about a person arrested and charged, authorities allegations, an investigation, being accused of a crime, being under arrest on one charge, and being under investigation.",A WOMAN NAMED JADE WIMSEY FROM EAST YORKSHIIRE BECAME HOOKED ON ENERGY DRINKS,"Police has arrested John Truong's sister Alyssa Chang after she kidnapped a 2 year old Ronnie Tran and her mother. The police said that Chang asked her brother to take care of the child and he didn't knew anything about the kidnapping. The police has also arrested 65-year-old Vien Nguyen who was also involved in the kidnapping. Chang was arrested on the charges of kidnapping, assault and unlawful imprisonment. The detectives are yet to find the actual motive of the kidnapping. Thankfully the boy and his mother are safe and sound under police protection now.",-0.2104254513978958,-0.3878680765628816
This topic is about weight loss and following a healthy diet in order to regulate body fat and blood sugar levels and lose a few pounds of weight following a diet.,"John and Carolyn Jackson were foster parents to three children, and also had three biological children","Miss McCormick called off her engagement plans to concentrate on a strict two-year weight-loss plan. Changing her diet to range of milkshakes, nutrition bars and soups enabled her to lose some 9lbs weight in the first week of her plan. After losing weight she relies less on her medication and she can look in the mirror with pride.",0.8948019146919248,-0.2489088773727418
"This topic is about pop songs, music fans rejoice, a singer and songwriter, the first track on the new album, doing a sound check, and singing along with a prerecorded track.",Hector Bellerin is becoming very popular among fans for his great skills on the football field,"Pop music and Golfing fans in the Boston, MA area will rejoice in mid-September as Rory McIlroy will be joining One Direction singer Niall Horan on stage at the Gillette Stadium for 'payback' in response to Horan falling while caddying for McIlroy. The singer and song writer revealed that McIlroy is allowed to pick the song however, he's going to sing it as well. Horan also states that he's never heard McIlroy in full voice but apparently he's terrible. Who knows what's to come of this aside from entertainment but we all have questions! Will the World's best golfer sing along with a prerecorded track? Will he have had an opportunity for a sound check? Could this be the first track on the new album? Fans attending this concert are anticipating the special performance set to occur on September 12th.",0.8125538825988767,0.307711124420166
"This topic is about family and friends, and a husband and wife, the couple‚Äôs daughter has two brothers.",Elizabeth Sedway was travelling with her family from a vacation in Hawaii to their home in California via a flight on Alaska Airlines,A couple recently died within just a few days of each other. Margaret and harry both served in the army together. Margaret believes that they just could not stand to be a part.,0.12376991659402847,-0.0697987973690034
"This topic is about winter temperatures as opposed to hot weather conditions, cold mornings, and weather forecasts like snow being expected later.","Dubbed the aurora borealis in the northern hemisphere and the aurora australis in the southern hemisphere, the lights were the product of large geomagnetic explosions from the sun that arrived on Tuesday at around 10:00 am ET (1:00 am in Sydney)","For New York and many of the states, cold temperatures linger into the early months of spring. All across New York there are cancelations due to weather below 30 degrees bringing in hopefully what is the last large snow of the year. However, despite the freezing temperatures firefighters are still battling the hot temperatures of the fire as well as some states are seeing rising temperatures such as Phoenix. Overall, the cold, snow, and continuing winter temperatures have halted the state of New York with a state of emergency.",0.8755345344543457,0.6923808455467224
"This topic is about high school students and children going to school, education in schools, and parents meeting teachers.",A Russian pilot flew into the path of an American pilot,"18-year-old Michelle Carter was charged with involuntary  anslaughter for allegedly sending text messages urging a friend, Conrad Roy, to commit suicide. Different schools have different levels of tolerance for things like drinking on campus. Schools need to have reasonable suspicisons to be able to search a student's cell phone or locker. ",0.6256954669952393,-0.31721052527427684
"This topic is about Formula 1 racing, the Grand Prix on the race track, Hamilton‚Äôs team and the Ferrari team, and collisions during a race.",The discussion is about the legality of same sex marriage and the churches involvment by voicing it's opinion about it,"The Grand Prix of the north, otherwise know as the Idatarod dog sled race, was won by Dalles Seavey, Instead of a Ferrari team as in a formula 1 race, he did it in subzero temperatures with a loyal team of dogs. This year, lack of snowfall led the organizers to create a new race track, much of it over ice.",0.5466405153274536,-0.2178947925567628
"This topic is about market prices and market sales, companies reducing costs, price tags dramatically undercut the major supermarkets, increased sales in the current market, determining a price point for a product, and product sales.","Arabtrust e a Federation of Dundee United Supporters Clubs dizem que est£o ""chocados"" que 25 por cento dos £ 6,3 milhµes em taxas de transferncia de Ryan Gauld, Andrew Robertson, Stuart Armstrong e Gary Mackay-Steven foram pagos em comiss£o a partidos n£o identificados",Electricity costs in Britain have risen despite lower fossil fuel cost. The energy companies are not passing on the savings to their customers. Consumer advocates accuse them of conspiring not to compete in order to keep prices high.,-0.5416227579116821,-0.30177396535873424
"This topic is about terrorist attacks, islamic terrorism, attacks on the country, terrorist threats, and extremist groups.","A 20-year-old Indian cricketer, Ankit Keshri, died of cardiac arrest following a collision with a team-mate during a match in Kolkata","Al Qaeda terrorist Adam Gadahn who also goes by Azzam the American, was killed in a counterterrorism operation by the U.S. government in January. The American-born terrorist was known for praising the 9/11 attacks, tearing up his own American passport on a video, and telling Muslims in America to purchase guns at gun shows and stage their own attacks on American soil. He also advised Osama bin Laden on media strategy in a letter, and criticized both presidents G.W. Bush, and Barack Obama.",0.8275678753852844,0.7679142951965332
"This topic is about heir to the throne, Prince William and Prince Harry, the British royal family, the second in line to the throne, and the royal couple.",The sprinter who won the boston marathon in 2013 and gave his decoration to the city after the destructinve psychological militant bombings has been delegated the current year men's champ,"The article is about the royal couple, Prince Charles and Camilla, who are visiting the US. Charles is father to Prince Harry and Prince William, the latter is second in line to the throne. The article goes on to describe the various activities the couple has done on its trip, including a visit to Mount Vernon and the Lincoln Memorial.",0.8868354558944704,0.4026848375797272
"This topic is about a person found guilty in the trial before a judicial panel, opening a criminal trial against him, a person potentially facing jail time,  receiving a fine, and a suspended prison sentence.",Southampton are the most overweight club in the Premier League The Saints are only 16th in the Premier League in terms of salaries - £55,A army recruiter is being put on trial for the alleged rape and molestation of 11 young women. The trial is ongoing and the verdict has not yet been reached. If found guilty it is assumed he could face jail time.,0.08324401080608368,-0.33759790658950817
"This topic is about a football league having a world championship where each team‚Äôs fans are gathered to watch the end of this season‚Äôs games culminating in a tournament, to see their favorite football player.",Roy Keane is charged with an alleged road rage accident,"Fan favorite Hector Bellerin has become the fastest 40 meter sprinter in the Premier League. After smashing the previous Arsenal team record set by Theo Walcott by a single hundredth of a second, fans are pumped up for a possible post season tournament or even a championship due to Bellerin's play. He could split time at right back with a returning Mathieu Debuchy soon.",0.266518771648407,-0.05812698602676403
"This topic is about civil law, marriage, federal law, legal actions, state law, petition, and law for married couples.",Young people in Britain are seeing their wages grow,"Some Republicans have indicated that a federal ban on same-sex marriage is not of the table. They are for allowing a constitutional amendment to give states the rate to define marriage. Indiana is one of 14 states that has introduced bills that allow for ""religious freedom"" to discriminate against LGBT communities.",0.40842509269714355,0.2549329996109009
"This topic is about the country's president, ruler of the country, President Barack Obama, the White House press conference, the Bush administration, and the former Republican president.",A man and four others are being accused of murdering a politician,The house approved a health bill. President Obama will be signing this. The old bill was outdated and needed to be changed.,0.8775484561920168,0.5164744257926941
"This topic is about civil law, marriage, federal law, legal actions, state law, petition, and law for married couples.",Most of these human-caused (anthropogenic) greenhouse gas emissions were carbon dioxide (CO2) from burning fossil fuels,"A female supreme court judge in England has said that the federal law around divorce proceedings should be changed to make them less acrimonial. The judge suggests removing the need for allegations which specify why a couple would qualify for divorce in civil law. In addition, the judge believes the process of divorce should be more drawn out to give both parties in the marriage more time to decide on what happens with money and children. The current law for married couples does not require these items be finalized before divorce proceeds. The petition to change the state law was met with general positivity, although conservatives suggest it is not legal or fair.",0.5306146144866943,0.2992429733276367
"This topic is about traveling via air, passengers on a flight, airlines offering flexible changes, the world's busiest airport, international transport, and flights being handled by different air traffic controllers.",Benteke scored a headed goal against Tottenham to win the game on Saturday,"Shaniqua Cherry and Hassan Lulu are lovely couple who have 3 kids and they are expecting their fourth child. Cherry planned to move to Atlanta to take care of her mother who is sick. So they planned to travel via air and took international transport. Though Cherry had 2 weeks more for her due date, unexpectedly her water broke and went into labor. This has made the airline to go for emergency landing that disturbed passengers on that flight. the American Airlines landed in Piedmont Triad International Airport in Greensboro, the world's busiest airport and from there through ambulance the couple along with their children went to hospital and there Cherry delivered baby Nylah.",0.8499078750610352,-0.0075618838891385876
"This topic is about family and friends, and a husband and wife, the couple‚Äôs daughter has two brothers.","According to the CNN reports, an estimated 18000 refugees are trapped in Yarmouk after being attacked by ISIS and al Qaeda terrorist groups",David and Margaret-Ann Rous were on their way to visit family when their plane crashed and the couple passed away. They were liked and well respected by many. The town and the people that lived in it. The couple were trying to start a family. They leave behind Margaret-Ann's mother and sister Johann.,0.8759959936141968,0.02689792588353157
"This topic is about a football league having a world championship where each team‚Äôs fans are gathered to watch the end of this season‚Äôs games culminating in a tournament, to see their favorite football player.","James MaClean, Republic of Ireland winger, limped out of training Tuesday",This article focuses on the football team Arsenal in the United Kingdoms Premier League. The fans are noted for finally cheering for Fabregas as he was replaced in the final minutes of a game. This differed from the booing that we subject too throughout the game.,0.5076485872268677,0.3766041696071625
"This topic is about family and friends, and a husband and wife, the couple‚Äôs daughter has two brothers.","Keonna Thomas of Philadelphia has been charged with ""attempting to provide material support and resources to a designated foreign terrorist organization"", in this case ISIS","Family and friends, brothers and sisters, children male and female will wish a happy Kent couple best wishes. They will renew their vows in Las Vegas, Nevada. After a separation, the couple reunited. The couples 5 children probably are glad they did.",0.791602611541748,-0.5205265879631045
"This topic is about Manchester United's manager, Premier League, the striker for the team, and Liverpool versus Chelsea.","Mazzy, who suffers from Spina Bifida, was on board a Southwest Airlines flight over the US when the entire airplane including all passengers sang her happy birthday and moved her to tears","Arsenal and Manchester City are going to play against one another for the Premier League title. The article details the journey that both teams have had and their winning streaks. Arsenal completed their winning streak and Liverpool, whereas Manchester City completed their winning streak in Chelsea.",0.74357008934021,-0.4201917350292206
"This topic is about firefighters tackled the blaze, wood burning, residents evacuating, flames, spit embers downwind, and burning buildings.","Dubbed the aurora borealis in the northern hemisphere and the aurora australis in the southern hemisphere, the lights were the product of large geomagnetic explosions from the sun that arrived on Tuesday at around 10:00 am ET (1:00 am in Sydney)","In 2015, there were record numbers of sea lions washing up on beaches in California. NOAA says that 2000 have washed up recently and this is an unusually large amount of sea lion strandings. Warming sea temperatures is believed to be the cause. Most of the sea lions are in sick and starving conditions.",-0.11501027643680584,-0.36626583337783825
"This topic is about having kids, becoming a mother, giving birth, children and their parents, and families with children when a baby is born.",The article talked about how the market rate for home buyers have gone down,"April Emery had two daughters, and was arrested for neglect. According to the Oscelola County Sheriff's Office, two girls ages 7 and 9 were walking barefoot about a half-mile from their home, selling their toys to ""help mommy stay in the house."" She told the police it was her childrens' fault for not waking her up. ",-0.2787890434265138,-0.10472848266363144
"This topic is about a person arrested and charged, authorities allegations, an investigation, being accused of a crime, being under arrest on one charge, and being under investigation.","If there was any doubt that the Obama administration's Clean Energy Plan is an energy policy plan, not a carbon reduction plan, then you should look at how they treat nuclear energy","A 47-year-old man from Warwick, Australia has been charged with 125 child exploitation offences. He used social media sites to lure these young children and sexually and physically abused these children. He is arranged to appear in the Warwick Magistrates Court on Monday.",0.8356291055679319,0.19676168262958527
"This topic is about how carbon emissions affect global climate change, the Earth‚Äôs surface as well as the atmosphere around the Earth, the temperature of the sun, and global temperatures.",The striker of the team Aston Villa thrashed QPR with 2-1 at his home ground,Atmosphere around earth is mainly consisting of Nitrogen. The source of this Nitrogen is still not clear but may have been the tectonic activities.The atmosphere which have has mainly been the reason for the global temperature what we have on Earth.,0.5725091695785522,-0.730465590953827
"This topic is about hotel room guests, dinner at the resort, private bar, glass of wine, and the hotel guests sitting down.",Southampton are the most overweight club in the Premier League The Saints are only 16th in the Premier League in terms of salaries - £55,Many people were present at the time of incident. They tried to capture the culprit but he manager to got away. However police was succeed in catching him.,-0.2803734540939332,-0.18931391835212696
"This topic is about the senate and congress, congressional pressure, calling one's representative's office, informing a Senate committee, lawmakers setting the record straight, the staffer to the Democratic senator, and federal employee benefits.",The six men were arrested Sunday in Minneapolis and San Diego,Rubio is a Senator of Florida. His running mate will be Hillary Clinton a Democrat. Senator Ted Cruz is comfortable with Rubio running.,-0.509331226348877,0.39437347650527954
"This topic is about a final match to determine which team will win the final round, winning the title to become this year‚Äôs champion.","Faye Windass, a character on Coronation Street is set to give birth to triplets",As of 2014 the previous 4 managers to have won the Premier League title have all been gone within a year. Three of them were sacked and one had retired. Not many of the managers have got on well with the owners.,-0.478216588497162,-0.01660670153796684
"This topic is about family and friends, and a husband and wife, the couple‚Äôs daughter has two brothers.","A serious meeting of foreign ministers from Malaysia, Ukraine and Australia was held in the Hague after a plane carrying nearly 189 citizens was shot down over rebel held territory in eastern Ukraine",In the article a husband has written an essay on how much he values his wife and what she does for their family. He calculates the cost of what his wife does for him and his child as a stay at home mother and concludes that he humorously concludes he cannot afford for his wife to stay at home. He feels bad about not having more to give to his wife and writes that he needs a better income to be able to afford everything she does for the family.,0.17737789452075958,-0.45507335662841797
"This topic is about a person arrested and charged, authorities allegations, an investigation, being accused of a crime, being under arrest on one charge, and being under investigation.",According to US scientists they have found subtle changes in former Republican president Ronald Reagan speeches from 1981-1989,Four men were arrested after sexually assaulting a woman on a military base. the attack took place at the military barracks following a hockey game the men attended. The men are currently being held in jail and are due back in court on Monday.,0.37100115418434143,0.5371288061141968
"This topic is about having kids, becoming a mother, giving birth, children and their parents, and families with children when a baby is born.",Two military pilots from Saudi Arabia were rescued by the U,"A mother, Yurong Wu, is missing after a neighbor saw her drove away with her five children weeks ago in fear of losing custody of them. Her youngest child that was born only two months ago may have a serious medical health issues, and is believed to be in need of treatment. The mother and children missing from Massachusetts and are believed to be in the New York City area.",0.22352717816829681,-0.12417308986186981
"This topic is about the world cup football championship, Brazil qualifying for the finals, Messi talking about Ronaldo, world champions defending their title, the Nations Cup, the best group of players, real madrid, and a competition for the cup.",Richard Jefferson is a well-known NBA star and has been playing since 2001,"Oldham Athletic have signed a player named Ronaldo but not Cristiano Ronaldo from Real Madrid. 16-year-old Ronaldo Brown was named after the Brazilian star Ronaldo who played in the 1998 World Cup. His mother Denise, named his brother Rivaldo and sister Trezeguet, both named after players who played in the same World Cup.",0.6869059801101685,-0.19500906765460957
"This topic is about terrorist attacks, islamic terrorism, attacks on the country, terrorist threats, and extremist groups.",The calf's father was removed from their tank in anticipation of the birth,Islamic terrorism attacks on the country. They were arrested under contray to section 5 of the Terrorism Act 2005. The crimes were investigated with the intention of committing act of terrorism.,0.817924439907074,0.6641220450401306
"This topic is about a person found guilty in the trial before a judicial panel, opening a criminal trial against him, a person potentially facing jail time,  receiving a fine, and a suspended prison sentence.",There have been a number of patients records looked through during the time being of this man using patients record registrations for fraud,Eleven of 12 teachers and administrators of the Atlanta school system were found guilty of racketeering for conspiring to change the test scores of students in exchange for pay bonuses. They could face fines and up to 20 years in prison. One teacher was acquitted of all charges.,0.5484137535095215,0.330403596162796
"This topic is about the country's president, ruler of the country, President Barack Obama, the White House press conference, the Bush administration, and the former Republican president.",Defense Minister Kevin Andrews failed to name the leader of the Islamic State terrorist organization on the same day the federal government announced it would send more than 300 Australian soldiers to Iraq,President Barack Obama should have Congress sign before making a decision. This was talked about in multiple press conferences. This was also displayed in situations as such as Reagan and the Cold War and not consulting Congress.,0.5827913284301758,0.39870262145996094
"This topic is about winter temperatures as opposed to hot weather conditions, cold mornings, and weather forecasts like snow being expected later.","An ex-Royal Marine, Konstandinos Erik Scurfield, was killed fighting alongside Kurdish forces in the frontline village of Tel Khuzela","Snow is expected later on, winter temperatures, hot weather and morning cold. According to The Weather Channel, the storm system, stretching from Texas through the Great Lakes and North Carolina is likely to be the largest severe weather event this spring. Up to 4 inches in diameter shattered constructions and cars, high winds are sweeping down roofs and trees, as wild weather has hit 12 states. Early Thursday heavy storms swept over the South Plains missed major population centres, but they gave a preview of the bad weather which could eventually hit Chicago, Detroit and other major towns in the Midwest. Video scroll down.",0.9118727445602417,0.7934851050376892
"This topic is about civil law, marriage, federal law, legal actions, state law, petition, and law for married couples.","A mysterious hot bubble of water off the west coast of the United States could reveal why states like California are experiencing the worst drought ever, while the east is plagued by icy weather","One young woman, 18-year-old Michelle Carter, was charged with involuntary manslaughter for allegedly sending text messages urging her friend to commit suicide. That's why Lisa Green believes every parent of a teenager should have a lawyer of criminal defense in mind and ready. Green's advice is to ask friends and colleagues for references and also consult with your state bar association, as you would like someone in your state with experience in criminal defense. Then she says you should call and interview some lawyers, asking them everything, from how much their services would cost (which can vary), who would take care of the work, what is their philosophy on the law and the rights of adolescents.",0.879234790802002,-0.007776960730552562
"This topic is about the senate and congress, congressional pressure, calling one's representative's office, informing a Senate committee, lawmakers setting the record straight, the staffer to the Democratic senator, and federal employee benefits.",A person was arrested and charged with terror offences,"Barbara Mikulski, is the longest running woman in Congress history. She announced that she does not plan on running again. She explained that she didn't want to spend her time campaigning for herself but to actually get things done to help other people. Once she retires and her spot is open, there will be others trying to take her spot. She was once a laywer and she doesn't let others get her down, she's very driven.",-0.6914364099502563,-0.26789817214012157
"This topic is about a final match to determine which team will win the final round, winning the title to become this year‚Äôs champion.","For many parents in Sydney and Melbourne, it came as an unpleasant surprise for the government's plans to renegotiate compensation for spending on children","The news article details the match where one team is trying to keep the longest winning streak. However, another team is trying to win as well and end the other teams chance of continuing with their streak. The article goes through different championship winnings throughout the years and also details which teams will win in the final round.",0.6368414759635925,0.3631603717803955
This topic is about economic growth involving billion dollar figures showing that the economy is growing as expected globally.,"Baroness Hale, supreme court judge, has suggested changes to divorce between a husband and wife",As those air pockets burst the banks approached breakdown and their salvage drove eventually to a sovereign obligation emergency/ THe power leessness of spain and greece to print case implied they needed to acquire from their accomplices in europe or default and be shamefullly removed frome the EU. Severe spending rules of eurozone enrllment additionally required spain and greecce to force grimness measures in the most exceedingly terible onetary emergency since the great depression. They were needed to increase government rates and cut spending even as joblessnes arrived at galactic levels.,0.19697685539722443,0.36798420548439026
"This topic is about flying the plane, the pilot of the aircraft, passengers flying for leisure or work, landing strip, the flight crew, take-offs and landings, aircraft landing, and a jet flying by.","After suffering an aggressive cyber attack, which damaged broadcasting and social media accounts, a Global TV network managed to regain control of 11 of its channels on Thursday",A small plane burst into flames moments before take off. The fire started on the right hand side of the plane. Fire and rescue services rushed to the scene to extinguish the fire. The plane was destined to arrive in Russia.,0.8031367063522337,0.31681400537490845
"This topic is about high school students and children going to school, education in schools, and parents meeting teachers.","A 47-year-old man from Warwick, Australia has been charged with 125 child exploitation offences","High school teachers teach academic lessons and various skills that students will need to attend college and to enter the job market.High school teachers work in schools. They work during school hours but may also work evenings and weekends to prepare lessons and grade papers. Most do not teach during the summer.High school teachers typically have at least a bachelor's degree. In addition, public school teachers must have a state-issued certification or license, which may require an academic background in the subject(s) they will be certified to teach.The median annual wage for high school teachers was $62,870 in May 2020.Employment of high school teachers is projected to grow 4 percent from 2019 to 2029, about as fast as the average for all occupations. Rising student enrollment should increase demand for high school teachers.",0.967679500579834,0.34485071897506714
"This topic is about the country's president, ruler of the country, President Barack Obama, the White House press conference, the Bush administration, and the former Republican president.",Homeless people in the Bay Area are being handed free smartphones by multi-billion dollar tech companies in the hope that it will get them off the streets,"Barack Obama who was the current president of the time was concerned with bill from a non-partisan stand point because he wanted to be included with the agreement with Iran. The president was going to veto the bill if it was kept in its current condition. In a last ditch attempt, the Obama administration tried to compromise with both sides of the political spectrum to get some of his demands.",0.6943107843399048,0.6795586347579956
"This topic is about eating food at a restaurant, ordering something to drink and serving breakfast, as well as eating chicken, and fruits which are a healthy food.",000 iOS apps are vulnerable to a flaw in AFNetworking's connectivity software,"The discovery of a small piece of glass in a jar of Beech Nut-Nutrition baby food by a consumer prompted the company to promote a recall of 1,920 pounds of the product. The Food Safety and Inspection Service (FSIS), which received a report of an oral injury associated with the consumption of this product, was responsible for revealing this action by the company, which is collecting the 'Stage 2 Beech-Nut CLASSICS sweet potato & chicken', 120ml. Stores have already been informed that the weak with numbers from '12395750815' to '12395750821' and expiration dates in December 2016, are the targets of this recall.",0.4050147533416748,-0.024556217715144046
"This topic is about eating food at a restaurant, ordering something to drink and serving breakfast, as well as eating chicken, and fruits which are a healthy food.","A mother, Yurgon Wu, is facing kidnapping charges after police believe she kidnapped her children from the Massachusetts area","Mr. Yin made 1000 dumplings for Ms. Zhao his wife, before going back to his military service. A large amount of snacks were hidden throughout the house, and every day, he texts her clues on where to find these foods. The snacks include chips, pumpkin seeds, chewing gum, biscuits, beef jerky and instant noodles.",0.8323984146118164,0.4945472478866577
"This topic is about a group composed of militants, fighters joining forces, ongoing violence in the capital, people dead across the country, militants armed with grenades, and a border town.",Major League Soccer was founded in 1993 as part of the United States' successful bid to host the 1994 FIFA World Cup,"Fighting in Ukraine has killed more than 6,000 people in the last year, and a recent ceasefire appears to be faltering. International observers and journalists report seeing large weapons being moved to the front lines, but also claim that there have been delays and obfuscations from both parties in the conflict. For example, in a village near the Russian border, rebels were storing heavy weaponry in a cement factory. After international observers from OSCE left, they found evidence that large trucks had passed through the area, concluding that the dozens of tanks and rocket launchers that they'd inspected were not the only weaponry in the region.",0.9215956926345823,0.5188618898391724
"This topic is about winning the match by a few points, and how Barcelona had minutes left and had scored before half-time but were able to score a goal at the end.",Wiggins will hop for a capacity 6000 crowd to spur on his attempt,"After several blunders, the batsmen are under pressure to score. They all feel the need to prove themselves. Trott and others on the team are struggling with the fact that they aren't performing as well as they used to be.",0.5542822480201721,0.17435923218727112
"This topic is about Formula 1 racing, the Grand Prix on the race track, Hamilton‚Äôs team and the Ferrari team, and collisions during a race.","In Kabul, Afghanistan, an impressive explosion took place that resulted in the deaths of 17 individuals",The Iditarod dogsled race will be moved 225 miles north. It is the second time in 43 years that the race course has been altered. The race spans 1000 miles and usually takes 10 days to finish.,0.3430214822292328,0.8572821617126465
This topic is about military forces and troops in an ongoing war making up the defensive army.,Roy Keane stands accused of harassing a taxi driver during a road rage incident and will stand trial on June 19,"Two military pilots from Saudi Arabia were rescued by the U.S. Navy last week. The men were part of a military operation sent to quell a rebellion by Houthi militias in Yemen. Their mission was part of a larger ongoing war that the United States supports, although they are not currently permitted to share the battleground with the rescued troops.",0.6247230768203735,0.3315521478652954
"This topic is about a person found guilty in the trial before a judicial panel, opening a criminal trial against him, a person potentially facing jail time,  receiving a fine, and a suspended prison sentence.",The Arsenal and Monaco teams are competing against each other in the Champions League game,"Marylin Stoneman criminal activity was discovered after a person at Cedar House noticed suspicious financial activity. The worker found that the victim didn't have any money left in his accounts. Police arrested Marylin, and in the subsequent trial, she was sentenced to 200 hours of unpaid work and a suspended two-year sentence.",0.31838685274124146,-0.10581821948289882
"This topic is about a person found guilty in the trial before a judicial panel, opening a criminal trial against him, a person potentially facing jail time,  receiving a fine, and a suspended prison sentence.","Hillary Clinton, the Presidential candidate, has launched a video to start her campaign","This isn't the first time Patrick Revins has been identified by his tattoos. Last year, he walked into a Barclays branch in Hanley, Staffordshire, and threatened employees with a large bread knife tucked into his pants. At the time, he left the bank, but was arrested 20 minutes later when the team identified him for his distinctive tattoos. The police seized a knife with a 20 centimeter blade from him.",0.7399234771728516,0.06785383075475693
"This topic is about Manchester United's manager, Premier League, the striker for the team, and Liverpool versus Chelsea.","A strong solar storm generated a fantastic display of light in the night sky over parts of the United States, Europe, Australia and New Zealand on Wednesday morning, and could be seen by those who had the privilege of being awake at dawn",Mr.Phil Jones has high hopes that the British Manchester United Squad will be victorious increasing their wins by this upcoming Sunday. Mr. Jones is too eager for a rapid increase in the squad winning. The 3-1 winning ratio of past league wins going back to 2013 can be greatly improved. with a lot of league practice and efforts.,0.4181438088417053,0.765875518321991
"This topic is about firefighters tackled the blaze, wood burning, residents evacuating, flames, spit embers downwind, and burning buildings.",A 17-year-old girl was arrested because her 4-month-old daughter was hospitalized and was severely malnourished,"There was a fire at a an energy plant in China, and it was the second one that happened in less than two years. The fires affected hundreds of nearby residents, and hundreds of firefighters were required to put out the flames. Residents were evacuated to keep them safe, and the fire was extremely large and could be seen from a great distance.",0.23759785294532776,-0.2649632692337036
"This topic is about high school students and children going to school, education in schools, and parents meeting teachers.","Cricket hero Andrew ""Freddie"" Flintoff won the grand finale of ""I'm a Celebrity Get me Out of Here"" beating out AFL legend Barry Hall","A principal made a student shave his military-style haircut claiming that it was against school rules. The students mother would like an apology claiming the situation is ""crazy"" and ""bizarre."" The school district says that the district and the school prohibits military haircuts. The matter is even more strange since the school is named after a Navy Corpsman.",0.36640113592147827,-0.21415340900421143
"This topic is about medical care, doctors performing surgery, as well as hospital nurses and doctors.",Prince Harry is a known patron and fan of rugby in the United Kingdom,There have been a number of patients records looked through during the time being of this man using patients record registrations for fraud. There was a health employee that was standing over the man the whole time he was doing all this fraud. This hospital remain robust and the man goes to court in April.,0.6553208827972412,0.5603986978530884
"This topic is about winning the match by a few points, and how Barcelona had minutes left and had scored before half-time but were able to score a goal at the end.",The 12-year-old found the back of the net in a 10-2 rout of Moratalaz and displayed a prodigious first touch alongside an unnerving composure to evoke his father's spirit in his heyday,"In a game at Swansea, Liverpool struggled to score in the first half, playing mainly on the defensive. However, coming back after half-time, they were able to rally their efforts and score a number of goals, including in the final minutes of the game. This enabled them to clinch the win, with three valuable points in the league.",0.9382785558700559,0.8022981286048887
"This topic is about Formula 1 racing, the Grand Prix on the race track, Hamilton‚Äôs team and the Ferrari team, and collisions during a race.",A woman who claims to have been injured in a Boston Marathon bombing has been accused of stealing money from funds created for the victims,"Blue signals are assigned between 42 and 51 seconds, green signals are between 32 and 41 seconds, yellow signals are assigned when the button is pressed when the stopwatch is between 22 and 31 seconds, and orange signals are between 12 and 21 seconds .
 Only people who registered on the site before this date are eligible to click the button (pictured on the left with the timer illustrated in the center and right), and when they do, they receive a color, known as 'talent'.
 Users get a purple touch when they press the button between 52 and 60 seconds, blue glows between 42 and 51 seconds, green signals between 32 and 41 seconds, yellow signals between 22 and 31 seconds and orange signals between 12 and 21 seconds, and the red is between zero and 11 seconds.",0.03388519212603569,-0.11125910282135021
"This topic is about civil law, marriage, federal law, legal actions, state law, petition, and law for married couples.",Wiggins will hop for a capacity 6000 crowd to spur on his attempt,"Fewer than a dozen states and the District of Columbia recognize common law marriages. People who meet their state's common law marriage requirements will be eligible for most of the financial benefits‚îincluding federal benefits, like Social Security‚îof a married couple.Under the United States Constitution, the regulation of marriage as a general rule is a matter of state law, not federal.",0.8441798090934751,-0.10095454752445221
"This topic is about the navy rescuing in the ocean, swimming in the sea, sandy island, dive team rescuing a person, ocean water and fishes in the sea.","A 20-year-old Indian cricketer, Ankit Keshri, died of cardiac arrest following a collision with a team-mate during a match in Kolkata","If you would like to getaway from it all, the beach in Newquay offers a little bit of everything. This sandy island retreat is secluded and private enough for swimming, but close enough for fine dining or a quick bite. Look out over the ocean and watch for exotic fish on your private island oasis. Up to six guest can be booked if you refer to the Unique Home Stay's website.",-0.020450197160243988,0.25887608528137207
"This topic is about having kids, becoming a mother, giving birth, children and their parents, and families with children when a baby is born.","A hotel in East Sussex has suffered a norovirus outbreak, which is spread through close contact","Many parents are afflicted by 'weight-blindness', unable to recognize their child is overweight. A new research discovered that just under a third (31 per cent) of the parents underestimated where their child's body mass index is. There are currently many obese children and their parents are in denial. The director of the World Cancer Research Fund, said: by encouraging children to eat healthily, maintain a healthy weight, and be regularly physically active, parents can help children develop healthy habits and protect against health problems later in life.",0.8481230139732361,0.017481442540884018
"This topic is about Manchester United's manager, Premier League, the striker for the team, and Liverpool versus Chelsea.",Liverpool face Blackburn in the FA Cup quarter-final replay on Wednesday,"Champions League and Europa League draws have made headlines across the continent ‚ especially in Spain and Italy, which feature six of the last eight teams remaining in both European competitions.
 La Gazetta dello Sport are similarly bold in their belief that the old woman can overtake the champions and have even mapped out how the tie can be won, which seems to pin hopes on former Manchester City forward Carlos Tevez. Former Liverpool and Chelsea coach Rafa Benitez is being wary of the Napoli team's chances of beating Europa League minnow Dnipro, warning: 'They are a good team'.
 Pep Guardiola will certainly face his former Barcelona team as Germany coach, with AS reporting he said: 'It will be special: I feel at home', while Mundo Deportivo praises Bara as 'the strongest team'.",0.5934069156646729,-0.5471432805061343
"This topic is about winter temperatures as opposed to hot weather conditions, cold mornings, and weather forecasts like snow being expected later.",They cost £1,"A strong solar storm generated a fantastic display of light in the night sky over parts of the United States, Europe, Australia and New Zealand on Wednesday morning, and could be seen by those who had the privilege of being awake at dawn.
 Known as the aurora borealis in the northern hemisphere and the aurora australis in the southern hemisphere, the lights were the product of large geomagnetic explosions from the sun that arrived on Tuesday at around 10:00 am ET (1:00 am in Sydney).
 Auroras largely appear green - when these particles collide with oxygen in the atmosphere - but there were reports that this past aurora australis also appeared to have a reddish hue, suggesting that the collision with high-altitude oxygen was also seen in the Earth.""",0.8626534342765808,0.359882116317749
"This topic is about family and friends, and a husband and wife, the couple‚Äôs daughter has two brothers.","Amanda Lubiewski, mother of Abby Lubiewski, fought against school discrimination involving her child","A husband, Tony Degrafreed, murdered his wife. The family members explained that the wife worked a hospital and knew of her husbands violent pass before she married him. The wife had three children.",0.7943655848503113,0.5567190647125244
"This topic is about winning the match by a few points, and how Barcelona had minutes left and had scored before half-time but were able to score a goal at the end.","Eleven channels associated with the French-language global television network TV5Monde went offline on Wednesday night due to an ""extremely powerful cyber attack,"" as the network's director reported","Cristiano Ronaldo's yellow card has been rescinded, so he's back in the game. Analysts say Ronaldo's presence on the field gives his team a significant boost in playoff likelihood. His injuries so far have caused much trouble for his team, and they are glad to have him bacl.",0.4574584364891052,0.013448395766317844
"This topic is about Manchester United's manager, Premier League, the striker for the team, and Liverpool versus Chelsea.",The documents about Stingrays and Hailstorms are regularcensored in public records request by citizen and journalists,"Southampton are the most overweight club in the Premier League The Saints are only 16th in the Premier League in terms of salaries - £55.2m - and are still seventh in the Premier League.
 Chelsea have a 10-point lead at the top of the table but are only the third highest payer, with a payroll of £192.7 million behind Manchester United (£215.8 million) and Manchester City (£205 million) ).
 Burnley's underdog payroll is just £21.5 million, including £6 million in promotion bonuses, one-tenth the size of United.
 The biggest underemployed are QPR, with a salary of £75.3 million even in a season when they were in the league, making them the eighth highest payers - yet they are ranked 19th in the Premier League table.
 The salary costs and profit or loss of all top tier clubs for 2013-14 have now been confirmed through annual accounts published at Companies House and there is generally a close correlation between total salary and league position , with the top four in the Premier League also the top four payers.
 The combined accounts of the 20 clubs show that overall turnover rose to £3.07 billion from £2.3 billion in 2012/13 with salaries increasing as well, but at a slower rate and totaling £1.84 billion compared to £1.59 billion.
 The last figure shows that salaries represent 59.9 percent of turnover, compared to 71.7 percent for the same 20 clubs a year earlier.
 The increase in revenue is mainly due to the Premier League's lucrative television deal, which went into effect for the first time last season.
 The first is increasing revenue, and the second is the financial criteria that clubs have voted on for the past two seasons, which put financial sustainability at the center of how they want to move forward.
 ' Measures introduced by clubs limited the amount they could use television money to pay players' costs.",0.5471091866493225,-0.17523446679115295
"This topic is about driving vehicles on the road, having to do with traffic and highway speeds, road traffic, and driving.",Riki Hughes a former military solider suspected to be stealing,An incident occurred this morning near Warwickshire that resulted in several brand new Ford Focus cars becoming damaged. A driver transporting a brand new fleet of Ford Focus cars collided with a low bridge resulting in the top layer of cars all being destroyed. Witnesses described hearing a 'crunch' and said that the incident appeared to happen in slow motion. An engineer has inspected the damage and will report back tomorrow.,0.3614884316921234,0.1904664933681488
"This topic is about terrorist attacks, islamic terrorism, attacks on the country, terrorist threats, and extremist groups.","Two men accused of the Boston Marathon bombing attack, Dzhokhar Tsarnaev and his older brother Tamerlan, continue to stand trial for the bombing that injured 264 people and killed three on April 15, 2013",IS and Al Qaeda fighters planned to attack the public places and hotels. Their attacks and security solutions are not easily recovered by all countries. They are always growing day by day in the Al Qaeda and IS from many other countries.,0.3513346314430237,0.014100583270192146
"This topic is about a football league having a world championship where each team‚Äôs fans are gathered to watch the end of this season‚Äôs games culminating in a tournament, to see their favorite football player.","Officials have warned that fruit juices often have more sugar than a can of cola, fuelling the obesity crisis and contributing to a rise in overweight children","Arabtrust e a Federation of Dundee United Supporters Clubs dizem que est£o ""chocados"" que 25 por cento dos £ 6,3 milhµes em taxas de transferncia de Ryan Gauld, Andrew Robertson, Stuart Armstrong e Gary Mackay-Steven foram pagos em comiss£o a partidos n£o identificados. A declara£o conjunta dos adeptos expressou preocupa£o com os nveis de dvidas do clube, dizendo: 'Apesar das vendas dos quatro jogadores, a direc£o do DUFC n£o acredita que isto seja suficiente para pagar todas as dvidas remanescentes actuais.' Defendendo seu recorde nesse ponto, o comunicado do clube respondeu: 'Fora do campo, o conselho reduziu a dvida geral, incluindo os emprstimos da famlia Thompson, de £ 5,2 milhµes em fevereiro de 2014 para £ 2,6 milhµes, ao mesmo tempo que livrou o clube de todas as dvidas bancrias.",-0.40715306997299205,0.4716026782989502
"This topic is about the country's president, ruler of the country, President Barack Obama, the White House press conference, the Bush administration, and the former Republican president.",The Pope has been involved in trying to ease disputes between Cuban leaders and The United States,"After learning about the arrest of the journalist and other Americans, it was Barack Obama's turn to intervene. The American president asked the Iranian government for the immediate release of the prisoners. The journalist is accused of espionage.",0.9159793853759768,-0.118681661784649
"This topic is about a football league having a world championship where each team‚Äôs fans are gathered to watch the end of this season‚Äôs games culminating in a tournament, to see their favorite football player.",Dallas Seavey won his 3rd Iditarod race in the last 4 years,The Patriots team owner Robert Kraft testified in the Aaron Hernandez trial. He recalled private conversations between Hernandez and himself in which Hernandez told him he was not involved in the death of Odin Lloyd. Kraft had asked to speak with him and Hernandez explained he was at a club at the time of Lloyd's death. Hernandez's own fiancee contradicts this alibi.,-0.34052956104278564,0.03313872218132019
"This topic is about how carbon emissions affect global climate change, the Earth‚Äôs surface as well as the atmosphere around the Earth, the temperature of the sun, and global temperatures.",The ISIS militants have become a nightmare to the people of Palestine,In Antarctica the high temperature of 63.5 Fahrenheit was very warm temperature. According to the weather ground on March 24 the cold continent recorded the temperature of 15.5 degrees Celsius was the highest ever recorded. The highest temperature was recorded by according to the CNN affiliate WTNH in Argentina's Esperanza Base on the northern tip of the Antarctica Peninsula.,-0.13275647163391124,0.08819570392370224
"This topic is about a group composed of militants, fighters joining forces, ongoing violence in the capital, people dead across the country, militants armed with grenades, and a border town.",President Barrack Obama has failed to acknowledge how big a threat and problem radical islam is and has been to the United States and world,"A 17 year old female was stopped at Gatwick Airport, West Sussex under suspicion that she might be trying to join the jihadi fight in Syria. Sussex polices have asked to be contacted regarding information of anyone traveling to the area. The government has advised the public not to travel to the are and they will be supported by humanitarian aid",0.561977744102478,0.13414034247398376
"This topic is about a final match to determine which team will win the final round, winning the title to become this year‚Äôs champion.","A division of Isis published a ""death list"" containing the names, photos and addresses of 100 US military personnel online and summoned their ""brothers residing in America"" to kill them",The Final race of AP McCoy will be one for the box offices and they will be in the colors of his owner JP McManus. McCoy just won a race in Newbury in February before deciding that he was going to retire for the year. He will be riding on the horse Box Office during his final season.,0.023778514936566353,0.4964108467102051
"This topic is about firefighters tackled the blaze, wood burning, residents evacuating, flames, spit embers downwind, and burning buildings.",A Russian fighter jet aggressively flew by an American reconnaissance plane over the Baltic Sea,"The Sydney international terminal witnessed a huge traffic jam after a 4WD burst into flames in the middle of the terminal's cark parking area , covering the area in thick smoke. The authorities were alerted about the incident and when they arrived at the spot, fire was spewing from the bonnet of the vehicle. The witnesses present in the cark parking area captured the footage of NSW Fire and Rescue crews working to put out the flames .According to investigating agencies, the fire started in the engine of the car and eventually covered the area with heavy smoke.",0.7281733155250549,0.17504821717739105
"This topic is about credit, receiving funds, paying money using a credit card, and spending money.","Nationwide Building Society is giving anyone up to the age of 70 the chance to take out a 35-year loan, as pension reforms give people over 55 access to withdraw from their pension pots and spend as they like","Schock, a 33-year-old Republican who represents Peoria, was already facing scrutiny for using Congressional funds to redecorate his Capitol office in the style of the 'Downton Abbey' TV show. The Chicago Sun-Times reported Sunday night that Schock flew from Peoria, Illinois to Chicago to watch a Bears game against the Minnesota Vikings on November 16, 2014. Schock's spokespeople declined to comment to the Sun- Times and the Chicago Tribune and did not respond to a request from the Daily Mail Online. In a statement last week, they said a legal team was already examining 'compliance procedures in their official office, at the Campaign and Leadership PAC to determine if they could be improved'. 000 in taxpayer funds redecorating his Capitol office, but had to pay the money back. All seats were taken, according to pilot Keith Siilats, who told the Sun-Times that Schock district director Dayne LaHood and three others were on board. 802 for 'commercial transport' in November, the last month for which numbers are available.",0.8420629501342776,0.7530299425125122
"This topic is about how carbon emissions affect global climate change, the Earth‚Äôs surface as well as the atmosphere around the Earth, the temperature of the sun, and global temperatures.",Harmison coming from cricket came in to be the new football manager,Climate change is causing the Earth to get hotter. Data from the first three months of the year have shown temperatures increasing all over the Earth. The data concerning this year's El Nino also shows that climate change is affecting it and causing the El Nino and weather phenomena around the world to interact in different ways thus affecting the Earth's temperature.,0.8978257775306704,0.05210385471582413
"This topic is about the country's president, ruler of the country, President Barack Obama, the White House press conference, the Bush administration, and the former Republican president.","One plane was hijacked and another delayed to avoid two Russian bombers that flew through Irish-controlled airspace unannounced in February, the Irish Aviation Authority (IAA) said","The state of Indiana saw a suddenly increase in the number of the HIV cases in the state after the approval of needle exchange program by Gov. Mike Pence. According to reports 120 confirmed HIV cases and 10 preliminary positive cases have been found in Louisville. The Scott County outbreak has occurred mostly in case of intravenous drug users and those who primarily involves in the use of the high-powered painkiller Opana. According to reports,50 percent and 90 percent of people with hepatitis C are also infected with HIV.",0.39469629526138306,0.11509354412555695
"This topic is about a person found guilty in the trial before a judicial panel, opening a criminal trial against him, a person potentially facing jail time,  receiving a fine, and a suspended prison sentence.",Increasing funding from Wall Street has limited legislation pushed by Democrats,"Roy Keane, formerly of Manchester United and current assistant manager of Republic of Ireland, is standing trial over an alleged road-rage incident. He is claimed to have behaved aggressively toward a taxi driver, Fateh Kerar. A not-gulity plea was entered on his behalf by his lawyer. He stands accused of harassing and causing distress to Mr. Kerar. Keane will face trial at Manchester Magistrates Court on June 19.",0.27943068742752075,0.04662865400314331
"This topic is about traveling via air, passengers on a flight, airlines offering flexible changes, the world's busiest airport, international transport, and flights being handled by different air traffic controllers.","The former chairman of the Everton club, Sir Philip Carter, has recently passed away","The airport passenger duty (APD) tax makes air travel in the UK more expensive than other parts of Europe. In addition, the tax makes using small airports more costly. This can have an impact on jobs in this sector, as smaller regional airports can contribute significantly to the local economies by providing jobs and allowing access to local goods.",0.9392330646514893,-0.22855739295482635
"This topic is about a football league having a world championship where each team‚Äôs fans are gathered to watch the end of this season‚Äôs games culminating in a tournament, to see their favorite football player.",The article is an interview with a Soccer coach named Paul Anderson,"Serie A club Parma is £72.4m in debt. They are set to have a hearing for bankruptcy. A new owner took over Parma on the promise to relieve the club of its debts, only to be arrested a month later.",-0.45562058687210083,-0.22184847295284282
"This topic is about the disease spreading through close contact, cases of illness or elevated levels of bacteria, and symptoms of the disease such as fever, chills, muscle aches and headaches.","This specific article focuses on Ebola, a hemorrhagic fever common in West Africa",cancer is a most effective diseases.it cause illness and elevated levels of bacteria.in this disease spread through close contact.it is a most dangerous one to kill humans.,0.9022683501243591,0.5318242907524109
"This topic is about a football league having a world championship where each team‚Äôs fans are gathered to watch the end of this season‚Äôs games culminating in a tournament, to see their favorite football player.",The Scott's family is heartbroken as they share photos of their child Stephanie Scott who has been missing,The Dallas Cowboys agreed on a one year deal with Greg Hardy. He is an aggressive pass rusher and is nicknamed the Kraken. He made the Pro Bowl in 2013 and in 2012 he had 11 sacks.,-0.666924297809601,0.567052960395813
"This topic is about a person found guilty in the trial before a judicial panel, opening a criminal trial against him, a person potentially facing jail time,  receiving a fine, and a suspended prison sentence.",In his book the crossroad corporal donaldson uncovered how the sas regiment had uncovered a taliban contender codenamed javelin in afghanistan in 2008,A football player was apparently motivated to fix a match; some other football players are also accused of committing bribery. He used WhatsApp to attempt people to fix matches. He and a friend are denying the charges.,0.3044624328613281,0.14471298456192017
"This topic is about university researchers, scientific journals, studying humans, and studies by researchers.",Parents debt are increasing by letting their adult children's expenses,"If you want to download your Google search history, it is important to do it on a private computer. This will allow you to maintain privacy. When you download your search history, it will export to Google Drive in a ZIP archive. Online account holders can see their data.",0.477201908826828,0.30489152669906616
"This topic is about Manchester United's manager, Premier League, the striker for the team, and Liverpool versus Chelsea.",A young mother and her children were reported missing and then later found dead,"Ozil swapped shirts with Monaco's Geoffrey Kondogbia when the two teams left the field after the first 45 minutes at the Stade Louis II. Ozil switched shirts with Geoffrey Kondogbia at half-time in Arsenal's game against Monaco in France. Ozil was criticized by ITV analysts after changing his shirt at halftime before doing it again full time. Ozil's shirt exchange was similar to that of former Arsenal defender Andre Santos, who exchanged shirts at halftime with former fan favorite Robin van Persie.",0.6014782190322876,-0.11148057878017426
"This topic is about the disease spreading through close contact, cases of illness or elevated levels of bacteria, and symptoms of the disease such as fever, chills, muscle aches and headaches.",Progressive women's groups have chosen Tuesday as their fictitious Equal Pay Day,"The strange spreading disease is not contagious. 18 people are died and 5 people are taking treatment. Headaches, blurred vision, loss of sight and unconsciousness are the symptoms.",0.45284050703048706,0.013641375117003918
"This topic is about online internet users, using an iPhone app to surf the internet, computer devices, data plans, and people checking a website on different devices.","Heroin dealer Patrick Revins was arrested by police after selling the drug, hidden in a Kinder Egg, to an undercover police officer","On-demand streaming services like Spotify and Rhapsody and Internet radio providers like Pandora have shown rapid growth, topping CD sales in revenue. Some artists such as Taylor Swift and Bjork refuse to put their music on Spotify. Permanent digital downloads, however, still remain the largest overall category for revenue. ",0.7789708375930786,-0.12477776408195496
"This topic is about Manchester United's manager, Premier League, the striker for the team, and Liverpool versus Chelsea.",Kelley Mulfinger's family gathered at BWI along with a wedding party,"Real Madrid is the premier football league. Cristiano Ronaldo is known as the world's best footballer. He and Benzema prepare for competition against the amazing stiker for Barcelona talisman, Lionel Messi.",0.052850142121315,0.3524867594242096
"This topic is about credit, receiving funds, paying money using a credit card, and spending money.","Fabio Lovato, 30 and Laura Knight, 29 of Quedgeley, Gloucester were among the people who sat in the packed movie theater waiting to watch the new Fast and Furious 7","Marylin Stoneman stole thousands of dollars from his grandmother's partner's bank account. Marylin was entrusted with managing his finances after the partner went into care at Cedar House, but she abused these privileges. She used the money to fund her gambling habit.",0.5559422373771667,0.6899073719978333
"This topic is about people infected with the virus, identifying new cases, the outbreak of measles, public health, new strain of flu, and infected cases.",HE might be a prominent group man however zabi alonso concedes he has his sights on some close to home wonder as bayern munich plan for the following period of their bid for the champions leagu,The infected areas are reporting elevated levels of the flu. New case of people being infected. There has been an outbreak of measles.,0.9938899874687193,0.0755215510725975
"This topic is about a bomb explosion attack, people killed in a bombing attack, or injured in the blast, an explosion caused by a bomb, people behind the attack, a car bombing killing and wounding people.",A young boy was forced to have his head shaved by his elementary school,"During the attack suffered by the team, windows and windshields were broken, few people were hit, but what suffered most during the attack was their driver, who was taken to hospital shortly after the incident. Several bullet holes were pointed out during the inspection by the police and the team's technical committee, as well as photos the club posted on its social networks, showing the ""damage"" done by the vandals who attacked them. Luckily there were no deaths and few injuries, but attacks like this are inadmissible.",0.5180438756942749,0.9071353673934937
"This topic is about having kids, becoming a mother, giving birth, children and their parents, and families with children when a baby is born.",school,"A 17-year-old girl was arrested because her 4-month-old daughter was hospitalized and was severely malnourished. And in this girl's house, the body of a 3-year-old child was also found inside the car. The 17-year-old girl was released from prison and placed in the care of North Las Vegas County Child Protective Services as a victim. According to her, her stepfather raped her when the family left and got pregnant and her mother didn't know she was pregnant.",0.24091307818889618,0.19554349780082703
"This topic is about winning the match by a few points, and how Barcelona had minutes left and had scored before half-time but were able to score a goal at the end.",There have been a number of bombing attacks by the Islamic State in Iraq,"The football player, who was replacing and injured player, scored moments before the end of the game. Even though they scored before halftime, they were falling behind. They have minutes left in the game and they secured it with that close goal.",0.8697430491447449,0.2635119557380676
"This topic is about the senate and congress, congressional pressure, calling one's representative's office, informing a Senate committee, lawmakers setting the record straight, the staffer to the Democratic senator, and federal employee benefits.",Professional football players typical daily expenses vary widely from other members of society,A recent bill regrading the 'right-to-work' has created a controversy between the Republicans and the Democrats. Michigan and Indiana saw huge protests by the Republicans and LaTonya Johnson called the bill a crap. This incident has put the Democrats in immense pressure and the National Committee of Democrats issued a statement criticizing the actions of the Republicans in the state. The bill received a straight party line vote and none of the Democrats backed against measure that will ban unions from forcing non-members to pay dues. The Republications claimed that the bill has been introduced in order to destroy the unions.,0.3289915919303894,0.16287139058113098
"This topic is about a bomb explosion attack, people killed in a bombing attack, or injured in the blast, an explosion caused by a bomb, people behind the attack, a car bombing killing and wounding people.",The Boston Marathon bombing resulted in three deaths and 260 wounded,"In Kabul, Afghanistan, an impressive explosion took place that resulted in the deaths of 17 individuals. Dozens of others were wounded in this act of terrorism. Overall, 64 individual people were personally violently affected by this dramatic occurence.",0.5630722641944885,0.5263976454734802
"This topic is about family and friends, and a husband and wife, the couple‚Äôs daughter has two brothers.",Hillary Clinton's daughter Chelsea gave birth to Baby Charlotte,"After two months of meticulous and at times, sneaky planning, Fabio Lovato, 30 sat in the movie theater in Quedgeley, Gloucester, eagerly awaiting for the movie trailers to end so he could ask his girlfriend of a year to be his wife. Lovato took his time in planning all the details, ensuring the moment be special, unforgettable, and most importantly, a surprise! Since Lovato and his now fianc Laura Knight, 29 are both huge fans of the cinema, making them frequent customers of the movie theater, he decided that proposing while they were enjoying one of their favorite activities was the way to go. Lovato gave the movie theater a short minute and a half clip he made that showed pictures of where the couple met in Australia, ending it with the simple text, ""Laura, I have a question for you."" Laura remembers the moment and her love for Lovato shines, reporting that she had no idea he was going to pop the question, let alone at the movie theater after the movie trailers in front of a packed crowd!",0.7396765947341919,0.5250893831253052
"This topic is about a person arrested and charged, authorities allegations, an investigation, being accused of a crime, being under arrest on one charge, and being under investigation.",A lot of music artists are starting to indulge in the business behind the music,"Lianna Barrientos was arrested and charged in November 2014 for lying regarding her marriage to Salle Keita. She claimed her marriage to him was the first and only marriage, but indeed it was her 10th marriage. She has been arrested before for loitering, drug possession, and jumping turnstile and trespassing. Her open investigation is being followed by The Department of Homeland Security, which was revealed by the Bronx district attorneys office.",0.910328149795532,0.5389293432235718
"This topic is about family and friends, and a husband and wife, the couple‚Äôs daughter has two brothers.",One girl wove a compliment to Michelle Obama on Wednesday that almost every elderly woman wants to hear,"Mrs.Emma Thair-White, a 43-year old female is a mother of 2 children, Eva and Max. Her husband, Shane, the kids and the family's dog Morris helped Emma lose her weight and get in shape. Emma had lost control of her diet and was much devastated when her mother, Ethel died of breast cancer. Finally with her determination along with the help and support of family, she got in great shape losing couple of pounds.",0.3555724024772644,0.015891458839178085
"This topic is about the presidential campaign, the presidential candidate, a state governor, joining a presidential campaign, and a huge impact on political campaigns.","A man was recently arrested for first-degree arson, reckless endangerment, and several other crimes for setting his family home on fire and writing that his wife ""is a cheater"" outside the house",Marc Rubio announced he is joining the race for President last week. He has already received $40 million in financial backing. However the race will include other candidates with a strong financial backing.,0.8376476168632507,-0.17592000961303722
"This topic is about credit, receiving funds, paying money using a credit card, and spending money.",The Basij is a militia who is loyal to the religious leaders in Iraq,The NHS spending has skyrocketed to 2.5 billion because of a shortage of British nurses. Agency nurses are much more expensive than regular staff nurses. NHS has come under fire for paying one nurse 183 per hour for one 12 hour shift.,0.8264064788818359,0.39960160851478577
"This topic is about Formula 1 racing, the Grand Prix on the race track, Hamilton‚Äôs team and the Ferrari team, and collisions during a race.","The lucky fans in the French city of Saint-Etienne won a present on Monday night, with Brazilians Ronaldo and Zinedine Zidane participating in the 12th annual match against hunger","A young Formula 4 racecar driver in Brandenburg, east Germany had a car accident. According to German newspaper Die Welt, the crash was minor, and he was uninjured. His father has won a record seven Formula 1 world titles, and 91 races. ",0.25847482681274414,-0.7526698112487794
"This topic is about a rise of taxes benefitting average people, with increased benefits despite their expenses due to a budget increase and decreased consumer goods rates.",Arsenal the team is currently playing catch up with other more established teams like Chelsea and Manchester city and is currently third in the league,The budget when planning to hire a babysitter has increased 28% in the last five years. The budget to hire a babysitter has increased the most in San Francisco. The average person in San Francisco will have to pay about $16.65 per hour to have someone what their children.,0.8858852386474607,0.6198066473007202
"This topic is about people infected with the virus, identifying new cases, the outbreak of measles, public health, new strain of flu, and infected cases.","According to NIH, there was 1 person infected with Ebola while volunteering in Sierra Leone","There has been a significant increase in the number of HIV cases in Indiana since the past two weeks. According to reports 120 confirmed HIV cases have been found in Louisville, Kentucky. The Centers for Disease Control and Prevention has reported that between 50 to 90 percent of the people with hepatitis C are also infected with HIV and it is considered to one of the main reasons of HIV outbreak as a result of needle sharing. The funding of the needle exchange programs has been banned by the government since 1989.",0.5582947134971619,-0.09264864027500164
"This topic is about a bomb explosion attack, people killed in a bombing attack, or injured in the blast, an explosion caused by a bomb, people behind the attack, a car bombing killing and wounding people.",Some parents are willing to earn less if it means paying less child support,"In a large explosion, two ethnically Kurdish Turks were killed and eight people were wounded. In a separate two car bombings in Baghdad, at least 27 people were killed. Another roadside bomb attack on an army vehicle killed six soldiers and two wounded.",0.8652040958404541,0.0511787012219429
"This topic is about having kids, becoming a mother, giving birth, children and their parents, and families with children when a baby is born.",Families with children will have to expect to pay more than the minimum wage for a babysitter,She knew that she wanted to be a mom. She was terrified of what may happen when she first fell pregnant in 2009. She never wanted her condition to affect her daughters childhood. They make as many memories and take as many pictures as they can.,-0.4644553065299988,-0.10612802952528
"This topic is about a person found guilty in the trial before a judicial panel, opening a criminal trial against him, a person potentially facing jail time,  receiving a fine, and a suspended prison sentence.",Vicky marks repeatedly used her access to Mrs,Former High School teacher has took a plea deal and pleaded guilty accepting a lengthy sentence in exchange for 11 accounts to be dropped against her. The teacher is looking at 45 years in prison when she will be sentenced next month.,0.8992275595664976,-0.0448899045586586
"This topic is about pop songs, music fans rejoice, a singer and songwriter, the first track on the new album, doing a sound check, and singing along with a prerecorded track.",The final four games will be important for the season,"About to complete 40 years of history, Twisted Sister will make their last tour in 2016, according to a press release. Singer Dee Snider also hinted at the band's near demise by posting ""it's official: farewell"" on Facebook. The tour, titled ""Forty and F*ck It"", will have a new feature: the arrival of a new drummer, Mike Portnoy, from Adrenaline Mob.",0.8769766688346865,0.5055340528488159
"This topic is about a person arrested and charged, authorities allegations, an investigation, being accused of a crime, being under arrest on one charge, and being under investigation.",In the Presidential election democrats will choose a new leader who walks through the ethical path,"An arrest is the act of apprehending and taking a person into custody (legal protection or control), usually because the person has been suspected of or observed committing a crime. After being taken into custody, the person can be questioned further and/or charged. An arrest is a procedure in a criminal justice system. Police and various other officers have powers of arrest. In some places, a citizen's arrest is permitted; for example in England and Wales, any person can arrest ""anyone whom he has reasonable grounds for suspecting to be committing, have committed or be guilty of committing an indictable offence"", although certain conditions must be met before taking such action.",0.9400716423988345,0.5109906196594238
"This topic is about firefighters tackled the blaze, wood burning, residents evacuating, flames, spit embers downwind, and burning buildings.",It is unclear if proposed spending cuts could lead to increased taxes for the British public though it has been proposed as a way to maintain the current level of readiness of the British armed Forces,"The Schenectady firefighters are working tirelessly to combat the two burning buildings. They are freezing in the cold temperatures trying to put out the fires before the buildings burn to the ground. Not only are they combatting the fire, they are having to rescue the people entrapped who are injured before the collapse of the building. Firemen state the temperatures are no help to them in trying to stop the burning of the two building in the middle of the night.",0.7192281484603882,-0.4436907172203064
"This topic is about a person found guilty in the trial before a judicial panel, opening a criminal trial against him, a person potentially facing jail time,  receiving a fine, and a suspended prison sentence.","Kazakhstan, being a multi-ethnic, mainly Muslim country is said to be troubled by violence from Kyrgyzstan to Afghanistan",Gabriella Osborne was found guilty in a trial by a judicial panel of embezzlement. A criminal trial was held and she was sentenced to 15 months imprisonment. Judge Stephen Gullick suspended the sentence for 2 years with 200 hours of unpaid work.,0.9283322095870972,0.4768422544002533
"This topic is about family and friends, and a husband and wife, the couple‚Äôs daughter has two brothers.","James MaClean, Republic of Ireland winger, limped out of training Tuesday","Nuclear families are comprised of married partners and their offspring. ... encompass a married woman living with multiple husbands and dependent children). ... Joint family: Joint families are composed of sets of siblings, theirs spouses, and their ... live-in partners, kin of each member of the household, and close friends.",0.5520704388618469,0.7366927266120911
"This topic is about Ukraine and Russia, calling to fight for Ukraine, euro countries, Russian officials gathering in Moscow, Vladimir Putin, a citizen of the eastern European country, and a bloc of nations within the European Union.","While Putin is gathering eastern bloc leaders to gather support for his invasion of Ukraine, the Pope is having a ceremonial for peace","Kazakhstan, being a multi-ethnic, mainly Muslim country is said to be troubled by violence from Kyrgyzstan to Afghanistan. Kazakhstan itself has been building good ties with neighbouring Russia, China, United states and the European Union.",0.16482704877853394,-0.077372707426548
"This topic is about eating food at a restaurant, ordering something to drink and serving breakfast, as well as eating chicken, and fruits which are a healthy food.",Manchester United's humiliation of City continued their outstanding record,"Consultant dietician said that Natalie is eating a healthy diet.
 A young man claimed to eat rice-kispies but say that she is healthier than most people.
 The most food his boyfriend prepared she did not like.",0.6531410217285156,0.2584887444972992
This topic is about military forces and troops in an ongoing war making up the defensive army.,British citizens have the highest amount of personal debt compared to others in major developed nations according to the International Monetary Fund,"Prince Harry is due to arrive in Australia next Monday to begin his final tour of duty, where he will spend four weeks with the Australian army.
 The King is on tour, his final before hanging up his uniform and retiring from the military, will see him, where he will serve alongside some of the country's elite soldiers in Darwin, Perth and Sydney.
 'It has been an opportunity he has been interested in exploring for some years now and he is delighted to be able to do so before completing his military service in the British Armed Forces later this year.' The fourth in line for the royal throne will have his military activities briefly halted at the end of the month, when he flies to Gallipoli with Prince Charles for the Anzac Day celebrations.
 'Defence's focus for this annex is to provide Captain Wales with an authentic military experience in the Australian Army, which builds on his previous experience with coalition forces and complements his work with injured, wounded and sick duty personnel,' says one communicated.
 The annex will also allow Captain Wales to share the experience and knowledge he has gained over 10 years of military service in the British Armed Forces, including two operational missions in Afghanistan.",0.6734650135040283,0.9203757643699648
"This topic is about a final match to determine which team will win the final round, winning the title to become this year‚Äôs champion.",The bird flu has become worse in U,"Due to the additional pressure on the players in the final match, they were defeated. They lost the opportunity to be the champions because of distractions. This made them learn a lesson and to focus on the game as it comes.",-0.47482824325561523,0.3841622769832611
"This topic is about the world cup football championship, Brazil qualifying for the finals, Messi talking about Ronaldo, world champions defending their title, the Nations Cup, the best group of players, real madrid, and a competition for the cup.",The bird flu has caused major issue in the U,Real Madrid is going to play Atletico Madrid soon. Ronaldo has not defeated Atletico in several games. Atletico has benefited from the players ability to be coached well.,0.8074206113815308,-0.23927557468414318
"This topic is about the presidential campaign, the presidential candidate, a state governor, joining a presidential campaign, and a huge impact on political campaigns.","""The illegal firearms trade fuels violence on the streets,"" said United States Attorney Eileen M","The road to the White House is long, expensive, and exhausting. Becoming a candidate is only the beginning of the election process. Successful candidatesFormer Senator John Edwards, the Democrats' vice presidential nominee in 2004‚ã, was also widely regarded at the start of the campaign as a stronger candidate",0.9065219163894656,0.2523512542247772
"This topic is about credit, receiving funds, paying money using a credit card, and spending money.","A politics professor at a £31,000-a-year boarding school attended by Sir Winston Churchill was kicked out of the classroom after he was filmed commenting on sexual abuse and gestures to a woman on a train","Hillary Clinton has tried to portray an image of a future President who identifies with the working women of America. She says that she would try to address their problems of unequal pay and gender-based wage discrimination. She herself is affluent and the 23% wage cut that she has promise to accept is not likely to affect her much financially. It is more like a political stunt. However, it will influence the middle class working women greatly.",0.7738429307937622,0.7258666753768921
"This topic is about a person found guilty in the trial before a judicial panel, opening a criminal trial against him, a person potentially facing jail time,  receiving a fine, and a suspended prison sentence.",This aircraft was used in World War 2 and the Korean War,The 30 year old builder has been sentenced to 21 months in jail for theft and fraud. The defense gave the excuse that he was suffering from a recent break up and got into financial trouble. The judge pointed out that he became friends with the elderly woman to the point of earning her trust and then abused that friendship.,0.8577365279197693,0.3856111168861389
"This topic is about a final match to determine which team will win the final round, winning the title to become this year‚Äôs champion.","At Craven Cottage, Robin van Persie scored twice to contribute to Manchester United's 4-1 win over Fulham in the Under-21 Premier League","Aston villa will be playing its semi-final at Wembley, which is the final round game before they reach the final of the FA cup. Aston Villa are two games away from becoming the champions and lifting the FA cup this year. For Aston Villa, each match is like a final match, because each point is very vital in their survival in the Premier league as highlighted by Benteke.",0.8852922320365904,0.06716307252645493
"This topic is about the senate and congress, congressional pressure, calling one's representative's office, informing a Senate committee, lawmakers setting the record straight, the staffer to the Democratic senator, and federal employee benefits.","UEFA has decided to extend the financial rewards for playing in the Europa League, with the announcement that the prize money for the tournament will increase by 65 percent","Having an agreement with Congress could definitely be worth the fight in the end. Having the Senate could also be worth it, so they won't be against you like they were Reagan. It makes the ratification process more legit.",0.5064139366149902,0.8993020057678225
"This topic is about Formula 1 racing, the Grand Prix on the race track, Hamilton‚Äôs team and the Ferrari team, and collisions during a race.",According to reports Pope Francis will address the US Congress after accepting an invitation to visit the White House and President Barack Obama will host the Pope,For this article the team of AP McCoy is preparing for their last two rides as his final year as a jokey. They are preparing for the race at Sandown on Saturday where JP McManus will also be at the track. McCoy's last mount is sure to be a box office hit and will be notable by those far and wide.,0.3064400553703308,0.11112789809703827
"This topic is about winning the match by a few points, and how Barcelona had minutes left and had scored before half-time but were able to score a goal at the end.",Supreme Court Justice John Roberts was not selected for jury duty after reporting to a Maryland courthouse,"The days of Arsenal's gentle old men not enjoying life up north of Hertfordshire are long gone. The superb Aaron Ramsey scored in the first half to see off Burnley at an intimidating Turf Moor and give Arsene Wenger's side an eighth win in a succession, the finest run since The Invincibles club did it in 2004. Sunderland, Newcastle, Manchester City, and now Burnley have all beaten Arsenal.",0.334216833114624,-0.2939471006393434
This topic is about military forces and troops in an ongoing war making up the defensive army.,A month before per presdiental campaign hillary clinton was accused of with holding information from the goverment,The Basij is a militia who is loyal to the religious leaders in Iraq. They are dedicated to eradicating ISIS in their country. They also plan to fight with the other religious extremists in Iraq and Syria.,-0.07807106524705876,-0.08114926517009735
"This topic is about Formula 1 racing, the Grand Prix on the race track, Hamilton‚Äôs team and the Ferrari team, and collisions during a race.","A local celebrity, age 16, was killed by a drive by shooting",Wiggins will hop for a capacity 6000 crowd to spur on his attempt. The briton finished his team sky career at Paris-Roubaix. The current Hour record is 52.491km by Australian Rohan Dennis.,0.650091290473938,0.5028775334358215
"This topic is about a football league having a world championship where each team‚Äôs fans are gathered to watch the end of this season‚Äôs games culminating in a tournament, to see their favorite football player.",Rubio does not believe same-sex marriage should be a constitutional right,The fans of both teams have a long standing rivalry. Playing at Old Trafford the home of the Manchester United can be a hard place to play in. The Arsenal record at Old Trafford is not the best but but Per Mertesacker a team member thinks otherwise that if you are not up to playing GREAT your just good and will lose. Winning cups and trophies are what gives a boost to moral and teams and they want to get back at it.,0.6017409563064575,0.3446953296661377
"This topic is about firefighters tackled the blaze, wood burning, residents evacuating, flames, spit embers downwind, and burning buildings.","Meteorologists warned millions of people in central America to keep an eye on the sky on Wednesday and Thursday amid threats of hail, high winds and strong tornadoes",The Heroic Fire Department and Ceda Fire Department fought a brush fire in Mexico City. An investigation is underway to assess their behavior while fighting the fire. Both departments are employed by Mexico City.,0.8983690738677976,0.8922066092491152
"This topic is about a football league having a world championship where each team‚Äôs fans are gathered to watch the end of this season‚Äôs games culminating in a tournament, to see their favorite football player.",The Giggs brothers both had a football career,A school has told a volunteer coach she was no longer allowed on school property after allegations of sexual misconduct with a student came to light. The coach was unpaid and worked on a volunteer basis with the girls basketball team. The school superintendent has stated that they take all allegations of sexual misconduct seriously and would ask that anyone with pertinent information to contact the police.,0.15943458676338196,0.7024885416030884
"This topic is about a person arrested and charged, authorities allegations, an investigation, being accused of a crime, being under arrest on one charge, and being under investigation.","If you own an iPhone or iPad, your encrypted passwords, bank details and other private data may be at risk from hackers","Rachel Lehnardt, a mother of 5, was arrested for throwing a party for her 16 year old daughter that involved drugs, alcohol, and sexual behavior. She allegedly encouraged her daughter and friends to drink, smoke marijuana, and play naked twister while she had sex with men and used sex toys on herself in front of the children. She also claimed to have awoken at one point to a 16-yr old boy having sex with her without her consent. She was arrested while her daughter and remaining children were placed under the custody of their paternal grandparents.",-0.1484430730342866,0.325368732213974
"This topic is about winter temperatures as opposed to hot weather conditions, cold mornings, and weather forecasts like snow being expected later.",Hector Bellerin is becoming very popular among fans for his great skills on the football field,"Waitrose yesterday announced the earliest arrival of its first British tomatoes of the year.
 But thanks to endless days of sunshine and temperatures we wouldn't expect until August, English tomatoes and asparagus are already on the shelves, weeks earlier than usual.
 Strawberries are already on the shelves too - much earlier than usual - and English raspberries saw their first appearance in the last week of March.
 The network estimates that the asparagus crop could increase 20 percent this year compared to the average, having received an initial boost from high light levels and warm temperatures.
 'Peter Cooke, buyer of Waitrose vegetables, said: 'Our customers can choose from a wide variety of home-grown tomatoes and in larger quantities than last year.
 Early arrival: Thanks to endless days of sunshine and temperatures you wouldn't expect before August, English tomatoes and asparagus are already on the shelves, weeks earlier than usual.",-0.10704648494720459,0.5494334101676941
"This topic is about family and friends, and a husband and wife, the couple‚Äôs daughter has two brothers.",Arsenal midfielder Mesut Ozil was criticized when the German international changed his shirt at half-time during the Champions League round of 16 clash with Monaco,"This article is regarding the Queen's cousin, Duke of Kent. His wife is Katherine Kent. She dropped her Royal highness title and worked works as a music teacher. Even though his advanced age, he actively engages in his royal duties.",0.8953439593315125,-0.2642577886581422
"This topic is about civil law, marriage, federal law, legal actions, state law, petition, and law for married couples.",For many years winning the league championships would guarantee a managers job,The article describes the fight for marriage equality. It highlights the fact that state laws outlawing inter-racial marriage have only been rescinded as recently as twenty years ago. The decision of the Supreme Court to advocate marriage equality is vital for American society to progress.,-0.7791932225227356,-0.6159127950668336
"This topic is about family and friends, and a husband and wife, the couple‚Äôs daughter has two brothers.","Nationwide Building Society is giving anyone up to the age of 70 the chance to take out a 35-year loan, as pension reforms give people over 55 access to withdraw from their pension pots and spend as they like",Samuel Eto was the subject of a racism incident. The incident happened when he wanted to purchase an expensive watch at a jewellers. The worker at the store was initially hesitant to show Samuel and his brother the watch because they were black. Then the worker told them that the credit card was declined. Samuels brother told the worker that his brother could afford the watch and their refusal to sell him the watch was due to his race.,-0.27246347069740295,0.5548437833786011
"This topic is about a final match to determine which team will win the final round, winning the title to become this year‚Äôs champion.","Pop music and Golfing fans in the Boston, MA area will rejoice in mid-September as Rory McIlroy will be joining One Direction singer Niall Horan on stage at the Gillette Stadium for 'payback' in response to Horan falling while caddying for McIlroy",The dressage World Cup was held in Las Vegas. This year's champion is Charlotte Dujardin who achieved a score of 85.414 percent to win the title. She won the event with her horse Valegro.,0.8432388305664065,0.01707276701927185
"This topic is about traveling via air, passengers on a flight, airlines offering flexible changes, the world's busiest airport, international transport, and flights being handled by different air traffic controllers.",Real Madrid star Gareth Bale enjoyed a barbecue on Sunday night after his previous exploits helped Los Blancos achieve a sensational victory,Ryanair is well-known for upsetting its passengers. Its flight attendants are known to be rude and its surcharges are ill-received. It is launching a marketing campaign to revamp its image.,0.3805692493915558,-0.1699122041463852
"This topic is about a rise of taxes benefitting average people, with increased benefits despite their expenses due to a budget increase and decreased consumer goods rates.",Prince Harry is the Vice Patron of the Rugby Football Union,"Taxpayer money, about £11billion per year, is being used to supplement the wages of 5.2 million people working in low-paying jobs. According to campaigners, this shows how companies making huge profits are relying on the taxpayer to ensure their staff can pay for basic costs of living. Charities are campaigning for an adoption of the Living Wage to offset the need for these government subsidies.",0.6494506597518921,0.6512358784675598
"This topic is about university researchers, scientific journals, studying humans, and studies by researchers.","A father of four, Imran Sharif has admitted that he brutally killed his 17-year-old wife in his kitchen before quietly going to work",Researchers have found that the ancestors of humans adapted quickly to changes in their environment. Evidence from related ancestors have found changes in their physiology in order to survive on specific diets. These early humans also migrated based on evidence of climate change and adapted to the environment there for their food source and living conditions.,0.8517028093338013,0.16242867708206177
"This topic is about family and friends, and a husband and wife, the couple‚Äôs daughter has two brothers.","For most of the country, spring is here","Kanye West insisted he has a very close relationship with Barack Obama, even after the president denied him in an interview with Jimmy Kimmel Live. When asked about the matter by a TMZ reporter at LAX airport, he reaffirmed that Obama had called his home before. Now, the truth seems to have finally been revealed, when a source close to West revealed that a member of the presidential team had tried to establish a future rapper's chat with Obama.",0.06932608783245087,-0.04029456526041042
"This topic is about people infected with the virus, identifying new cases, the outbreak of measles, public health, new strain of flu, and infected cases.",Riki Hughes a former military solider,"According to California Department of Public Health since December measles had affected more than 130 Californians. Of 131 measles cases identified, the state obtained the vaccination status of 81 patients, 70% of these patients were unvaccinated. Dr. Karen Smith said, identifying cases earlier on, contact tracing, vaccinating people at risk and increasing awareness about measles among health care providers helped to control the outbreak of measles. The first cases were from the visitors of the two Disney theme parks in California.",0.2832842767238617,0.7176660299301147
"This topic is about winning the match by a few points, and how Barcelona had minutes left and had scored before half-time but were able to score a goal at the end.",Floyd Mayweather is an undefeated professional worth $420 million,"It was a good night for the Premier League misfits at NRGi Park, with Denmark beating the US thanks to a Nicklas Bendtner hat-trick after Jozy Altidore opened the scoring for the visitors.
 On a night when Tottenham's Christian Eriksen became the youngest Dane to win 50 caps, Altidore, who managed only a single English Premier League goal during an 18-month stint at Sunderland, put the US ahead in the 19th minute in Aarhus.
 Denmark kicked off the international friendly with good luck but fell a goal behind when Altidore, who moved to Toronto in January as part of the deal that saw Jermain Defoe return to England, hit a Timmy Chandler cross.",0.5899451971054077,0.10807657241821289
"This topic is about the navy rescuing in the ocean, swimming in the sea, sandy island, dive team rescuing a person, ocean water and fishes in the sea.",The pressure on players of the favourite football team to reach the final,Thousands of fish died due to a chemical imbalance at a commercial fish farm. The lake used by the farm had to remove the fish and rebalance the chemicals after ammonia was found in the water. The owner of the farm believes the ammonia came from a nearby farm and that's what killed so many fish.,-0.17860303819179535,-0.3184671700000764
"This topic is about civil law, marriage, federal law, legal actions, state law, petition, and law for married couples.","As Hillary Clinton kicks off her bid to enter the White House, she is now able to claim that her path to being the first woman president started in Ystradyfodwg, a small community in south Wales","Attorney General Eric Holder bade farewell to the Department of Justice on Friday after six years, describing what he said were its main accomplishments and telling officials they helped produce a 'golden age' in the department's history. Holder called for changes to the criminal justice system, instructing prosecutors to drastically limit the use of strict mandatory minimum sentences and advocating alternatives to prison for nonviolent drug defendants. While Holder sees civil rights as a defining element of his legacy, his early years focused primarily on national security concerns as the country faced several terror plans, including a failed effort to blow up a Detroit-bound plane on the day. Human rights groups expressed frustration when the department did not file charges over harsh tactics for interrogating terror suspects.",0.11744274199008942,-0.15430733561515797
This topic is about military forces and troops in an ongoing war making up the defensive army.,"President Barack Obama declined to mention whether the United States would provide Apache helicopters, drones, and arms to Baghdad to help with the fight against ISIS","A military, also known collectively as armed forces, is a heavily armed, highly organized force primarily intended for warfare. It is typically officially authorized and maintained by a sovereign state, with its members identifiable by their distinct military uniform. It may consist of one or more military branches such as an army, navy, air force, space force, marines, or coast guard. The main task of the military is usually defined as defence of the state and its interests against external armed threats.
 

 In broad usage, the terms armed forces and military are often treated as synonymous, although in technical usage a distinction is sometimes made in which a country's armed forces may include both its military and other paramilitary forces. There are various forms of irregular military forces, not belonging to a recognized state; though they share many attributes with regular military forces, they are less often referred to as simply military.",0.7005516290664673,-0.3672946095466614
"This topic is about the country's president, ruler of the country, President Barack Obama, the White House press conference, the Bush administration, and the former Republican president.",Some of these corporations say they will increase their prices if a tax is implemented,"The Russian President has said that Russia has many interests in common with the US and that they should work together towards a common goal. Putin has stated that although there are several issues in which Russia and the US have disagreements, they should work together to make the world more democratic. He believes that there is a common agenda of efforts to support making the world's economy more balanced.",0.4206158518791199,0.7529032230377197
"This topic is about family and friends, and a husband and wife, the couple‚Äôs daughter has two brothers.",A gay couple were surprised to find themselves in Hillary Clinton's 2016 campaign ad,"Annegret Raunigk, a German primary school teacher, who is 65 years old is expected to deliver a quadruplet in few days. This is the most challenging delivery for doctors as there has not been any previous experience of the same. Annegret Raunigk got pregnant after artificial insemination and the children's father's identity is unknown. Although doctors suggested to go for abortion, Annegret Raunigk was against this and decided to deliver the children. She has already given birth to 13 children and she was ready to take the risk. She is the oldest woman to deliver quadruplets in medical history.",0.05956876277923584,0.2519097924232483
This topic is about weight loss and following a healthy diet in order to regulate body fat and blood sugar levels and lose a few pounds of weight following a diet.,"John and Carolyn Jackson were foster parents to three children, and also had three biological children",Only Alastair Cook and Kevin Piertersen have scored more centuries (100) than Bell. Bell has 22 and Cook has 25 with Piertersen having 23. Cook hasn't added any centuries to his record number since 2013.,-0.27811917662620544,-0.5045824050903323
"This topic is about Manchester United's manager, Premier League, the striker for the team, and Liverpool versus Chelsea.",Arsenal lifted the FA cup following victory over Hull City last season and all the credit goes to the team and their hard working coach Arsene Wenger,"Seaman's heroic saves at Arsenal made him a target for the Manchester United's manager. However, he decided to join Manchester United's rivals, Manchester City in the summer. Seaman believes the striker for the Arsenal team can still propel them against their FA semi-final opponents, Reading.",0.6871553659439087,0.8295717835426328
"This topic is about the country's president, ruler of the country, President Barack Obama, the White House press conference, the Bush administration, and the former Republican president.",Few activities compare to drinking a cool drink while taking in stunning sea views and soaking up the sun at an island paradise,"On April Fool's Day, the President of the United States, Barack Obama, decided to play another president, but from fiction: Frank Underwood, protagonist of the series House of Cards. In the representation, which lasted 12 seconds, Obama incorporated the character. In the video, which is part of the West Wing Week YouTube series, chronicling the president's week, Obama even used a southern accent to represent Underwood, who is a politician who uses fraud and violence to achieve the highest office in the country.",0.9386643171310425,-0.24965649843215942
"This topic is about winning the match by a few points, and how Barcelona had minutes left and had scored before half-time but were able to score a goal at the end.","Barack Obama, the former president, was extremely emotional about the prospect of his daughter Malia leaving the White House for college","Arsene Wenger was delighted when Didier Drogba left Chelsea for Shanghai Shenhua in 2012, with the Ivorian striker leaving England with a formidable 13-goal record in 14 games against Arsenal.
  Now back at Chelsea, Drogba must overcome a concussion and return to the Emirates with Wenger's scorned opponent Jos Mourinho, looking to boost his all-time record of 15 goals in 15 games against Arsenal and dash hopes for the North London side of catching the Stamford Bridge team at the top of the Premier League.
  Having originally signed with Chelsea in 2004 for Marseille's £24m, Drogba had time to forge his formidable status against Wenger, his first two matches ending goalless.
  It was the Community Shield of 2005 when he put Arsenal to the sword for the first time, hitting two goals over Jens Lehmann in a 2-1 victory at Millennium Stadium, before scoring the decisive goal in a 1-0 Premier League victory, three weeks later.
  But he topped the top 15 with two more goals in the end, this time for Galatasaray, with Drogba leading the Turkish team to the Emirates Cup in 2013, serving Wenger as a reminder of what he was happy to be missing in the Premier League.",0.8362603783607481,-0.5953968167304994
"This topic is about university researchers, scientific journals, studying humans, and studies by researchers.","Cristiano Ronaldo's yellow card has been rescinded, so he's back in the game",researches of university of Montana study affects of fast food after workouts. Data shows that 90 min workouts of high intensity rule out eating fast food after a workout. 11 males athletes were tested to show the effect of fast food and workouts.,0.24436599016189575,0.008704820647835732
"This topic is about a football league having a world championship where each team‚Äôs fans are gathered to watch the end of this season‚Äôs games culminating in a tournament, to see their favorite football player.",Cesc Fabregas will return to Arsenal for the first time since leaving in 2011,.liverpool won with 2-0 as the final game score. the strike went lass minute and got the game winning goal.aresnal has the most goal scores as individuals in the league that season.,0.3163338601589203,0.2697334587574005
"This topic is about a final match to determine which team will win the final round, winning the title to become this year‚Äôs champion.",Pharmacist Imran Sharif left the couple's children at their schools before going home and slitting his wife Raheela Imran's throat,Dathan ritzewnhein was seventh by and large in the men's race and the main american in at an informal trailed by last years victor.Veiwed as a motivating and tough triumph for boston and the long distance race as the yearly occasion keeps on bringing back recollections of 2013. Caroline rotich of keny won the ladies division with an informal seasson of 2 hours 24 minutes 55 seconds. A drained rotich grins in celebration subsequent to prevailing over her foes in the last part of the 26 miles race through midtown boston. Psychological oppression charges against declaration from casualties who had lost friends and family and appendages. Tsarnaev presently 21 could confront capital punishment in the wake of condeming in government court. A few casualties of the assqult have stod up.,-0.17825354635715485,0.2056134045124054
"This topic is about medical care, doctors performing surgery, as well as hospital nurses and doctors.",Spain won the world cup with many Catalonian players on their team,A hospital paid a temporary nurse 2200 to cover one 12 hour shift. This is double the rate of a neurologist. The nurse covered a shortage of trained staff in the intensive therapy unit.,0.9366718530654907,0.4463539123535156
"This topic is about family and friends, and a husband and wife, the couple‚Äôs daughter has two brothers.","Zac Evans,19 was killed in machete attack","Harris holding daughter Willow-Star and surrogate mother Viktoria Ellis (right) The couple, who met in 1999 and became civil partners in 2012, celebrated the birth of their first child, son Phoenix Blue (left with the Mr.
 Phoenix Blue (left) was born naturally after a 16-hour induced delivery, weighing 7 pounds and 15 ounces, while Willow-Star was born at a healthy 7 pounds at Viktoria Ellis' home, after a 25-minute delivery that was so fast that the parents were awakened by a text saying, ""Your girl is here!"" Showing off baby number two for the first time, the civil partners recounted how their rapidly expanding brood left them exhausted but elated.
 She was born with a healthy 7 pounds in the home of surrogate mother Viktoria Ellis on February 25th - after a 25-minute delivery so fast that gay parents 'were woken by a text message saying, 'Your little girl is here!'
 'Harris-Lee - a boy - was born naturally on January 14 after a 16-hour induced labor, weighing 7 lb 15 ounces.
 We've spent 15 years fearing that we'd never be able to have kids, so even though sometimes, as all parents know, you're completely exhausted, the euphoric feeling far outweighs anything negative.
 Harris (right with Phoenix), who met in 1999 before becoming civil partners in 2012, said: 'While we may not cater to some people's idea of a traditional family, all our children will be loved in a stable environment and loving 'Mr.
 ""Although we may not live up to some people's idea of a traditional family, all of our children will be cared for in a stable and loving environment."" The couple met in 1999 and became a civil partner in 2012.",0.41400375962257385,-0.5096470713615417
"This topic is about a person arrested and charged, authorities allegations, an investigation, being accused of a crime, being under arrest on one charge, and being under investigation.",Ukraine was a former country of Russia,"The NYPD and FBI are conducting an investigation to learn who was responsible for a 2008 bombing of the Times Square military recruitment center in New York City. Authorities allege that the suspect delivered the bomb to the location on a bicycle, and may be connected with Iraq or Afghanistan. Though no one was hurt, the potential danger of the situation makes finding the suspect to investigate, arrest and charge that much more important. A reward of $115,000 is available.",0.9128754138946535,-0.5782219171524048
"This topic is about family and friends, and a husband and wife, the couple‚Äôs daughter has two brothers.",Miss McCormick's partner Dan Dimmock feared her wife's safety as result to excess weight,Paul walker an actor of movie has fatal death at age of 40. His fans family and friends are paying tribute for him through many ways. On his memory the day his last movie was theater his friend and co actor named his daughter after him. It was sweet bitter experience for both of his family members friends and fans to watch his movie after his death.,-0.16270333528518677,-0.40933096408844005
"This topic is about a football league having a world championship where each team‚Äôs fans are gathered to watch the end of this season‚Äôs games culminating in a tournament, to see their favorite football player.",Over 70 people were sentenced due to their actions,Football player Memphis Depay is sought by various premier league clubs of Europe. Football leagues are highly impressed with his performance this season.During next window he might decide to play for Manchester United.,0.4206661880016327,0.6157808303833008
"This topic is about a person found guilty in the trial before a judicial panel, opening a criminal trial against him, a person potentially facing jail time,  receiving a fine, and a suspended prison sentence.","Turkey, although a world class golfing destination, has withdrawn the bid for the 2022 Ryder Cup Europe, and hopes to host the championship sometime in the future","Scammers have been caught stealing 66,000 pounds by pretending to be unmarried and living as landlord and tennant. The couple carried out their scheme over the course of eight years. They were finally caught and have been sentenced.",0.8245564699172976,0.9156308174133301
"This topic is about the presidential campaign, the presidential candidate, a state governor, joining a presidential campaign, and a huge impact on political campaigns.","After being named Britain's most expensive seaside resort town, prices in Salcombe have continued to skyrocket","Dr. Ben Carson, a Republican, is a well-known politician. He is planning to run for the position of U.S. President next year. He is quite critical of one of his opponents for the position, Barack Obama, describing him as a ""psychopath."" ",0.49060243368148804,-0.024880345910787582
"This topic is about the country's president, ruler of the country, President Barack Obama, the White House press conference, the Bush administration, and the former Republican president.",Spain won the world cup with many Catalonian players on their team,"Pope Francis will be visiting the United States this September, including Washington, New York, and Philadelphia. Either before or after his trip to the United States, he will visit Cuba, a few months after helping negotiate between the two nations. President Barack Obama and Cuban President Raul Castro praised the Pope's role in diplomacy between the nations. ",0.56588214635849,0.7034769654273987
"This topic is about credit, receiving funds, paying money using a credit card, and spending money.","Marco Rubio claims that people are born gay or straight, rather than being influenced by outside circumstances","In Australia, Government insist people to let their children vaccinated as it will help them to overcome disease like measles and other harmful diseases. But some parents think that these vaccination will make their children to get affected by autism and some think this is against their religious values. Australian government has announced that parents who are against vaccination will not be eligible for receiving welfare benefits worth $11000. The Social Services Minister, Scott Morrison has stated that the count of children who did not take their vaccination has doubled for past decade. Still people show their opposition to the recent orders passed by Australian Government and they have even signed petition against these orders.",0.4416060149669647,0.7374207973480225
"This topic is about Formula 1 racing, the Grand Prix on the race track, Hamilton‚Äôs team and the Ferrari team, and collisions during a race.",Seedorf won the title an aggregate of multiple times in his celebrated lifetime in 1995,The sprinter who won the boston marathon in 2013 and gave his decoration to the city after the destructinve psychological militant bombings has been delegated the current year men's champ. LElisa desisa current year's men's cahmp. Sprinters traveled through a moist monday morning course where well wishers attracted boston strong chalk on the asphalt to recall the three dead and in excess of 260 harmed in assault close to the end goal two years prior. Look down for video ethipian lelisa desisa who won the boston marathon in 2013 preceding a psychological oppressor assult was the primary spot finisher this year with a period of 2 hours 9 minutes 17 seconds desis lifed his hands in trumph and fatigue as he crossed.,0.35930219292640686,-0.050990670919418446
"This topic is about Formula 1 racing, the Grand Prix on the race track, Hamilton‚Äôs team and the Ferrari team, and collisions during a race.",President Obama concentrated on getting the clean bill of health act,Jessica Ennis-Hills will be returning to atheletics after a maternity break of 3 years. She will be competing against the current best atheletes of London.Her complete focus is on Rio Olympics.,0.04807773232460022,-0.6750414967536926
"This topic is about family and friends, and a husband and wife, the couple‚Äôs daughter has two brothers.","Tom Richards, ex-fianc of Danniella Westbrook, has been arrested, but not charged, for assault and harrassment","Elizabeth Sedway, 51, a married mother of two sons, has been removed from an Alaska Airlines flight from Hawaii to California along with her family because she did not have a doctor's note that would clear her to fly. Mrs. Sedway is battling cancer and was feeling weak prior to the flight, asking for additional time to board. This story and video has been share over 10,000 times on the Internet and includes her husband removing their carry-on luggage and taking the young boys out of their seats.",0.02416585385799408,0.8461933135986328
"This topic is about the world cup football championship, Brazil qualifying for the finals, Messi talking about Ronaldo, world champions defending their title, the Nations Cup, the best group of players, real madrid, and a competition for the cup.",An Air Force Major General James Publish III was fired after making a treasonous comment,"Benzema says that they are tryin to get into finals.
 James Rodriguez tells that it was a pleasure for him to work with the real Madrid manager.
 Rodriguez said that there is no margin of error and added that if they fail they are goer",-0.7661474943161012,0.304226279258728
"This topic is about a football league having a world championship where each team‚Äôs fans are gathered to watch the end of this season‚Äôs games culminating in a tournament, to see their favorite football player.",The Pope is planning to visit Cuba some time this summer,"Three Ajax youth team NFL season just ended with the Bucs winning the Super Bowl, but that doesn't mean it's the end of football season. Just like the previous two years, there's a new football league starting up in the week after the end of the NFL season. Two years ago it was the Alliance of American Football and last year it was the XFL. Both leagues folded prematurely (for varying reasons), but the Fan Controlled Football League is hoping for success. And considering how different their goals are, there's a good chance they see that success.",0.617042064666748,0.004349186085164547
"This topic is about family and friends, and a husband and wife, the couple‚Äôs daughter has two brothers.",John Hinckley Jr,"The former chairman of the Everton club, Sir Philip Carter, has recently passed away. He was also President of the Football League and Vice President of the Football Association. He died at home, surrounded by his wife, Lady Rita, family and friends. All fans of the club express their condolences.",0.7967088222503662,0.08636383712291718
"This topic is about the country's president, ruler of the country, President Barack Obama, the White House press conference, the Bush administration, and the former Republican president.",Greece needs money,"President Barack Obama entered office in 2009 in the midst of the 2008 financial crisis. He immediately launched the ambitious Affordable Care Act, despite the backlash. His administration continued battling the Tea Party Republicans after they gained a Congressional majority in the 2010 mid-term elections.George Washington. John Adams. Thomas Jefferson. James Madison. James Monroe. John Quincy Adams. Andrew Jackson. Martin Van Buren.",0.6682016849517822,0.6180830597877502
"This topic is about a derby football match, in which the ball hit the post; according to the Arsenal football team‚Äôs former manager, they could have snatched victory, but the ball hit the post.",The Final race of AP McCoy will be one for the box offices and they will be in the colors of his owner JP McManus,"Admitting defeat, Arsenal was a good sport even having lost. Monaco is very deserving of such victory however, there's work still to be done. With Arsenal out, it's up to Manchester City to carry England's reputation against Barcelona which will be Wednesday. An overturn of a 2-1 is needed to claim as a win.",0.8544838428497312,0.792794406414032
"This topic is about a derby football match, in which the ball hit the post; according to the Arsenal football team‚Äôs former manager, they could have snatched victory, but the ball hit the post.","Real Madrid will have a heavy embezzlement for the game against Malaga, at home, valid for La Liga","Liverpool face Blackburn in the FA Cup quarter-final replay on Wednesday. Emre Can and Martin Skrtel are both suspended, so Lovren could be called up. The Reds were thrashed 4-1 by Arsenal at the Emirates on Saturday. Rodgers is set to bring in Lovren after opting for Kolo Toure against the Gunners. 'Dejan was out over the international break but he is looking strong.",0.6473575234413147,0.36701351404190063
"This topic is about the country's president, ruler of the country, President Barack Obama, the White House press conference, the Bush administration, and the former Republican president.",Arsene Wenger fears that Alexis Sanchez is losing steam and may be looking for the right moment to give the Chilean striker a well-deserved £32m escape,"The article describes ""ChaCam"" or Prince Charles and his wife's trip to the US. Part of their itinerary is meeting with President Obama. This is their second time meeting with Obama in the Oval Office; however, they have made many trips to the US and met other presidents, probably including former President Bush.",0.6134890913963318,0.8435341119766235
"This topic is about high school students and children going to school, education in schools, and parents meeting teachers.",David and Margaret-Ann Rous were on their way to visit family when their plane crashed and the couple passed away,"A 44-year-old mother had applied for her four-year-old to go to St John Fisher's RC Primary School in Middleton near Rochdale, but despite her three sons attending the school, her daughter was denied attendance. That year there were 82 applciations for only 30 places at the school. One in ten children across Greater Manchester missed out on their first choice school when allocations were announced this morning. 88.9 per cent of children in Rochdale were offered their first school preference, with the school's governing body ranking applications according to published criteria. ",0.6044290065765381,-0.2171710729599
"This topic is about the senate and congress, congressional pressure, calling one's representative's office, informing a Senate committee, lawmakers setting the record straight, the staffer to the Democratic senator, and federal employee benefits.",A new prosecutor has dismissed allegations against Argentine President Cristina Fernandez de Kirchner of trying to cover up Iran's involvement in the bombing of the Jewish community center bombing at Buenos Aires in 1994,"Representative Aaron Schock of Illinois earned taxpayers more than $10,000 on private flights last fall, including a trip on a private jet to a Chicago Bears football game.
 Last November's flights count no more than a dozen other trips on donor planes Schock has paid for out of his House office expenses or campaign funds since he joined Congress in 2009.
 In total, according to the paper, he used $20,855 in taxpayer money for the trip from Chicago and another to New York in September, where his political action committee spent another $3,000 on tickets to the Global Citizen Festival concert.
 In a statement, they claimed that a legal team was already examining 'compliance procedures in their official office, at the Campaign and Leadership PAC to determine if they could be improved'.",0.6624131798744202,0.04723362252116203
"This topic is about civil law, marriage, federal law, legal actions, state law, petition, and law for married couples.","Suzanne Crough, the child actress who played youngest daughter Tracy on the '70s musical sitcom ""The Partridge Family"", passed away at home in Laughlin, Nevada, the Clark County Coroner's Office said",The discussion is about the legality of same sex marriage and the churches involvment by voicing it's opinion about it. It describes the controversy caused within the media and public. Various people are quoted with their statements on the subject.,0.8611152172088623,0.22428584098815918
This topic is about military forces and troops in an ongoing war making up the defensive army.,A new prosecutor has dismissed allegations against Argentine President Cristina Fernandez de Kirchner of trying to cover up Iran's involvement in the bombing of the Jewish community center bombing at Buenos Aires in 1994,French special forces rescued a Dutch national being held captive in Mali. The rescue is part of the broader mission by some 3000 French troops to stabilize the country. The hostage was safely evacuated to a French military base.,0.19943349063396454,0.3749236762523651
"This topic is about family and friends, and a husband and wife, the couple‚Äôs daughter has two brothers.","Arabtrust e a Federation of Dundee United Supporters Clubs dizem que est£o ""chocados"" que 25 por cento dos £ 6,3 milhµes em taxas de transferncia de Ryan Gauld, Andrew Robertson, Stuart Armstrong e Gary Mackay-Steven foram pagos em comiss£o a partidos n£o identificados","A father of four, Imran Sharif has admitted that he brutally killed his 17-year-old wife in his kitchen before quietly going to work.
 Leaving her dead on the kitchen floor, the 'violent and dangerous' 44-year-old man stripped off his bloodstained clothes and hid them under the driver's seat of his car.
 'This has been an incredibly difficult time for Raheela's family and friends as they try to come to terms with her loss and while it may offer them little comfort, I hope Sharif's confession of guilt will be of some help when they start to rebuild the house of your family lives.' Adrian Foster, Crown Prosecution Service chief prosecutor for the Thames and Chiltern Crown Prosecution Service, said Raheela's life had been ""prematurely ended"".
 Foster said: 'Having been charged with the murder of his wife and while on remand in Bullingdon Prison, Sharif confided in another prisoner, whom he had known for about 12 years and admitted to having killed his wife.
 A neighbor, who asked not to be identified, said after last year's murder: 'They were great people, it's really shocking.' A resident of nearby Bell Close said: 'I take my dog for a walk around the house and the children were always playing outside, there were always lots of people coming and going.",0.13316860795021057,0.896613538265228
"This topic is about Manchester United's manager, Premier League, the striker for the team, and Liverpool versus Chelsea.",FOOD QUALITY IS A BASIC REQUIREMENT TO MEET THE NEEDS,"Potential future manager at Bernabeau, Zinedine Zidane, has sparked a transfer battle after stating he liked Eden Hazard more than Cristiano Ronaldo and Lionel Messi. He told fifa.com that he likes everything about Hazard. He belives Hazard's form was a major factor in Chelsea's Premier title victory.",0.40787723660469055,0.754828155040741
"This topic is about a person found guilty in the trial before a judicial panel, opening a criminal trial against him, a person potentially facing jail time,  receiving a fine, and a suspended prison sentence.",The fans of both teams have a long standing rivalry,"Nuku Vanonyi Cudjoe-Calvocoressi, 41, who was head of politics at St George's School in Ascot, was traveling on a train from Richmond to Reading when he pulled on his shorts and exposed himself to a 33-year-old female passenger. Nuku Vanonyi Cudjoe-Calvocoressi, who was head of policy at St George's School in Ascot, was on a train when he pulled his shorts and exposed himself to a female passenger. On June 30, 2014, Cudjoe-Calvocoressi was sentenced for dishonest exposure at Berkshire Magistrates 'Court after the June 13 incident aboard a train. The woman filmed Cudjoe-Calvocoressi as he exposed himself on the train, leading to his conviction. Now, on the NCTL disciplinary panel in Coventry, Cudjoe-Calvocoressi has admitted the alleged facts and admitted that the conviction was for a relevant crime.",0.7783788442611694,0.6191904544830322
"This topic is about winter temperatures as opposed to hot weather conditions, cold mornings, and weather forecasts like snow being expected later.",Prince Harry is the younger son of Prince Charles and Princess Diana,"Due to cold conditions, the Great Lakes are partially frozen which hinders the fishing boats to sail or fish on the lakes. Ronald Kinnunen, a fisheries expert said that the Lake superior is half covered in ice and it's still iced over at the Mackinac Bridge. He believes that it is better to go fishing in the next year.",0.7330045700073242,0.6409194469451904
"This topic is about high school students and children going to school, education in schools, and parents meeting teachers.",Public health is struggling with the outbreaks of new cases,Youth in Kenya have access to a western style school. Many of the staff that teach subjects like mathematics are Christian and are targeted by terrorists. The director replaced 5 teachers who were killed. He vows to continue educating the youth.,0.7198370099067688,-0.37084078788757324
"This topic is about family and friends, and a husband and wife, the couple‚Äôs daughter has two brothers.",Real Madrid is the premier football league,"One child's parents were charged after police said they could not approve who would take care of their three-month-old child over the weekend and the father abandoned her at a McDonald's in Ohio.
 Rachel Jaajaa, 22, and Aaron Tate's daughter, 29, were found Friday night at a McDonald's in Elyria when a customer called 911 after seeing the baby left alone.
 Police said Jaajaa was leaving McDonald's after her shift ended on Friday at around 8 pm and found Tate in the parking lot with the child.",0.14783984422683716,0.5662791132926941
"This topic is about the country's president, ruler of the country, President Barack Obama, the White House press conference, the Bush administration, and the former Republican president.",This article focuses on the football team Arsenal in the United Kingdoms Premier League,"The Israeli Prime Minister condemned a deal which aimed to hinder Iran's nuclear program. In Netanyahu's view, a different, more forceful approach is necessary in combating Iran. He does not believes that sanctions should be lifted from Iran unless it stops its nuclear ambitions.",0.6093665361404419,0.6498192548751831
"This topic is about a final match to determine which team will win the final round, winning the title to become this year‚Äôs champion.",Cesc Fabregas met Daniella Semaan whilst he was playing for Barcelona in Spain and lived together the the girlfriend together with her two step children,"Fans in the French city of Saint-Etienne were lucky when they received a gift on Monday night, with Brazilians Ronaldo and Zinedine Zidane participating in the 12th annual match against poverty. The famous football immortals Ronaldo and Zidane have joined a host of former greats, including Clarence Seedorf, Fabian Barthez, Jay-Jay Okocha and Gianluca Zambrotta, to name a few. The former Inter Milan and Real Madrid striker celebrates after scoring the goal. Former Nigerian international Jay-Jay Okocha moves into goal during the Match Against Poverty. Ronaldo and Zidane made a joke with former Liverpool star Vladimir Smicer watching",0.44041335582733154,0.84301233291626
"This topic is about Manchester United's manager, Premier League, the striker for the team, and Liverpool versus Chelsea.","Harris holding daughter Willow-Star and surrogate mother Viktoria Ellis (right) The couple, who met in 1999 and became civil partners in 2012, celebrated the birth of their first child, son Phoenix Blue (left with the Mr",Roy Keane is the assistant manager of the Republic of Ireland. He won seven Premier League titles as well as a number of other trophies. He has been very effective in his career.,0.4295341968536377,0.6979233026504517
"This topic is about power plants, using fuel to produce heat, fossil fuels that produce waste, and solar energy.",A French-language universal television network regained control of one of its 11 channels on Thursday after a cyber attack the day before blocked its broadcasts and social media accounts,"Audi has developed their own e-diesel from ""blue-crude"", an oil made by mixing water and carbon dioxide from fossil fuel waste. Carbon Dioxide as a raw material seemingly would become an ever abundant resource for creating fuel in this manner. Carbon dioxide can also be pulled out of the ambient air.",0.8173366785049441,0.7038136124610901
"This topic is about a group composed of militants, fighters joining forces, ongoing violence in the capital, people dead across the country, militants armed with grenades, and a border town.","Currently, about £11billion per year in taxpayer money is being used to supplement the incomes of workers in low-paying jobs","ISIS, comprised of group of militants, has attempted to support fighters joining forces to remain decisive. However, the ongoing violence in the capital that has left many people dead across the country continues to heighten the pressure on the group. The group has often dispatched militants armed with grenades on border towns to exhibit their influence.",0.9532659649848936,0.8033763170242312
"This topic is about a derby football match, in which the ball hit the post; according to the Arsenal football team‚Äôs former manager, they could have snatched victory, but the ball hit the post.",Senator Ted Cruz and Ohio Governor John Kasich are presidential possibilities on the republican side,"Arsenal Football Club has seen great highs and now are experience great lows. To make matters worse, London rival Chelsea are at the top of the league. Additionally, Tottenham has won the North-London Derby. Arsenal have displayed an ability to perform well without pressure, but they could have been in a much better position had they been able to stand the pressure and won the games they should have.",0.7826604843139648,-0.2293870896100998
"This topic is about Ukraine and Russia, calling to fight for Ukraine, euro countries, Russian officials gathering in Moscow, Vladimir Putin, a citizen of the eastern European country, and a bloc of nations within the European Union.","After being named Britain's most expensive seaside resort town, prices in Salcombe have continued to skyrocket","James MaClean, Republic of Ireland winger, was injured during Tuesday's training. Bad news for the team, as full-back Stephen Ward and midfielder Darron Gibson are still struggling with injuries. Fortunately, MaClean is expected to recover and be cleared prior to Sunday's big game with Poland. Manager Martin O'Neill has plenty of worries on his hands prior to the game.",0.22404927015304565,0.03970742225646973
"This topic is about winning the match by a few points, and how Barcelona had minutes left and had scored before half-time but were able to score a goal at the end.",Europe is amidst a political and monetary emergency that takes steps to disentangle many years of european joining and wreck the world's recuperation from the incredible downturn/ To comprehend this emergency we should think about two nations/ Country A will be a little country with a long history of tax avoidance goverm=nment obligation defaults and a useless business and administrative enviroment,"Bueno has scored 17goals in Rayo and would soon transfer to Porto.
 The goals that Rayo has scored this season most of them are assists from Bueno.
 Bueno celebrates scoring for Real Madrid in their match against Real Union.",0.7867891192436218,0.27934354543685913
"This topic is about terrorist attacks, islamic terrorism, attacks on the country, terrorist threats, and extremist groups.","A film from ukraine that tells the story of a soviet sniper wants to be successful in ukraine in russia, this may be possible in the midst of this conflict","A terrorist attack in Al Mukallah, Yemen caused the city's central bank and radio station to be temporarily overthrown. Islamic terrorist group Al Qaeda and 270 prisoners they freed from the local jail caused the conflict, according to CNN. This incident is seen as a continuation of the struggle for power between Sunni and Shiite groups after the forced removal of ex President President Abdu Rabu Mansour Hadi by Al Qaeda last month.",0.8997452259063721,0.8317157030105593
This topic is about military forces and troops in an ongoing war making up the defensive army.,British citizens have the highest amount of personal debt compared to others in major developed nations according to the International Monetary Fund,This aircraft was used in World War 2 and the Korean War. The paint helps remind and remember the people who died in those wars. Stars were drawn onto the black paint to remember the fallen.,0.7095643281936646,0.5554733872413635
"This topic is about how carbon emissions affect global climate change, the Earth‚Äôs surface as well as the atmosphere around the Earth, the temperature of the sun, and global temperatures.",Angel Di Maria said Manchester United are confident of consolidating the top four positions at the end of the season,"If there was any doubt that the Obama administration's Clean Energy Plan is an energy policy plan, not a carbon reduction plan, then you should look at how they treat nuclear energy. Nuclear is our largest carbon-free energy source, generating more than 60% of our carbon-free electricity. surely President Barack Obama's climate plan, supposedly aimed at reducing overall US carbon emissions, would revitalize the nuclear industry, increase plant construction, and help meet aggressive carbon reduction targets. That is, the EPA assumes that the nuclear industry is essentially extinct by 2050. These assumptions are very important because they show how emission targets are set and which state actions will receive credit for those targets. Some graduate students at the University of Tennessee made it for the EPA at a public hearing last summer. Congress didn't give the EPA the authority to make these choices, so instead they hid them in the modeling. For example, the same modeling that assumes the elimination of nuclear power coincidentally shows a robust development of renewable energy emwithout any retirements between now and 2050.",0.30725419521331787,-0.5556603074073792
"This topic is about credit, receiving funds, paying money using a credit card, and spending money.",An Act of Misconduct culminated in the dismissal of two Transportation Security Administration screeners,"Dr Rebecca Harris of the University of Bolton, worked on research about how children are struggling to socialize among others in real life. It makes children more dependent. Still many parents are in emotional strain and taking too care on their children which makes more financial debt.",0.8512935042381289,0.8017792701721191
"This topic is about family and friends, and a husband and wife, the couple‚Äôs daughter has two brothers.",Ongoing violence in Yemen continued yesterday when 270 prisoners joined forces with Al Qaeda troops to escape Al Mansoorah Central Prison in Aden,Violence in Somalia brought friends to death. The radicalization of British citizens led to them being in videos depicting beheading. Emwazi became so estranged that he wes seein beheading Americans and and Japanese,-0.04256020113825798,0.062012121081352234
"This topic is about high school students and children going to school, education in schools, and parents meeting teachers.",The husband worried that his wife instant noodles all the time and cooked different types of items and kept in small foam of containers to be frozen,A middle school coach has been charged with inappropriate sexual conduct with a student. The abuse allegedly happened during a sleepover at one of the player's houses. The coach was relieved of her duties as soon as allegations were brought up to school officials.,0.4914838969707489,-0.1713985949754716
"This topic is about a football league having a world championship where each team‚Äôs fans are gathered to watch the end of this season‚Äôs games culminating in a tournament, to see their favorite football player.",JADE DECIDED SHE WAS READY TO LOSE WEIGHT AND BE ON A HEALTHY DIET PLAN,"It was a good night for the Premier League misfits at NRGi Park, with Denmark beating the US thanks to a Nicklas Bendtner hat-trick after Jozy Altidore opened the scoring for the visitors. Aron Johannsson restored the leadership of Jurgen Klinsmann's side before Bendtner scored twice in the last seven minutes, sealing his hat-trick and securing victory for Morten Olsen's side.",0.057518623769283295,0.664491593837738
This topic is about military forces and troops in an ongoing war making up the defensive army.,Manchester United and Liverpool's pursuit of Kingsley Coman in doubt after Bayern Munich 'set final asking price of £77m' despite the French winger warning fee was 'unrealistic' amid the pandemic,"The Basij is formed by fighters loyal to Iran's religious leaders; and its mission is to protect the country's Islamic order. To do this, they are willing to do anything, including - as they say - facing ISIS. ""We are all prepared to wipe out ISIS completely,"" a commander Basij told CNN. This is symbolic of the gulf that still exists between Iran and the US, regardless of any melting of relations in the wake of the recent agreement on a nuclear deal and ongoing negotiations. Iran, militia involvement in ISIS struggles against a mixed blessing. Iranian President Hassan Rouhani told CNN's Christiane Amanpour last September that ""the aerial bombing campaign is primarily ... a form of theater rather than a serious battle against terrorism."" ""The battle in Iraq is very important for Iran,"" explained Mohammed Marandi, a professor at the University of Tehran.",0.16041085124015808,-0.12707404792308796
"This topic is about traveling via air, passengers on a flight, airlines offering flexible changes, the world's busiest airport, international transport, and flights being handled by different air traffic controllers.","Denise Fedyszyn, who is 37 years old is an obese woman","Explaining the motivation behind their hilarious video, the band wrote online: 'After repeatedly receiving the usual lack of respect shown by flight attendants on the Ryanair route to Santiago, we were moved to compose and perform a song dedicated to them. and his irritable air CIA.' The band also posted the video on Facebook, adding that the song was dedicated to the 'irritable airline' 'We much prefer our new punctual landing song, which will be heard on more than 90 percent of our flights this year, as we carry 100 million customers' added Kiely.",0.5927717685699463,0.3530777096748352
"This topic is about family and friends, and a husband and wife, the couple‚Äôs daughter has two brothers.","It was a good night for the Premier League misfits at NRGi Park, with Denmark beating the US thanks to a Nicklas Bendtner hat-trick after Jozy Altidore opened the scoring for the visitors","The body of an ex-Royal Marine who was shot dead fighting alongside Kurdish forces in the frontline village of Tel Khuzela was returned to his family in a ceremony attended by hundreds of Syrian Kurds. Hundreds of soldiers attended a ceremony, during which they handed over Konstandinos Erik Scurfield's body to his grieving father and uncle, who had travelled to the region. He was laid to rest by a coffin that was draped in both the Union and Kurdistan flags.",0.11204703152179718,0.9474446177482605
"This topic is about winning the match by a few points, and how Barcelona had minutes left and had scored before half-time but were able to score a goal at the end.","At the end of his military career, Prince Harry of Britain will travel to Australia for four weeks with other members of the local Army","Arsenal lifted the FA cup following victory over Hull City last season and all the credit goes to the team and their hard working coach Arsene Wenger. The Arsenal manager who has taken charge of 1056 match since his appointment says that sometimes its hard for him to sleep without thinking of the lineup for the next match. His decision changes everyday but he always tries to think of the best possible combination for the next match. Due to his sincerity and dedication for the team, Arsenal has won three Premier League titles and five FA Cups during his tenure as a coach for the team.",0.9371799230575559,0.9391531944274905
"This topic is about Manchester United's manager, Premier League, the striker for the team, and Liverpool versus Chelsea.","A sculptor has build a momument that is currently being sold for 900,000 dollars that has every loss of the English National Football team from 1874-1998",The manager has confirmed a recent injury to the team. The striker hurt his hamstring in a recent game. He will be out for at least the next 4 weeks.,0.36335474252700806,0.702429473400116
"This topic is about a court ruling, department of justice, appealing against a court ruling, judge reviewing a case, a court order, and magistrates.","After nine months of imprisonment in Indonesia, Australian Jake Drage was released and will finally be able to return home","Italy's high court ruled to overturn the guilty verdicts for Amanda Knox and her ex, Raffele Sollecito, for the murder of Meredith Kercher which occurred in 2007. The Kerchers have the option of appealing this court ruling to the European Court of Human RIghts on the basis that Italy failed to find who killed their daughter. Knox also had a slander charge against her for false accusation aginst her former boss Patrick Lumumba, a statement she later recanted. The court ordered her to pay Lumumba 40,000 euro.",0.1974019557237625,0.8406171798706057
"This topic is about a person found guilty in the trial before a judicial panel, opening a criminal trial against him, a person potentially facing jail time,  receiving a fine, and a suspended prison sentence.","Kazakhstan, being a multi-ethnic, mainly Muslim country is said to be troubled by violence from Kyrgyzstan to Afghanistan","Hilary Border has been spared jail after stealing £20,000 from her mother, who has dementia. She pleaded guilty to fraud on the basis she took £20,000 between October 2012 and November 20 last year, while prosecution claimed it was £39,500. At Nottingham Crown Court yetersday, she was sentenced to 16 months in prison, suspended for two years. She also had to serve an eight-month home curfew and 150 hours of unpaid work.",0.7204078435897827,0.22732731699943542
"This topic is about a football league having a world championship where each team‚Äôs fans are gathered to watch the end of this season‚Äôs games culminating in a tournament, to see their favorite football player.",Stephen Gerrard is nearing the end of his final season of Premier League football and wants to win the FA cup final as a last achievement in what could possibly be a tough game against Chelsea,"Goal-keeper Manuel Nuer has noted a 1-0 victory has been a good winning sign despite several competitor injuries in the German Cup competition. Coach Pep Guardiola's counter attacks helped carry the winning team to victory. Adding to the competition is the Spain International, giving the fans more to root for.",0.5799987316131592,0.6405818462371826
"This topic is about winning the match by a few points, and how Barcelona had minutes left and had scored before half-time but were able to score a goal at the end.","Due to the additional pressure on the players in the final match, they were defeated","Stephen Quinn , a famous football player of republic of Ireland has warned his team not to be fooled into believing that they only need to tackle Poland's lethal striker Robert Lewandowski for their victory. In an interview , he said that they are aware of the strength of Lewandowski but his team has is fully prepared for the Poland team. In the current FIFA's rankings list Ireland is at 66th while Poland is at 34th position. The Quinn is confident that there will be no hangover from the disappointment at Celtic Park and he believes that their rankings will improve if they finishes in the top two.",0.7865447998046875,0.282863050699234
"This topic is about the country's president, ruler of the country, President Barack Obama, the White House press conference, the Bush administration, and the former Republican president.","Inas Abulsayen, a mother of three teenagers in Sussex, was heartbroken when her sons were ""brainwashed"" by YouTube videos and their extremist friends","Ibrahim al-Rubaish was killed in an airstrike in Yemen. Former President Georgia Bush authorized and was later sued for the detainment of al-Rubaish in Guantanamo Bay (Gitmo). Here in America, U.S. Senator Jeff Sessions criticized al-Rubaish's release under the Saudi Arabian lead jihadist rehabilitation program.",0.820466876029968,0.5119674801826477
"This topic is about Formula 1 racing, the Grand Prix on the race track, Hamilton‚Äôs team and the Ferrari team, and collisions during a race.","At the end of his military career, Prince Harry of Britain will travel to Australia for four weeks with other members of the local Army","A Ferrari driver was left calculating the damage in Adelaide after crashing his newly acquired and uninsured sports vehicle into a tree on Wednesday night, seriously injuring a male passenger.
 passenger was seriously injured. The accident involving the 1991 Ferrari 348, valued between $90k and $110k and license plate 'Plesur', occurred around 8:25 pm on King George Avenue.",0.3654712438583374,0.63498854637146
"This topic is about terrorist attacks, islamic terrorism, attacks on the country, terrorist threats, and extremist groups.","A man was recently arrested for first-degree arson, reckless endangerment, and several other crimes for setting his family home on fire and writing that his wife ""is a cheater"" outside the house","Defense Minister Kevin Andrews failed to name the leader of the Islamic State terrorist organization on the same day the federal government announced it would send more than 300 Australian soldiers to Iraq. Australian soldiers are embarking on a two-year mission to Iraq, but will spend it 'behind the fence', not combat, Andrews said. Sales continued, saying that given the US government had a $10 million bounty on her head, she was ""surprised"" that he didn't know the name of the terrorist leader. Mr. Andrews argued that I.S. it did not have just one leader, because it was made up of many groups and there was not just one individual involved. This is in stark contrast to deployments over the past decade, when troops have carried out radical patrols in southern Iraq, occasionally contacting insurgent forces.",-0.0032389680854976177,0.27617186307907104
"This topic is about credit, receiving funds, paying money using a credit card, and spending money.",Engineers are working on an advance level aircraft called The Progress Eagle,"Congressman Aaron Schock recently spent over $10,000 of taxpayer money to take his staff on a trip with him to New York City. This comes after he used $40,000 of taxpayer money to decorate his office to look like Downton Abbey. He has taken used taxpayer money to take his staff to a Bears game as well as a Katy Perry concert.",0.8602215647697449,0.758795976638794
"This topic is about Formula 1 racing, the Grand Prix on the race track, Hamilton‚Äôs team and the Ferrari team, and collisions during a race.","A husband, Tony Degrafreed, murdered his wife",Mick Schumacher son of Micheal Schumacher crashed during a test driving a Formula 4 car. The accident was minor crash and Mich was uninjured. He has finished second in World in European and German kart championships.,0.007255660369992256,0.22869513928890228
This topic is about weight loss and following a healthy diet in order to regulate body fat and blood sugar levels and lose a few pounds of weight following a diet.,"President Barack Obama held the shrinking Florida Everglades today as proof positive that climate change is real and is threatening America's ""national treasures"" as well as the economies of its neighboring cities, which rely heavily on tourist dollars","The Government is supporting a program to persuade its citizens to lose weight. It has created a website to promote what it believes to be healthy options, but sugary dishes with up to 29g of sugar per serving are being promoted possibly because they are fruit-based.",-0.2441181093454362,0.6011976599693298
"This topic is about a football league having a world championship where each team‚Äôs fans are gathered to watch the end of this season‚Äôs games culminating in a tournament, to see their favorite football player.",An Islamic terrorist group in Kenya is targeting western style schools,Richard Jefferson started playing for the NFL in 2001. He started out by playing for the New Jersey Nets and remained with them for about seven years. He has played for five other teams so far. His current team is the Mavericks.,-0.24861288070678722,0.03600515425205231
"This topic is about credit, receiving funds, paying money using a credit card, and spending money.",The Governor of New York Andrew Cuomo's daughter Michaela was hospitalized Wednesday after a medical emergency call was made from their family home,"Lisa Weare, 32, of Blackpool, Lancashire, spent money that did not belong to her over a period of eight months using a stolen bank card. £500 of this was spent on Girl's Aloud tickets. £175 was paid to a textile firm with the victim's bank card and there were mobile phone bills totaling £929. In total, £6,254 was illegally withdrawn from the victim's bank account. Ms. Weare saved £3,700 in hopes of repaying the victim.",0.6182885766029358,0.25944820046424866
"This topic is about winning the match by a few points, and how Barcelona had minutes left and had scored before half-time but were able to score a goal at the end.",Electricity costs in Britain have risen despite lower fossil fuel cost,"A side travel injury occurring in Bayer Leverkusen is the reason for Bayern Munich's ambitions being put to the test to compete on Wednesday in the German Cup quarter-final. Bundesligan competitors, Bavarian runaway leaders are eager to repeat their success of winning in the 2013 treble-winning campaign. A 1-0 winning victory at Borussia Dortmund was important for team confidence in winning.",0.4561506509780884,0.3559802770614624
This topic is about military forces and troops in an ongoing war making up the defensive army.,"For over these years, players from both Barcelona and Real Madrid had strived to set foot on the history of goal record by competing with other teams and each other","The military regime has promised to restore democracy soon.
 He had reached the pinnacle of his military career.
 He was exempted from military service for illness.",-0.5733171701431277,0.045737333595752716
"This topic is about market prices and market sales, companies reducing costs, price tags dramatically undercut the major supermarkets, increased sales in the current market, determining a price point for a product, and product sales.",Genealogists made an error when compiling Hillary Clinton's family tree,"Pricing needs to match your target market To sum up, pricing is one of the most important aspects of your market strategy, which also includes promotion, placement (or distribution) and people. ""It's important when you are considering your price that you realize it is not for yourself, but for your target customers,"" says Dolansky.Many times, two different stores carry the same product, but one store prices it higher because of the store's perceived higher image. Neckties are often priced using a strategy known as price lining, or price levels.",0.7671884894371033,0.6214321255683899
"This topic is about the country's president, ruler of the country, President Barack Obama, the White House press conference, the Bush administration, and the former Republican president.",The budget when planning to hire a babysitter has increased 28% in the last five years,"According to White House, only if the President of the United States says it is. ""This is clearly a treaty, ""Arizona Sen. John McCain told reporters Tuesday. Senators grill Obama officials on Iran.",0.8572100996971128,-0.15326154232025158
"This topic is about Manchester United's manager, Premier League, the striker for the team, and Liverpool versus Chelsea.",Chelsea striker Samuel Eto'o has revealed he was the victim of racism during his time at Sampdoria,This is a Premier League Game Chelsea vs. Liverpool. The team had the best striker around. They also had Manchester's United manager on the team. Seems that they're an awesome team.,0.833497166633606,0.21868638694286346
"This topic is about Manchester United's manager, Premier League, the striker for the team, and Liverpool versus Chelsea.","Wladimir Kitschko took a break from fighting to be with his three month old daughter and fiance, Hayden Panettiers",The Arsenal manager Arsene Wenger is confident about their match against United. The match is the FA Cup quarter final. This match will also mean they are going to Wembley adds further importance. The Arsenal and United are battling for a spot in the Champions League. Alex Sanchez the team striker looks good in training and scored a great goal against QPR earlier.,0.3601881265640259,-0.3911994695663452
"This topic is about a final match to determine which team will win the final round, winning the title to become this year‚Äôs champion.",Supreme Court Chief Justice John Roberts squeezed into a Maryland courthouse with 50 other potential jurors,"Christian Benteke believes that although his team is in the semi-final it needs to continue to win in order to ensure its survival. He also believes they must not lose any games. 
 The team must do everything it can to make it to the finals.",-0.45802223682403564,-0.5426403284072876
"This topic is about terrorist attacks, islamic terrorism, attacks on the country, terrorist threats, and extremist groups.",Arsene Wenger is stubborn with his lousy record against Jos Mourinho will have no influence in Arsenal's clash with Chelsea at the Emirates Stadium on Sunday,"A not-so-well-known man to the west, Ahmed Farouq, was in fact well known and had played a role in the terrorist group al Qaeda. An American and two al Qaeda hostages were killed in an US anti-terrorist airstrike. One was American the other Italian. The American, Farouq had ties to al Qaeda in a branch of the Islamist extremist group.",0.9148232936859129,0.19098716974258423
"This topic is about online internet users, using an iPhone app to surf the internet, computer devices, data plans, and people checking a website on different devices.",This aircraft was used in World War 2 and the Korean War,Paid Spotify App users now have the opportunity to get content from Spotify to match the beats of a runners pace. This is paired with Adidas who keeps track of your pace to see online and share with others. They can also look through prior songs and add them to your playlist for the future as well!,0.5527700185775757,0.12133245170116425
"This topic is about a football league having a world championship where each team‚Äôs fans are gathered to watch the end of this season‚Äôs games culminating in a tournament, to see their favorite football player.","Hello everyone and welcome to this live blog for the round of 16 match between Italy and Austria at Euro 2020, which is set to kick off at 21:00 CEST",A young professional player died of a heart attack after colliding with a partner during an Indian Cricket Championship match. The two were fighting for a ball when the incident occurred. Sports personalities offered condolences.,-0.21081309020519257,0.22669735550880432
"This topic is about people infected with the virus, identifying new cases, the outbreak of measles, public health, new strain of flu, and infected cases.","The National Security Division has prosecuted (or is prosecuting) more than 30 cases of people attempting to support terrorist groups, including ISIS, al Qaeda, and others","An alarming number of schoolchildren have been infected with whooping cough. Over a thousand cases were reported each year in the Metro North area. Children who test positive for this disease should stay home for five days, and parents have been scolded for refusing to vaccinate their children.",0.624106764793396,-0.3699195981025696
"This topic is about a person found guilty in the trial before a judicial panel, opening a criminal trial against him, a person potentially facing jail time,  receiving a fine, and a suspended prison sentence.",Family and friends of those injured or killed in the Boston Marathon bombing gathered on Tuesday to help commemorate the tragedy,"Dzhokhar Tsarnaev faces the death penalty for his part in the Boston Marathon bombings. His lawyer claimed that the older brother, who was killed in a dramatic shootout with police, was the mastermind behind the bombing. The lawyer argued this in the hopes that the jury would give Tsarnaev a lesser sentence of life in prison instead of the death penalty.",0.48838892579078674,0.9431632757186887
"This topic is about how carbon emissions affect global climate change, the Earth‚Äôs surface as well as the atmosphere around the Earth, the temperature of the sun, and global temperatures.","Shocking accident involving driver Juraj Osrula, 46, a Slovakian truck driver who caused an accident involving several people, including 3 family members who died, including Helen Akande, 22, Mary, 16, and her father Michael, 54","Climate change has been a part of Earth's history for millions of years, even affecting early humans. Temperature changes within Europe and Northern Africa have allowed humans to migrate across the globe. Temperature changes have also forced animals to change their habits accordingly to survive.",0.8898745179176328,0.8220714330673216
"This topic is about Manchester United's manager, Premier League, the striker for the team, and Liverpool versus Chelsea.",Professional football players typical daily expenses vary widely from other members of society,"Chelsea football manager Jose Mourinho accepts the fact that football is a competitive game, and that people can get emotional about it. He has a reputation for being arrogant during games, but he believes that his behavior is necessary in order to motivate people to do what needs to be done in order to win. His intensity has gotten him into trouble in the past, and he was fined once for claiming bias against his team. Chelsea is currently at the top of the league, either because of, or in spite of, his behavior.",0.3714892268180847,0.7392773628234863
"This topic is about the disease spreading through close contact, cases of illness or elevated levels of bacteria, and symptoms of the disease such as fever, chills, muscle aches and headaches.",The budget when planning to hire a babysitter has increased 28% in the last five years,"This season is a bad one for Football fans as most players are being affected by Dengue. There is a great alert for Brazilian Football Team as dengue is spreading rapidly among players. Most players are diagnosed with Dengue and few of them are even hospitalized. Many preventive measures like applying insect repellent and proper health check-up are being conducted. But still there is an increase in count. The disease is spread through close contact so people were asked to maintain social distancing. The symptoms of this disease includes fever, chills, muscle aches and headaches, the disease is easily diagnosed. More 460000 dengue cases has been recorded so far.",0.9646004438400269,-0.17310741543769836
"This topic is about a group composed of militants, fighters joining forces, ongoing violence in the capital, people dead across the country, militants armed with grenades, and a border town.",Young people in Britain are seeing their wages grow,There's been concern in the U.S. military that there's a growing presence of ISIS militants in Afghanistan and disgruntled Taliban forces are joining it. Suicide bombings are ongoing in Afghanistan. The U.N. estimates that 655 people were killed and over a thousand wounded in suicide bombings in the country.,0.6081000566482544,-0.22142264246940624
"This topic is about a person arrested and charged, authorities allegations, an investigation, being accused of a crime, being under arrest on one charge, and being under investigation.",When you are ordering food out watch out for the sugar content,"A 41 year old British man, accused or urinating into an ice machine at the Hard Rock Hotel in Orlando, was arrested and charged of the crime on Tuesday morning. He was caught by the security guard who tried to stop him. The intoxicated man did not cooperate and refused to disturb the peace. Police eventually removed Wood from the hotel after he refused to stay in his room.",-0.254214346408844,-0.5138777494430542
"This topic is about a derby football match, in which the ball hit the post; according to the Arsenal football team‚Äôs former manager, they could have snatched victory, but the ball hit the post.",The agency's lead rapporteur of weather and climate extremes and Arizona State University professor of geographical sciences,"After their recent victory in the Premier League , the Chelsea captain Jon Terry said that the Arsenal can never win the tournament with 'tippy-tappy football'. Alexis Sanchez did his best to beat Branislav Ivanovic to the ball as Arsenal tried to get behind Chelsea . But even after so many hardships, Chelsea won the Premier League and Eden Hazard won the PFA player of the year award. Chelsea defender's has been one of their biggest strengths as he was able to repel Arsenal's attacks at the Emirates.",-0.09027402848005295,-0.3555198907852174
"This topic is about online internet users, using an iPhone app to surf the internet, computer devices, data plans, and people checking a website on different devices.",Adidas has partner with Spotify for music and exercise fans to combine both interests,"This gives us a unique view of the customer,"" Graham Stapleton, Chief Executive, UK and Ireland, told MailOnline. 'We're building this network from scratch and we're using the latest technology to connect and build iD, and because technology is moving so quickly, we were able to create something innovative and different.' He said that at launch, Carphone Warehouse is creating a platform for the network and in 'two to three months' [it] will launch products that no one else will have. The full range of plans will be announced as they become available, but one example offers the Samsung A3 (shown) on a 12-month 4G plan with 300 minutes, 5000 texts and 1GB of data for £19.50. Industry sources say the companies are discussing a 'wholesale access agreement' that would help Google build a global network. 'We want this network to be focused on the individual and we will continue to listen to customers in the coming months, asking them to help develop and evolve ID.'",0.5114328265190125,0.8568665981292725
"This topic is about pop songs, music fans rejoice, a singer and songwriter, the first track on the new album, doing a sound check, and singing along with a prerecorded track.",The airport passenger duty (APD) tax is having a negative impact on smaller airports in the UK,"American Airlines has stepped up their game, offering more of a nightclub experience, in which to appeal to a younger generation. More trendy music such as Phantogram and The XX are two featured artists that have made this possible. Not all flights have taken this on, however all mainline, and some regional have.",0.711074948310852,-0.180991291999817
"This topic is about firefighters tackled the blaze, wood burning, residents evacuating, flames, spit embers downwind, and burning buildings.","On Wednesday, a girl praised Michelle Obama, and almost every elderly woman likes to listen","The San Diego Fire and Rescue Department reported a sea lion attach at La Jolla Cove when a boy tried to it on Sunday. Almost 2,000 sea lions have washed up on California beaches. Global warming is believed to have affected their food sources and is believed to be the cause of this phenomenon.",-0.43063122034072876,0.4966481924057007
"This topic is about a person found guilty in the trial before a judicial panel, opening a criminal trial against him, a person potentially facing jail time,  receiving a fine, and a suspended prison sentence.","Ankit Keshri, an Indian cricketer, 20, died from cardiac arrest in the hospital after an on-field injury",Amanda Knox and Raffaele Sollecito are now cleared of the charge of murder of Meredith Kercher. They were initially found guilty of the crime and spent 4 years in prison. Amanda is now back home in Seattle and thanks all of those who supported her.,0.8047384023666384,0.6624707579612732
"This topic is about civil law, marriage, federal law, legal actions, state law, petition, and law for married couples.","During the attack suffered by the team, windows and windshields were broken, few people were hit, but what suffered most during the attack was their driver, who was taken to hospital shortly after the incident","The issue of same-sex marriage will come before the Supreme Court on Tuesday. Public opinion on marriage equality has turned around since the Massachusetts Supreme Judicial court legalized it in 2003, with overwhelming opposition transitioning to majority support. Originalists, opponents of same-sex marriage believe the framers of the Constitution would not support marriage equality. ",0.5839869976043701,-0.30367043614387523
"This topic is about the country's president, ruler of the country, President Barack Obama, the White House press conference, the Bush administration, and the former Republican president.",A new study has warned and blamed on human activities for the amount of heatwaves and almost a fifth of extreme rain storms,The president has nominated a black lady for attorney general. She was qualified for this position. The president has the right to nominate a black woman.,0.16283923387527466,-0.065061055123806
"This topic is about family and friends, and a husband and wife, the couple‚Äôs daughter has two brothers.","Scammer Sikander Rafiq, 34, and Samara Jabreen, 32, have been sentenced for their crimes","Labor senator Penny Wong and her partner announced the arrival of their second child on Twitter with an adorable photo of their eldest daughter holding the newborn.
 Labor Senator Penny Wong tweeted this photo of daughters Alexandra and Hannah after her partner Sophie Allouache gave birth to her second child on Good Friday in Adelaide.
 'Everyone is doing well.' He is the second child of the long-term couple who welcomed their eldest daughter Alexandra in 2011.",0.6642972230911255,0.34040772914886475
"This topic is about a derby football match, in which the ball hit the post; according to the Arsenal football team‚Äôs former manager, they could have snatched victory, but the ball hit the post.","Only people who registered on the site before this date are eligible to click the button (pictured on the left with the timer illustrated in the center and right), and when they do, they receive a color, known as 'talent'","Arsenal midfielder Mesut Ozil was criticized when the German international changed his shirt at half-time during the Champions League round of 16 clash with Monaco. Ozil was criticized by ITV analysts after changing his shirt at halftime before doing it again full time. Ozil's shirt exchange was similar to that of former Arsenal defender Andre Santos, who exchanged shirts at halftime with former fan favorite Robin van Persie.",0.5442472696304321,0.6577790379524231
"This topic is about winning the match by a few points, and how Barcelona had minutes left and had scored before half-time but were able to score a goal at the end.","The Basij is a militia made up of fighters loyal to Iran's religious leaders;
 The commander says that so far, the Basij has not been captured in fighting the feared Islamic extremists currently battling in parts of Iraq and Syria","Germany's Wolfsbur victory was excellent against Roberto Mancini's rivals Inter Milan. DANIEL Caligiuri celebrated his goal with kevin De Bruyne, inter still put pressure on but without success, Nicklas Bendtner concluded Wolfsburg's victory with a late goal .In Attack, Argentino recovered 19 minutes from the end, beating Benaglio after a nice double with Hernanes. Wolfsburg completed the victory in the 89th minute, after Nicklas Bendtner's cross to reserve Maximilian Arnold.",0.6279317736625671,-0.25058236718177795
"This topic is about winning the match by a few points, and how Barcelona had minutes left and had scored before half-time but were able to score a goal at the end.","Danniella Westbrook and Tom Richards, the former couple who got together after the EastEnders star ended her relationship with her husband after 12 years, are in the news again after Richards was arrested in Swansea for assault and harrassment",Arsenal beat Burnley at Burnley's home pitch of Turf Moor. It was a hard-fought contest which Arsenal won by just one goal with a final score of 1-0. Arsenal scored a goal before half-time as Aaron Ramsey scored in the 12th minute of the match.,0.3400614857673645,0.5715328454971313
"This topic is about having kids, becoming a mother, giving birth, children and their parents, and families with children when a baby is born.","Arenal winger, Theo Walcott and his wife Melanie was speaking to Hello! magazine about the tough situation their family was going through","Conservatives could block the child benefit or not let millions of families receive it, as the head of government, Michael Gove, admitted last night. Gove, the former education secretary, said he couldn't rule out further cuts in child support to reduce the deficit. Gove said conservatives would not block benefits for the disabled or retirees ‚î but refused to rule out child benefit cuts. He said: 'There is a huge amount of pension spending that can be reduced without having any impact on people with disabilities. Of these £12 billion would be blocked from the pension account, with the rest of government departments and even more measures against tax evasion.",0.24308888614177704,-0.05823697149753582
"This topic is about credit, receiving funds, paying money using a credit card, and spending money.",The president has nominated a black lady for attorney general,"The rogue broker who faces charges of manipulating the stock market and helping to trigger a trillion-dollar Wall Street crash will remain in prison over the weekend after failing to pay his £5 million bail. Navinder Singh Sarao, 37, faces extradition and is wanted by US prosecutors after allegedly causing the Wall Street 'flash crash' in 2010 and earning more than £26 million using a fraudulent trading technique. He is accused of using computer programs to create ""false"" transactions on the Chicago Mercantile Exchange and faces charges that could result in a prison sentence of 380 years. It is alleged that he did all this from his parents' row house in Hounslow, west London, where he ran his only trading company. One of them told MailOnline today: 'He was a super-human marketer - we were in awe of his ability to make money. When he left Futex, he took £2.5 million from his account with him.",0.8174318075180056,0.2598223090171814
"This topic is about a rise of taxes benefitting average people, with increased benefits despite their expenses due to a budget increase and decreased consumer goods rates.","Zac Evans,19 was killed in machete attack",The Nurburgring was invested lots of money on Ecclestone but the situation he was not participated. If they forgot to pay causing some problems. Ecciestone suggested another person to the replacement of him but the company refuse it.,-0.29221153259277344,-0.15411928296089183
"This topic is about high school students and children going to school, education in schools, and parents meeting teachers.",Dzhokhar Tsarnaev's lawyer admitted in his opening statements that Tsarnaev took part in the bombing,CJ was refuse to go to the school and he went the Battle Abbey Prep School for the entrance exam. Actually the term fees was 4000 for the school but CJ's father Morgan's house hold income was 2300 and after bills the and he mortgage he saved 50 per week for a food. Finally Morgan rent his property for 85000 then the rent becomes 200 per week. Then CJ went school happily.,0.8522015810012815,0.10727504640817642
"This topic is about a group composed of militants, fighters joining forces, ongoing violence in the capital, people dead across the country, militants armed with grenades, and a border town.",Miss McCormick called off her engagement plans to concentrate on a strict two-year weight-loss plan,"around 20,000 militants from various nations have perpetrated Syria. This number is double the number that entered Afghanistan during the 1980s. Just a few days ago, Cnada sent several militant soldiers and troops to attack ISIS in Syria.",0.7982631921768188,0.4984464943408966
"This topic is about a person found guilty in the trial before a judicial panel, opening a criminal trial against him, a person potentially facing jail time,  receiving a fine, and a suspended prison sentence.","After Missouri mother, Amanda Lubiewski's daughter was descriminated against during school pictures, school staff took action and helped her get her childs picture re-taken","John Hinckley Jr., who was convicted of trying to kill President Reagan, is involved with a woman, whom he met at a mental illness meeting. Hinckley has been under surveillance and has been observed crossing the line of his sentencing guidelines. He may have relatives that can support him if he is granted more freedom, but this is debatable.",0.842298686504364,0.6017379760742188
"This topic is about a court ruling, department of justice, appealing against a court ruling, judge reviewing a case, a court order, and magistrates.",The headteacher of a primary school wants the kids in school to drink more healthily,"The text is rather legislative, related to the judicial system and it's practises. Definitions are of proceedings, rulings and whom they are in favour of. Allowment of new methods for court proceedings is displayed into the text.",0.9632013440132143,0.5782510042190552
"This topic is about a group composed of militants, fighters joining forces, ongoing violence in the capital, people dead across the country, militants armed with grenades, and a border town.",Manchester United defender Marcos Rojo looks like he's enjoying his holidays in Portugal as he poses for a photo at the dinner table with family and friends just days after his affair with a fitness instructor was revealed,"Ongoing violence in Yemen continued yesterday when 270 prisoners joined forces with Al Qaeda troops to escape Al Mansoorah Central Prison in Aden. Aden is a coastal border town near Al Mulkallah. The group, composed of militants armed with grenades, proceeded to take over the local radio station and break into the city's central bank, causing chaos and adding to civilian deaths across the country of Yemen, CNN reported.",0.5984628796577454,0.39892148971557617
"This topic is about winning the match by a few points, and how Barcelona had minutes left and had scored before half-time but were able to score a goal at the end.",Roy Keane stands accused of harassing a taxi driver during a road rage incident and will stand trial on June 19,"In the first 15 minutes, we have witnessed merely 13 goals. However, players netted 28 goals after the 76th minute. What is more, if you would like to dig even deeper, there were more goals scored in the last quarter of the match (28), compared to the ones scored during the first 30 minutes (21)!.In the 87th minute they stopped attacking, and Barbados defender Terry Sealey and goalkeeper Horace Stoute passed the ball between each other before Sealey intentionally scored an own goal . Now the game was at 2‚2, with just three minutes of normal time left.",0.958739638328552,0.0028986819088459015
"This topic is about online internet users, using an iPhone app to surf the internet, computer devices, data plans, and people checking a website on different devices.",British citizens have the highest amount of personal debt compared to others in major developed nations according to the International Monetary Fund,"American teenagers are getting more and more connected to internet and social media. Almost all of them go online everyday and 1 out of 4 has admitted to be online constantly. This is due to the growing market of smartphones, in fact 91% of these kids went online daily using their mobile device. The most popular social network is still facebook with a 71% usage rate, followed by instagram (52%) then Snapchat and Twitter. This survey was taken by Pew Research Center, which said that children use of social network is also influenced by household incomes.",0.8811749219894407,0.6724178791046143
"This topic is about the navy rescuing in the ocean, swimming in the sea, sandy island, dive team rescuing a person, ocean water and fishes in the sea.","Andrew Flintoff stated it was ""embarrassing"" when he was crowned King of the Jungle and was fussed over by Julia Morris and Chris Brown, Before winning the title, he was led to his wife and the mother of his children in a very emotional reunion","After nine months of imprisonment in Indonesia, Australian Jake Drage was released and will finally be able to return home. The 23-year-old surfer sang a children's song to reporters shortly after leaving West Java prison, where he had been since June of last year. Drage reported that the first thing he will do after getting home and seeing his family is head straight to the beach.",-0.015851087868213654,0.28595632314682007
"This topic is about winter temperatures as opposed to hot weather conditions, cold mornings, and weather forecasts like snow being expected later.","A husband, Tony Degrafreed, murdered his wife","One family on Long Island, New York, even managed to keep a snowman alive until this weekend, when their Frosty finally melted in 70-degree temperatures.
 But before the snowman died, he became something of an internet celebrity, with more than 3,000 people liking the page the family dedicated to their carrot-nose friend on Facebook.
 A family on Long Island, New York, tried to keep this snowman alive for as long as possible, but Frosty melted this weekend when 70-degree temperatures hit the area.
 Remnants: The Fregoe family took a small ice ball from the snowman to store in the freezer until next winter, when he will come back to life.
 'It started as a little fun project and turned into the ongoing snow saga, and it's a great thing that makes everyone smile and happy, and we're still having fun with it,' Fregoe told CBS New York last week .
 Keeping Winter Alive: Mike Fregoe would go to a local park every day to collect melted snow in a full bucket to add to his snowman.
 The Fregoes also did much of the work themselves, making daily trips to the park to remove the snow melt with their bucket load.
 Ups and downs: Above, photos of the Fregoe's snowman this winter as he rose to 2.7 meters after a snowstorm in late January.",0.7932634353637695,0.36367443203926086
"This topic is about the world cup football championship, Brazil qualifying for the finals, Messi talking about Ronaldo, world champions defending their title, the Nations Cup, the best group of players, real madrid, and a competition for the cup.",They cost £1,"The 12-year-old found the back of the net in a 10-2 rout of Moratalaz and displayed a prodigious first touch alongside an unnerving composure to evoke his father's spirit in his heyday. Theo is not the only son of Zidane who seeks to emulate the achievements of Zidane Snr, who won the Champions League with Madrid and the World Cup with France. Enzo, Zidane's eldest son at age 19, has played for Real Madrid's B team, who is coached by Zidane Snr, who retired in 2006. In addition to winning the World Cup and Champions League, Zidane Snr was voted World Player of the Year three times in 1998, 2000 and 2003.",-0.37207266688346863,0.3183421194553375
"This topic is about the country's president, ruler of the country, President Barack Obama, the White House press conference, the Bush administration, and the former Republican president.",The film is set in 1952 a year prior to stalin's demise and provisions a free thinker agent looking for a chronic executioner while prevented by true perspectives that such killings are impractical in the soviet union,"The United States government is willing to fight against ISIS. However, they distrust the Basij and refuse to collaborate with them. President Obama has vowed to crush ISIS, but the Basij thinks that he could be even more proactive.",0.3095298409461975,0.5002333521842957
"This topic is about family and friends, and a husband and wife, the couple‚Äôs daughter has two brothers.","Potential future manager at Bernabeau, Zinedine Zidane, has sparked a transfer battle after stating he liked Eden Hazard more than Cristiano Ronaldo and Lionel Messi","Alix Bussey, 23, died on holiday in Mexico with her boyfriend. Her family and friends express their sorrow. Her parents, Colin and Panny, are shocked for the loss. They state Alix lived her short life to the full, surrounded by a wide circle of friends and having fulfilled her dream to become a teacher. Alix at the family home with her parents and youger sister, Leigh, 21.",0.7605987191200256,0.4625353515148163
"This topic is about eating food at a restaurant, ordering something to drink and serving breakfast, as well as eating chicken, and fruits which are a healthy food.","Aston villa will be playing its semi-final at Wembley, which is the final round game before they reach the final of the FA cup","The Government and its Change4Life program is promoting eating fruit. Some specialists advocate for the healthiness in fruit, but not the added sugar. It also advocates for such breakfast food as Frosties and Banana Muffins.",0.718558669090271,0.09764392673969269
"This topic is about winning the match by a few points, and how Barcelona had minutes left and had scored before half-time but were able to score a goal at the end.","Memphis Depay, the striker of the Holland national football team is under limelight recently","Zinedine Zidane's third son, Theo, appears to be poised to follow in the footsteps of his famous father, judging by a goal he recently scored for Real Madrid youth.
 The 12-year-old found the back of the net in a 10-2 rout over Moratalaz and displayed a prodigious first touch alongside an unnerving composure to conjure up memories of his father in his prime.
  When a cross went in from the right, Theo Fernandez placed the ball on his right foot after a defender missed an intercept before deftly positioning the ball out of the goalkeeper's reach and into the upper corner.",0.9230391383171079,0.14683350920677185
This topic is about economic growth involving billion dollar figures showing that the economy is growing as expected globally.,There is prediction of Snow fall in some places,"The 24-year-old form Horsham would love to be keeping his hand in, but knows it is something he has to sacrifice to keep his F1 dream alive. 'I want to race, but only if I get the right offer; added Palmer, son of former F1 driver Jonathan. But if there is something that came along that could fit in with this then Id be happy to do it;",0.9332722425460815,0.7595404386520386
"This topic is about having kids, becoming a mother, giving birth, children and their parents, and families with children when a baby is born.","if you ever want to know why your taxes are rising, you may want to consider the actions of a Kent, England couple","Harris holding daughter Willow-Star and surrogate mother Viktoria Ellis (right) The couple, who met in 1999 and became civil partners in 2012, celebrated the birth of their first child, son Phoenix Blue (left with the Mr. They welcomed daughter Willow-Star (right with Mr. Phoenix Blue (left) born naturally after a 16-hour induced birth, weighing 7 lbs and 15 ounces, while Willow-Star was born healthy ‚ã£7 at Viktoria Ellis' home, after a 25-minute delivery that was so quick the parents were woken by a text saying, ""Your girl is here!"" The latest addition is Willow-Star daughter Shirley Harris-Lee. She was born with a healthy 7 pounds in the home of surrogate mother Viktoria Ellis on February 25th - after a 25-minute delivery so fast that gay parents 'were woken by a text message saying, 'Your little girl is here!' He described becoming parents as 'life-affirming and life-changing' for him and to Mr. 'Now we truly understand what unconditional love means - the only downside is that we dont go to the pub anymore!' Now we dont see ourselves as a couple, were a family unit and fiercely protective of our little clan'. Harris, 51, a computer programmer (pictured holding Willow-Star), described becoming parents as 'life-affirming and life-changing' for himself and for Mr. He said: 'Having two babies in such a short period it was a whirlwind' Happy Families: pictured from left to right, Bex Harris, Daryl Lee holding Phoenix, Luke Harris with Willow-Star and Viktoria Ellis. Harris (right with Phoenix), who met in 1999 before becoming civil partners in 2012, said: 'While we may not cater to some people's idea of a traditional family, all our children will be loved in a stable environment and loving 'Mr. Harris said:' As far as we're concerned, Phoenix (left) and Willow-Star (right) are brother and sister and that's how they will be raised 'The couple, as yet unborn, the child was raised using sperm The couple met in 1999 and became a civil partner in 2012. Lee admits to being a little frightened by the arrival of a third baby, but says, ""We have no doubts that we will take it easy.""",0.9794862270355225,0.7191067337989807
"This topic is about heir to the throne, Prince William and Prince Harry, the British royal family, the second in line to the throne, and the royal couple.","Russia's Shiveluch volcano erupted from Friday, blowing ash to 30,000 feet to the atmosphere",Prince Rahim and Kendra Spears who is also known as Princess Salwa announced arrival of their son.Kendra was a famous American model before her marriage with Prince Rahim.There are many Jordanian Royal family members who have married American and British models.,0.8841015100479128,0.22502747178077698
"This topic is about a final match to determine which team will win the final round, winning the title to become this year‚Äôs champion.",The documents about Stingrays and Hailstorms are regularcensored in public records request by citizen and journalists,"Paul Parker's old passport was listed on eBay for £5,000. The item was listed earlier in March and bidding ended on Tuesday. Parker made more than 100 appearances for Manchester United and won two league titles at Old Trafford between 1991 and 1996. The seller made it clear he was open to offers but the item was no longer available.",0.09817864000797272,0.17021653056144714
"This topic is about the presidential campaign, the presidential candidate, a state governor, joining a presidential campaign, and a huge impact on political campaigns.",The budget when planning to hire a babysitter has increased 28% in the last five years,"Chipotle Mexican restaurant has been on the rise in recent years, with some famous customers. Last month, for example, two presidential candidates were seen at the fast food restaurant. Among the politicians who have already tried the dishes offered by Chipotle are Republican Senator Marco Rubio and Hillary Clinton, who even frequented the restaurant shortly before the start of his presidential campaign.",0.8154826164245608,0.5834478735923767
"This topic is about family and friends, and a husband and wife, the couple‚Äôs daughter has two brothers.","Senate Majority Leader Mitch McConnel has held up the confirmation of President Obama's candidate for attourney general, much to the chagrin of the Executive Branch","The daughter and son-in-law of a Saudi official deserted their home two weeks before 9/11. A ""family member"" of theirs is said to have attended a flight school also attended by terrorists. The daughter returned to Florida to sell the home later on. The father loves America, as both his children were born there.",0.6397663354873657,0.46824342012405396
"This topic is about family and friends, and a husband and wife, the couple‚Äôs daughter has two brothers.",A 15 year old boy stabbed a man after he accidently spilled coffee on him,This story surrounds a man in china. He was put in a situation where he had to save either his ex-girlfriend or current one from drowning. The ex-girlfriends family and friends came to the rescue of the ex. They were never husband and wife. Her two brothers was not mentioned however it has been rumored the ex girlfriend has them. There is also no mention of the current girlfriend and the mans daughter.,-0.23243974149227142,-0.19433660805225383
"This topic is about having kids, becoming a mother, giving birth, children and their parents, and families with children when a baby is born.",Le'Veon Bell of the Pittsburgh Steelers was stopped by a police officer for marijuana,So in this article it talk about how parents who don't vaccinate their children will be at risk of losing health coverage. Also parents choosing not to vaccinate will not be able to take advantage of the lowered cost of health coverage of up to $7500 a year. It also says roughly 39000 children are unvaccinated in Australia.,-0.15937499701976776,0.1770983338356018
"This topic is about civil law, marriage, federal law, legal actions, state law, petition, and law for married couples.","In Kabul, Afghanistan, an impressive explosion took place that resulted in the deaths of 17 individuals",The Supreme Court of Alabama has ordered a civil law rading marraige. The federal law is that the marriage of same sex is not not legal. The Constitution some how does not prevent it from following state law. There araises a petition for the law for married couples.,-0.2256115972995758,-0.5831307172775271
"This topic is about the navy rescuing in the ocean, swimming in the sea, sandy island, dive team rescuing a person, ocean water and fishes in the sea.",According to US scientists they have found subtle changes in former Republican president Ronald Reagan speeches from 1981-1989,"A boy was bitten by a sea lion, recovering from a puncture in the face, said the San Diego Fire and Rescue Department. There have been more starving sea lions washing up on California beaches. Scientists believe this is due to rising temperatures in the ocean and a lack of food sources and availability of fish.",0.16670683026313782,-0.1619836688041688
"This topic is about having kids, becoming a mother, giving birth, children and their parents, and families with children when a baby is born.","Paul Parker's old passport was listed on eBay for £5,000","Parents have been urged to make more of an effort to have their children vaccinated. Any children who show symptoms of whooping cough should be seen by a doctor. In addition, parents are told to keep any children who tested positive for whooping cough at home for five days.",0.8547537326812744,0.11232468485832214
"This topic is about people infected with the virus, identifying new cases, the outbreak of measles, public health, new strain of flu, and infected cases.","An arrest is the act of apprehending and taking a person into custody (legal protection or control), usually because the person has been suspected of or observed committing a crime","COVID 19 it is a dangerous virus now spread over all the world. this virus kills humans parts and it causes death.it symptoms has cugh, cold,throught pain,fever etc.",0.8109415769577024,0.5961236357688904
"This topic is about the country's president, ruler of the country, President Barack Obama, the White House press conference, the Bush administration, and the former Republican president.",A man was arrested in Alaska for reckless driving and criminal mischief,The first of its kind gender neutral bathroom has been opened at the White House. This an important and positive step in the Obama administrations stance on LBGT issues. The Obama administration has signed an executive order protecting the LBGT community from workplace discrimination.,0.8467727899551392,-0.17389240860939037
"This topic is about hotel room guests, dinner at the resort, private bar, glass of wine, and the hotel guests sitting down.","Trevor David Jones was arrested for releasing 26,000 liters of wine from their barrels","If you are looking for the perfect island getaway, look no further than the beach in Newquay. No matter if you are a couple looking for a romantic getaway or a group up to six, you will enjoy the space and tranquility this space has to offer. Relax in front of the bar with a glass of wine from our fully stocked bar while listening to the ocean waves. If you would like a night out, you can go out for simple fish and chips or even Michelin start dining. Padstow or the city of Truro are both close by.",0.2682377099990845,-0.15453149378299724
"This topic is about a football league having a world championship where each team‚Äôs fans are gathered to watch the end of this season‚Äôs games culminating in a tournament, to see their favorite football player.","A study was done analyzing the number of players from each club that represented England, focusing on the club's past ""greatness""",The head to head match between Brazil and France in Paris on Wednesday. Pele asking the skills about Neymar and some other players. Pele finally believes the coach of a Brazil can make a good team and lead to the world cup.,0.32733336091041565,0.6410309076309204
"This topic is about a final match to determine which team will win the final round, winning the title to become this year‚Äôs champion.",The Final race of AP McCoy will be one for the box offices and they will be in the colors of his owner JP McManus,Sir Bradley Wiggins will bid for cycling's hour record on June 7 at London's Olympics Velodrome. Wiggins finished his Team sky career in the Paris-Roubaix. It's been fough over tooth and nail by some of the greatest names.,0.32649874687194824,-0.000306272879242786
"This topic is about terrorist attacks, islamic terrorism, attacks on the country, terrorist threats, and extremist groups.","After being named Britain's most expensive seaside resort town, prices in Salcombe have continued to skyrocket",philphinnes been faced with attack that is believed to be ran by a member of Al Qaeda and he his also linked with Jemaah islamiah militant group. He his been also training Abu sayya group. This impose terrorist threats to Philippines!,0.6201798319816589,0.12393331527709961
"This topic is about winning the match by a few points, and how Barcelona had minutes left and had scored before half-time but were able to score a goal at the end.","Two men accused of the Boston Marathon bombing attack, Dzhokhar Tsarnaev and his older brother Tamerlan, continue to stand trial for the bombing that injured 264 people and killed three on April 15, 2013",Barcelona has participated against several teams in the Champion's League. There have been several own goals scored among top teams. Matches highlight the strengths of teams and weaknesses including suspensions.,0.9528152942657473,0.32154107093811035
"This topic is about a person found guilty in the trial before a judicial panel, opening a criminal trial against him, a person potentially facing jail time,  receiving a fine, and a suspended prison sentence.","With newly returned lawmakers scheduled for tomorrow to receive the first in a series of votes defining the perimeters for a deal, the White House has said government officials will hold secret meetings with members of Congress in order to 'help' them understand 'the commitments made by Iran","Nathan Baggaley was denied bail and held on charges of assault of a policeman, resisting arrest and escape. No stranger to illicit behavior, he will remain incarcerated while awaiting sentencing for two serious drug manufacturing charges. Mr. Baggaley allegedly supplied 10 opioid patches to a prisoner inside the Mid North Coast Correctional Centre, as well as dealing a marketable quantity of methamphetamine, charges linked with a Tweed Heads drug ring. Proceedings are scheduled to be heard at Lismore Local Court on June 2.",0.564919114112854,0.4803319573402405
"This topic is about family and friends, and a husband and wife, the couple‚Äôs daughter has two brothers.","The tragedy occurred on the M26 in Kemsing, Kent involving a collision caused by a red Mercedes Actros, where the vehicle collided to the back of the traffic queue","Cesc Fabregas met Daniella Semaan whilst he was playing for Barcelona in Spain and lived together the the girlfriend together with her two step children. Mrs Danielle is currently pregnant with Fabregas second daughter and their first toddler child. The family has relocated to London when Fabregas moved to play for Chelsea. After court dismissed Mr Taktouk's claim, he has managed to make some payments out of his father fortune he inherited and still owes some settlements. Court dismissed Mr Taktouk's claim living Fabregas company and family vindictive.",0.7848426103591919,-0.23001454770565044
"This topic is about family and friends, and a husband and wife, the couple‚Äôs daughter has two brothers.",Arsenal the team is currently playing catch up with other more established teams like Chelsea and Manchester city and is currently third in the league,"A husband and soldier cooked his wife enough food to last a year before returning to his regiment in Tibet. The wife, Ms. Zhao has been dubbed the luckiest wife in China. The husband and wife are separated by 2700 km, and this is very hard on Ms. Zhao.",0.8848686814308169,0.46947216987609863
"This topic is about Formula 1 racing, the Grand Prix on the race track, Hamilton‚Äôs team and the Ferrari team, and collisions during a race.",New York Mayor Bill de Blasio is waiting to see an outlined vision of where Hillary Clinton plans to go before he will make an endorsement for her presidential campaign,"The Grand Prix was part of the dressage World Cup. Some of the world's best dressage competitors traveled to Las Vegas to take part in the event. This Grand Prix was not a race for formula 1 cars; rather, it was an event with some of the finest horses in the world.",-0.2279278039932252,0.7241540551185608
"This topic is about Manchester United's manager, Premier League, the striker for the team, and Liverpool versus Chelsea.",Robert Di Mateo is the United manager,"Danish Tottenham star Christian Eriksen, despite not having scored since January, but the midfielder still knows how to seize opportunities. The Spurs midfielder was seen kissing the wonderful girlfriend Sabrina Kvist Jensen in central London, as he strolled through the night.
 The Spurs are currently seventh in the Premier League table, seven points off the fourth place they need to qualify for the Champions League, and Eriksen hasn't completed a goal since scoring the first goal in the 3-0 victory over the West Brom in January.",0.28118306398391724,-0.6949650049209596
"This topic is about a derby football match, in which the ball hit the post; according to the Arsenal football team‚Äôs former manager, they could have snatched victory, but the ball hit the post.",Fitness trainer Sarah Watson claims that Rojo and her advisers tried to frame her for blackmail,"Arsenal should dominate possession, while Chelsea are more likely to isolate themselves and use the electric rhythm of Eden Hazard and Willian on the counterattack. In the reverse showdown in October, Chelsea put Arsenal under the sway and Wenger's team were suffocated - they missed a shot on target for the first time in a Premier League match since 2003. Jose feels he knows Wenger's game and the Arsenal's boss can't surprise you. Mourinho has a poor Premier League Manager of the Month record; he won as many as Alan Curbishley.",0.7394765615463257,0.8847854733467104
"This topic is about winning the match by a few points, and how Barcelona had minutes left and had scored before half-time but were able to score a goal at the end.","American Airlines has been working toward appealing towards a younger generation, not just domestically, but internationally","The Kentucky Wildcats lost Saturday night to the Wisconsin Badgers 71-64 in the NCAA men's basketball Final Four at Indianapolis. The Badgers will meet four-time champion Duke in Monday night's title game. The Blue Devils won against Michigan State 81-61 that night as well. Frank Kaminsky led Wisconsin with 20 points and 11 rebounds, and forward Sam Dekker had 16 points. ",-0.08697034418582905,0.3807836174964905
"This topic is about flying the plane, the pilot of the aircraft, passengers flying for leisure or work, landing strip, the flight crew, take-offs and landings, aircraft landing, and a jet flying by.",Three people were killed and over 200 injured during the Boston Marathon Bombing,"According to reports, aircrafts in future will generate their own power and be 75 per cent quieter than current aircraft. The Progress Eagle aircraft would have capacity for around 800 passengers and would run on hydrogen fuel rather than the high-grade aircraft fossil fuels but right now the the world's largest passenger airliner is Airbus A380 and it can carry around 525 people. The Progress eagle is based on the idea ideas from quantum mechanics. It is considered to be the elder brother to the Sky Whale.",0.603046715259552,0.9140188097953796
"This topic is about a football league having a world championship where each team‚Äôs fans are gathered to watch the end of this season‚Äôs games culminating in a tournament, to see their favorite football player.","Roy Keane, formerly of Manchester United and current assistant manager of Republic of Ireland, is standing trial over an alleged road-rage incident","The Dengue fever outbreak has affected many people in Brazil, especially football players who were getting ready for World championship tournament. Key players like Corinthian's striker Paolo Guerrero, Palmeiras goalkeeper Aranha and Santos striker Leo Cittadini were also affected with Dengue. The team's fans are quite upset with this news as this will affect this season's games. To reduce the spreading of Dengue, players are advised to use insect repellent during practice and also arranged for periodic health check for the club. As the disease is spreading rapidly, players have shown their opposition to play on cities that are highly affected by Dengue.",-0.08606165647506725,0.775431752204895
"This topic is about online internet users, using an iPhone app to surf the internet, computer devices, data plans, and people checking a website on different devices.",A significant crash occurred during the Scheldeprijs race causing substantial damage to Elia Viviani,"Only people who registered on the site before this date are eligible to click the button (pictured on the left with the timer illustrated in the center and right), and when they do, they receive a color, known as 'talent'. If you comment or post a thread without pressing the button, you'll get a gray touch that says 'don't press' when you hover over the color. The first user to get a blue touch was efnex123, the first 'green' user was Sofa_King_Chubby and PopPopandAway got the first yellow touch. One wrote: 'I'm getting obsessed with the button,' while another said, 'This 'button' thing on Reddit is driving me crazy. I WANT TO KNOW WHAT HAPPENS WHEN NO ONE PUSHES THE BUTTON '(photo) Users are tweeting their opinions about the button.",0.43046408891677856,0.671654999256134
"This topic is about Manchester United's manager, Premier League, the striker for the team, and Liverpool versus Chelsea.",Sunderland are currently just one point above the relegation in the league,"Paul Parker's passport was listed for £5,000 on eBay. The England defender played for Manchester United and England in the Nineties. Parker made more than 100 appearances for United and won two league titles. Bidding ended on Tuesday but it is unclear whether anyone actually stumped up.",0.8082213401794431,-0.6017820835113525
"This topic is about a football league having a world championship where each team‚Äôs fans are gathered to watch the end of this season‚Äôs games culminating in a tournament, to see their favorite football player.","Manchester City head into the Champions League game against Barcelona on Wednesday night, knowing that a win will be enough to ensure they qualify","A local celebrity, age 16, was killed by a drive by shooting. Jericho Scott had earned notoriety for his ability to pitch a 40 mile an hour fastball. He passed away this week.",-0.5123011469841003,-0.028653141111135372
"This topic is about a person found guilty in the trial before a judicial panel, opening a criminal trial against him, a person potentially facing jail time,  receiving a fine, and a suspended prison sentence.","Apart from Liverpool, none of the traditional ""Big Six"" are yet to make any signings, but things are picking up pace as Manchester United close in on Jadon Sancho while Arsenal are set for a double-deal with the impending transfers of Albert Sambi Lokonga and Nuno Tavares","A former high school teacher plead guilty to 16 counts related to sex acts with children. She was sentenced to three years in state prison. If she had been convicted at trial, she would have faced 13 years in federal prison. She will have to register as a sex offender for life.",0.8593824505805967,-0.2773998975753784
"This topic is about high school students and children going to school, education in schools, and parents meeting teachers.",Wladimir Kitschko was a world heavyweight boxer,"A politics professor at a £31,000-a-year boarding school attended by Sir Winston Churchill was kicked out of the classroom after he was filmed commenting on sexual abuse and gestures to a woman on a train. The ban means that he is prohibited from teaching and cannot teach at any school, sixth grade college, relevant youth accommodation or children's home in England. In a decision imposed on behalf of the Secretary of Education, it was stated that Cudjoe-Calvocoressi should be authorized to apply for a return to education in 2019, when the five-year order to sign the Registry of Sex Offenders expires.",0.6970529556274414,0.07843253761529922
"This topic is about family and friends, and a husband and wife, the couple‚Äôs daughter has two brothers.",Presidential candidate Hiliary Clinton formally adopted the position of supporting same-sex marriage,A wife lost her husband to a heart attack. The couple have a young daughter. The mother explained how distraught she was at having to tell her 10 year old daughter that her dad had died.,-0.26770812273025524,-0.7651777267456056
"This topic is about civil law, marriage, federal law, legal actions, state law, petition, and law for married couples.",The Russian President has said that Russia has many interests in common with the US and that they should work together towards a common goal,"Rubio does not believe same-sex marriage should be a constitutional right. He does not believe the courts should rule on these issues, but that the state should make these decisions. However, he did state that he would attend a same-sex union if someone he cared about was involved.",0.5074709057807922,0.3274937868118286
"This topic is about a group composed of militants, fighters joining forces, ongoing violence in the capital, people dead across the country, militants armed with grenades, and a border town.","Aston villa will be playing its semi-final at Wembley, which is the final round game before they reach the final of the FA cup","An ex-Royal Marine, Konstandinos Erik Scurfield, was killed fighting alongside Kurdish forces in the frontline village of Tel Khuzela. He was a Briton from Barnsley who was shot dead on March 2 while fighting in Syria. His coffin - which has a picture of Mr. Scurfield attached - is accompanied by a guard of honour, composed of both male and female soldiers.",0.967657208442688,0.5087847709655762
"This topic is about credit, receiving funds, paying money using a credit card, and spending money.","Scientists have been stunned as there appeared to be a new 'landmark' has appeared in Pakistan, according to Google Maps which is an absolute mystery","Greece as one of the eurozone member has been issuing repeated threats of stop paying the creditors. Greek government made an statement that unless more bail out money is made available for the country, it would stop paying back creditors. Officials quoted by the Financial Times says, that if the European Central Bank does not agree with the Mediterranean Eurozone member there could be no alternative to a default. Varoufakis, Greece's finance minister has said that Greece is committed to making its repayments and accepts the fiscal restrictions imposed on the country but within reason. He also added Greece was 'not going to sign on the dotted line of anything you give us just to get the next loan tranche.",0.8135618567466736,0.7513741254806519
"This topic is about Manchester United's manager, Premier League, the striker for the team, and Liverpool versus Chelsea.",Apple Inc has approached more than a dozen musicians to sign exclusive deals for their music to be streamed on Beats,"The famous football club Arsenal ended their trophy drought by winning the FA cup last season. The Gunners are now back in form after beating Liverpool 4-1.Arsenal has played 31 games in 2013/14 in Premier League and has won 19 games, 6 draws and lost six. The addition of Alexis Sanchez has strengthened the team for the next season. Last season Arsenal were reeling after a 6-0 defeat by Chelsea in the last season at this stage. The Gunners are currently at the top of the league table The team look in fine shape heading into the summer.",0.5493903160095215,0.02292502671480179
"This topic is about the country's president, ruler of the country, President Barack Obama, the White House press conference, the Bush administration, and the former Republican president.",Emmanuel Adebayor playing forward for Tottenham has confirmed that he is staying club and moving away,"The White House announced the death of American-born Al Qaeda terrorist Adam Gadahn. Gadahn died in an operation separate from the one in which another American al Qaeda operative. Ahmed Farouq died, and neither were the specific targets of those counterterrorism operations. Two hostages, U.S. citizen Warren Weinstein, and Italian Giovanni Lo Porto were also killed in the military strike.",0.7417571544647217,0.31105124950408936
"This topic is about Manchester United's manager, Premier League, the striker for the team, and Liverpool versus Chelsea.",An investigation found Deutsche Bank at fault for rigging interest rates,Aston Villa is in battle for this seasons Premier League championship. Christian Benteke had a good game completing his hat-trick with only a few minutes remaining. Villa has six more games remaining in the premier league.,-0.41097041964530945,-0.21276307106018078
"This topic is about having kids, becoming a mother, giving birth, children and their parents, and families with children when a baby is born.","Lisa Weare, 32, a carer from Blackpool, Lancashire, admitted before a judge that she was guilty of theft and three counts of fraud",Mr.Holpin had many kids with multiple women. This behavior was greatly irresponsible as he was jobless and unable to provide for his children or support the mothers. Babies require a great deal of care and Mr. Holpins was unable to attend to the many families he had created.,-0.17920441925525665,-0.4113849103450776
This topic is about military forces and troops in an ongoing war making up the defensive army.,"After several blunders, the batsmen are under pressure to score","As peacemakers for the middle east, Iranian military forces have come in for a lot of praise from their President Hassan Rouhani. Addressing the annual National Army Day parade, Rouhani described the military as a source of security and stability in the entire region. Chief of Staff of Iran's armed forces, Major General Hassan Firouzabadi, expressed the hope that Iran and the US could work closer together in the ongoing war against ISIS.",0.5389610528945923,0.4936971664428711
"This topic is about the presidential campaign, the presidential candidate, a state governor, joining a presidential campaign, and a huge impact on political campaigns.","Zac Evans,19 was killed in machete attack",The Governor of New York Andrew Cuomo's daughter Michaela was hospitalized Wednesday after a medical emergency call was made from their family home. Governor Cuomo has been active in politics most of his life as his father Mario Cyomo was once a three-term governor. Michaela and her siblings are also into politics and recently put their efforts into supporting awareness around sexual assault.,0.7551134824752808,0.39524519443511963
This topic is about economic growth involving billion dollar figures showing that the economy is growing as expected globally.,The San Diego Fire and Rescue Department reported a sea lion attach at La Jolla Cove when a boy tried to it on Sunday,New data released by the United Nations shows the number of international migrants increasing by almost 80 million over the last 25 years. A graphic featured in The Telegraph displays this data. This topic comes at a time when immigration is a topic of interest for UK political parties with an upcoming election in May. ,0.8563023805618288,0.15806245803833008
This topic is about weight loss and following a healthy diet in order to regulate body fat and blood sugar levels and lose a few pounds of weight following a diet.,The royal children were never allowed fast food or the ability to eat out at a restaurant as children,"The husky has lost reasonable weight due to the illness and the bacterial infection. Also the husky lost weight due to lack of care, but now it is been taken care of by the RSPCA who abducted it. The abductor also named it Hero.",0.8747680187225344,-0.143364578485489
"This topic is about a bomb explosion attack, people killed in a bombing attack, or injured in the blast, an explosion caused by a bomb, people behind the attack, a car bombing killing and wounding people.",A jury came back with guilty verdicts over the cheating scandal in the Atlanta school system after eight days of deliberation,"Two men accused of the Boston Marathon bombing attack, Dzhokhar Tsarnaev and his older brother Tamerlan, continue to stand trial for the bombing that injured 264 people and killed three on April 15, 2013. The jury has been shown remnants of pressure cooker bombs and pipe bombs the two are accused of throwing at police during a gun fight in Watertown that led to the pairs' arrest. The pressure cooker bomb, which was lodged into a Honda Civic, is more intact than those found at the Boston Marathon finish line. The two are also facing charges of the shooting death of MIT police office Sean Collier, who was killed three days after the Boston Marathon attacks.",0.8929249048233032,0.39819833636283875
"This topic is about the world cup football championship, Brazil qualifying for the finals, Messi talking about Ronaldo, world champions defending their title, the Nations Cup, the best group of players, real madrid, and a competition for the cup.","The track at Fairyhouse is wet, there is hopes it will dry out","Real Madrid is preparing for competition against Granada on Sunday. Karim Benzema is a talented player, who has been in the news recently for his rapping skills. He will fight for awards and titles alongside the two best players, Cristiano Ronaldo and Lionel Messi.",0.7978836297988892,0.842644274234772
"This topic is about a person found guilty in the trial before a judicial panel, opening a criminal trial against him, a person potentially facing jail time,  receiving a fine, and a suspended prison sentence.","US President, Barack Obama and his Iranian counterpart Hassan Rouhani should make serious concessions if they are really interested in taking the nuclear deal talks forward",Suge Knight has been charged with murder and attempted murder and hit-and-run charges in January. His appeal to have his bail reduced from $10 million to $5 million was refused by Judge Ronald Coen. Knight has been plagues by medical ailments since being charged. Potential jurors will be screened and then they will serve the courtroom for 16 days set aside by the court. Knight and his lawyer hopes that Floyd Mayweather will bail him out after his next fight.,0.6054490804672241,0.7688199281692505
"This topic is about traveling via air, passengers on a flight, airlines offering flexible changes, the world's busiest airport, international transport, and flights being handled by different air traffic controllers.","In a large explosion, two ethnically Kurdish Turks were killed and eight people were wounded","A lot of time can be spent flying during a long distance relationship. Also, a lot of flying can be done for a wedding, and Southwest has started offering a discount for what is referred to as the ""wedding season"". One couple even got to have a wedding shower in the airport!",0.9170094728469849,0.36408019065856934
"This topic is about Manchester United's manager, Premier League, the striker for the team, and Liverpool versus Chelsea.","Conservatives could block the child benefit or not let millions of families receive it, as the head of government, Michael Gove, admitted last night",Roy Keane stands accused of harassing a taxi driver during a road rage incident and will stand trial on June 19. Keane enjoyed a trophy-laden career with Manchester United and won several premier league titles. He also held several other roles and won four FA Cups and one Champions League before quitting to focus on his current role as the Republic of Ireland assistant manager. Keane has entered a not-guilty plea.,0.12244631350040436,0.772847056388855
"This topic is about the presidential campaign, the presidential candidate, a state governor, joining a presidential campaign, and a huge impact on political campaigns.",Most of the fatal accidents occur due to over speeding,"After the Death of Larry, his family still carried on his strong republican views. In Larrys obituary they wrote not to vote for Hillary in his honor. The request sparked a response all over the country with voters all around.",-0.15645964443683624,-0.4100804626941682
"This topic is about having kids, becoming a mother, giving birth, children and their parents, and families with children when a baby is born.","Real Madrid ace, delighted in a barbecue on Sunday night after his previous exploits helped Los Blancos achieve a sensational victory","Having a second child and handling two kids can be a bit overwhelming at first. ... the baby is born, since caring for your older child while you're pregnant takes a lot of energy ... mother and baby during the first couple of weeks after delivery) or baby nurse ... Books written just for toddlers about growing families are available.",0.9659318923950195,0.4601036012172699
"This topic is about flying the plane, the pilot of the aircraft, passengers flying for leisure or work, landing strip, the flight crew, take-offs and landings, aircraft landing, and a jet flying by.",The president Barack Obama said in a statement after that the vote that 'America will be better off' having Lynch as its next top cop,A Russian plane was accused of flying aggressively close to an American plane. The Russian aircraft performed several maneuvers close to the other plane. The Russians claimed that it was done only to identify the other plane.,0.5434905290603638,-0.4177614152431488
"This topic is about Manchester United's manager, Premier League, the striker for the team, and Liverpool versus Chelsea.",Family and friends of those injured or killed in the Boston Marathon bombing gathered on Tuesday to help commemorate the tragedy,"The last time Liverpool won the Premier League was in 1989-90. They've also won 11 FA Cups, but fewer League Cups (four), European Cups (three), and other European Cups than Liverpool (one, the Cup-Winners Cup of 1990-91). Chelsea won their first Championship in Jose Mourinho's second time as coach earlier this month.",0.6906890869140625,-0.15364579856395721
"This topic is about a football league having a world championship where each team‚Äôs fans are gathered to watch the end of this season‚Äôs games culminating in a tournament, to see their favorite football player.",A 15 year old boy stabbed a man after he accidently spilled coffee on him,"Newport County have sacked striker Chris Zebroski after he admitted to some criminal behavior. Even though Zebroski's contract with Newport was due to expire in the summer, the club found Zebroski's actions unacceptable. The club stated that they have always prioritized the welfare and wellbeing of Zebroski, they also said they had worked with Zebroski and PFA. Zebroski has played for many clubs like Torquay United and Bristol Rovers.",-0.12661390006542217,0.2597957253456116
"This topic is about pop songs, music fans rejoice, a singer and songwriter, the first track on the new album, doing a sound check, and singing along with a prerecorded track.","Southampton are the most overweight club in the Premier League in terms of performance compared to salaries paid to players, while Chelsea are also overestimating, the latest data revealed","Danielle Jones is a big fan of pop songs, specifically of Gary Barlow, Take That's hitmaker. Barlow, both a singer and songwriter, surprise appearance to Jone's wedding aroused happy emotions and rejoice to the newly weds and music fans. The couple and all guests sang along Barlow's first track on the new album with much rejoice.",0.9246097207069397,0.95401930809021
"This topic is about credit, receiving funds, paying money using a credit card, and spending money.",Drummer Mike Portnoy arrives at Twisted Sister to replace A,"Vicky marks repeatedly used her access to Mrs. Groucher's finances abusively and made many transactions and withdrawals of her funds at ATM's. She was caught by CCTV doing these things which were cross-referenced by her children. She had a small pattern of taking 100 or 200 pounds amounting in 4,200 pounds sterling. She was trusted to take care of Mrs. Groucher and took advantage of the old woman.",0.9296873211860657,0.6960513591766357
"This topic is about market prices and market sales, companies reducing costs, price tags dramatically undercut the major supermarkets, increased sales in the current market, determining a price point for a product, and product sales.",Michael Moloney was born pre-maturely at 26 weeks with 1lb 12oz weight,"Discount store Aldi's dazzling success story continued yesterday as it surpassed rival Waitrose to become Britain's sixth-largest supermarket. The German discount store has captured a growing share of the market since the recession, as families with little money seek cheaper alternatives. Between January and the end of March, Aldi's sales grew 17% over the same period last year. This compares to Waitrose's 3 percent growth, increasing its market share. The total market share of the 'Big Four' has fallen to less than 73 percent, the lowest in a decade. Kantar Worldpanel said Aldi has registered double-digit growth over the past four years. More than half a million new shoppers visited the store in the three months to March 29, compared to a year earlier. Lidl saw sales jump nearly 12 percent over the period to secure a 3.7 percent market share",0.906329929828644,-0.11064630001783382
"This topic is about a derby football match, in which the ball hit the post; according to the Arsenal football team‚Äôs former manager, they could have snatched victory, but the ball hit the post.",Hector Bellerin scored a goal before halftime in last week's game against Liverpool,"Claude Callegari, Arsenal's most popular supporter on TV, probably represented many Gunners fans when he asked for the Fabregas flag to be removed from the side of the Emirates Stadium. Fabregas left Arsenal for Barcelona in 2011. His impressive return to English football in Chelsea's blue uniform has some Gunners fans questioning why his image is still decorated on the Kenflier Bridge in the stadium. 'Fbregas is expected to face his former club on Sunday when Mourinho's team head to the Emirates Stadium to compete for three points with their closest Premier League opponent.",0.7417416572570801,0.04567735269665718
"This topic is about online internet users, using an iPhone app to surf the internet, computer devices, data plans, and people checking a website on different devices.",Both family of friends of newly weds were excited by the chance to dance and sing along with their music superstar,"Subway users can now make calls and send text messages on the subway after the launch of a new technology that enables calls over an Internet connection.
 An EE spokesperson reported: 'As of today, iPhone customers in EE can make and receive high quality calls via WiFi and send text messages using their own phone number without the need to use an app - great for when a cell signal is not available.' Although it is now possible to make calls or send messages via Wi-Fi with apps like WhatsApp and Viber, the new technology works automatically on the user's cell phone.",0.9275006055831911,0.33377858996391296
"This topic is about credit, receiving funds, paying money using a credit card, and spending money.","The lucky fans in the French city of Saint-Etienne won a present on Monday night, with Brazilians Ronaldo and Zinedine Zidane participating in the 12th annual match against hunger",Young people in Britain are seeing their wages grow. They are changing jobs more often than older workers but are seeing their pay rise. They are keeping up with shifts in technology better than their older counterparts.,0.9505548477172852,0.27158740162849426
"This topic is about credit, receiving funds, paying money using a credit card, and spending money.","The husky is suffering from Mange, a disease that is most likely to be spread to it through close contact with other dogs or maybe animals generally",In European berth Stroke have sit 10th in the premier league and lots of chances for earnings in outside. Hughes wants to Begovic was to be a part of successful football club. He believes Begovic can achieve easily.,0.7980067729949951,0.7525570392608643
"This topic is about how carbon emissions affect global climate change, the Earth‚Äôs surface as well as the atmosphere around the Earth, the temperature of the sun, and global temperatures.",Arsenal beat Burnley1-0 at Turf Moor,"Nasa,s describe global climate change on mars planet.In form of ice of water.No life on mars.Carbon emission atmosphere on mars.",-0.7203634977340698,0.36204540729522705
"This topic is about winning the match by a few points, and how Barcelona had minutes left and had scored before half-time but were able to score a goal at the end.",The documents about Stingrays and Hailstorms are regularcensored in public records request by citizen and journalists,Aston Villa achieved a 3-3 draw during last nights match. Benteke was able to complete a hat-trick to help the team achieve this draw. This left Sherwood happy with the teams performed and ability to score.,0.6812492609024048,-0.42721253633499146
"This topic is about heir to the throne, Prince William and Prince Harry, the British royal family, the second in line to the throne, and the royal couple.","Shelley Dufresne and Rachel Respess, are teachers by profession, has been arrested and charged for having sex with 16 year old student","As the world mourns the death of Prince Philip, here's a look at the British royal family and what his passing means for the line of succession.It all starts with Queen Elizabeth II, eldest daughter of George VI and Queen Elizabeth and the world's currently longest-reigning monarch.In 1947, the Queen, born in 1926, married Prince Philip, Duke of Edinburgh, who is the son of Princess Alice of Battenberg and Prince Andrew of Greece and Denmark.Prince Charles, the heir apparent to the British throne, married Lady Diana Spencer in 1981 earning her the title Diana, Princess of Wales.Together they welcomed sons Prince William, Duke of Cambridge, in 1982; and Prince Harry, Duke of Sussex, in 1984.Prince Charles and Princess Diana had a contentious relationship, complicated by affairs on both sides. Diana's time as a royal was made worse by constant criticism of her image and actions in the press.The couple eventually divorced in 1996: Prince Charles remarried Camilla Parker Bowels in 2005.Princess Diana was tragically killed in a car accident in 1997. She was 36 years old.",0.8488497138023376,0.7715768218040466
"This topic is about a court ruling, department of justice, appealing against a court ruling, judge reviewing a case, a court order, and magistrates.",Congressman Aaron Schock is under fire spending money too loosely,"A former Weber County court clerk won a sexual harassment case against a former judge who wrote a love poem for her.
 A federal jury in Salt Lake City on Thursday awarded more than $270,000 to Marcia Eisenhour after finding that former court judge Craig Storey violated her right to equal protection.
 Storey wrote in 2007, 'I would love to pick your sweet grapes', and called Eisenhour 'the most beautiful thing alive'.
 Storey was a judge at the Weber County Courthouse from 1984 to 2010, when a new Ogden Courthouse (pictured) opened and took over the county's case pool.",0.8069670796394348,-0.09776042401790619
"This topic is about family and friends, and a husband and wife, the couple‚Äôs daughter has two brothers.",Aston Villa achieved a 3-3 draw during last nights match,Michael Schumacher is recovering from his induced coma. He has started to recognise family members. Has won Seven F1 World Titles and 91 races.,0.38367748260498047,0.014775032177567482
"This topic is about mobile phones and social networking such as the Facebook app, smart watches, as well as apps containing ads that can be watched on phone screens like Samsung.",Russian President Vladimir Putin has claimed that the US helped Chechen Islamic insurgents wage war against Russia,"The first version of the Apple Watch has been labelled a ""waste of money"" by some Australian tech experts. There are apparently many key features missing. The Watch relies on an iPhone for data, without water-proofing or GPS. One expert said he would want it to be independent from an iPhone.",0.7821364402770996,-0.13804784417152405
"This topic is about Manchester United's manager, Premier League, the striker for the team, and Liverpool versus Chelsea.",The Manchester United's assistant manager and Rhodi Giggs shared gossip about Ryan Gigg's affair,"Real Madrid is a great team.
 Karim Benzema says they are capable of retaining their championship.
 Karim says that he has a good team and could retain the championship.",0.3403435945510864,0.3813967704772949
"This topic is about online internet users, using an iPhone app to surf the internet, computer devices, data plans, and people checking a website on different devices.","Danniella Westbrook and Tom Richards, the former couple who got together after the EastEnders star ended her relationship with her husband after 12 years, are in the news again after Richards was arrested in Swansea for assault and harrassment","The documents about Stingrays and Hailstorms are regularcensored in public records request by citizen and journalists. A defense attorney questions about the device, citing the same FBI nondisclosure agreement. the evidence avoiding a concet citation anand question about the equipment use.",0.35328179597854614,0.6202145218849182
"This topic is about a football league having a world championship where each team‚Äôs fans are gathered to watch the end of this season‚Äôs games culminating in a tournament, to see their favorite football player.","After Missouri mother, Amanda Lubiewski's daughter was descriminated against during school pictures, school staff took action and helped her get her childs picture re-taken",The English Rugby Football unions practices at Penny Hill Park in preparation for a rugby match taking place against France on Saturday. The upcoming match between France is only one nail bitter game for England with Wales and Ireland also participating with hopes to bring home the trophy. All teams have a chance to bring home the rugby world cup especially England if they are the victors in their match against France.,-0.23114721477031697,0.14687830209732056
"This topic is about firefighters tackled the blaze, wood burning, residents evacuating, flames, spit embers downwind, and burning buildings.","While revenue is up in the Premier League, fans want that money to be funneled into the lower leagues and used to cut ticket prices",Tomasz Morawski's engine suddenly burst into flames as he stopped at a red light. Firefighters arrived on scene to help fight the blaze and block the road to prevent cars from continuing to drive past as the car could have exploded. His boot contained butane and propane canisters that were dangerous additions to the blast. Fire fighters doused the fire not knowing if the car was going to explode and continued to examine the car to determine the source of the blaze.,0.9428125619888303,-0.07850386202335358
"This topic is about the country's president, ruler of the country, President Barack Obama, the White House press conference, the Bush administration, and the former Republican president.",A hospital paid a temporary nurse 2200 to cover one 12 hour shift,"President Barack Obama paid more than $93,000 in taxes last year on adjusted gross income of more than $477,000. Obama said he donated just under $71,000 to charities. His biggest charitable donation - $22,000 - went to the Fisher House Foundation. The organization helps injured military personnel and their families. The White House also released 2014 income tax returns for Vice President Joe Biden. Biden and his wife, Jill, paid more than $90,000 in federal taxes last year on adjusted gross income of nearly $389,000.",0.6425658464431763,0.35648396611213684
"This topic is about a person arrested and charged, authorities allegations, an investigation, being accused of a crime, being under arrest on one charge, and being under investigation.",US President Barack Obama will host the Pope Francis after he accepted invitation from the White House o address the US Congress and he will be the first Pope to do so,A man was arrested in Alaska for reckless driving and criminal mischief. He was originally being sought on theft and fraud charges. He remains in jail while he waits to face all charges.,0.16455121338367462,0.4839114546775818
"This topic is about family and friends, and a husband and wife, the couple‚Äôs daughter has two brothers.",The discussion is about the legality of same sex marriage and the churches involvment by voicing it's opinion about it,"5-year-old Grayson Hand, who is battling leukemia, has both parents in support of him. A sister who is 7 years old. Father is Nate, mother is Laura.",0.6329904794692993,0.897328734397888
"This topic is about a football league having a world championship where each team‚Äôs fans are gathered to watch the end of this season‚Äôs games culminating in a tournament, to see their favorite football player.","Russian-backed rebels and Kiev government forces have been in a yearlong conflict which has recently resulted in civilian casualties and injuries, including a journalist for a Russian TV station being severely injured by a land mine",Prince Harry is the Vice Patron of the Rugby Football Union. He had met with the members of the air forces to talk to them.The tournament is made up of Six Nations. The Six Nations will be the last competitive in the tournament.,0.3588365316390991,0.6148170232772827
"This topic is about having kids, becoming a mother, giving birth, children and their parents, and families with children when a baby is born.",Mike has fathered 40 children in his life time,Parents debt are increasing by letting their adult children's expenses. They are too concern about their children's comfort and making stay with them after children's twenties and thirties . This is called boomerang generation which their parent are under financial debts by children. Debt organisations initiated parents should ask household bills and rent from children older than 18.,0.8428729772567751,0.8848921060562136
"This topic is about credit, receiving funds, paying money using a credit card, and spending money.",A new study has warned and blamed on human activities for the amount of heatwaves and almost a fifth of extreme rain storms,"Hilary Border, 54, had power of attorney over her 83-year-old mother Dorothy, who has dementia. This means that she was being trusted to deal with her mother's money, but she ended up stealing at least £20,000. Staff at the care home tried to contact Border over an £16,000 of debt over two years before going to the police. ",0.8560206890106199,0.6728338599205017
This topic is about economic growth involving billion dollar figures showing that the economy is growing as expected globally.,Barcelona has participated against several teams in the Champion's League,Greece needs money. It owes the EU alot of money. The leader of greece me t with Vladimir Putin for assistance. The leader claims it was not to beg for money. Greece and Russia discussed partnerships. Greece also says one way it should be able to get money is from reparations due to the Nazi invasion of Greece.,-0.17105403542518616,-0.028613414615392574
"This topic is about a person found guilty in the trial before a judicial panel, opening a criminal trial against him, a person potentially facing jail time,  receiving a fine, and a suspended prison sentence.",Mark Pearce is a prominent winemaker in South Australia,"Pharmacist Imran Sharif left the couple's children at their schools before going home and slitting his wife Raheela Imran's throat. Leaving her dead on the kitchen floor, the 'violent and dangerous' 44-year-old man stripped off his bloodstained clothes and hid them under the driver's seat of his car. Paramedics were called to the house at the end of the terrace in Hillersdon, Slough, on the afternoon of October 20, after Raheela's brother made the horrible discovery of her body. Detective Chief Inspector Mike Lynch said: 'I'm glad Sharif accepted responsibility for what he did and admitted that he took his wife's life. 'This has been an incredibly difficult time for Raheela's family and friends as they try to come to terms with her loss and while it may offer them little comfort, I hope Sharif's confession of guilt will be of some help when they start to rebuild the house of your family lives.' Adrian Foster, Crown Prosecution Service chief prosecutor for the Thames and Chiltern Crown Prosecution Service, said Raheela's life had been ""prematurely ended"". Foster said: 'Having been charged with the murder of his wife and while on remand in Bullingdon Prison, Sharif confided in another prisoner, whom he had known for about 12 years and admitted to having killed his wife. 'This case represents a tragedy for Raheela's family. 'We know that nothing will bring Raheela back to her children, family and friends, but we hope that today's conviction will give them at least a small sense that justice has been done. A neighbor, who asked not to be identified, said after last year's murder: 'They were great people, it's really shocking.'",0.9071187973022461,0.5552512407302856
"This topic is about heir to the throne, Prince William and Prince Harry, the British royal family, the second in line to the throne, and the royal couple.",Samuel Eto was the subject of a racism incident,"Bedene is ranked 83rd in the world. However, he is ranked number two in Britain right behind Andy Murray. He won a match against Maxime Chazal in Morocco and will face either Michael Linzer or Maxime Texeira next round.",0.5296751260757446,0.3759837746620178
"This topic is about the country's president, ruler of the country, President Barack Obama, the White House press conference, the Bush administration, and the former Republican president.",Roy Keane is charged with an alleged road rage accident,"The Basij is a militia made up of fighters loyal to Iran's religious leaders;
 The commander says that so far, the Basij has not been captured in fighting the feared Islamic extremists currently battling in parts of Iraq and Syria.
 But Iran's elite Revolutionary Guards Quds Force, led by General Qassem Suleimani, is already training, advising and supporting Iraqi Shiite militias in their fight against ISIS.
 This is symbolic of the gulf that still exists between Iran and the US, regardless of any melting of relations in the wake of the recent agreement on a nuclear deal and ongoing negotiations.
 Iranian authorities, who believe their strategy is making a difference in the fight against ISIS, say they would like better cooperation with the US, but stress that the level of trust is simply not there.
 It's a point the US, of course, disagrees with -- US President Barack Obama has promised to ""degrade and ultimately defeat"" the terrorist group.",0.4607800543308258,0.9331386089324951
"This topic is about the world cup football championship, Brazil qualifying for the finals, Messi talking about Ronaldo, world champions defending their title, the Nations Cup, the best group of players, real madrid, and a competition for the cup.","President Barack Obama declined to mention whether the United States would provide Apache helicopters, drones, and arms to Baghdad to help with the fight against ISIS","The Real Madrid reserve boss, Zidane praised Eden Hazard in a statement that is sure to agitate Stamford Bridge. He gushed that he liked Hazard over Messi and Ronaldo even though both of them are spectacular. These comments have sparked an impending transfer battle with Chelsea.",0.6133254170417786,-0.6829838156700134
"This topic is about a person found guilty in the trial before a judicial panel, opening a criminal trial against him, a person potentially facing jail time,  receiving a fine, and a suspended prison sentence.",Suge Knight has been charged with murder and attempted murder and hit-and-run charges in January,"Rilwan Oshodi, 31, has been ordered to repay nearly £1million in fraudulent gains which he made after after stealing life savings from his innocent victim. Rilwan Oshodi was the scammer who was also the ringleader of a fraud gang. Oshodi, 31 bought his victims' accounts details from hackers at a low price and then spend their savings in a wide range of products like expensive gadgets, food and transport. Before this, Oshodi was jailed for eight years in 2013 for conspiracy to defraud and conspiracy to conceal criminal property. The judge ordered Oshodi to return fraudulent gains within six months or face a further four years in jail.",0.9548630714416504,0.5068736672401428
"This topic is about the presidential campaign, the presidential candidate, a state governor, joining a presidential campaign, and a huge impact on political campaigns.","A 17 year old female was stopped at Gatwick Airport, West Sussex under suspicion that she might be trying to join the jihadi fight in Syria",The pre-presidential league on the Democratic side does not have big-time candidates. Hillary Clinton is their putative nominee regardless of her various issues such as her email brouhaha. They are trying to defend her and make her the best candidate possible. There's been a sharp structural decline of elected democrats everywhere below the presidential level.,-0.22175386548042297,-0.3527478575706482
"This topic is about terrorist attacks, islamic terrorism, attacks on the country, terrorist threats, and extremist groups.",The final four games will be important for the season,"It is suspected that members of al Qaeda were planning on carrying out a number of terrorist attacks in Pakistan, Afghanistan, and Italy. The Vatican appears to have been on their list of targets. It is suspected that they are responsible for a car bombing which killed and injured hundreds of people, as well as covertly moving weapons and money around the globe.",0.7129478454589844,0.6135569214820862
"This topic is about university researchers, scientific journals, studying humans, and studies by researchers.",A new feature that will enable users to send and receive money will be rolled out,"Russia's Shiveluch volcano erupted from Friday, blowing ash to 30,000 feet to the atmosphere. which gives free path to the wind to blew the ash across the bering sea and into the western Alaska. This volcano was erupting in line, which leads to the similar incident in January. In Russia, other than Shiveluch volcano their was another three volcanos namely Kamchatka Peninsula: Shiveluch, Klyuchevskoy and Karymsky .These volcano eruption becomes larger to the size of the Japanese Island.",-0.001842712052166351,0.4806700348854065
"This topic is about mobile phones and social networking such as the Facebook app, smart watches, as well as apps containing ads that can be watched on phone screens like Samsung.","Real Madrid will have a heavy embezzlement for the game against Malaga, at home, valid for La Liga","New phone services in the UK aren't as fast as the companies claimed they would be. 4G services are only about 2.5 times faster than 3G services, although they were claimed to be 5 times faster. 4G services are bound to slow down the more people connect to them.",-0.3695935010910034,-0.45170852541923523
"This topic is about a person found guilty in the trial before a judicial panel, opening a criminal trial against him, a person potentially facing jail time,  receiving a fine, and a suspended prison sentence.",Richard Jefferson is a well-known NBA star and has been playing since 2001,"A 28-year-old Newport County football striker, Chris Zebroski was jailed for four years and four months for robbery, attempted robbery and assault. This comes after Zebroski had admitted to four charges related to two incidents. In the first incidents, Zebroski crashed his BMW into a taxi in December and smashed the mobile phone of the driver who tried to film him. In the second incident, Zebroski drank heavily at a party and later tried to rob two men in Swindon while on bail.",0.45822176337242126,0.28444671630859375
"This topic is about a person found guilty in the trial before a judicial panel, opening a criminal trial against him, a person potentially facing jail time,  receiving a fine, and a suspended prison sentence.",Iraq has faced another terrorist attack in its country,"The Baltimore police department has used secret cellphone survellance equipment 4,300 times. the mportent one is digital life.The datails relevant in the court,resemvble the original plot of HBO hit The Wire.The Hailstorm,made by Florida-based Harns corp.",0.6794267296791077,0.23372288048267365
"This topic is about a new series based off action films, for which viewers of the film watch for the bonds between the characters.",A football player was apparently motivated to fix a match; some other football players are also accused of committing bribery,The script was filmed in the school district. Wallace intends to have the film displayed as a script to showcase the history of the district. He believes this is an iconic movie and it being associated with the district will be astronomical. This is likely to be a good thing for the district when ''The Breakfast Club'' returns.,0.7779406309127808,0.25870490074157715
"This topic is about heir to the throne, Prince William and Prince Harry, the British royal family, the second in line to the throne, and the royal couple.",Arsenal lifted the FA cup following victory over Hull City last season and all the credit goes to the team and their hard working coach Arsene Wenger,In his book the crossroad corporal donaldson uncovered how the sas regiment had uncovered a taliban contender codenamed javelin in afghanistan in 2008. Dasignated by the taliban a taliban warloud codenamed javelin designated prince harry on his first visit through afghanistan and in quite a while again took steps to kill the ruler spear had been saying he planned to take our prince harry he composed. We flew by chinook to a spor called paygolkar to follow two targets codenaed.,0.7324941158294678,0.8416146636009216
"This topic is about traveling via air, passengers on a flight, airlines offering flexible changes, the world's busiest airport, international transport, and flights being handled by different air traffic controllers.",Alaska has seen an unseasonably warm winter,Passengers on planes are given even less legroom these days. Several airlines have the 31 inch rule but most do not anymore. This makes travel for passengers uncomfortable on long flights.,-0.2776637077331544,0.03193005174398422
"This topic is about family and friends, and a husband and wife, the couple‚Äôs daughter has two brothers.","Harmison's brother, James, asked if he was sure he wanted to sign on and manage","Improve Grammar, Word Choice, and Sentence Structure In Your Writing. It's Free! Get Grammarly For Instant Help With Grammar, Spelling & Punctuation. Try Now! Improve Word Choice. Find and Add Sources Fast. Eliminate Grammar Errors. Fix Punctuation Errors.",0.5930583477020264,0.8758505582809448
"This topic is about traveling via air, passengers on a flight, airlines offering flexible changes, the world's busiest airport, international transport, and flights being handled by different air traffic controllers.",The famous car racing driver Nico Rosberg will start behind pole-sitter Lewis Hamilton on the grid in China,"The cark part area of Sydney's international terminal had to be closed after a 4WD burst into flames in the middle of the area and covered it in thick smoke. The red 4WD was fully engulfed in flames and fire was spewing from the bonnet of the car. The witnesses present there captured footage of NSW Fire and Rescue crews working to put out the flames. According to the reports, the fire started from the engine of the car. The fire caused traffic delay throughout the terminal by covering the entire area with heavy smoke.",0.387407511472702,0.5743210911750793
This topic is about weight loss and following a healthy diet in order to regulate body fat and blood sugar levels and lose a few pounds of weight following a diet.,"A 28-year-old Newport County football striker, Chris Zebroski was jailed for four years and four months for robbery, attempted robbery and assault",Weight toning is better than Weight loss. Spiralling of of fruits and vegetables tend to induce less calorie and can be considered as a healthy diet. Completely elimination of carbohydrates from the diet entirely is not healthy as they provide a range of important nutrients.,0.742706298828125,-0.1967211216688156
"This topic is about winter temperatures as opposed to hot weather conditions, cold mornings, and weather forecasts like snow being expected later.",Juventus are proving that experience is an important factor in their pursuit of European glory,"Lightning, flooding and a deluge of hail fell in St. Louis on Tuesday as heavy storms hit the middle of the United States. The roads around Missouri City were flooded with heavy rain, with one city recording more than two inches of rain in half an hour. Areas of flash flooding were common throughout St. Louis County before the strip of bad weather crept out of the region before noon on Tuesday, she added. More storms were possible in other parts of the central US region. The spring warming and changes in where the jet stream traces a path in the upper atmosphere were combining to increase the chances of bad weather on the plains on Wednesday and Thursday, said the Storm Prediction Center.",0.8237196207046509,0.19061660766601562
"This topic is about mobile phones and social networking such as the Facebook app, smart watches, as well as apps containing ads that can be watched on phone screens like Samsung.",Discount store Aldi's dazzling success story continued yesterday as it surpassed rival Waitrose to become Britain's sixth-largest supermarket,"Metro passengers can now make calls and send text messages, after the launch of a new technology that makes it possible to make calls over an Internet connection. London Underground platforms could soon be drowned by the sound of passengers talking on their phones. iPhone users on EE will find their calls and texts automatically connected over the Internet when they don't have a service signal. After downloading the update, EE users on iPhone will see a Wi-Fi Call section appear in their phone's settings app, which must be changed to allow the feature to be enabled.",0.8354780673980713,-0.19674606621265422
"This topic is about winning the match by a few points, and how Barcelona had minutes left and had scored before half-time but were able to score a goal at the end.",French special forces rescued a Dutch national being held captive in Mali,Benteke scored a headed goal against Tottenham to win the game on Saturday. The gap between teams are less hence winning each game and gaining point against other teams in relegation is very important.,-0.49121424555778503,-0.6952927112579346
"This topic is about a person arrested and charged, authorities allegations, an investigation, being accused of a crime, being under arrest on one charge, and being under investigation.",There's been concern in the U,"Eric Carter (21) and Stephanie McCassin (24) of New Hampshire have been arrested after charged with endangering the welfare of a child. Authorities accused the duo of allegedly overdosing on heroin while giving their 3-year-old son a bath. The case is under investigation by the Manchester police, who received a complaint from the child's grandmother and primary caretaker Mary McDonald.",0.9301853775978088,0.9310722351074217
"This topic is about civil law, marriage, federal law, legal actions, state law, petition, and law for married couples.",The 'right-to-work' legislation bill for Wisconsin after being pushed through a fast track process for the signature of the governor Scott Walker was passed by the Assemble after 20 hour long debate,"Liana Barrientos has married a total of ten men without necessarily filing for divorce or waiting to be widowed. Needless to say, this is illegal. It is suspected that she was married to up to eight men at once.",-0.017839107662439346,-0.09205369651317585
"This topic is about heir to the throne, Prince William and Prince Harry, the British royal family, the second in line to the throne, and the royal couple.",The opposition leader in Russia was killed after he was allegedly investigating Russia's military involvement in eastern Ukraine,"Prince Harry will arrive in Australia next Monday to begin his final tour of duty, where he will spend four weeks with the Australian army. If he passes the military test, it is possible that he will fly in helicopters while in the Sydney regiment. The prince will join the excavators in urban training exercises and bush patrols, as well as marches and physical training. ""Prince Harry is extremely eager to begin his four-week liaison with the ADF,"" the spokesman said, according to ABC. 'It has been an opportunity he has been interested in exploring for a few years and he is delighted to be able to do so before completing his military service in the British Armed Forces later this year.' The fourth in line for the royal throne will have his military activities briefly halted at the end of the month, when he flies to Gallipoli with Prince Charles for the Anzac Day celebrations.",0.8027904629707336,-0.2815685570240022
This topic is about economic growth involving billion dollar figures showing that the economy is growing as expected globally.,"Kazakhstan, being a multi-ethnic, mainly Muslim country is said to be troubled by violence from Kyrgyzstan to Afghanistan","Industry figures show that music listeners are flocking to on-demand streaming services and Internet radio. This is marked by streaming topping CD sales in revenue for the first time in the United States. Streaming revenue totalled $1.87 billion, as opposed to the $1.85 billion earned by CD sales.",0.6292749643325806,0.6789944767951965
"This topic is about the presidential campaign, the presidential candidate, a state governor, joining a presidential campaign, and a huge impact on political campaigns.","There were passengers on this plane that included 16 teens, 2 babies and 6 crews members",Way before Ronald Reagan was diagnosed with Alzheimer's researches now believe he had it. His son says he saw early signs of dementia and a out of touch president in the 1984 campaign. Things like his tendency to forget the names of familiar California canyons flying over and use repetitive words. His son Ron believes if he knew he had Alzheimer's while he was in office he would of stepped down.,0.14366136491298676,0.22847434878349304
This topic is about military forces and troops in an ongoing war making up the defensive army.,"A politics professor at a £31,000-a-year boarding school attended by Sir Winston Churchill was kicked out of the classroom after he was filmed commenting on sexual abuse and gestures to a woman on a train",Sovereign harry is set out toward this last deployment in the first class sas base camp in perth western australia where the fighter who profasses to have shot the taliban warlord who was determined to killing the imperial beneficiary functions as a preparation leader. Imprint donaldson is one of australia most profoundly improved warriors one of the not very many to have been granted the country's most noteworthy military honor the victoria cross. For his courage in afghanistan VC uncovered in 2013 how four years sooner he had been an individual from a world class special air services.,0.7933326959609985,0.7239100337028503
"This topic is about Ukraine and Russia, calling to fight for Ukraine, euro countries, Russian officials gathering in Moscow, Vladimir Putin, a citizen of the eastern European country, and a bloc of nations within the European Union.",The NFL is comprised of a number of different football teams,Jean-Claude Juncker is the chief of Brussels and European Union has called for creation of an EU army in the time of rising tension in Russia. the European commission president said that we were serious about defending the values and joint EU force is more economical. Mr.Juncker shares about Europe's image suffered in terms of foreign policy to a German newspaper. Philip Hammond warned about the sanctions imposed by the EU. Mr. Putin from Russia moved from being a partner and his view over soviet states puts his odds.,0.41275912523269653,0.19019344449043274
"This topic is about how carbon emissions affect global climate change, the Earth‚Äôs surface as well as the atmosphere around the Earth, the temperature of the sun, and global temperatures.",Arsenal midfielder Mesut Ozil was criticized when the German international changed his shirt at half-time during the Champions League round of 16 clash with Monaco,"Most of these human-caused (anthropogenic) greenhouse gas emissions were carbon dioxide (CO2) from burning fossil fuels. Concentrations of CO2 in the atmosphere are naturally regulated by many processes that are part of the global carbon cycle. The flux, or movement, of carbon between the atmosphere and the earth's land and oceans is dominated by natural processes like plant photosynthesis. Emissions scenarios are used in general circulation models (GCMs) to estimate the magnitude of climate change over various periods. All four models predicted steadily increasing greenhouse gas emissions and global average temperatures in the first years of the coming century. ""Climate change is steady,"" Smith said.",0.9165130257606504,0.6442521214485168
"This topic is about high school students and children going to school, education in schools, and parents meeting teachers.","Last time, Manchester United won 3-1","After Missouri mother, Amanda Lubiewski's daughter was descriminated against during school pictures, school staff took action and helped her get her childs picture re-taken. The teachers stepped out of line in having her child remove her glasses. The article does not really state much in regards to watch the teachers did.",0.6589984893798828,0.17402158677577972
"This topic is about a group composed of militants, fighters joining forces, ongoing violence in the capital, people dead across the country, militants armed with grenades, and a border town.",The Organization for Security and Co-operation in Europe (OSCE) has been tasked with monitoring an ongoing conflict between pro-Russian rebels and Ukrainian government forces,"The Islamic State group claimed bombing responsibility near the US consulate in Iraq. Kurdish security forces responded to the large explosion. The Egyptian jihadists loyal to the Islamic state killed 14 people in the restive Sinai Peninsula, including 11 security personnel.",0.6270421743392944,0.7454773187637329
"This topic is about market prices and market sales, companies reducing costs, price tags dramatically undercut the major supermarkets, increased sales in the current market, determining a price point for a product, and product sales.","Fans in the French city of Saint-Etienne were lucky when they received a gift on Monday night, with Brazilians Ronaldo and Zinedine Zidane participating in the 12th annual match against poverty","CFL and LED lights use 60%-90% less energy than incandescent bulbs. The cost however is a major setback to the CFL/LED option. For a 5-watt LED bulb (which is the equivalent to a 35-watt halogen) it would cost anywhere from £5 to £15, compared to the £1 halogen bulb of equal efficiency.",0.6304179430007935,0.25286924839019775
"This topic is about a group composed of militants, fighters joining forces, ongoing violence in the capital, people dead across the country, militants armed with grenades, and a border town.",Parents are becoming increasingly controlling over the lives of their children,"According to reports, Amjad Yaaqub, 16 saw Islamic State militants playing football with a severed head inside the besieged Yarmouk refugee camp. He said that the ISIS fighters were looking for his brother, who is a member of the Palestinian rebel group who ran and defended the camp for several years before ISIS carried out a bloody assault that has left more than 200 people dead in just seven days. Yarmouk was once a thriving district housing 160,000 Palestinian refugees and Syrians but that was before fore it too was caught up in the widespread civil unrest .",0.8947646617889404,0.667536735534668
"This topic is about winning the match by a few points, and how Barcelona had minutes left and had scored before half-time but were able to score a goal at the end.",The Final race of AP McCoy will be one for the box offices and they will be in the colors of his owner JP McManus,"Manchester United's humbling of City was the latest in a long line of great performances. With an average of two points per game, Louis van Gaal's club is in first place. Chelsea, United, City, Liverpool, Arsenal, Tottenham Hotspur, and Southampton are all represented in Sportsmail's alternate table, which shows each club's total points gained versus the current top seven teams: Chelsea, United, City, Liverpool, Arsenal, Tottenham Hotspur, and Southampton.",0.33524036407470703,0.09571921825408936
"This topic is about a derby football match, in which the ball hit the post; according to the Arsenal football team‚Äôs former manager, they could have snatched victory, but the ball hit the post.","In Kabul, Afghanistan, an impressive explosion took place that resulted in the deaths of 17 individuals","Chelsea's salient points are that they have been very effective in counterattacks and set pieces as well. Sunday's game marks the return of former Arsenal midfielder Cesc Fabregas, who will wear Chelsea blue in the Emirates for the first time. Arsenal fans are expected to give their ex-hero a warm welcome after he has joined his fierce rivals, but Wenger has asked for some respect for one of his best players of the last decade. ""I want all the players to be respected, and Cesc Fabregas, when he comes to the Emirates on Sunday, will be respected as he deserves,"" he said. Wenger is without Alex Oxlade-Chamberlain and Mikel Arteta on Sunday, while Per Mertesacker is rated '50 -50' by his coach, having not trained at all this week.",0.6692233681678772,0.7007074356079102
"This topic is about a football league having a world championship where each team‚Äôs fans are gathered to watch the end of this season‚Äôs games culminating in a tournament, to see their favorite football player.","While revenue is up in the Premier League, fans want that money to be funneled into the lower leagues and used to cut ticket prices","Southampton are the most overweight club in the Premier League in terms of performance compared to salaries paid to players, while Chelsea are also overestimating, the latest data revealed.
 Chelsea have a 10-point lead at the top of the table but are only the third highest payer, with a payroll of £192.7 million behind Manchester United (£215.8 million) and Manchester City (£205 million) ).
 Burnley's underdog payroll is just £21.5 million, including £6 million in promotion bonuses, one-tenth the size of United.
 The biggest underemployed are QPR, with a salary of £75.3 million even in a season when they were in the league, making them the eighth highest payers - yet they are ranked 19th in the Premier League table.
 The salary costs and profit or loss of all top tier clubs for 2013-14 have now been confirmed through annual accounts published at Companies House and there is generally a close correlation between total salary and league position , with the top four in the Premier League also the top four payers.
 The combined accounts of the 20 clubs show that overall turnover rose to £3.07 billion from £2.3 billion in 2012/13 with salaries increasing as well, but at a slower rate and totaling £1.84 billion compared to £1.59 billion.
 The last figure shows that salaries represent 59.9 percent of turnover, compared to 71.7 percent for the same 20 clubs a year earlier.
 The increase in revenue is mainly due to the Premier League's lucrative television deal, which went into effect for the first time last season.
 The first is increasing revenue, and the second is the financial criteria that clubs have voted on for the past two seasons, which put financial sustainability at the center of how they want to move forward.",0.331587553024292,0.7724007964134216
"This topic is about a group composed of militants, fighters joining forces, ongoing violence in the capital, people dead across the country, militants armed with grenades, and a border town.","Several United States Senators, including Senator Menendez, Senator Johnson, Senator McCain, and others, have written to FIFA in the hopes that they will remove Russia as host of the 2018 World Cup",More Australians are joining the Islamic state. The police are hard at work to put an end to the violence. The work to hunt down the violent extremists will never end.,-0.40480029582977295,-0.7726278305053712
"This topic is about family and friends, and a husband and wife, the couple‚Äôs daughter has two brothers.","Harmison's brother, James, asked if he was sure he wanted to sign on and manage","Phillip Buchanan, former NLF player, reveals in his new book ""New Money: Stay rich"" how his mom and other family members used him for his money. His mother demanded $1M in return for raising him. While he didn't pay, he did buy her a home and spent large sums on other items. While he was attempting to give his brothers and sisters a stable home, his mom was more interested in taking cash and ended up losing the house. Many other family members would report ""family emergencies"" in order to get money from Buchanon. He slowly learned his lesson and goes on to say it was the most important lesson in life.",0.49391138553619385,0.3691610097885132
This topic is about military forces and troops in an ongoing war making up the defensive army.,The Governor of New York Andrew Cuomo's daughter Michaela was hospitalized Wednesday after a medical emergency call was made from their family home,Both Margaret and Harry had recently received war medals for their service. Harry had catered to the army a lot and deserved to be recognized for his services. He served in Scotland helping other cooks prepare meals three times a day.,0.6221492886543274,0.26513397693634033
"This topic is about the disease spreading through close contact, cases of illness or elevated levels of bacteria, and symptoms of the disease such as fever, chills, muscle aches and headaches.",Wow i can say that again (lol),"This specific article focuses on Ebola, a hemorrhagic fever common in West Africa. Ebola is known to be spread through close contact of bodily fluids from an infected individual. At the time that the article was written, on two cases were referenced as being treated at National Institutes of Health (NIH) hospitals.",0.7889188528060913,-0.16090568900108337
"This topic is about terrorist attacks, islamic terrorism, attacks on the country, terrorist threats, and extremist groups.",There are several cases about to be before the Supreme Court on the topic of same-sex marriage,"Ibrahim al-Rubaish, a key memeber of the al Qaeda terrorist group, was killed in an airstrike in Yemen. The country has been subject to extremist groups who have pushed out the former Yemeni president. Several former terrorists were recently freed via a prison break.",0.8331950306892395,-0.39310088753700256
This topic is about weight loss and following a healthy diet in order to regulate body fat and blood sugar levels and lose a few pounds of weight following a diet.,"The winter temperatures, or generally colder temperatures, have been influential factors in storms","It is a question many dieters are asking when they are tweaking their diet for optimal weight loss!The truth is, as long as you don't have any diabetes or other health issues, you are much better off changing your diet according to your blood sugar levels.It means instead of jumping on yet another weight loss diet; you should measure your blood sugar levels and tailor your diet accordingly. We will talk more about how to do that later in this article.According to research from the University of Copenhagen and the University of Colorado, studies suggest that your glucose and insulin levels in your blood are biomarkers for how you convert carbohydrates. At the same time, they are also markers for whether you feel full or not after having a meal.The faster you feel full and satisfied, the fewer calories you will consume. Eating according to your blood sugar levels can help you accomplish that.If you don't feel full and satisfied when having a meal and can keep eating, your diet is wrong. From here, it is merely a question about changing the food components in your diet.",0.7493360638618469,-0.12302254140377045
"This topic is about the country's president, ruler of the country, President Barack Obama, the White House press conference, the Bush administration, and the former Republican president.",Climate change is causing the Earth to get hotter,"The Obama administration stepped up its lobbying campaign on Capitol Hill today to try to persuade lawmakers not to pass any legislation that would jeopardize the prospects for negotiating a final deal with Iran to curb its nuclear program.
 After a reporter asked him about McCarthy's claim that he was close to getting a veto-proof majority in support of the bill in the House, Earnest said, 'It's your responsibility to count the votes,' then replied, 'I don't think so that nobody battin '1000 when it comes to counting votes up there.' Secretary of State John Kerry has postponed a trip abroad to meet with members of the House to discuss negotiations.
 At the White House, Obama today met with Jewish leaders in a separate attempt to rally their support for the shaky deal that appeared to be unraveling last week as Iranian leaders indicated they would not sign an agreement unless it included immediate uprising of nuclear sanctions - something the global community has said it cannot and will not agree to.",0.37924230098724365,-0.2258465588092804
"This topic is about Manchester United's manager, Premier League, the striker for the team, and Liverpool versus Chelsea.",A helicopter crew rescued a woman who was trapped on a mountain,In the Liverpool vs. Manchester game article it goes over how each player contributed to how Chelsea left with the North London draw for the game. For example the manager was mentioned as Arsenal Wenger whom continued his regular behavior and was happy with the results. The other manager Jose Mourinho comments on the game was they came for a point and got.,0.7668012380599976,-0.12765726447105397
"This topic is about high school students and children going to school, education in schools, and parents meeting teachers.","During a 9-1 win over Granada in the Spanish capital, goalkeeper for Real Madrid Iker Casillas comforted a young fan who was hit by a wayward shot",A jury came back with guilty verdicts over the cheating scandal in the Atlanta school system after eight days of deliberation. The case came from a state investigation that began when an article in the Atlanta Journal-Constitution ran a story questioning the results of standardized test scores in the school system. The investigation lasted two years.,0.5328965187072754,0.6690858602523804
This topic is about military forces and troops in an ongoing war making up the defensive army.,Fitness trainer Sarah Watson claims that Rojo and her advisers tried to frame her for blackmail,"Defense Minister Kevin Andrews failed to name the leader of the Islamic State terrorist organization on the same day the federal government announced it would send more than 300 Australian soldiers to Iraq.
 Andrews replied: 'I'm not going to get into operational issues.' But Sales wouldn't let him get away, saying, 'I don't think it's operational, I think it's a matter of public record.' Abu Bakr al-Baghdadi is the leader of the famous terrorist organization Islamic State, which is fighting for power in Syria and Iraq.
 Earlier that day, the prime minister announced that Australian troops would return to Iraq with the aim of providing Iraqi security forces with the skills and training to defend their country, degrade and ultimately defeat Islamic State or Daesh forces.
 Prime Minister Tony Abbott announced on Tuesday that his cabinet has given the green light to send Task Force Taji, 330 Australian and 100 New Zealand troops to train Iraqi soldiers for the next two years.",0.47788217663764954,0.6605119705200195
"This topic is about a final match to determine which team will win the final round, winning the title to become this year‚Äôs champion.",Chelsea are on their way to becoming the most dominant title winner in Premier League history as they prepare to break the record for nearly every day at the top of the table in a single season,this article focuses on the winning of a national horse by a jockey who is one of the best anyone has everseen. he jumped over many obstacles to win the race and was very happy with the results. he is the first weinner to land the prestigous prize by winning the hennesssy gold cup. it was amazing how well he did cause non of the jockeys had ever seen or ridden this course prior to the race.,0.860817074775696,0.49548983573913574
"This topic is about a person arrested and charged, authorities allegations, an investigation, being accused of a crime, being under arrest on one charge, and being under investigation.","As Hillary Clinton kicks off her bid to enter the White House, she is now able to claim that her path to being the first woman president started in Ystradyfodwg, a small community in south Wales","Hervey Weinstein has been facing some serious allegations of sexual misconduct. These included alleged lewd comments and groping. He was investigated and cooperated, and will not be facing criminal charges.",0.797380805015564,0.14177319407463074
"This topic is about heir to the throne, Prince William and Prince Harry, the British royal family, the second in line to the throne, and the royal couple.",Students checking the schools network using computers,Prince Harry is a known patron and fan of rugby in the United Kingdom. Harry spent a day communicating with the coach and Players of the English Rugby Football Union during their practice for and upcoming game. Meanwhile Prince William is known to be a fan in support of the Welsh Rugby Football Union. Even the Princess Royal is seen supporting Scottish rugby and is often spotted at their matches.,0.7323460578918457,0.5320790410041809
"This topic is about driving vehicles on the road, having to do with traffic and highway speeds, road traffic, and driving.",Muhammad was obsessed with violence that was in his life,"Most of the fatal accidents occur due to over speeding. ... Faster vehicles are more prone to accident than the slower one and the severity of accident will also be more in case of faster the severity of accident will also be more in case of faster vehicles. Higher the speed, greater the risk.",0.3872968554496765,0.5192393064498901
"This topic is about a group composed of militants, fighters joining forces, ongoing violence in the capital, people dead across the country, militants armed with grenades, and a border town.",Mike Pence was the Indiana state governor and was hoping to run for President in 2016,Several militants were given life sentences after attacking an internationally famous personality. The trial concluded the sordid tale of political violence in Pakistan. The ten men were found and arrested following ongoing protests in the capital.,0.9537808895111084,0.33923476934432983
"This topic is about family and friends, and a husband and wife, the couple‚Äôs daughter has two brothers.",Genealogists made an error when compiling Hillary Clinton's family tree,"Both family of friends of newly weds were excited by the chance to dance and sing along with their music superstar. The husband and the wife took so many pictures to remember this wonderful occasion in the future. Mrs. Jones' two brothers plan see Take That tour multiple times this year, including going to London, Birmingham, Manchester, and Milan, Italy.",0.3533613383769989,0.5678447484970093
"This topic is about family and friends, and a husband and wife, the couple‚Äôs daughter has two brothers.",Nuclear families are comprised of married partners and their offspring,"A husband stabbed his wife, killing her in a hospital bathroom. They were at the hospital visiting a family member. The man stabbed his wife because apparently he had seen text messages on her cell phone and believed she was cheating. The man was stopped and no one else was hurt.",-0.20494696497917175,-0.028768984600901604
"This topic is about university researchers, scientific journals, studying humans, and studies by researchers.",For this article the team of AP McCoy is preparing for their last two rides as his final year as a jokey,Researchers at the University of Leicester have used a method used to study human heart to look at temperature changes around Europe. The scientist have said that the chances of the heatwaves have increased drastically as a result of warm temperatures around Europe. According to a scientific journal heatwaves will occur more often if the greenhouse gas emission is not controlled.,0.7947044968605042,0.8477957844734192
"This topic is about pop songs, music fans rejoice, a singer and songwriter, the first track on the new album, doing a sound check, and singing along with a prerecorded track.","Congressman Aaron Schock recently spent over $10,000 of taxpayer money to take his staff on a trip with him to New York City","Travis Hatfield is a singer and songwriter from Gilbert, West Virginia who went viral on Facebook from singing to his uncle with Down syndrome. Country music fans loved the video which got over four-hundred thousand views. Travis is working on his first CD and hopes to release his music soon.",0.6725271344184875,0.4084153473377228
"This topic is about exhibitions on art history, showing original paintings in an art museum, as well as the history section of the library about ancient art versus modern art.","Marco Rubio claims that people are born gay or straight, rather than being influenced by outside circumstances",Original pieces from the television show Mad Men will be on display as part of a new exhibit. Those interested can visit the Museum of Moving Images to visit the display. Fans will enjoy original works from the writers on display in the exhibit.,0.8816903829574585,0.7180341482162476
"This topic is about winning the match by a few points, and how Barcelona had minutes left and had scored before half-time but were able to score a goal at the end.",New data released by the United Nations shows the number of international migrants increasing by almost 80 million over the last 25 years,"Hello everyone and welcome to this live blog for the round of 16 match between Italy and Austria at Euro 2020, which is set to kick off at 21:00 CEST. Italy are one of the Euro 2020 favourites after sailing through Group A with maximum points, and no goals conceded. Austria meanwhile had to beat Ukraine on Matchday 3 in order to confirm second place in Group C.This is the start of our Euro 2020 last-16 live blog for Italy vs Austria. We'll have build-up right here, before minute-by-minute updates from Italy vs Austria. So, follow along with us!Austria captain David Alaba, speaking to ORF: ""It's not easy to put that into words. We can be proud of ourselves, Austria can be proud of us. We gave everything, but in the end we weren't rewarded for our performance. That's really tough to take.""Italy boss Roberto Mancini: ""We knew we had to suffer because Austria are the typical side who do not allow to play well. The substitutes made the difference for us, but everybody gave their best tonight. I'm happy because the lads gave everything to win even when we were tired.""",0.7598167061805725,0.7522337436676025
"This topic is about the presidential campaign, the presidential candidate, a state governor, joining a presidential campaign, and a huge impact on political campaigns.",Competition in contributing to the goal record was a team work by aforementioned respective teams,"Senators and politicians alike have voiced their thoughts and opinions on the matter. TV and radio stations have been involved to spread news, regarding the controversial topic mentioned. Some states are for and some states are against same sex marriage, as it's evident in the text.",0.5274616479873657,0.5562418699264526
"This topic is about having kids, becoming a mother, giving birth, children and their parents, and families with children when a baby is born.",Manchester United and Liverpool's pursuit of Kingsley Coman in doubt after Bayern Munich 'set final asking price of £77m' despite the French winger warning fee was 'unrealistic' amid the pandemic,"Some men react differently to the increased level of child support. One man has taken a lower-paying job so that he has to pay less in child support. Another man said that, although he was tempted to do the same, he was worried that his family would suffer if he did.",0.7419286966323853,0.8945984244346616
"This topic is about the presidential campaign, the presidential candidate, a state governor, joining a presidential campaign, and a huge impact on political campaigns.",Young people in Britain are seeing their wages grow,"After finishing Clinton's campaign, she flew to Iowa. There she met with the democratic party to discuss more about the campaign. There, they had to surrender all recording devices to keep secrecy. This meeting would help bring her campaign to the next level.",0.8696048259735107,0.5591641664505005
"This topic is about credit, receiving funds, paying money using a credit card, and spending money.",The former high school teacher is accused of having inappropriate sexual relations with three of her underage pupils,"A new report from Suncorp Bank suggests Australian's have spent 50 per cent more on digital devices than they estimated in the last year. The report found that  Australians spent $20 billion on digital devices and services - or on average $2,300 each - on technology and communication devices in the last 12 months. The report also discovered that families with children are spending 50% more on staying digitally connected to the world than singles, couples without children, and empty nesters.",0.6171790361404419,0.7234113216400146
"This topic is about online internet users, using an iPhone app to surf the internet, computer devices, data plans, and people checking a website on different devices.","Shelley Dufresne and Rachel Respess, are teachers by profession, has been arrested and charged for having sex with 16 year old student","000 iOS apps are vulnerable to a flaw in AFNetworking's connectivity software. 000 iOS apps are vulnerable to a flaw in AFNetworking's connectivity software. 000 iOS apps using the AFNetworking library and which were updated or released from the App Store after the failed code was added. 000 iOS apps using the AFNetworking library and which were updated or released from the App Store after the failed code was added. ""It surprises us that an open source library that introduced a security hole for just six weeks exposed millions of users to attack,"" SourceDNA said in the post.",0.7958822250366211,0.1820637732744217
"This topic is about mobile phones and social networking such as the Facebook app, smart watches, as well as apps containing ads that can be watched on phone screens like Samsung.",Senator Ted Cruz and Ohio Governor John Kasich are presidential possibilities on the republican side,"We're building this network from scratch and we're using the latest technology to connect and build iD, and because technology is moving so quickly, we were able to create something innovative and different.' He said that at launch, Carphone Warehouse is creating a platform for the network and in 'two to three months' [it] will launch products that no one else will have.
 The full range of plans will be announced as they become available, but one example offers the Samsung A3 (shown) on a 12-month 4G plan with 300 minutes, 5000 texts and 1GB of data for £19.50.
 The full range of plans and offers will be announced as they become available, but one example plan offers the Samsung A3 on a 12-month 4G plan with 300 minutes, 5,000 texts and 1GB of data for £19.50.
 'We want this network to be focused on the individual and we will continue to listen to customers in the coming months, asking them to help develop and evolve ID.' Other features include controls and limits to help people avoid 'Bill Shock' - unexpected costs and fees added to your account.",0.38330960273742676,-0.027657080441713444
"This topic is about the country's president, ruler of the country, President Barack Obama, the White House press conference, the Bush administration, and the former Republican president.",A man that worked at a airport has grouped a women trying to go home after the holidays ,"During a speech at Oxford University, Kanye West bragged about having a close relationship with Barack Obama. Married to Kim Kardashian, Kanye assured that he has direct contact with Obama, that he would call him directly at his home, and that he could call the president ""out of the blue"". But last week, during an appearance on Jimmy Kimmel Live, Obama denied these allegations and claimed he didn't even have the rapper's home number, having only met him twice.",0.6106103658676147,-0.17215785384178162
"This topic is about the world cup football championship, Brazil qualifying for the finals, Messi talking about Ronaldo, world champions defending their title, the Nations Cup, the best group of players, real madrid, and a competition for the cup.",The Dallas Cowboys agreed on a one year deal with Greg Hardy,"For the match against Malaga, Benzema must be replaced by Isco. The midfielder will play alongside James Rodriguez, while Gareth Bale and Cristiano Ronaldo will become the main references in Real's attack. The absence of of Benzema, however, should be deeply felt by the club, as the Frenchman has already scored 15 goals in the current La Liga season and 6 goals in the Champions League.",0.2643256187438965,0.5270180702209473
"This topic is about credit, receiving funds, paying money using a credit card, and spending money.","In Kabul, Afghanistan, an impressive explosion took place that resulted in the deaths of 17 individuals","Gabriella Osborne payed for her pricey wedding and luxury honeymoon using credit cards. She spent money on a watch and a new phone. She started a job recieving 40,000 pounds a year at as a personal assistant at Insight Investments.",0.8624242544174192,0.4642423689365387
"This topic is about mobile phones and social networking such as the Facebook app, smart watches, as well as apps containing ads that can be watched on phone screens like Samsung.",Greece as one of the eurozone member has been issuing repeated threats of stop paying the creditors,"FireChat app has significantly used to connect people within short distances. However, Greenstone device is expected to improve FireChat app connectivety bandwidth to make off-the-grid networks strong and reliable. It is expected the new technology can be used in various places such as music festivals, organized rallies, and football matches to have resilient communication.",0.719144344329834,0.6736502647399902
"This topic is about credit, receiving funds, paying money using a credit card, and spending money.",American teenagers are getting more and more connected to internet and social media,"The article talked about how consumers were more confident to take out loans and use them on big ticket items such as cars, and homes. The article also stated that more personal loan for home buyers. The article shows that with the housing market turn around it is allowing new and old home owners' spent more money on big ticket items.",0.9585306048393247,0.9542368650436399
"This topic is about the country's president, ruler of the country, President Barack Obama, the White House press conference, the Bush administration, and the former Republican president.",Former Premier League striker Delroy Facey was convicted of conspiring to bribe players in a match-fixing plot,"According to reports Pope Francis will address the US Congress after accepting an invitation to visit the White House and President Barack Obama will host the Pope. Both will continue a dialogue about the environment, immigration and promoting religious freedom and he will the first Pope to do so. Obama met Pope Francis first time in Vatican and both discussed about the religious freedom. Obama has also praised Pope's compassion and modesty and thinks that the Pope carries he message of love and compassion that has inspired the world . Francis is also credited world wide after he tried to improve the relations of US and Cuba last year. He wrote letters to the both countries and invited them to resolve humanitarian questions of common interest and to develop new relations.",0.5150394439697266,-0.059244055300951004
"This topic is about a derby football match, in which the ball hit the post; according to the Arsenal football team‚Äôs former manager, they could have snatched victory, but the ball hit the post.","In Kabul, Afghanistan, an impressive explosion took place that resulted in the deaths of 17 individuals","The Arsenal team has an opportunity to do well this season, however, the individual teammates need to play their best. History has shown the lack of good performance and extra effort is needed to make an impact this season. Many people are skeptical of the teams abilities. Most of the team's momentum has been due to the loyalty of fans and unrealistic representation of teammates. This team needs to go above and beyond to prove their worth.",0.8624821901321411,0.6338000297546387
"This topic is about winning the match by a few points, and how Barcelona had minutes left and had scored before half-time but were able to score a goal at the end.",A side travel injury occurring in Bayer Leverkusen is the reason for Bayern Munich's ambitions being put to the test to compete on Wednesday in the German Cup quarter-final,"Olivier Giroud has scored 10 goals in his last 10 matches for Arsenal! Burnley has let in 10 goals in their last four matches against Arsenal, whose offensive strategies have been successful. Arsenal has won each of their last seven Premier League games, which is an impressive division record this season.",0.7861906290054321,0.46745359897613525
"This topic is about traveling via air, passengers on a flight, airlines offering flexible changes, the world's busiest airport, international transport, and flights being handled by different air traffic controllers.",The battleground between Russia and Ukraine could become a big problem,"American Airlines has been working toward appealing towards a younger generation, not just domestically, but internationally. One way in which they have been trying has been by offering more trendy music such as Hozier and Foster the people. This change has made flights feel more like trendy nightclubs.",0.7444466352462769,0.13799265027046204
"This topic is about online internet users, using an iPhone app to surf the internet, computer devices, data plans, and people checking a website on different devices.",Apple Inc has approached more than a dozen musicians to sign exclusive deals for their music to be streamed on Beats,"The activities of hacking and hacking groups affiliated with the Islamic State continue to attract substantial media attention and public concern. In turn, threat assessments and predictions of these actors' capabilities often rely on what-if scenarios, overestimate technical skills, and combine several separate cyber activities. Through analysis of various lawsuits in the United States against ISIS-affiliated hackers and their networks, skills, and activities, this article argues that very few of these actors demonstrate advanced hacking or cyberterrorism capabilities. Lacking the know-how, resources and ingenuity for complex computer network operations, the entities analyzed here have turned to methods such as doxing, website defacement, social media account hacks and petty intrusions.",0.3335200250148773,0.4778849482536316
"This topic is about the country's president, ruler of the country, President Barack Obama, the White House press conference, the Bush administration, and the former Republican president.",Prince Harry is a known patron and fan of rugby in the United Kingdom,"Congressman Aaron Schock is under fire spending money too loosely. He took his entire staff to a conference that cost over $10,000. President Barack Obama was a speaker at the conference in New York.",0.9407715797424316,-0.11229336261749256
"This topic is about a derby football match, in which the ball hit the post; according to the Arsenal football team‚Äôs former manager, they could have snatched victory, but the ball hit the post.","A journalist was injured after stepping on a land mine in Ukraine following a night of heavy fighting between Russian-backed rebels and Kiev government forces, which has been ongoing for the past year","The victory of Everton by 2-1 already had Holding, David Luiz and Tierney in the ... West Ham commander, congratulates Mikel Arteta, Arsenal coach Divulga£o/Arsenal ... The team prefers to have the ball on the ground and act with strong exertion pressure on the ... former Arsenal baseman, in the match against Rangers,The team is coming off a victory over rival Tottenham last weekend and managed to qualify for the quarterfinals of the Europa League, although they lost the second game for Olympiacos",0.6557830572128296,0.7766338586807251
"This topic is about winning the match by a few points, and how Barcelona had minutes left and had scored before half-time but were able to score a goal at the end.","Danielle Jones is a big fan of pop songs, specifically of Gary Barlow, Take That's hitmaker","When Barcelona had minutes in the game Hector Berlin cleared the ball to prevent Chelsea moving ahead. Player Laurent held the striker off. Finally, Oscar also played a fital role as striker.",0.2955303192138672,0.3619544506072998
"This topic is about mobile phones and social networking such as the Facebook app, smart watches, as well as apps containing ads that can be watched on phone screens like Samsung.","A mother, Yurgon Wu, is facing kidnapping charges after police believe she kidnapped her children from the Massachusetts area","Homeless people in the Bay Area are being handed free smartphones by multi-billion dollar tech companies in the hope that it will get them off the streets. The phones are also designed to help people apply for jobs and find housing, as companies often require people to visit their websites. You can't get a job unless you get online. But I got a free phone.",0.44690656661987305,-0.06995338201522816
"This topic is about a court ruling, department of justice, appealing against a court ruling, judge reviewing a case, a court order, and magistrates.",Social media sites have long been used to lure children by predators for sexual exploiting purposes,"Zac Evans,19 was killed in machete attack. in Gloucester. He was apparently trying to protect a group of ladies at a pub. The trial is to taken to be taken at Gloucester court.",0.5398550033569336,0.58199143409729
"This topic is about a football league having a world championship where each team‚Äôs fans are gathered to watch the end of this season‚Äôs games culminating in a tournament, to see their favorite football player.","Hillary Clinton, former secretary of State, shares her joy of becoming grand mother in her new epilogue","Thursday night turned out to be an unforgettable night for football player Ellen White as she scored a goal against Arsenal in the world championship of the football tournament. This season has been a crazy one for all teams, and the goal from Ellen added to that. The team's fans immediately started cheering after the goal, and they couldn't believe what they had seen.",0.6839298009872437,0.24489644169807434
"This topic is about winning the match by a few points, and how Barcelona had minutes left and had scored before half-time but were able to score a goal at the end.","Danielle Jones is a big fan of pop songs, specifically of Gary Barlow, Take That's hitmaker","Hector Bellerin scored a goal before halftime in last week's game against Liverpool. Substituting for the injured Mathieu Debuchy, Bellerin scored his second goal of the season as Arsenal won the game 4 to 1. Barcelona has minutes left available at the right back position due to the injury to Debuchy, who may return to play soon.",0.900359570980072,0.9265965819358823
"This topic is about flying the plane, the pilot of the aircraft, passengers flying for leisure or work, landing strip, the flight crew, take-offs and landings, aircraft landing, and a jet flying by.",Samantha Crossland is the daughter of Michael and Susan Crossland,"Gen. James Post III was fired on Friday after making a treasonous comment. The incident increased controversy and efforts to retire the low-flying tank-killer aircraft, which is widely regarded by ground troops for its ability to provide air support approximate. The aircraft has strong supporters among members of Congress who have successfully thwarted attempts to retire it. Air Force Chief of Staff General Mark Welsh, himself a former A-10 pilot, said that due to budget and personnel constraints, the Air Force must retire the plane to save money and free people to learn to keep the new F-35 joint attack fighter",0.6729471683502197,0.08540317416191101
"This topic is about mobile phones and social networking such as the Facebook app, smart watches, as well as apps containing ads that can be watched on phone screens like Samsung.",Former President George HW Bush was in good health Friday as he attended a tennis event,"A French-language universal television network regained control of one of its 11 channels on Thursday after a cyber attack the day before blocked its broadcasts and social media accounts. ISIS logos and markings were shown on TV5Monde's social media accounts. But there was no quick claim of responsibility by ISIS or any other group. The blockade started around 20:45. Paris time on Wednesday. TV5Monde offers 24-hour entertainment and news programming that reaches 260 million homes worldwide, according to the Ministry of Culture and Communications.",0.5652288198471069,0.15531358122825623
"This topic is about a bomb explosion attack, people killed in a bombing attack, or injured in the blast, an explosion caused by a bomb, people behind the attack, a car bombing killing and wounding people.",Hector Bellerin scored a goal before halftime in last week's game against Liverpool,"There have been a number of bombing attacks by the Islamic State in Iraq. They have been using teenage suicide bombers like Abu Hafs al-Badri. These teenage suicide bombers are very young, and people are rarely not hurt or killed in the attacks.",0.36467045545578003,-0.7025418281555176
"This topic is about a final match to determine which team will win the final round, winning the title to become this year‚Äôs champion.",Arsenal beat Burnley1-0 at Turf Moor,The article spoke about Everton's manager and Swansea managers and how Swansea will make an effort to improve their record against a team who's manager use to work for them. They give detail about the past season's record and Swansea's winning records with Everton. Gamis scored twice for Swansea in their 3-1 victory over Hull last weekend.,0.669202446937561,-0.5244601964950562
"This topic is about a person found guilty in the trial before a judicial panel, opening a criminal trial against him, a person potentially facing jail time,  receiving a fine, and a suspended prison sentence.","Karla Kirby, who lives in North Lincolnshire, is 38 years old, the pregnancy for her is simply filled with joyful anticipation, because as soon as the baby is born, she gives the child away","Karma Elms, an ex-Queensland health employee, has been sentenced to two years in prison after being found guilty of theft of nearly $40,000. The judge found Elm's guilty before a judicial panel, opening a criminal trial against her. She pleaded guilty to the offence before becoming defensive about the course of events.",0.8311729431152344,0.032743554562330246
"This topic is about family and friends, and a husband and wife, the couple‚Äôs daughter has two brothers.","President Barack Obama and Iraqi Prime Minister Haidar al-Abadi had their first meeting since Abadi becoming prime minister last September, to convey a U",A couple has been charged with child endangerment. The father left his infant daughter alone in a fast-food restaurant and the mother refused to take over the responsibility of looking after her. The baby's maternal aunt is now looking after the child.,-0.4782223105430604,-0.33047571778297424
"This topic is about online internet users, using an iPhone app to surf the internet, computer devices, data plans, and people checking a website on different devices.",First time the Enstone-based marque are providing there test and reserve driver with a number of outings in first practice session ahead of grand prix weekends,"Hackers, modified the the websites of a political candidate to encourage his followers who will go to his page to go contrary to his wishes. In spite of what device used to check search the internet, the sites were all changed which was a surprise for his followers. The",0.5556671023368835,0.8295115232467651
"This topic is about a new series based off action films, for which viewers of the film watch for the bonds between the characters.","Arsenal Football Club manager Arsene Wenger provides an update on three of his players' injuries, including midfielder Alex Oxlade-Chamberlain, captain Mikel Arteta, and Jack Wilshere","President Barack Obama has already admitted to having watched the House of Cards series, even though he claims that the show shows life in Washington much more dramatic than it is in real life. ""I wish things were that ruthlessly efficient,"" the president declared in 2013. Reed Hastings, CEO of Netflix, has even invited Obama to make a guest appearance on House of Cards, which on Thursday was renewed for a fourth season.",0.4198091924190521,0.5900561809539795
"This topic is about a person arrested and charged, authorities allegations, an investigation, being accused of a crime, being under arrest on one charge, and being under investigation.",Social media sites have long been used to lure children by predators for sexual exploiting purposes,"An Act of Misconduct culminated in the dismissal of two Transportation Security Administration screeners. An anonymous tip led to the revelation that a TSA officer was groping men considered attractive at Denver International Airport, and was enlisting the help of another female officer. The female officer manipulated the screening machine to detect an anomaly in the groin area, causing the officer to feel the passengers' intimate area.",0.7956229448318481,0.852090120315552
"This topic is about a person arrested and charged, authorities allegations, an investigation, being accused of a crime, being under arrest on one charge, and being under investigation.","Pope Francis was the first pontiff to hail from Latin America, and has ""taken into consideration the idea of making a stop in Cuba"" on his way to or from the United States this September","A man was recently arrested for first-degree arson, reckless endangerment, and several other crimes for setting his family home on fire and writing that his wife ""is a cheater"" outside the house. He has three kids with his wife, and their divorce was finalized in mid-February. Luckily, everyone in the home was accounted for and there were no reported injuries.",0.01687883958220482,-0.5864402651786804
"This topic is about the presidential campaign, the presidential candidate, a state governor, joining a presidential campaign, and a huge impact on political campaigns.","According to the CNN reports, an estimated 18000 refugees are trapped in Yarmouk after being attacked by ISIS and al Qaeda terrorist groups","Presidential candidate Hiliary Clinton formally adopted the position of supporting same-sex marriage. In recent advertising and in public announcement, Clinton moved her position to align with that of the Obama Justice department. Her newest positioning comes at a time when the question of the recognition of gay marriage is before the Supreme Court. Republican opponent Marco Rubio say the question should be handled at the state level, but Clinton says that this places Rubio out of step with the opinions of Americans.",0.6549992561340332,0.09622710198163986
"This topic is about family and friends, and a husband and wife, the couple‚Äôs daughter has two brothers.",Travis Hatfield is an aspiring country singer who sung to his uncle who has Down syndrome,"The Giggs brothers both had a football career. Ryan had family drama, as he had an affair. The two brothers seemingly have privileges such as job security, as Rhodri is now unemployed after driving without insurance. He believes he will sort everything out, and there will not be a problem finding a new job through his agency.",-0.28093385696411144,0.02291133813560009
"This topic is about family and friends, and a husband and wife, the couple‚Äôs daughter has two brothers.",Youth in Kenya have access to a western style school,"Harmison's brother, James, asked if he was sure he wanted to sign on and manage. Ashington is a special place in for Harmison and he was sure. He has advised that his wife and kids are enjoying the town.",0.2994641661643982,0.8132581710815432
"This topic is about a court ruling, department of justice, appealing against a court ruling, judge reviewing a case, a court order, and magistrates.",HE might be a prominent group man however zabi alonso concedes he has his sights on some close to home wonder as bayern munich plan for the following period of their bid for the champions leagu,"According the marriage law the court ruling. It may be to the department of justice that the marriage of same sex is not accepted. It may ne appealed against a court ruling, but the judge reviewing a case in the court order and made the final decision. The magistrates also accepted the law it is a correct one, same sex marriage may affect the society.",0.7977926731109619,0.7413735389709473
"This topic is about mobile phones and social networking such as the Facebook app, smart watches, as well as apps containing ads that can be watched on phone screens like Samsung.","Throughout the season, a team will score goals, and will concede goals","Eleven channels associated with the French-language global television network TV5Monde went offline on Wednesday night due to an ""extremely powerful cyber attack,"" as the network's director reported. ISIS logos and markings can be seen on some TV5Monde social media accounts. Paris time, and network teams were still working to restore service more than five hours later. According to the French Ministry of Culture and Communications, TV5Monde provides 24-hour entertainment, news and cultural programming in French that reaches 260 million homes worldwide.",0.7658965587615967,0.13981124758720398
This topic is about economic growth involving billion dollar figures showing that the economy is growing as expected globally.,Chelsea striker Samuel Eto'o has revealed he was the victim of racism during his time at Sampdoria,The Premier League id turning a profit for the first time in 15 years. Player salaries have not kept up with the rate of league revenue. The 20 club chairmen will meet to discuss the future of the league.,-0.3793488442897798,-0.49748751521110535
"This topic is about a person arrested and charged, authorities allegations, an investigation, being accused of a crime, being under arrest on one charge, and being under investigation.",As those air pockets burst the banks approached breakdown and their salvage drove eventually to a sovereign obligation emergency/ THe power leessness of spain and greece to print case implied they needed to acquire from their accomplices in europe or default and be shamefullly removed frome the EU,An investigation found Deutsche Bank at fault for rigging interest rates. Authorities had alleged that employees of the bank defrauded the counterparties and ultimately were successful. The bank pleaded guilty and either disciplined or dismissed employees involved.,0.9219076633453367,0.8771344423294067
"This topic is about a derby football match, in which the ball hit the post; according to the Arsenal football team‚Äôs former manager, they could have snatched victory, but the ball hit the post.","A 47-year-old man from Warwick, Australia has been charged with 125 child exploitation offences","Theo Walcott, a splendid Arsenal star winger had to go through a distressing ordeal before his match on Monday night. Despite this tough situation, he is featuring against Manchester United on Monday night. The team is really looking forward to secure a place to semi-finals of the FA cup by winning Manchester United on Monday night.",0.6076896786689758,0.6568117737770081
"This topic is about a person found guilty in the trial before a judicial panel, opening a criminal trial against him, a person potentially facing jail time,  receiving a fine, and a suspended prison sentence.",Industry figures show that music listeners are flocking to on-demand streaming services and Internet radio,"The High Court of Italy found Amanda Knox, 27, and her Italian ex-boyfriend Raffaele Sollecito, 31, guilty in the murder of Meredith Kercher in 2007. This decision has been determined to be true by the entire national system. According to Maresca this is unfair because the guilty may perhaps seek appeal in their favor.",0.9372577667236328,0.42945295572280884
"This topic is about Ukraine and Russia, calling to fight for Ukraine, euro countries, Russian officials gathering in Moscow, Vladimir Putin, a citizen of the eastern European country, and a bloc of nations within the European Union.","University of UConn baseball team has made 5-year-old Grayson Hand of Sturbridge, Massachusetts an honorary member","The two Typhoons, armed with air-to-air missiles, were launched from the RAF Coningsby in Lincolnshire after Russian bombers were sighted at 6:30 pm. October 2014: RAF typhoon warplanes shadow two bears as they fly across the west coast of Great Britain. On Tuesday, the leaders of the United States, Germany, France, Britain, Italy and EU head Donald Tusk called for a ""strong reaction"" from the international community to any major breach of a ceasefire in eastern Europe. Ukraine in an attempt to increase pressure on Russia.",0.24330931901931763,0.15966513752937317
This topic is about weight loss and following a healthy diet in order to regulate body fat and blood sugar levels and lose a few pounds of weight following a diet.,Having a market nearby can have positive and negative implications for the surrounding area,"Denise Fedyszyn, who is 37 years old is an obese woman. She never thought about her weight or about her body or even about her blood sugar levels. One fine day when took her children to a fairground ride, she was about to enter the ride. But the fairground worker did not allow Denise to enter as she is obese. She pointed Denise that she cannot wear the seat belt and made her to stay out. This made Denise to feel embarrassed before her children and she thought about losing her weight and searched for weight loss programs. She vigorously followed healthy diet and lose a few pounds of weight initially. With proper exercise she succeeded in her weight loss journey.",0.19978325068950653,0.3326430320739746
"This topic is about Ukraine and Russia, calling to fight for Ukraine, euro countries, Russian officials gathering in Moscow, Vladimir Putin, a citizen of the eastern European country, and a bloc of nations within the European Union.",Russian President Vladimir Putin has claimed that the US helped Chechen Islamic insurgents wage war against Russia,"FIFA president Sepp Blatter has voiced concerns regarding racism linked to Russian football, and has spoken to Vladimir Putin about these concerns. Blatter discussed tackling racism with Putin and putting it at the top of his priority list, including sanctions if behaviors are not stopped. Blatter spoke at a meeting in Ireland and stated that racism is on his agenda every day.",0.6352925300598145,0.7308639287948608
"This topic is about a football league having a world championship where each team‚Äôs fans are gathered to watch the end of this season‚Äôs games culminating in a tournament, to see their favorite football player.",The article talked about how the market rate for home buyers have gone down,"Emmanuel Adebayor playing forward for Tottenham has confirmed that he is staying club and moving away. Earlier on loan from Manchester City, now is permanent member of team. He has under performed recently and is fighting his place in this team.",-0.35854315757751465,0.5844669342041016
"This topic is about online internet users, using an iPhone app to surf the internet, computer devices, data plans, and people checking a website on different devices.",Loretta Lynch is the first black woman became the top U,"Apple Inc has approached more than a dozen musicians to sign exclusive deals for their music to be streamed on Beats. There will be a $9.99 monthly subscription for individuals and a family plan for $14.99. Apple is hoping to catch up in a fast-growing music streaming industry, competing with Tidal, Spotify, Pandora, Google, Amazon, and Samsung's Silk Music.",0.7532962560653687,0.07161769270896912
"This topic is about a bomb explosion attack, people killed in a bombing attack, or injured in the blast, an explosion caused by a bomb, people behind the attack, a car bombing killing and wounding people.",Two air force pilots from Saudi Arabia were rescued by the U,"Two years ago, a bomb attack wreaked havoc on the Boston Marathon, killing or wounding scores of attendees. Two bombs, placed near the finished line, were planted by Tamerlan and Dzhokhar Tsarnaev. Though Tamerlan was killed by police following an armed confrontation, Dzhokhar faces a possible death sentence.",0.6735832691192627,0.37416723370552063
This topic is about military forces and troops in an ongoing war making up the defensive army.,"Harris holding daughter Willow-Star and surrogate mother Viktoria Ellis (right) The couple, who met in 1999 and became civil partners in 2012, celebrated the birth of their first child, son Phoenix Blue (left with the Mr",A young boy was forced to have his head shaved by his elementary school. The school said the military-style haircut was distracting. His mother explained to the school that it was inspired by his soldier brother. The principal did not care and said the boy would not be allowed back to school unless the hair was shaved.,-0.3214831054210664,-0.48224276304244995
"This topic is about Ukraine and Russia, calling to fight for Ukraine, euro countries, Russian officials gathering in Moscow, Vladimir Putin, a citizen of the eastern European country, and a bloc of nations within the European Union.",Both family of friends of newly weds were excited by the chance to dance and sing along with their music superstar,"A Russian fighter jet aggressively flew by an American reconnaissance plane over the Baltic Sea. This happens in the background of escalating tensions between the US and Russia over Ukraine. The Pentagon says the official Russian account, that the Russian jet was just trying to determine the tail number of the US plane, is false.",0.5511652827262878,-0.39362847805023204
"This topic is about family and friends, and a husband and wife, the couple‚Äôs daughter has two brothers.",Football player Francis Coquelin was recognized for his fine play for Arsenal,Due to his irresponsible behavior Mr.Holpins ruin relationships in his life by dishonoring his family name. He also made it hard for his kids as they are judged by the public for the mistakes of their father. Mr.Holpins love life is also chaotic as he is unable to commit to one woman.,-0.5694648027420044,-0.728382706642151
"This topic is about a derby football match, in which the ball hit the post; according to the Arsenal football team‚Äôs former manager, they could have snatched victory, but the ball hit the post.",Juncker has been called for creation of EU army,Arsenal the team is currently playing catch up with other more established teams like Chelsea and Manchester city and is currently third in the league. The current boss Arsene Wegner appears to have had a more nurturing approach trying to build up certain players potential. The commentators seem to think that they just need to buy a new striker that will help the teams vision succeed on the field.,0.8025971055030825,0.26684606075286865
"This topic is about having kids, becoming a mother, giving birth, children and their parents, and families with children when a baby is born.","Karla Kirby, who lives in northern Lincolnshire, is 38 years old and a surrogate mother","A young mother and her children were reported missing and then later found dead. The police have a suspect and that suspect was found dead many hours after discovering the young mother and her children. Neighbors of the woman said that she was hard working, quiet, and did not cause any problems.",-0.1006610319018364,-0.49168285727500916
"This topic is about Manchester United's manager, Premier League, the striker for the team, and Liverpool versus Chelsea.","Potential future manager at Bernabeau, Zinedine Zidane, has sparked a transfer battle after stating he liked Eden Hazard more than Cristiano Ronaldo and Lionel Messi","Memphis Depay, the striker of the Holland national football team is under limelight recently.Manchester United manager Van Gaal is expected to pull him in his squad during next window.Depay has scored 21 goals in 31 appearances.",0.5449528098106384,0.38044020533561707
"This topic is about credit, receiving funds, paying money using a credit card, and spending money.","Karla Kirby, who lives in northern Lincolnshire, is 38 years old and a surrogate mother","Karma Elms was hired by Queensland health in 2010 to help with the large workload caused by the department's flawed payroll system which left 1800 employees with little or no pay. However, despite her background and a glowing reference from her new employer, she swindled funds that she had no right to.",-0.21780577301979065,-0.03866639360785484
"This topic is about a football league having a world championship where each team‚Äôs fans are gathered to watch the end of this season‚Äôs games culminating in a tournament, to see their favorite football player.","A suicide bomber on a motorbike killed himself and 33 other people, while also injuring more than 100 people, as he targeted government workers in a bank in Kabul, Afghanistan","This article was discussing a European ""football"" match. This is equivalent to American Soccer. The team is working hard together to get back to being a solid force to compete against other teams.",0.09044656157493591,0.727249801158905
"This topic is about winning the match by a few points, and how Barcelona had minutes left and had scored before half-time but were able to score a goal at the end.",A goal was scored and the game was won,Martin Odegaard was playing in game. He was waiting to win the game and become winner. Only some mintues are there to won the game. He was worroed about winning the game. At last he got a chance to win the game. After some of the struggle he wons the game. Sure the competition will win the cup.,0.3723345994949341,0.8449788093566897
"This topic is about credit, receiving funds, paying money using a credit card, and spending money.","Al Qaeda terrorist Adam Gadahn who also goes by Azzam the American, was killed in a counterterrorism operation by the U","Michael and Susan Crossland, parents of Samantha Crossland won more than £1.2 million on the lottery back in July 2008. Susan Crossland believed that them winning the lotto was due to her late father, Barrie. She also said that she saw white feathers and he dad was trying to say something. She also felt bad that its a real shame that he is around to share the winnings that he helped to get.",0.830150842666626,0.6959826946258545
"This topic is about Manchester United's manager, Premier League, the striker for the team, and Liverpool versus Chelsea.",Engineers are working on an advance level aircraft called The Progress Eagle,"Apart from Liverpool, none of the traditional ""Big Six"" are yet to make any signings, but things are picking up pace as Manchester United close in on Jadon Sancho while Arsenal are set for a double-deal with the impending transfers of Albert Sambi Lokonga and Nuno Tavares.Things are seemingly quiet at Manchester City and Chelsea, who are biding their time before striking big for their targets, Harry Kane and Erling Haaland, respectively. As for Tottenham, well, they have confirmed Nuno Espirito Santo as their new manager, which is a start.With things expected to pick up speed on the transfer front, The Hard Tackle will now delve into the latest transfer happenings surrounding these Premier League bigwigs.Starting things off with an old-fashioned ex-manager raid on his former club as Jose Mourinho, now the head coach of AS Roma is plotting a swoop on Manchester United for the signing of Edinson Cavani if reports from Calciomercato are to be believed. The 34-year-old striker is viewed as a replacement for Edin Dzeko, who is expected to make his way out of Stadio Olimpico this summer.Cavani only recently signed a one-year extension with Manchester United after enjoying a productive debut season in the Premier League. Given the impact that he has made and the value that the Uruguayan adds to the side, it is hard to imagine Ole Gunnar Solskjaer would want to let him go, especially when there are serious questions marks over the future of Anthony Martial.",0.6558957695960999,0.778289794921875
"This topic is about the world cup football championship, Brazil qualifying for the finals, Messi talking about Ronaldo, world champions defending their title, the Nations Cup, the best group of players, real madrid, and a competition for the cup.",Third grade children going to school and hack computers,"In 2009, Franck Ribery came close to leaving Bayern Munich for Real Madrid. At the time, the French winger had a falling out with the then coach of the team, Louis van Gaal, something that would facilitate his departure. However, he says he decided to stay with Bayern after being convinced of his importance to the team.",-0.5726245045661926,0.4748704731464386
"This topic is about a person found guilty in the trial before a judicial panel, opening a criminal trial against him, a person potentially facing jail time,  receiving a fine, and a suspended prison sentence.",A man and four others are being accused of murdering a politician,"Shelley Dufresne, a former Destrehan High School teacher was arrested for having sex with her 16 year old student. She has been admitted in court and she gave her forgiving plea for not getting registered as sex offender. She was found guilty in the trial before the judicial panel. She could face jail time but her plea has been considered and has made her to undergo a 90-day in-patient mental health treatment rather than getting 3 years of probation for obscenity. During this period she has been house arrested and have given treatment. She has been suspended from her work after this incident.",0.780225932598114,0.5721412897109985
"This topic is about Manchester United's manager, Premier League, the striker for the team, and Liverpool versus Chelsea.","They are talking about the ""fashion"" that soldier wore during the war",Marcos Rojo is a defender for Manchester United. He went on vacation after the teams 3-1 victory over Aston Villa in the Premiere League. The 25 year oils used to play for Sporting before signing with Manchester United.,0.5439864993095398,-0.12942278385162365
"This topic is about family and friends, and a husband and wife, the couple‚Äôs daughter has two brothers.",CNN has reported that the Russian President when seen in photos that may suggest that he may be very ill,Darren Cole has a cousin named Shaun Cole. They were closer than most cousins are. Darren was heartbroken at the news of Shaun's death after a hit and run incident.,0.3178071677684784,0.5925300121307373
"This topic is about a derby football match, in which the ball hit the post; according to the Arsenal football team‚Äôs former manager, they could have snatched victory, but the ball hit the post.",Discount store Aldi's dazzling success story continued yesterday as it surpassed rival Waitrose to become Britain's sixth-largest supermarket,Tottenham had underwhelming recent performances. Besides prominent players forward and defence it had a under performances. Harry Kane has emerged an asset with recent performances.,0.7372080683708191,0.2408275604248047
"This topic is about a football league having a world championship where each team‚Äôs fans are gathered to watch the end of this season‚Äôs games culminating in a tournament, to see their favorite football player.","Joanne Whitehouse, 44, is ""devastated"" that her four-year-old daughter Alice was not accepted into the same school as her three sons (Joel, nine, Harri, seven, and Ollie, six)","A former Premier League striker asked a football player from a non-league club to earn ""easy money"" by fixing the outcome of a match, a court heard.
 Former Bolton Wanderers striker Delroy Facey, 34, also reportedly told a contact that some teams at the Football Conference would play a game in exchange for payment.
 On the second day of a trial in Birmingham Crown Court, prosecutor Nick Mather alleged that the online message logs showed that Facey had approached footballers about ""launching"" lower league games.",0.35976746678352356,0.3310009241104126
"This topic is about a final match to determine which team will win the final round, winning the title to become this year‚Äôs champion.","President Barack Obama has already admitted to having watched the House of Cards series, even though he claims that the show shows life in Washington much more dramatic than it is in real life",Wladimir Kitschko was a world heavyweight boxer. He has a bout in April against Bryant Jennings.  Wladmir has great respect for Jennings. Jennings had 19 wins and nine knock outs. He will be a tough competitor.,0.5068833827972412,0.6663301587104797
"This topic is about market prices and market sales, companies reducing costs, price tags dramatically undercut the major supermarkets, increased sales in the current market, determining a price point for a product, and product sales.",Researchers at the University of Leicester have used a method used to study human heart to look at temperature changes around Europe,"The government is reviewing the ceiling for child expenses and plans to set it at $ 7.20 per hour, or $ 79 per day. While the cost of a kindergarten in Sydney can be $ 138 per day. In Melbourne, a little cheaper, but still more than what is offered - $ 107. Previously, another compensation scheme worked.",0.7851333618164062,0.8047823905944824
This topic is about military forces and troops in an ongoing war making up the defensive army.,Hotel guests at the Hard Rock Hotel in the Universal theme park are taken care of with their health and safety on the property,"The military forces of Iraq are attacked at checkpoints by teenage suicide bombers. There is an ongoing war with the Islamic State against Iraq military forces. All over Iraq, the Islamic State is attacking with bombers, and supporters of the Islamic State are showing their support online with messages.",0.5428025722503662,-0.4481179714202882
"This topic is about civil law, marriage, federal law, legal actions, state law, petition, and law for married couples.",The article talked about how the market rate for home buyers have gone down,"Despite Frank Barney's notion that ""we're winning,"" anti-LGBT laws are still being put into place across America. Ted Cruz along with several other Republicans see LGBT rights as an attack on religious freedom. With Republicans having the majority in the House and Senate, it's in their power to determine the fate of same-sex marriage.",0.9027674198150633,0.5310032367706299
"This topic is about university researchers, scientific journals, studying humans, and studies by researchers.",It is unclear if proposed spending cuts could lead to increased taxes for the British public though it has been proposed as a way to maintain the current level of readiness of the British armed Forces,"Scientists have been able to record the sound of erupting underwater volcanoes, which are ironically very quiet and emit distinctive sound signatures. The researchers, using the sound signatures, will be able to accurately detect the different volcanic eruptions and record the released gases. Scientists have also found that the eruptions occur in the first six months of the year.",0.8523350954055784,0.7388026118278503
"This topic is about market prices and market sales, companies reducing costs, price tags dramatically undercut the major supermarkets, increased sales in the current market, determining a price point for a product, and product sales.",Russian President Vladimir Putin has claimed that the US helped Chechen Islamic insurgents wage war against Russia,"Beech-Nut Nutrition has confirmed that it is voluntarily recalling the Stage 2 Beech-Nut CLASSICS sweet potato & chicken product. The company stressed that product quality and safety are its top priority, and apologized for not meeting the expectations of parents who trust the brand to provide good nutrition for their children. Also according to the company, customers can be refunded or receive an exchange by returning the jars of that product at the place of purchase.",0.8479564189910889,-0.10760137438774098
"This topic is about civil law, marriage, federal law, legal actions, state law, petition, and law for married couples.",Former Arsenal striker Andrei Arshavin and veteran Ukrainian midfielder Anatoly Tymoshchuk,Bob McDonnell was sentenced to two years in prison and his wife to one year and one day. A six week jury trial exposed details of the Mc Donnells' strained marriage and also detailed the loans and gifts they took from Williams. The wife was not happy at the marriage.,0.5509852170944214,0.2307971864938736
This topic is about military forces and troops in an ongoing war making up the defensive army.,Family and friends that have close contact will see cases of illness,Juncker has been called for creation of EU army. Germany's defense minister said that our move strengthen Europe's military power.  But Mike Hookem think that European army is a great problem for UK. British troops operating in Ukraine under Europe commands. in the sanction regime Ukraine would trigger. there is significant pressure on economic from EU at Russia. It would trigger a new cold war. Mr. Hammond said that he can't prejudge the review of defense and security. David Cameron led the 2% charge on commitment.,0.83999228477478,0.45738404989242554
"This topic is about winning the match by a few points, and how Barcelona had minutes left and had scored before half-time but were able to score a goal at the end.","A 17 year old female was stopped at Gatwick Airport, West Sussex under suspicion that she might be trying to join the jihadi fight in Syria","The lucky fans in the French city of Saint-Etienne won a present on Monday night, with Brazilians Ronaldo and Zinedine Zidane participating in the 12th annual match against hunger. Football legends Ronaldo and Zidane have joined a host of former greats, including Clarence Seedorf, Fabian Barthez, Jay-Jay Okocha and Gianluca Zambrotta, to name a few. The former Inter Milan and Real Madrid striker was thrilled after scoring the goal. Former Nigerian international Jay-Jay Okocha shoots into goal during the Match Against Poverty. Ronaldo and Zidane made a joke together with former Liverpool star Vladimir Smicer watching.",0.35173648595809937,-0.22532793879508983
"This topic is about the country's president, ruler of the country, President Barack Obama, the White House press conference, the Bush administration, and the former Republican president.",Seaman's heroic saves at Arsenal made him a target for the Manchester United's manager,The nuclear deal that President Barack Obama and his administration was brought up by Israeli Prime minister Benjamin Netanyahu during a joint meeting. Republican Lindsey Graham is also a strong opponent to the country's president. Graham is a carry-over from the Bush administration and the supporters of the former Republican president.,0.9643989205360413,0.35085463523864746
"This topic is about the country's president, ruler of the country, President Barack Obama, the White House press conference, the Bush administration, and the former Republican president.","Eleven channels associated with the French-language global television network TV5Monde went offline on Wednesday night due to an ""extremely powerful cyber attack,"" as the network's director reported","President Barack Obama cited the shrinking Florida Everglades today as proof that climate change is real and is threatening America's ""national treasures"" as well as the tourism economies of its neighboring cities. He cites this as the reason for his government's efforts to slow the rate of global warming, by reducing carbon emissions. Obama took a half-hour walking tour of the Anhinga Trail in the 1.5-million-acre national park today, before calling on Americans to save the Everglades and other natural gems by making environmentally conscious decisions.
 He also said rising sea levels in South Florida and the influx of salt water are evidence that climate change is already having a negative effect on communities.",0.6293095350265503,-0.02601996064186085
"This topic is about family and friends, and a husband and wife, the couple‚Äôs daughter has two brothers.",Mr Yin Yunfeng and Ms Zhao are the couple who lives happily,Bobby Flay and Stephanie Marchused to be husband and wife. They got divorced due to Flay's adultery. Flay won't let herand he rmother Laura stay in their home unless she signs a contract.,0.21113504469394684,-0.19116777181625377
"This topic is about the presidential campaign, the presidential candidate, a state governor, joining a presidential campaign, and a huge impact on political campaigns.",Two-time Olympic Kayak world champ Nathan Baggley was re-arrested for allegedly assaulting a police officer,"New York Mayor Bill de Blasio is waiting to see an outlined vision of where Hillary Clinton plans to go before he will make an endorsement for her presidential campaign. De Blasio is very familiar with Mrs. Clinton after serving as her campaign manager for her successful 2000 Senate run but still feels it is important for her to define her campaign message and address topics which are happening to every day people, like income equality. De Blasio's endorsement could be a big win for Clinton in her presidential campaign.",0.8089664578437807,0.43122750520706177
"This topic is about a new series based off action films, for which viewers of the film watch for the bonds between the characters.",Over 70 people were sentenced due to their actions,"""Furious 7"" was a famous Hollywood movie. It was unfortunate that one of actors Paul walker died during the production of the movie. Producer informed that because of his death the story was rewritten and special effects were used to finish the scenes he was in.",0.41084179282188416,0.6499044895172119
"This topic is about winning the match by a few points, and how Barcelona had minutes left and had scored before half-time but were able to score a goal at the end.",philphinnes been faced with attack that is believed to be ran by a member of Al Qaeda and he his also linked with Jemaah islamiah militant group,Ian Bell saved England from a bad beginning with a century in their first test against West Indies. Bell scored 143 and helped England to a 341 for five after they had been 34 for three. West Indies bowled well for the first couple of hours and Ben Stokes made it a great wrap up to the day.,0.8520917892456057,0.67973792552948
"This topic is about traveling via air, passengers on a flight, airlines offering flexible changes, the world's busiest airport, international transport, and flights being handled by different air traffic controllers.",Real Madrid star Gareth Bale enjoyed a barbecue on Sunday night after his previous exploits helped Los Blancos achieve a sensational victory,"Congress allows currency lost by air travelers passing thru TSA checkpoints to be kept be the organization. Spare change , in the form of quarters , dimes and nickels amounted to over $675,000 and while the TSA attempts to reunite this money to its rightful owners, this is not always easy to accomplish and therefore kept, with the blessings of congress. It can be assumed that with the increase in air travel passengers, the amount of money lost is directly proportional , and this trend continues.",-0.477083683013916,0.25687822699546814
"This topic is about having kids, becoming a mother, giving birth, children and their parents, and families with children when a baby is born.","A 23 year old Islamic man was arrested on many charges, including providing material support for terrorism","Annegret Raunigk, mother of 13 children, has set a medical record to deliver a quadruplets in weeks. At the age of 65, Annegret Raunigk, bravely took fertility treatment and she is happy giving birth to another four children in a week's time. She has shared that having kids at the age of 65 is not at all an issue and she does not feel shy or shame to deliver a baby at this age. Giving birth to quadruplets is quite risky and she is under continuous monitoring of her doctors. In previous history, no women has delivered quadruplet and Annegret Raunigk is the first person to achieve this milestone.",0.5158178806304932,0.05596955865621567
"This topic is about the presidential campaign, the presidential candidate, a state governor, joining a presidential campaign, and a huge impact on political campaigns.",Atmosphere around earth is mainly consisting of Nitrogen,"Van gaal is sure van praag can handle the job. But nobody is counting out sepp blatter. Who has been president the last 17 years, and is aiming for at least one more year under his belt.",-0.06923297792673122,-0.27638283371925365
"This topic is about market prices and market sales, companies reducing costs, price tags dramatically undercut the major supermarkets, increased sales in the current market, determining a price point for a product, and product sales.",Hervey Weinstein has been facing some serious allegations of sexual misconduct,The FDA has created new guidelines limiting what can be on a products label. If significant changes are made to a products color or logo it will first have to be approved by the administration. This is retroactive and will also require the approval of existing colors and logos.,0.82270872592926,0.4748072624206543
"This topic is about family and friends, and a husband and wife, the couple‚Äôs daughter has two brothers.","The track at Fairyhouse is wet, there is hopes it will dry out","The baby hippo was born yesterday at San Diego. zookeepers have not yet determined the name of the hippo calf. the baby and his mother Funani were pictured enjoying the water at San Diego, California.",-0.10483404994010925,0.184434711933136
"This topic is about flying the plane, the pilot of the aircraft, passengers flying for leisure or work, landing strip, the flight crew, take-offs and landings, aircraft landing, and a jet flying by.",A farming couple has devoted their lives to adopting disabled orphans - taking in more than 40 children over the last 26 years,"The couple were flying in a private light air craft. David and Margaret-Ann were flying for leisure to surprise her mother and sister Johann for Easter vacation. The aircraft went down due to poor visibility because of the weather conditions. They crashed into the Scottish hillside, while flying from their home in Dundee. Coastal and Royal Navy helicopters and air ambulance to help find the wreckage. Which was found at 8pm. The aircraft was found on the Northern Side of Glenn Kinglass.",0.8889741897583008,-0.23523986339569103
"This topic is about traveling via air, passengers on a flight, airlines offering flexible changes, the world's busiest airport, international transport, and flights being handled by different air traffic controllers.","Danielle Jones is a big fan of pop songs, specifically of Gary Barlow, Take That's hitmaker","Love them or hate them, airline meals are a big part of every traveler's flight and have changed drastically since their introduction in 1919. Meals from the heights have seen ups and downs, since the first hot meals served on United Airlines in 1936 and tablecloths and silver service in the 1950s for low-cost carriers slashing food budgets in the 1970s. While that's not much compared to the 25.8 million customers it transported in 2012, there were none disposable tableware in those early years, until 1969.",-0.570388674736023,-0.7300610542297363
This topic is about weight loss and following a healthy diet in order to regulate body fat and blood sugar levels and lose a few pounds of weight following a diet.,The final four games will be important for the season,"When we have high sugar contents we will not have a proper diet.
 If we have juices with high sugar contents the blood sugar levels in body will also increase in which it leads to harmful effects.
 It is better not to have sugar contents juices.",-0.055547963827848434,-0.46975407004356384
This topic is about military forces and troops in an ongoing war making up the defensive army.,"Improve Grammar, Word Choice, and Sentence Structure In Your Writing","They are talking about the ""fashion"" that soldier wore during the war. They toted green jackets to show which side they were on. They would wear certain items of clothing to show their rank.",0.7677667737007141,0.8018187284469604
"This topic is about the disease spreading through close contact, cases of illness or elevated levels of bacteria, and symptoms of the disease such as fever, chills, muscle aches and headaches.",The state of Indiana saw a suddenly increase in the number of the HIV cases in the state after the approval of needle exchange program by Gov,"ITS HAS BEEN ON THE MARKET FOR 581 DAYS AND WAS INITALLY LISTED FOR $3.5 MILLION.NOW THE ASKING PRICE IS $1,032,000 AFTER A 35 PER CENT REDUCTION.A PROPERTY IN KINCUMBER,NORTH OF SYTNRY,WENT FROM $889.000 T0 A 55 PER CRNT CUT.",0.234325110912323,0.6537735462188721
"This topic is about a football league having a world championship where each team‚Äôs fans are gathered to watch the end of this season‚Äôs games culminating in a tournament, to see their favorite football player.","The manager of Manchester United, the Premier League, the team's striker, Liverpool versus Chelsea","FIFA president Sepp Blatter is concerned ahead of Russia hosting the 2018 World Cup: a study has highlighted a racism problem. Dozens of cases of discriminatory behavior have been linked to Russian football, and in 2013 CSKA Moscow closed down portions of their stadium for fan's racist chanting against another football team. Blatter says there must be sanctions for the football team if it does not stop.",0.14697954058647156,-0.2902607321739198
"This topic is about winter temperatures as opposed to hot weather conditions, cold mornings, and weather forecasts like snow being expected later.","Visual Health Solutions Inc, a US based company has created a new app called ' Visualize You' that will tell you how would you look if you were thinner","A mysterious ""hot bubble"" of water off the west coast of the United States could explain why states like California are experiencing the worst drought ever, while the east is plagued by icy weather. The ocean bubble was discovered last year, with temperatures one to four degrees Celsius above the surrounding ""normal"" water. A 2000 mile diameter hot water 'bubble' is located in the Pacific Ocean. A new study from the University of Washington has found that a high-pressure ridge may be causing the bubble, trapping heat in the water.
 In June of last year, the huge chunk of water stretched 1,600 km in each direction and was 90 meters deep. ""'In the fall of 2013 and early 2014, we started noticing a large, almost circular body of water that just didn't cool off as much as it used to, so in the spring of 2014 it was warmer than we've ever seen it before at that time of year,"" said Dr Bond. But exactly how this area of warmer water formed, or how long it will remain, remains a mystery. Fish have been seen in unusual places, supporting recent reports that the west coast marine ecosystems are suffering and the food web is being disrupted by the warm, less nutrient-rich water of the Pacific Ocean.
 Fish such as the Thresher Shark have been seen in unusual places, supporting recent reports that the West Coast's marine ecosystems are suffering and the food web is being disrupted by the warm, less nutrient-rich water of the Pacific.",0.7385083436965942,0.8609740734100344
"This topic is about online internet users, using an iPhone app to surf the internet, computer devices, data plans, and people checking a website on different devices.",The campaign started by in-fights within the democrat team by aspiring nominees all jockeying for the lead position,"Get Started Free Test your websites and mobile apps on physical mobile iOS devices for most accurate testing results. Choose from our wide range of iOS devices including iPhone 12, 12 Pro, 12 Mini, iPhone 11 Pro, iPhone X, iPhone XS, XS Max, iPhone 8, iPhone 7, 7 Plus iPhone 6, iPhone 5s, etc.Instant, browser-based access to the latest and the most popular mobile devices including iPhone, iPad, etc. whenever you want. Interact with your website or mobile app on the remote device, just as you would with a device in hand. Tap, scroll, zoom, swipe and more.",0.8984123468399048,0.12025522440671921
"This topic is about having kids, becoming a mother, giving birth, children and their parents, and families with children when a baby is born.",A recent bill regrading the 'right-to-work' has created a controversy between the Republicans and the Democrats,South Australia Senator Sophie Allouache's partner gave birth to baby Hannah in Adelaide on Good Friday. Labor Senator Penny Wong tweeted this photo of daughters Alexandra and Hannah after her partner Sophie Allouache gave birth to her second child on Good Friday in Adelaide. He is the second child of the long-term couple who welcomed their eldest daughter Alexandra (photo) in 2011.,0.5078400373458862,0.36551010608673096
"This topic is about a final match to determine which team will win the final round, winning the title to become this year‚Äôs champion.","Aston villa will be playing its semi-final at Wembley, which is the final round game before they reach the final of the FA cup","3 mins ago Ashleigh Barty, the world No. 1, is the 2021 Wimbledon champion. She defeated No. 8 seed Karolna Plkov in three sets, 6-3, 6-7 (4-7), 6-3 on Saturday in the women's final in London. It's Barty's second career Grand Slam singles title, with the other being the 2019 French Open.(CNN) Chelsea clinched the Champions League title on Saturday after beating Manchester City 1-0 in the all-English final. A first-half goal from summer signing Kai Havertz, the most expensive player in Chelsea's history, was enough to earn Thomas Tuchel's side victory in front of thousands of fans at Porto's Estadio Dragao in Portugal.",0.6207456588745117,0.4235959053039551
"This topic is about winning the match by a few points, and how Barcelona had minutes left and had scored before half-time but were able to score a goal at the end.",Marylin Stoneman criminal activity was discovered after a person at Cedar House noticed suspicious financial activity,"For over these years, players from both Barcelona and Real Madrid had strived to set foot on the history of goal record by competing with other teams and each other. This was mainly due to the strategic move by players from both clubs. When pointing out to specific players, there were remarkable footsteps by Messi, Ronaldinho, Cristiano Ronaldo over these years.",0.8642223477363584,0.07792627811431885
"This topic is about the senate and congress, congressional pressure, calling one's representative's office, informing a Senate committee, lawmakers setting the record straight, the staffer to the Democratic senator, and federal employee benefits.","After Missouri mother, Amanda Lubiewski's daughter was descriminated against during school pictures, school staff took action and helped her get her childs picture re-taken","The Israeli Prime Minister also observed a joint session of the U.S. Congress during an overseas visit. He also did not have a great relationship with former President, Barrack Obama. He also stated how the Republicans and Democrats are in complete disarray and have to work together in order to better deal with world affairs more effectively.",0.5422722697257996,0.9132329821586609
"This topic is about family and friends, and a husband and wife, the couple‚Äôs daughter has two brothers.",Travis Hatfield is an aspiring country singer who sung to his uncle who has Down syndrome,"Manchester United defender Marcos Rojo looks like he's enjoying his holidays in Portugal as he poses for a photo at the dinner table with family and friends just days after his affair with a fitness instructor was revealed.
 Rojo left for a week off for his club team, photographed with teammate Angel di Maria on the plane after United's 3-1 victory over Aston Villa on Saturday.
 The Argentinian international is impressing in defense under Louis van Gaal in his first season in the Premier League, although it was his time off the field in Manchester that recently came into question.
 Fitness trainer Sarah Watson, 34, claims Rojo and her advisers tried to frame her for blackmail after she had a brief connection with the United star after a night out.
 Rojo's identity in the case was originally retained as a ""Premier League football player"", although details have been revealed.
 Watson says the 25-year-old offered her money to spend the night with him - which she declined - and then accepted a £30,000 offer from a newspaper to sell her story.
 Justice Warby handed down a Supreme Court ruling that overturned the gag order and ordered Rojo to pay Sarah's estimated £25,000 legal expenses.",0.48513856530189514,0.42599156498908997
This topic is about military forces and troops in an ongoing war making up the defensive army.,The government is reviewing the ceiling for child expenses and plans to set it at $ 7,Major General Allen Batschelet of the US Army is worried about finding enough recruits in the future due to obesity. 10% of Army recruits are now refused due to obesity. By the end of the decade the Army expects the refusal rate could be as high as 50%.,-0.33486413955688477,-0.5307945013046266
"This topic is about a person found guilty in the trial before a judicial panel, opening a criminal trial against him, a person potentially facing jail time,  receiving a fine, and a suspended prison sentence.",The president of the United States (POTUS)[A] is the head of state and head of government of the United States of America,"This was a fairly straightforward criminal case of theft of a caregiver named Vicky Marks. She would go on to steal money for the elderly Joan Groucher who, because of her advanced years, was very much unaware of Mark's access to her finances and bank card. Marks was eventually found out by Mrs. Groucher's children and was then tried and convicted in court, rightfully so. Her family and in particular, Mrs. Groucher were both hurt and disturbed by her crime and deceit. It had a psychological impact on Mrs. Groucher due to her advanced years. They were very happy when she was sentenced.",0.8195209503173828,0.46719494462013245
"This topic is about Formula 1 racing, the Grand Prix on the race track, Hamilton‚Äôs team and the Ferrari team, and collisions during a race.",Mexican restaurant Chipotle is yet another food franchise to join the $70 billion food delivery service,everyone who showed up to watch the prestigious race were all in very high spirits of excitment. In the same instance though there were many concerns about certain horses in the final race. this race was such a amazing feat for the jockeys familys that it will be a day that they will never forget. the grand national day was the best day for a race in many years the weather was great and the jockeys were full of excitemenrt.,0.29250651597976685,0.11232629418373108
"This topic is about the world cup football championship, Brazil qualifying for the finals, Messi talking about Ronaldo, world champions defending their title, the Nations Cup, the best group of players, real madrid, and a competition for the cup.","Chelsea football manager Jose Mourinho accepts the fact that football is a competitive game, and that people can get emotional about it","Spain won the world cup with many Catalonian players on their team. Catalonia is a semi-autonomous region of Spain with strong movements for independence, so some say that Catalonia really won the World Cup, showing their preference for Catalonian autonomy. Lionel Messi, one of the highest scoring football players in the world, is from Barcelona and played for Spain in the World Cup.",0.43455368280410767,0.21986901760101318
"This topic is about a new series based off action films, for which viewers of the film watch for the bonds between the characters.","Progressive women's groups have marked Tuesday as a fictitious holiday Equal Pay Day as the point in the year when women would have to work to make up for ""lost"" wages as a result of the so-called pay gap","Faye Windass, a character on Coronation Street is set to give birth to triplets. This is controversial and groundbreaking as the character is only 13 years old. The character is set to go into premature labor on an episode slated to be aired on Good Friday.",0.6298853158950806,0.7378209829330444
"This topic is about winning the match by a few points, and how Barcelona had minutes left and had scored before half-time but were able to score a goal at the end.",In the Liverpool vs,A Barcelona newspaper picked Luis Enrique as top manager in history after 50 games. The news outlet that declared him the greatest coach was Mundo Deportivo. Second place was Hellenic Herrera and tied for third were Pep Guardiola and Tata Martino.,-0.007864504121243954,-0.031841933727264404
"This topic is about Ukraine and Russia, calling to fight for Ukraine, euro countries, Russian officials gathering in Moscow, Vladimir Putin, a citizen of the eastern European country, and a bloc of nations within the European Union.",The opposition leader in Russia was killed after he was allegedly investigating Russia's military involvement in eastern Ukraine,"Vladimir Putin (born 7 October 1952) is a Russian politician and former intelligence officer who is serving as the current President of Russia since 2012, previously being in the office from 1999 until 2008.[7][d] He was also prime minister from 1999 to 2000 and again from 2008 to 2012. As of 2021, Putin is the second-longest serving European president, after Alexander Yevtushenko of Belarus.",0.8408399820327761,0.6539653539657593
"This topic is about mobile phones and social networking such as the Facebook app, smart watches, as well as apps containing ads that can be watched on phone screens like Samsung.","Dr Rebecca Harris of the University of Bolton, worked on research about how children are struggling to socialize among others in real life","One can now use mobile phones even when the Wi-Fi has stopped working. A company has figured out how to allow phones to work with an internet connection. Other companies use apps to connect to Wi-Fi, but this is something new.",0.7265166640281677,0.4561576247215271
"This topic is about high school students and children going to school, education in schools, and parents meeting teachers.",Two military pilots from Saudi Arabia were rescued by the U,"A middle school teacher, Nancy Perry, has been removed from the classroom after she gave students her highly critical personal opinion of President Barack Obama and some parents complained. Scott said he immediately requested a parent-teacher conference to which Perry brought along her husband Bill, who sits on the county Board of Education. Scott also addressed the community at the meeting, saying his family had been ridiculed. The school apologized to the students and their parents at a school board meeting.",0.44715869426727295,0.4544277787208557
"This topic is about a final match to determine which team will win the final round, winning the title to become this year‚Äôs champion.","An elderly woman with dementia and leukemia was berated by her priest during a Catholic sermon for ""rustling papers","Who will win this weeks Masters? Assuming the weather doesn't interfere, it's anyone's guess. Rory McIlroy is on track to complete a career grand slam, if Tiger Woods doesn't spoil his plans. Mr. Woods is ready and determined to make a comeback. England's Lee Westwood, however, is not one to be counted out.",-0.5265462994575503,-0.2508159577846528
"This topic is about credit, receiving funds, paying money using a credit card, and spending money.","The track at Fairyhouse is wet, there is hopes it will dry out","A 30 year older builder has stolen from an elderly widow. During 2 years he ran up all her credit accounts and even convinced her to get two life insurance policies that name him as the beneficiary. He used the money to go on trips, shopping sprees and lavish dinners.",0.7294643521308899,0.4715445339679718
"This topic is about Manchester United's manager, Premier League, the striker for the team, and Liverpool versus Chelsea.",Britain is looking to cut funding and jobs to the British Military,"Fitness trainer Sarah Watson claims that Rojo and her advisers tried to frame her for blackmail. Fitness trainer Sarah Watson, 34, claims Rojo and her advisers tried to frame her for blackmail after she had a brief connection with the United star after a night out. Rojo's identity in the case was originally retained as a ""Premier League football player"", although details have been revealed. _ He said: ""You are beautiful, you are the prettiest girl here."" ""My love, where are you?"" ""I did it because I liked him, not for money or with the intention of selling the story,"" she said. She never received this money, and Sarah then says that Rojo's reps tried to arrest her with promises of money to tell the story. Watson said: '[Rojo] and his people planned to make me look like a greedy bitch when they were the ones who offered me £100. Justice Warby delivered a Supreme Court decision that overturned the gag order and ordered Rojo to pay the estimated legal expenses £25. The defender did not speak about the incident publicly, while his friend Bereit - who Sarah claims offered him the money - declined to comment. Watching from the stands as Rojo impressed at Old Trafford against Tim Sherwood's team over the weekend were his wife Eugenia Lusardo, a Lisbon-based lingerie model, and their daughter, Morena. Rojo's wife, Eugenia Lusardo (photographed with Rojo last month) is a lingerie model.",0.42327427864074707,0.8820477128028872
"This topic is about a football league having a world championship where each team‚Äôs fans are gathered to watch the end of this season‚Äôs games culminating in a tournament, to see their favorite football player.",Electricity costs in Britain have risen despite lower fossil fuel cost,"Facey managed to score a goal for the Bolton Wanderers during the Premier League. He allegedly urged a football player at a non-league club to fix the results of a match to make money, approaching players in lower leagues to throw matches.",0.5027797222137451,0.3002175986766815
"This topic is about a court ruling, department of justice, appealing against a court ruling, judge reviewing a case, a court order, and magistrates.",Major General Allen Batschelet of the US Army is worried about finding enough recruits in the future due to obesity,Lee went to court and it was not for appeal. He chased a woman around the court room! He went to court and got more charges.,-0.6015384197235107,-0.49690887331962585
"This topic is about winning the match by a few points, and how Barcelona had minutes left and had scored before half-time but were able to score a goal at the end.","Russia's Shiveluch volcano erupted from Friday, blowing ash to 30,000 feet to the atmosphere",Hector Bellerin is certainly making a name for himself in sports. He is becoming a great full back. He scored the second premier goal in a game against Liverpool.,0.30506977438926697,0.2966115474700928
"This topic is about family and friends, and a husband and wife, the couple‚Äôs daughter has two brothers.","Hackers, modified the the websites of a political candidate to encourage his followers who will go to his page to go contrary to his wishes",Marcos Rojo went on vacation in Portugal with his family and friends. This was just after he had been caught inviting Sarah Watson for a private party at a friends flat. He had a meal with his wife Eugenia and daughter Modena in Lisbon despite the controversy. His wife is a lingerie model.,0.8966731429100037,0.45140278339385986
"This topic is about winning the match by a few points, and how Barcelona had minutes left and had scored before half-time but were able to score a goal at the end.","The dominant force at this week's Masters will, most likely, be from Mother Nature","The Spurs midfielder was spotted and photographed kissing his beautiful girlfriend Sabrina Kvist Jensen in central London while he was out walking one night. Eriksen, who joined Spurs in the summer of 2013, has been with girlfriend Kvist for nearly three years. The Spurs are now seventh in the Premier League table, seven points off the fourth place they need to qualify for the Champions League, and Eriksen hasn't scored a goal since scoring the first goal in the 3-0 victory over the West Brom in January. The former Ajax Eriksen player challenges Villa midfielder Tom Cleverley at White Hart Lane on Saturday.",0.6341957449913025,0.5304815173149109
"This topic is about the world cup football championship, Brazil qualifying for the finals, Messi talking about Ronaldo, world champions defending their title, the Nations Cup, the best group of players, real madrid, and a competition for the cup.",Kim Jong Un the leader of North Korea to visit Russia,"Champions league quarter finalist Porto are ready to poach Bueno.
 Bueno has eventually made his full debut in Champions League and was going to launch his career just like other youth.
 Bueno prepare to face his former Real Madrid in La liga on Wednesday",0.39696258306503296,0.07880102097988129
"This topic is about a person found guilty in the trial before a judicial panel, opening a criminal trial against him, a person potentially facing jail time,  receiving a fine, and a suspended prison sentence.",Mark Pearce is a prominent winemaker in South Australia,"Tory MP has been asked to remove tweets about the murder trial. He faces contempt of court proceedings, if fails to do so. It is also rumored that the hearing was moved to Gloucester with his request.",0.391074001789093,-0.039716411381960026
"This topic is about a final match to determine which team will win the final round, winning the title to become this year‚Äôs champion.",The NYPD and FBI are conducting an investigation to learn who was responsible for a 2008 bombing of the Times Square military recruitment center in New York City,Andy Murray to play world number one Novak Djokovic in the final match. Andy Murry who is world number three has won the US open in 2012. This year champion will be decided after tomorrow's final game between third seeded Murry and number one Djokovic.,0.48992085456848145,0.37635016441345215
"This topic is about a final match to determine which team will win the final round, winning the title to become this year‚Äôs champion.",Brazil's famous player Pele appreciated an excellent young player Neymar,"Ivan Gazidis, the club's chief executive, does not believe that Arsenal is not going to win the Premier League despite its continuous winning. The compete against Chelsea who is a leader would be more and more difficult, yet the team would keep trying. Arsenal hasn't won the league since 2004 and their performance is not at their best, as they still are in the second place, despite their eight games winning.",-0.292472541332245,-0.3887060880661012
"This topic is about a person found guilty in the trial before a judicial panel, opening a criminal trial against him, a person potentially facing jail time,  receiving a fine, and a suspended prison sentence.","A journalist was injured after stepping on a land mine in Ukraine following a night of heavy fighting between Russian-backed rebels and Kiev government forces, which has been ongoing for the past year",Maureen McDonnell was found guilty of corruption. Both herself and her husband were convicted in a joint trial for accepting hefty gifts and loans from former CEO. She sought for 18 months of sentence and asked for probation and 4000 hours of community service.,0.8715641498565672,0.32672572135925293
"This topic is about a football league having a world championship where each team‚Äôs fans are gathered to watch the end of this season‚Äôs games culminating in a tournament, to see their favorite football player.",ITS HAS BEEN ON THE MARKET FOR 581 DAYS AND WAS INITALLY LISTED FOR $3,"University of UConn baseball team has made 5-year-old Grayson Hand of Sturbridge, Massachusetts an honorary member. He can attend games and practices. He gets his own locker in the locker room.",-0.24910309910774242,0.318894624710083
"This topic is about how carbon emissions affect global climate change, the Earth‚Äôs surface as well as the atmosphere around the Earth, the temperature of the sun, and global temperatures.","The fiery crash that brought down a Concorde supersonic jet in 2000, killing 113 people, was caused partially by the criminal negligence of Continental Airlines and a mechanic who works for the company, a French court ruled Monday",Audi has created a new fuel geared towards sustaining resources. By mixing water and carbon dioxide Audi has developed what they call e-diesel. Audi is very pleased with their breakthrough in sustainability research.,0.6928744316101074,-0.22449104487895977
"This topic is about family and friends, and a husband and wife, the couple‚Äôs daughter has two brothers.","The article is about the royal couple, Prince Charles and Camilla, who are visiting the US","Mrs Michelle Moloney, 38, and her 36-year-old husband Scott have three children, Lily, 4, Patrick, 2, and baby Michael,1. The family celebrated Machel's first birthday on Thursday. Since Machel has been pictured with his toy catepillar. Mrs Moloney considers Michael as her family's miracle.",0.6257258653640747,0.7532146573066711
"This topic is about a football league having a world championship where each team‚Äôs fans are gathered to watch the end of this season‚Äôs games culminating in a tournament, to see their favorite football player.","On-demand streaming services like Spotify and Rhapsody and Internet radio providers like Pandora have shown rapid growth, topping CD sales in revenue","Chua also falsely recorded patients suffering from insulin poisoning as healthy, even 'comfortable', in order to cover up his tracks. Authorities noted that the nurse's shifts lined up with a pattern of hypoglaecemic episodes suffered by 21 patients in wards A1 and A3 in June and July of 2011. Chua also altered drug dosages, risking patient's lives by increasing their medication and changing their prescription charts.This is very interesting.",0.1061185747385025,0.2514272928237915
"This topic is about Formula 1 racing, the Grand Prix on the race track, Hamilton‚Äôs team and the Ferrari team, and collisions during a race.",Waitrose yesterday announced the earliest arrival of its first British tomatoes of the year,Ryuichi Kiyonari beat the Donington Park lap record on Easter Weekend. This allowed him to take the pole start in the opening round of the MCE British Superbike Championship. He was able to finish just 0.029 seconds ahead of James Ellison.,0.6087417602539062,0.10013855248689651
"This topic is about family and friends, and a husband and wife, the couple‚Äôs daughter has two brothers.",Sunderland footballer Adam Johnson was bailed after being charged with grooming and sexual activity with a 15 year old girl,"Arenal winger, Theo Walcott and his wife Melanie was speaking to Hello! magazine about the tough situation their family was going through. Their son, Finley was born on April 10, 2014 and he had a heart defect shortly after his birth. He underwent a surgery at Royal Brompton Hospital in London for approximately two and a half hours when the couple was scared and had a tough emotional time. Finley had a full recovery post this surgery and soon will turn one. Walcott and Melanie stayed strong at this tough time and appreciated the hospital staff for taking good care of him.",0.31372982263565063,0.478743314743042
"This topic is about a rise of taxes benefitting average people, with increased benefits despite their expenses due to a budget increase and decreased consumer goods rates.",Having an agreement with Congress could definitely be worth the fight in the end,"Scammer Sikander Rafiq, 34, and Samara Jabreen, 32, have been sentenced for their crimes. They were able to claim £66,268 in housing benefits, council tax benefits, and income support by lying about their relationship status. Jabreen has recieved a 22 week sentence and Rafiq recieved 18 weeks. Both had plead guilty to their accused crimes. ",0.49609261751174927,0.20946437120437622
"This topic is about family and friends, and a husband and wife, the couple‚Äôs daughter has two brothers.","A military, also known collectively as armed forces, is a heavily armed, highly organized force primarily intended for warfare","Joanne Whitehouse, 44, is ""devastated"" that her four-year-old daughter Alice was not accepted into the same school as her three sons (Joel, nine, Harri, seven, and Ollie, six). When she found out that her daughter would have to go to a different school a 20 minute walk from her son's school, she was dismayed at having to manage taking her children to two different schools. Alice has Type 1 diabetes and needs four daily insulin injections, complicating things more when it comes to arranging a care plan for her daughter. ",0.7043930292129517,0.08592063933610916
"This topic is about heir to the throne, Prince William and Prince Harry, the British royal family, the second in line to the throne, and the royal couple.",Nuclear families are comprised of married partners and their offspring,Growing up Prince William and Harry had very little say in what they were served by their Royal Chef. Once the children attempted to deliver a note to the Royal Chef requesting fast food instead of the traditional English food they were usually served. The Royal Chef noticed straight away the note wasn't from the Royals Nanny and decided to serve there usual meal of roast chicken anyway. As The Royals grew older they would get to pick their meals from a menu with the approval of their nanny.,0.6654455065727234,0.2036067545413971
"This topic is about Manchester United's manager, Premier League, the striker for the team, and Liverpool versus Chelsea.","The fiery crash that brought down a Concorde supersonic jet in 2000, killing 113 people, was caused partially by the criminal negligence of Continental Airlines and a mechanic who works for the company, a French court ruled Monday","TV favorite Arsenal Fan Claude Callegari likely represented many Gunners fans when he asked for the Fabregas flag to be removed from the side of the Emirates Stadium. Fabregas left Arsenal for Barcelona in 2011. His impressive return to English football in Chelsea's blue uniform has some Gunners fans questioning why his image is still decorated on the Kenflier Bridge in the stadium. Claude Callegari, a favorite of Arsenal fans on TV, insisted that this flag should be removed. Why are you still on our bridge? it's a shame. 'Fbregas is expected to face his former club on Sunday when Mourinho's team head to the Emirates Stadium to compete for three points with their closest Premier League opponent. Fabregas celebrated his last-minute goal in Chelsea's 1-0 victory over QPR earlier this month.",0.2897149622440338,-0.10705780982971203
"This topic is about a bomb explosion attack, people killed in a bombing attack, or injured in the blast, an explosion caused by a bomb, people behind the attack, a car bombing killing and wounding people.",Fitness trainer Sarah Watson claims that Rojo and her advisers tried to frame her for blackmail,The Boston Marathon bombing resulted in three deaths and 260 wounded. There were apparently at least two explosions during this attack. Joanna Leigh claims that she suffered a brain injury from the attack.,0.8943595290184021,0.48578885197639465
"This topic is about the senate and congress, congressional pressure, calling one's representative's office, informing a Senate committee, lawmakers setting the record straight, the staffer to the Democratic senator, and federal employee benefits.","A suicide bomber on a motorbike killed himself and 33 other people, while also injuring more than 100 people, as he targeted government workers in a bank in Kabul, Afghanistan",The senate is in a state of flux. There has been a sharp decline of elected democrats everywhere below the presidential level in the past six years. Republicans have regained control of the Senate in 2014 but what about the fact that blue-state governors have fallen like tent poles. GOP governors now outnumber the Democrats by almost two-to-one. And Republicans have complete control of nearly three times as many state legislators as the Democrats.,0.7845122814178467,0.6145855188369751
"This topic is about the country's president, ruler of the country, President Barack Obama, the White House press conference, the Bush administration, and the former Republican president.","The premier league is on the finsihing round of matches, which will see three bottom teams being relegated at the end",Czech President Milos Zeman took offense at the criticism of the US ambassador. The president's decision to take part in the parade in Moscow amid the crisis in Ukraine was criticized. The Czech government supported the ambassador's position. Milos Zeman has banned the US Ambassador to visit Prague Castle.,0.7577831745147705,0.031989581882953644
"This topic is about a person found guilty in the trial before a judicial panel, opening a criminal trial against him, a person potentially facing jail time,  receiving a fine, and a suspended prison sentence.","Manchester United captain, Wayne Rooney, is second highest paid sportsman according to the Sunday Times","A man that worked at a airport has grouped a women trying to go home after the holidays . He 
 claims he is a alcoholic and does not remember 
 anything from that night . His defense was that he paid for classes to help him for his drinking problem , and has not drink alcohol since .",-0.44279319047927856,-0.5745251178741456
"This topic is about credit, receiving funds, paying money using a credit card, and spending money.","The lucky fans in the French city of Saint-Etienne won a present on Monday night, with Brazilians Ronaldo and Zinedine Zidane participating in the 12th annual match against hunger","Christine Lillico, 47 pleaded guilty to three counts of fraud. A judge in Newcastle Crown Court has sentenced Lillico 20 months in jail for stealing £78,000 from her parents. She was also ordered to pay John Air junior , her brother £39,000 within six months. Lillico stole her parents' money over a period of six years.",0.15825115144252777,0.14123359322547913
"This topic is about credit, receiving funds, paying money using a credit card, and spending money.",Facey managed to score a goal for the Bolton Wanderers during the Premier League,British citizens have the highest amount of personal debt compared to others in major developed nations according to the International Monetary Fund. The debt loads of Portuguese citizens are comparable to Britain's. The IMF said that British debt amounted to over 87 percent of GDP.,0.9503558278083799,0.6083000302314758
"This topic is about having kids, becoming a mother, giving birth, children and their parents, and families with children when a baby is born.","Visual Health Solutions Inc, a US based company has created a new app called ' Visualize You' that will tell you how would you look if you were thinner","39-year-old Jondrew Lachaux and 38-year-old Kellie Phillips are parents to seven children, six of the children's age range from 1 to 9 and the sixth one is 17. The 17 year old have a 4-month-old baby. Several months ago the parent took five children and left the seventeen year old with the 3-year old girl and her 4-month old baby. The 3-year old is dead.",0.7973983883857727,0.8850578665733335
"This topic is about family and friends, and a husband and wife, the couple‚Äôs daughter has two brothers.",Most of these human-caused (anthropogenic) greenhouse gas emissions were carbon dioxide (CO2) from burning fossil fuels,"Ankit Keshri, an Indian cricketer, 20, died from cardiac arrest in the hospital after an on-field injury. Several Indian sports stars paid tribute and gave condolences to Keshri's family and friends. Many in the sport are grappling with the shock of the loss of such a young talent, who some looked upon like a brother.",0.020382942631840706,0.5923609137535095
"This topic is about traveling via air, passengers on a flight, airlines offering flexible changes, the world's busiest airport, international transport, and flights being handled by different air traffic controllers.",Few activities compare to drinking a cool drink while taking in stunning sea views and soaking up the sun at an island paradise,Passengers were forced to jump onto the tarmac from a small plane that burst into flames. The passengers all escaped without injury. The Transport Ministry has opened an investigation into the incident.,0.15134483575820923,-0.7660935521125793
"This topic is about traveling via air, passengers on a flight, airlines offering flexible changes, the world's busiest airport, international transport, and flights being handled by different air traffic controllers.","The investigation into the case was conducted by investigator Chris Higgins, who interviewed the female officer and obtained the revelation that she had committed this act of misconduct together with her colleague at least ten other times","In Russia, two roundtrip flights between Anchorage and Bethel, and Anchorage and Nome were cancelled after a low visibility due to the eruption of Shiveluch volcano over the weekend. The airline will be back on track when it is safe to fly but not above the areas of ash from Shiveluch volcano. Alaska Airlines was monitoring the situation but same time it was doubtful about the additional flight cancellation.",-0.03770487755537044,-0.20092585682868958
"This topic is about winning the match by a few points, and how Barcelona had minutes left and had scored before half-time but were able to score a goal at the end.",school,"Real Madrid star Gareth Bale enjoyed a barbecue on Sunday night after his previous exploits helped Los Blancos achieve a sensational victory.
 The Welsh wizard was in fine form for his country during the international break, scoring twice and helping another to an impressive victory in Israel.
 And the former Tottenham Hotspur certainly maintained his impressive streak as he opened the scoring in Real Madrid's impressive 9-1 victory over Granada.
 The Welsh winger hits the ball from a tight angle as he tries to silence his critics at the Bernabeu.
 The 25-year-old logged onto Twitter after the win to show off his sunny Sunday dinner after the win.
 Cristiano Ronaldo scored five goals against Granada on Sunday to help Real Madrid win 9-1 at the Santiago Bernabu.
 The Portuguese international, but in a display that was considered impressive, even by his standards, scoring five goals against goalkeeper Oier Olazabal.
 Ronaldo's five goals included an eight-minute first-half hat-trick, with the visitors being easily dismissed.",0.692535400390625,-0.05229153856635105
"This topic is about the senate and congress, congressional pressure, calling one's representative's office, informing a Senate committee, lawmakers setting the record straight, the staffer to the Democratic senator, and federal employee benefits.",A side travel injury occurring in Bayer Leverkusen is the reason for Bayern Munich's ambitions being put to the test to compete on Wednesday in the German Cup quarter-final,"Several United States Senators, including Senator Menendez, Senator Johnson, Senator McCain, and others, have written to FIFA in the hopes that they will remove Russia as host of the 2018 World Cup. In a letter released on Wednesday but drafted on Tuesday, the bipartisan group urged the removal due to the unacceptability of Putin's regime. The letter to FIFA president Sepp Blatter condemned the regime, which much of the world is currently imposing economic sanctions upon. The letter comes on the heels of Blatter's announcement of Russia as the host of the games.",0.6845046877861023,0.8231444358825684
"This topic is about people infected with the virus, identifying new cases, the outbreak of measles, public health, new strain of flu, and infected cases.","The two Typhoons, armed with air-to-air missiles, were launched from the RAF Coningsby in Lincolnshire after Russian bombers were sighted at 6:30 pm","The bird flu has become worse in U.S. and has become a headache for Centers for Disease control and prevention (CDC). They have stated that they identify new cases frequently and one good relief is this Virus will not affect humans. This new strain of flu kills many birds and could find a solution immediately. Dr. John Clifford, the USDA's Chief Veterinary Officer stated that although this virus does not harm humans but still they are prepared to face it when it hits humans. To avoid spreading of this disease, more than 3.5 million birds were euthanized in U.S. CDC has mentioned that the virus cannot survive in warm weather and so they expect this virus count to come down in summer.",0.7517812252044678,-0.05751568824052822
"This topic is about a person arrested and charged, authorities allegations, an investigation, being accused of a crime, being under arrest on one charge, and being under investigation.",Wiggins will hop for a capacity 6000 crowd to spur on his attempt,On 21 March 2015 Joss Labadie of Dagenham was involved in a scuffle with Ronnie Henry of Stevenage. Allegedly Labadie bit down on the hand of Henry. Labadie has been banned from games before due to biting other players. At this time police are investigating the incident.,0.7044618725776672,-0.4668107628822328
"This topic is about heir to the throne, Prince William and Prince Harry, the British royal family, the second in line to the throne, and the royal couple.",During the White House Press conference the press asked the secretary about assistance intended to be given to Ukraine in the form of lethal weapons,Maybe they pay respect to princess Diana by naming the girl after her. Kate always compared to Diana. Americans voting on UK Royalty polls,0.5881408452987671,0.24958619475364685
"This topic is about family and friends, and a husband and wife, the couple‚Äôs daughter has two brothers.",Hot weather conditions are being found happening more by scientists,Norman Lee has yet to be recovered after going missing while snorkeling. His friends and family were hurt by the news and condolences went out to his family. Tributes from friends and fellow professionals flooded into his social media pages.,0.3085670471191406,0.7540119290351868
"This topic is about family and friends, and a husband and wife, the couple‚Äôs daughter has two brothers.","With newly returned lawmakers scheduled for tomorrow to receive the first in a series of votes defining the perimeters for a deal, the White House has said government officials will hold secret meetings with members of Congress in order to 'help' them understand 'the commitments made by Iran",A mother and her children were found dead in their home on Wednesday. Family of the woman and her children were devastated to discover they had been killed. The family is trying to raise money for funeral services and have set up a GoFundMe.,-0.38484865427017223,0.05143867805600166
"This topic is about Ukraine and Russia, calling to fight for Ukraine, euro countries, Russian officials gathering in Moscow, Vladimir Putin, a citizen of the eastern European country, and a bloc of nations within the European Union.",This article is about a women named Lianna Barrientos,"The Polish government has been working on two watchtowers bordering the Russian city of Kaliningrad. The reason for the watchtowers is various military maneuvers that Russia is performing around Ukraine. Recently, Sweden spotted four Russian fighter aircraft that are nuclear capable flying into Kaliningrad. The aircraft were flying with their transponders turned off, and they failed to file a flight plan. Russian military maneuvers have drastically increased in this area of the world.",0.7087579965591431,0.11574193090200424
"This topic is about a football league having a world championship where each team‚Äôs fans are gathered to watch the end of this season‚Äôs games culminating in a tournament, to see their favorite football player.","Turkey, although a world class golfing destination, has withdrawn the bid for the 2022 Ryder Cup Europe, and hopes to host the championship sometime in the future",Oldham Athletic have signed 16-year-old winger Ronaldo Brown. A new stand will be inaugurated this year at Boundary Park. The fans have had to suffer through 18 years of being stuck in League 1.,0.0956706553697586,0.6497799158096313
"This topic is about high school students and children going to school, education in schools, and parents meeting teachers.",Fans of the Football Association's League Two match between Stevenage and Dagenham saw an unusual injury during that day,A primary school headteacher pushed to have children to drink only water in school. Many parents were furious and thought the decision of what their kids drink should be up to the parents. Some parents have launched a petition against this water only policy.,-0.3158494234085084,-0.07967437803745281
"This topic is about the disease spreading through close contact, cases of illness or elevated levels of bacteria, and symptoms of the disease such as fever, chills, muscle aches and headaches.",The 12-year-old found the back of the net in a 10-2 rout of Moratalaz and displayed a prodigious first touch alongside an unnerving composure to evoke his father's spirit in his heyday,Rene Dee's wife died of a deadly bug. It was found that many hospital rooms have traces of drug-resistant bacteria in water running from the tap and in the shower drain. It is spreading through close contact. At the end the elevated level of bacteria caused Eileen to difficulty breathing and finally died.,0.6407660245895386,0.06378161907196045
"This topic is about flooding, dry lake, bridge, high levels of water in the river, and a flooded river.",US President Barack Obama will host the Pope Francis after he accepted invitation from the White House o address the US Congress and he will be the first Pope to do so,Mark Pearce is a prominent winemaker in South Australia. His shiraz based wines have won awards world wide. He bought the winery in 2012 after joining it in 2009.,0.4841555058956146,-0.2990434467792512
"This topic is about market prices and market sales, companies reducing costs, price tags dramatically undercut the major supermarkets, increased sales in the current market, determining a price point for a product, and product sales.","Speculation around the birth of royal baby, potentially a girl","They said that extreme changes to stamp obligation had given the market a lift. Lately numerous Britons had been prevented from moving home inspired by a paranoid fear of the reformatory duty on house buys. The duty was charged in general worth of a property and progressive governments had neglected to expand edges, catching developing quantities of families over a £125,000 edge.",0.3457539975643158,0.43468761444091797
"This topic is about the senate and congress, congressional pressure, calling one's representative's office, informing a Senate committee, lawmakers setting the record straight, the staffer to the Democratic senator, and federal employee benefits.",The opposition leader in Russia was killed after he was allegedly investigating Russia's military involvement in eastern Ukraine,The senate and the president of the time were trying to reach a compromise over a bill that would include the presidents role in the nuclear deal with Iran. It was crucial that the bill be bipartisan as it was not some sort of dramatic party issue. Many senators on both sides wanted the bill to pass.,0.43713805079460144,-0.24584272503852844
"This topic is about a football league having a world championship where each team‚Äôs fans are gathered to watch the end of this season‚Äôs games culminating in a tournament, to see their favorite football player.",On 21 March 2015 Joss Labadie of Dagenham was involved in a scuffle with Ronnie Henry of Stevenage,Harmison coming from cricket came in to be the new football manager. Harmison since he took over last month has lead to 3 wins and 2 loses. This puts Harmison as part of the semi-final of the Northern League Cup.,-0.26394206285476685,0.36929500102996826
"This topic is about winning the match by a few points, and how Barcelona had minutes left and had scored before half-time but were able to score a goal at the end.","The discovery of a small piece of glass in a jar of Beech Nut-Nutrition baby food by a consumer prompted the company to promote a recall of 1,920 pounds of the product","A goal was scored and the game was won. Barcelona still has a few minutes to try and win. The game was won, but it was a very close call.",0.9617950320243835,0.547386884689331
"This topic is about high school students and children going to school, education in schools, and parents meeting teachers.",On 21 March 2015 Joss Labadie of Dagenham was involved in a scuffle with Ronnie Henry of Stevenage,"Stephanie Scott's family are thrown into agony as they shared a sweet picture of their daughter, who had disappeared on April 5th and was found dead on April 10th. The 26 years old was a teacher of Leeton high school and was due to get married before her disappearance and death. The cleaner 24 has been accused for murder as Miss Stephen Scott was found dead at the Cocoparra national park.",-0.21648496389389038,0.15150505304336548
"This topic is about a group composed of militants, fighters joining forces, ongoing violence in the capital, people dead across the country, militants armed with grenades, and a border town.",Industry figures show that music listeners are flocking to on-demand streaming services and Internet radio,"ISIS claimed responsibility for the attack on the armored car and the car bomb. Ansar Beit-Maqdis has also claimed responsibility for many attacks. This came after the announcement that several generals are being replaced; the army is still fighting insurgents. Since Mohammad Morsy was outed, hundreds of police, soldiers, and civilians have been killed.",0.8456888794898985,0.6506568193435669
"This topic is about family and friends, and a husband and wife, the couple‚Äôs daughter has two brothers.","ISIS, comprised of group of militants, has attempted to support fighters joining forces to remain decisive","Karla Kirby, who lives in northern Lincolnshire, is 38 years old and a surrogate mother.
 

 She is pregnant with her eleventh child, her first child was born in 2001, she says she was very sad with a woman who really wanted a child and couldn't, she decided to donate her eggs and with her father's sperm, she even made the artificial insemina and after an eighth attempt she got pregnant. Ethan is the child's name.
 

 After that, she never stopped getting pregnant.
 

 She has two biological children named Jordan and Joshua and she married Taz, who asked her to retire from surrogacy because he is concerned about her health.",0.0034756138920783997,0.06329832971096039
"This topic is about family and friends, and a husband and wife, the couple‚Äôs daughter has two brothers.",The Arsenal and Monaco teams are competing against each other in the Champions League game,"A Family honors deceased North Carolina father by submitting his wishes in his obituary. Jill and mike were honoring their father when submitting his statement for the citizens not to vote for Hillary Clinton in her presidential candidacy. Mike, son of late father, knew his father would be smiling after the family obliged by father's wishes.",0.3349108397960663,0.14105597138404846
This topic is about weight loss and following a healthy diet in order to regulate body fat and blood sugar levels and lose a few pounds of weight following a diet.,There are several cases about to be before the Supreme Court on the topic of same-sex marriage,"A new app called ""Visualize You' has been trending as it has the ability to tell how would you look if you were thinner. This app costs £1.61 ($2.40) on Android and £1.49 ($1.99) on iOS and has been developed by US company Visual Health Solutions Inc. This app allows you to upload a photo and you need to enter your current weight and height and it's algorithm will create an image of you in which you are thin. This same technique has been used by Opticians and fashion retailers to let users try on glasses on their websites.",-0.30134037137031555,0.7970223426818848
"This topic is about winning the match by a few points, and how Barcelona had minutes left and had scored before half-time but were able to score a goal at the end.",Some al Qaeda terrorists are suspected of being responsible for a car bombing in Pakistan,"Real Madrid will have a heavy embezzlement for the game against Malaga, at home, valid for La Liga. Frenchman Karim Benzema will be ruled out of the game by a knee injury sustained during the first game of the quarter-finals of the Champions League, on Tuesday, against Atltico de Madrid. The information was confirmed by coach Carlo Ancelotti, who should have the player available in the return match of the European tournament, on Wednesday.",0.8277488350868225,0.05149445682764053
"This topic is about family and friends, and a husband and wife, the couple‚Äôs daughter has two brothers.","Manchester City had a 2-1 defeat at Crystal Palace which Manual Pellegrini's side trailed at the interval, ruining their title hopes","Rachel Lehnardt, 35, married James Lehnardt in 2000, and they have five children together. After her divorce from James due to combat PSTD, Rachel turned to drinking and partying to cope. She ultimately engaged in inappropriate sexual and drug behavior and supplied alcohol to her 16 year old daughter while intoxicated. She was arrested, and the paternal grandparents were awarded custody of her children.",0.6155592203140259,0.6639519333839417
"This topic is about a group composed of militants, fighters joining forces, ongoing violence in the capital, people dead across the country, militants armed with grenades, and a border town.","The husky is suffering from Mange, a disease that is most likely to be spread to it through close contact with other dogs or maybe animals generally",Muhammad was obsessed with violence that was in his life. Is France known as the London boys were killed in Somalia.I this cause is to session to grow and his hunger for violence also. The article emphasizes this fight going into the violence in Somalia.,0.7460114359855652,0.46550828218460083
"This topic is about family and friends, and a husband and wife, the couple‚Äôs daughter has two brothers.","A terrorist attack in Al Mukallah, Yemen caused the city's central bank and radio station to be temporarily overthrown","Baroness Hale, supreme court judge, has suggested changes to divorce between a husband and wife. The judge believes divorce should be a more drawn out process so that it gives more time for family and friends to determine how assets and relationships will be divided equitably. For example, a couple going through divorce would not have to decide how to split time with the couple's daughter or the two brothers before the divorce is finalized in court. Sir Paul Coleridge, a former High Court judge, agreed with the Baroness, noting that the law is currently designed to create quick divorces with little regard to the ramifications.",0.5224524736404419,-0.06256864219903957
"This topic is about a person found guilty in the trial before a judicial panel, opening a criminal trial against him, a person potentially facing jail time,  receiving a fine, and a suspended prison sentence.",A large group of protesters came together in assembly petitioning against the provincial governor in the city of Khost in Afghanistan,"On charges of espionage, a Washington Post journalist was arrested by the Iranian government. He is accused of selling strategic information to the US government. He has been detained for eight months without the right to a lawyer.",0.7116053104400635,0.3169255256652832
"This topic is about a court ruling, department of justice, appealing against a court ruling, judge reviewing a case, a court order, and magistrates.",The pressure on players of the favourite football team to reach the final,"Supreme Court Chief Justice John Roberts squeezed into a Maryland courthouse with 50 other potential jurors. He sat with the jurors and answered questions about his sister who is a nurse and his brother-in-law who is a police officer. In the end, he was not selected to serve on the jury for a case involving a car crash.",0.6420596837997437,0.42692601680755615
"This topic is about a group composed of militants, fighters joining forces, ongoing violence in the capital, people dead across the country, militants armed with grenades, and a border town.",Social media sites have long been used to lure children by predators for sexual exploiting purposes,Rival fire departments fought each other in Mexico City. They were spraying water and throwing bricks at each other. The firemen joined forces to attack arriving police officers.,0.5556734204292297,-0.2858327925205232
"This topic is about high school students and children going to school, education in schools, and parents meeting teachers.",JADE DECIDED SHE WAS READY TO LOSE WEIGHT AND BE ON A HEALTHY DIET PLAN,"Mary Cowan, former Primary school teacher stated in her will that some of his salary be given to charity group.
 The former teacher who taught at Sir Chris Hoy's school donated 2dollar to help the children from poor backgrounds.
 Miss Cowan joined George Watson's Ladies college taught French in 1945 until 1972 when she was appointed the assistant headteacher.",0.7565065622329712,0.7514358758926392
"This topic is about the country's president, ruler of the country, President Barack Obama, the White House press conference, the Bush administration, and the former Republican president.","During a speech at Oxford University, Kanye West bragged about having a close relationship with Barack Obama",Barack Obama spokesmen spent most of his briefings answering question about what they new about the emails scandle. Under heavy fire a snowstorm bought hime more time to clean the mess. Press confrence was cancled. Republicans where blamed for this leak and where accused of trying to start a scandle.,0.704048752784729,0.4764525294303894
"This topic is about Formula 1 racing, the Grand Prix on the race track, Hamilton‚Äôs team and the Ferrari team, and collisions during a race.","John and Carolyn Jackson were foster parents to three children, and also had three biological children",A significant crash occurred during the Scheldeprijs race causing substantial damage to Elia Viviani. It was not looking good as Viviani was lying on the ground of the race track following the incident. He suffered issues with his arm and ribs and is in a great deal of pain which is all the team knew so far.,-0.007673727348446846,0.75795978307724
"This topic is about winter temperatures as opposed to hot weather conditions, cold mornings, and weather forecasts like snow being expected later.","McCain, responding to the supreme leader of Iran's proclamation yesterday that there would be no formal pact unless sanction relief was ""instant on,"" said he had ""sympathy"" for Iranian Ayatollah Ali Khamenei because Kerry ""should know"" what the sanctions were for","The dominant force at this week's Masters will, most likely, be from Mother Nature. Warm and humid conditions broken by the occasional storm front await Tiger Woods, Lee Westwood, Rory McIlroy, and his caddie, J.P. Fitzgerald. Golf fans are forced out of August National as a result.",0.9327033758163452,0.3217781186103821
"This topic is about terrorist attacks, islamic terrorism, attacks on the country, terrorist threats, and extremist groups.","Marco Rubio claims that people are born gay or straight, rather than being influenced by outside circumstances",lslamic terrorist group Al-Qaeda plotted to attack a military base or correctional facility. This is one of many threats to America by this extremist group. This one was thwarted after one of the men were arrested and denied bond.,0.8191294074058533,-0.20740701258182537
"This topic is about the disease spreading through close contact, cases of illness or elevated levels of bacteria, and symptoms of the disease such as fever, chills, muscle aches and headaches.",Marco Rubio is running for president,Ebola is spreading troughout Africa. The National Institution of Health is trying his best to treat people. The illness is very dangerous.,0.7745480537414551,0.05148081108927727
"This topic is about a bomb explosion attack, people killed in a bombing attack, or injured in the blast, an explosion caused by a bomb, people behind the attack, a car bombing killing and wounding people.","As the world mourns the death of Prince Philip, here's a look at the British royal family and what his passing means for the line of succession","Twelve people in total were killed at a police station, a checkpoint, and along a highway in Egypt. Six people were killed in a car bomb near the police station and forty were injured. Six other people were killed when their armored car was attacked and two were injured. Three security personnel were also injured after being shot at.",0.7866207957267761,0.5170273780822754
"This topic is about power plants, using fuel to produce heat, fossil fuels that produce waste, and solar energy.",For this article the team of AP McCoy is preparing for their last two rides as his final year as a jokey,Britain uses primarily fossil fuels as a source of energy. The hot summer caused a spike in electricity use. Britain plans to remain heavily reliant on fossil fuels in the future.,0.801092267036438,0.227360337972641
"This topic is about winning the match by a few points, and how Barcelona had minutes left and had scored before half-time but were able to score a goal at the end.",A rather complex definition of a communicative exchange between a husban and wife,The famous Mercedes car driver Nico Rosberg has accused his own Mercedes team for putting him under pressure during Chinese grand prix. He missed out on pole by 0.042 secs and will have to start race behind his team mate Lewis Hamilton. During the race he improved his time but still fell short of Hamilton's best lap. Even after all these difficulties he is confident that he will prevent Hamilton from claiming his fourth victory in Shanghai on Sunday.,-0.27569377422332764,0.26784324645996094
"This topic is about a football league having a world championship where each team‚Äôs fans are gathered to watch the end of this season‚Äôs games culminating in a tournament, to see their favorite football player.",The Governor of New York Andrew Cuomo's daughter Michaela was hospitalized Wednesday after a medical emergency call was made from their family home,"After the incident Fenerbahce refused to continue the Turkish championship and the team stood up mentioning that the suspension of the championship was something inevitable, as this implies blood, not soccer. The team's midfielder gave an interview talking about what happened and stressed that they narrowly escaped a tragedy. It is unacceptable in the middle of a championship for a sports team to be attacked in this way, with players, commission, driver, etc inside the bus and with an entire championship ahead.",0.16368478536605835,-0.13952414691448223
"This topic is about a bomb explosion attack, people killed in a bombing attack, or injured in the blast, an explosion caused by a bomb, people behind the attack, a car bombing killing and wounding people.","Faye Windass, a character on Coronation Street is set to give birth to triplets","A woman who claims to have been injured in a Boston Marathon bombing has been accused of stealing money from funds created for the victims.
 Authorities allege that Leigh, 41, raised nearly $40,000 from the One Fund and other sources after claiming he suffered brain damage during the attack.
 The woman is also charged with receiving $1,700 from a fundraiser for a school, raising more than $9,000 in contributions from an online fundraiser, and more than $18,000 in benefits from the Massachusetts Victims of Violent Crime Compensation Fund.",0.27231839299201965,0.49657323956489563
"This topic is about terrorist attacks, islamic terrorism, attacks on the country, terrorist threats, and extremist groups.","Manchester United captain, Wayne Rooney, is second highest paid sportsman according to the Sunday Times",Keonna Thomas of Philadelphia is accused of attempting to travel to Syria to support ISIS. She evidently intended to follow a plan laid out in an ISIS manual whereby she would take a round-about route to get to Syria. Two other women from New York were arrested on similar suspicions. These are examples of how different the terrorist threat is from any sovereign threat.,0.5420005321502686,0.09853282570838928
"This topic is about a football league having a world championship where each team‚Äôs fans are gathered to watch the end of this season‚Äôs games culminating in a tournament, to see their favorite football player.","Putin was born in Leningrad (now Saint Peters burg) and studied law at Leningrad State University, graduating in 1975",The football team escaped death after making a last minute decision to fly to a game. The team was split into four different flights. They all survived.,0.08699338883161545,-0.35589471459388744
This topic is about military forces and troops in an ongoing war making up the defensive army.,"Florida Senator said he would attend the gay wedding of someone he 'cared' for, even if he didn't agree with what they were doing","Prince Harry has returned to Australia.
  He has to spend time with the military soliders.
 He visited the tomb of the unknown solider to pay respect to him.",0.5351657867431641,0.10989803075790405
"This topic is about the world cup football championship, Brazil qualifying for the finals, Messi talking about Ronaldo, world champions defending their title, the Nations Cup, the best group of players, real madrid, and a competition for the cup.","Mrs Michelle Moloney, 38, and her 36-year-old husband Scott have three children, Lily, 4, Patrick, 2, and baby Michael,1","Everyone knows that Champions League and Europa League draws have dominated the headlines on the continent - in Spain and Italy, which represent six of the last eight teams remaining in both European competitions. The Italians have plans to beat the champion, while Spain await Clasico's final. Bernabeu coach Carlo Ancelotti has apparently feared his old team since: ""They won the Scudetto and now they can focus only on Europe."" Benfica and Porto face each other at the top of the table in Portugal Pavel Nedvedis looking forward to Real. Pep Guardiola will definitely face his former Barcelona team as the German coach, with AS reporting he said: 'It will be special: I feel at home', while Mundo Deportivo praises Bara as 'the strongest team'.",0.33862024545669556,0.7115138173103333
"This topic is about credit, receiving funds, paying money using a credit card, and spending money.",A football player was apparently motivated to fix a match; some other football players are also accused of committing bribery,"It has been claimed that Joanna Leigh received funds under false pretenses as she may not have been injured enough to receive so much money. She not only took compensation from the funds for the victims of the Boston Marathon bombing, but she also took money for charity. Apparently, those who were only moderately injured in the attack received eight thousand dollars in compensation, while the more severe cases got 125,000 dollars or more.",0.49460870027542114,0.8992916941642759
"This topic is about high school students and children going to school, education in schools, and parents meeting teachers.",Benzema says that they are tryin to get into finals,"school. Here's what to do before, during, and after the meeting. ... They are brief meetings, lasting about 10-30 minutes. Conferences are ... Some middle and high schools only request parent conferences to discuss problems. Most schools ... School staff who support your students' learning may attend the conference, too.Senior Member. In my experience parents' meeting (variously spelt) is usual and parent meeting is not...Parent-teacher meetings play a significant role in enhancing a child's education. It is an effective way for both; parents as well as teachers to discuss how the child has been doing in school. ... The union of the teacher's feedback and parent's concern can immensely help a child's educational journey.",0.8026941418647768,0.4408058524131775
"This topic is about Ukraine and Russia, calling to fight for Ukraine, euro countries, Russian officials gathering in Moscow, Vladimir Putin, a citizen of the eastern European country, and a bloc of nations within the European Union.",Manchester United and Liverpool's pursuit of Kingsley Coman in doubt after Bayern Munich 'set final asking price of £77m' despite the French winger warning fee was 'unrealistic' amid the pandemic,The opposition leader in Russia was killed after he was allegedly investigating Russia's military involvement in eastern Ukraine. He was crossing a bridge near the Kremlin when he was shot. He was an outspoken critic of Vladimir Putin.,0.8352482914924624,-0.1941988468170166
This topic is about military forces and troops in an ongoing war making up the defensive army.,Polish citizens greeted a convoy of US military forces that crossed the country during joint NATO military exercises,The battleground between Russia and Ukraine could become a big problem. A movie can be an aid to lessening the tension between the two parents. Ukraine and Russia can demonstrate to the world the importance of art if their battlefield stops for a while.,0.671247124671936,0.6257908940315247
This topic is about military forces and troops in an ongoing war making up the defensive army.,"John and Carolyn Jackson were foster parents to three children, and also had three biological children","Four British sailors were arrested for sexually assaulting a woman on a Canadian military base. The assault took place at the East Coast Naval base at Halifax, Nova Scotia. The alleged attack took place during a party at the military barracks where the Canadian Atlantic Fleet is based. The Royal Navy released a statement claiming they are taking the allegation seriously and do not believe it is appropriate to comment while legal proceedings are being held.",0.6975879669189453,0.31816595792770386
"This topic is about family and friends, and a husband and wife, the couple‚Äôs daughter has two brothers.",This article is about a women named Lianna Barrientos,Mike was fond of many women and had no plans to settle down anytime soon. The two brothers testified that the father was not a good man. The brothers claimed he brought shame to the family name. The brothers claimed the dad spent most of his money on irresponsible things like alcohol.,-0.5866677165031434,-0.47199445962905884
"This topic is about visiting the pope, roman catholic church, archbishop, and ceremonial meeting for peace.","This article is regarding the Queen's cousin, Duke of Kent","The official meetings of the Primates of the Churches have always been ecclesiastical events of great importance, for the reinforcement, and hopefully, the restoration of the unity of faith in the nexus of love. Such visits are in accordance with the commandment of the Divine Founder of the Church, our Lord Jesus Christ.The Ecumenical Patriarchate, with its open and ecumenical spirit, developed a series of ecumenical initiatives of historical importance in the well-known Encyclicals of 1902, 1904 and 1920. These encyclicals aimed at the unity of all Christians in the communion of faith and sacraments. These initiatives of the Ecumenical Patriarchate have led to a Theological Dialogue of the Orthodox Church with the sister Roman-Catholic Church ""on equal terms.""It has been the goal that beyond all other fraternal gestures, the mutual visits of Popes to Constantinople and Ecumenical Patriarchs to Rome have marked a new era in the relations between the two Churches. It has helped in the understanding of the people of God, that there be effort, from both sides, for the achievement of the unity, so ""that all may be one"", according to the words of the Lord in His High Priestly Prayer (John: 17)",0.6114178895950317,0.35249072313308716
"This topic is about online internet users, using an iPhone app to surf the internet, computer devices, data plans, and people checking a website on different devices.",A new study has warned and blamed on human activities for the amount of heatwaves and almost a fifth of extreme rain storms,"The Apple Watch version one does not have an independent internet connection, relying on an iPhone for data. It has hundreds of apps, but there will be greater access for app developers in the second version. Currently, this version of the Apple Watch is missing many features that may make it not worth the price.",0.3394051194190979,0.15346021950244904
"This topic is about a person found guilty in the trial before a judicial panel, opening a criminal trial against him, a person potentially facing jail time,  receiving a fine, and a suspended prison sentence.","The Baltimore police department has used secret cellphone survellance equipment 4,300 times",Supreme Court Justice John Roberts was not selected for jury duty after reporting to a Maryland courthouse. The sitting judge did not make him answer questions regarding his legal experience since he knew exactly who he was and what he dd for a living. He is not the first Supreme Court Justice to report for jury duty.,-0.20129546523094177,-0.18571089208126057
"This topic is about university researchers, scientific journals, studying humans, and studies by researchers.",Fan favorite Hector Bellerin has become the fastest 40 meter sprinter in the Premier League,The research study shows that there has been presence of good amount of Nitrogen on the surface of Mars. Studies reveals that source of Nitrogen on Mars is a result of asteroid impact.some studies suggest that there can be many more sources for Nitrogen on Mars.,0.03842568024992943,0.7489693760871887
"This topic is about terrorist attacks, islamic terrorism, attacks on the country, terrorist threats, and extremist groups.","A 28-year-old Newport County football striker, Chris Zebroski was jailed for four years and four months for robbery, attempted robbery and assault",The large amount of Australians fighting in Syria has become a major threat. The news of the death of a Melbourne resident brought major concern for this threat. The man was killed by the Islamic state.,0.756603479385376,0.7726309895515442
"This topic is about eating food at a restaurant, ordering something to drink and serving breakfast, as well as eating chicken, and fruits which are a healthy food.","As peacemakers for the middle east, Iranian military forces have come in for a lot of praise from their President Hassan Rouhani","It has been alleged that fruit juices are actually more unhealthy than soda. Some juices contain alarming amounts of sugar, and sometimes more sugar is added. However, there is some debate about the difference between natural and processed sugars.",0.15713399648666382,0.6215223073959351
"This topic is about a football league having a world championship where each team‚Äôs fans are gathered to watch the end of this season‚Äôs games culminating in a tournament, to see their favorite football player.",The husband worried that his wife instant noodles all the time and cooked different types of items and kept in small foam of containers to be frozen,Mark Hughes spend money for summer if needed. The club's chequebook was hold in the pocket of a Stock manager. Hughes wish to Asmir Begovic was a goal keeper for Britannia Stadium.,0.04703159257769585,0.022626105695962906
"This topic is about Manchester United's manager, Premier League, the striker for the team, and Liverpool versus Chelsea.","American Airlines has been working toward appealing towards a younger generation, not just domestically, but internationally","Stephen Gerrard is nearing the end of his final season of Premier League football and wants to win the FA cup final as a last achievement in what could possibly be a tough game against Chelsea. Manchester United's manager may not feel the same way though after Gerrard was red-carded in Liverpool's match against them for stamping on Ander Herrera. Thankfully for Gerrard, in his absence, Coutinho scored a goal in the quarter final taking them through to the semi-final.",0.35386425256729126,0.9538799524307249
"This topic is about a football league having a world championship where each team‚Äôs fans are gathered to watch the end of this season‚Äôs games culminating in a tournament, to see their favorite football player.","Vladimir Putin (born 7 October 1952) is a Russian politician and former intelligence officer who is serving as the current President of Russia since 2012, previously being in the office from 1999 until 2008","Several people in the couple's home tried to stop Griner, 6'8"", and Johnson, 6'3"", from fighting after an argument that turned physical, according to a police report. We keep arguing, babbling back and forth, we clash again, we split up, we fight again, we split up and here we are now,' she said, according to the report. WNBA spokeswoman Dina Skokos added: 'We are aware of the incident involving Brittney Griner and Glory Johnson and are working with Phoenix Mercury and Tulsa Shock organizations to get more information.'",0.05302496999502182,-0.40884360671043396
"This topic is about the country's president, ruler of the country, President Barack Obama, the White House press conference, the Bush administration, and the former Republican president.","A journalist was injured after stepping on a land mine in Ukraine following a night of heavy fighting between Russian-backed rebels and Kiev government forces, which has been ongoing for the past year","The United States has 62 nations planned for combat. This international commission of militants plans to attack Iraq and Syria. These forces are applied by presidential order, through the integration of militant groups in the fight against ISIS and extremists who have sworn their allegiance.",0.360058069229126,0.876158595085144
"This topic is about a court ruling, department of justice, appealing against a court ruling, judge reviewing a case, a court order, and magistrates.","If there has ever been a doubt that the Obama administration's Clean Energy Plan is an energy policy plan, not a carbon reduction plan, then you need to look at how they treat nuclear energy","""We expected more from the Italian judicial system,"" she said. ""This is a failure to find justice for Meredith."" Maresca says the Kerchers could try to appeal to the European Court of Human Rights and argue that Italy did not find those guilty of killing their beloved daughter and sister, but they have yet to make that decision.",0.4086470901966095,0.5485278367996216
"This topic is about Manchester United's manager, Premier League, the striker for the team, and Liverpool versus Chelsea.",There is no discussion of the ukraine and Russia in this article,Paul Scholes is accusing Manchester United of looking worse than they did before and accusing their manager of lacking ambition. They have cycled through a few managers. The team has brought in new players to help approve the team. United did not improve their ranking and remains in 4th place overall.,0.004517853260040283,0.06355621665716171
"This topic is about the country's president, ruler of the country, President Barack Obama, the White House press conference, the Bush administration, and the former Republican president.",Youth in Kenya have access to a western style school,Senate Majority Leader Mitch McConnell is currently unable to get bipartisan support to pass a bill against child trafficking. The White House spokesman notes that McConnell's failure on this front shows a lack of faith in him on the part of the legislature. Others have argued that the vote on the trafficking bill is meant to distract from McConnell's blocking of Obama's AG candidate.,0.6111453771591187,-0.4157682955265046
"This topic is about eating food at a restaurant, ordering something to drink and serving breakfast, as well as eating chicken, and fruits which are a healthy food.",This is a Premier League Game Chelsea vs,"Fruit juices contain high sugar contents which is very harmful to health. So many companies which are producing fruit juices have much sugar contents than coco cola.
 It is not a healthy meal. It is very harmful for kids as it contains 25g of sugar which is having it content of daily serving. Companies like LGA trying to innovate low sugar products in which they have used vitamin waters. Some companies using natural sweeteners which has less number of refined sugars.",0.5394936800003052,-0.4149630665779114
"This topic is about firefighters tackled the blaze, wood burning, residents evacuating, flames, spit embers downwind, and burning buildings.","Attorney General Eric Holder bade farewell to the United States Department of Justice on Friday after six years, reporting what he said were his major accomplishments and telling officials they helped produce a 'golden age' in the department's history","The fire created its own wind further increasing the rate of spread, it added, estimating that firefighters would need at least three days to control the blaze. ""‚ãAll UCT students have been evacuated from campus by emergency . house used as a University of Cape Town students' residence was also partially.",0.11469388753175735,0.8556604385375977
"This topic is about the presidential campaign, the presidential candidate, a state governor, joining a presidential campaign, and a huge impact on political campaigns.","Consumers may soon need to pay tax on goods and services they purchase as means for the government to make more money, but there are loopholes around it","In the NCAA Final Fours in Indianapolis, the Kentucky Wildcats lost to the Wisconsin Badgers 71-64. The same night, the Blue Devils won against Michigan State 81-61. The Badgers will meet Duke at Monday night's title game. ",-0.07167674601078045,-0.11379121243953705
"This topic is about eating food at a restaurant, ordering something to drink and serving breakfast, as well as eating chicken, and fruits which are a healthy food.","Michael and Susan Crossland, parents of Samantha Crossland won more than £1","A WOMAN NAMED JADE WIMSEY FROM EAST YORKSHIIRE BECAME HOOKED ON ENERGY DRINKS. SHE WAS DRINKING SEVEN CANS A DAY, WHICH MADE HER GAIN 17 POUNDS. HER LIFESTYLE LIVING WITH HER MOTHER USED TO BE HOME COOKED MEALS EVERYDAY. BUT EVERYTHING CHANGED WHEN SHE WENT TO COLLEGE AND MOVED AWAY FROM HOME. HER WEIGHT THEN WAS EVEN HIGHER SHE HAD GAINED 20 MORE POUNDS AND THAT WAS BOTHERING HER CONFIDENCE SO SHE FINALLY HAD TO DO SOMETHING ABOUT IT.",0.7282723188400269,0.6076024174690247
"This topic is about family and friends, and a husband and wife, the couple‚Äôs daughter has two brothers.","Manchester City heads into the Champions League game against Barcelona on Wednesday night, knowing they need the win to qualify
 So it may worry them to know that beating Barcelona is something their coach, Manuel Pellegrini, hasn't achieved since 2008","Obama's oldest daughter Malia is scoping out colleges for attendance in Fall 2016. President Obama is in need of prayers, and has asked for them on behalf of himself and his wife, Michelle Obama, who need them at a time when his daughters are growing up quickly. Obama's younger daughter Malia won't be thinking about college yet for a few years, so Obama won't become a complete empty nester, at least not yet.",-0.20541344583034515,0.19222769141197205
"This topic is about the country's president, ruler of the country, President Barack Obama, the White House press conference, the Bush administration, and the former Republican president.","A promising young man, a top scorer with a short but brilliant shot","One girl wove a compliment to Michelle Obama on Wednesday that almost every elderly woman wants to hear.
 This occurred during a question and answer session at the White House for the annual Take Our Daughter and Son to Work Day, a little girl named Anya Brodie asked Michelle Obama how old she was.
 The event was attended by children of White House employees, children from the Boys and Girls Club, as well as some children from DC Child and Family Services.
 Questions Answered: Children of White House staff, children from the Boys and Girls Club, as well as some children from DC Child and Family Services attended the Q&A event.",0.3000049889087677,0.8660738468170168
"This topic is about Formula 1 racing, the Grand Prix on the race track, Hamilton‚Äôs team and the Ferrari team, and collisions during a race.",Prince Harry has returned to Australia,Bernie Ecclestone has officially dropped from the Formula one because of injury. Hockenheim was scheduled to host the event in 2016. But Hockenheim and Nurburgring have hosted the German Grand Prix for the past 7 years.,0.1031433716416359,0.525873064994812
"This topic is about visiting the pope, roman catholic church, archbishop, and ceremonial meeting for peace.",Former Arsenal striker Andrei Arshavin and veteran Ukrainian midfielder Anatoly Tymoshchuk are likely to be sacked by Russian league leader Zenit St Petersburg at the end of the season,"The official meetings of the Primates of the Churches have always been ecclesiastical events of great importance, for the reinforcement, and hopefully, the restoration of the unity of faith in the nexus of love. Such visits are in accordance with the commandment of the Divine Founder of the Church, our Lord Jesus Christ.The Ecumenical Patriarchate, with its open and ecumenical spirit, developed a series of ecumenical initiatives of historical importance in the well-known Encyclicals of 1902, 1904 and 1920. These encyclicals aimed at the unity of all Christians in the communion of faith and sacraments. These initiatives of the Ecumenical Patriarchate have led to a Theological Dialogue of the Orthodox Church with the sister Roman-Catholic Church ""on equal terms.""It has been the goal that beyond all other fraternal gestures, the mutual visits of Popes to Constantinople and Ecumenical Patriarchs to Rome have marked a new era in the relations between the two Churches. It has helped in the understanding of the people of God, that there be effort, from both sides, for the achievement of the unity, so ""that all may be one"", according to the words of the Lord in His High Priestly Prayer (John: 17)",0.6114178895950317,0.4422680139541626
"This topic is about family and friends, and a husband and wife, the couple‚Äôs daughter has two brothers.","Sidonie, a well-known band from Catalonia, created a somewhat ironic song during a recent Ryanair flight to Santiago de Compostela in northern Spain","iles wore all black from head to toe as she stepped out with her partner and daughter. Brendan Rodgers, 41, was spotted leaving Anfield with his 31-year-old girlfriend Charlotte Hind. The manager seemed solemn as he walked out of the club after the team's defeat to Manchester United, but his partner was beaming.",0.20462527871131897,0.7840753793716431
"This topic is about winning the match by a few points, and how Barcelona had minutes left and had scored before half-time but were able to score a goal at the end.","The discovery of a small piece of glass in a jar of Beech Nut-Nutrition baby food by a consumer prompted the company to promote a recall of 1,920 pounds of the product","Throughout the season, a team will score goals, and will concede goals. Against Liverpool, Alexis Sanchez scored goals in both of the games helping to win the games. However, later in the season Arsenal were on the wrong side of the scoring with Harry Kane scoring for Tottenham and Dimitar Berbatov scoring for Monaco. With better performances in matches early in games, Arsenal could have achieved more success.",0.781518816947937,0.6724673509597778
"This topic is about credit, receiving funds, paying money using a credit card, and spending money.","A husband, Tony Degrafreed, murdered his wife",Everyone was believe the private education is the best way to achieve our goals here the Parents Craig and Bonnie Morgan want their children to have the best possible start in life. They are hasting with the Craig and Bonnie and sons Craig Jr nine and Alfie four. They are selling their properties for a school fees. CJ was a bright and good student he was easily understand everything. asked by his father.,0.6989607810974121,0.4321507215499878
"This topic is about Ukraine and Russia, calling to fight for Ukraine, euro countries, Russian officials gathering in Moscow, Vladimir Putin, a citizen of the eastern European country, and a bloc of nations within the European Union.","The Arsenal team has an opportunity to do well this season, however, the individual teammates need to play their best",Hundreds of Poles greeted an American military convoy that crossed the country during a NATO exercise. The exercises are a response of the Western bloc against Vladimir Putin's aggressive attitude of Russia towards the Ukrainian government. The Ukrainian conflict has caused uncertainty among the European Union countries in the region.,0.6365193128585815,0.3946092128753662
"This topic is about online internet users, using an iPhone app to surf the internet, computer devices, data plans, and people checking a website on different devices.","University of UConn baseball team has made 5-year-old Grayson Hand of Sturbridge, Massachusetts an honorary member",A new feature that will enable users to send and receive money will be rolled out. Facebook users in the US will be able to send their friends money using messenger app. It will be available on Android and Apple mobile devices and on desktop computers.,0.934730052947998,-0.006435086950659752
"This topic is about Manchester United's manager, Premier League, the striker for the team, and Liverpool versus Chelsea.",Researchers at the University of Leicester have used a method used to study human heart to look at temperature changes around Europe,"Arsene Wenger fears Alexis Sanchez is wasting strength and is looking for the right time to give the £32m Chilean striker a well-deserved break.
 The transport to Tyneside is likely to be a good opportunity to rest Sanchez, with many options available, including Tomas Rosicky ready to return after illness, and the coach trying to keep his team sane for the FA Cup defense and finish as high as possible in the Premier League.
 Jose Mourinho said Arsenal were back in the title race after a two-point swing last weekend, though they remain seven points behind leaders Chelsea, with a game in hand to play.",0.4962347745895386,0.8689934015274048
This topic is about weight loss and following a healthy diet in order to regulate body fat and blood sugar levels and lose a few pounds of weight following a diet.,Christian Benteke believes that although his team is in the semi-final it needs to continue to win in order to ensure its survival,"Officials have warned that fruit juices often have more sugar than a can of cola, fuelling the obesity crisis and contributing to a rise in overweight children. Despite having a great deal of natural sugar, some people say that fruit juices are quite healthy. It is the processed sugar which causes people health issues. Natural sugars can help prevent issues like heart disease and can help with urinary tract infections.",0.12821340560913086,0.7482379078865051
"This topic is about an east coast storm with high speed winds creating stormy weather on the Atlantic coast, as opposed to the western winds from the Pacific Ocean.","Norman Lee, known for his comic book characters related to Wolverine, Supergirl, and Starman went missing and is presumed dead","A huge storm hit the NSW coast from the southeast coast. Along with flood water, the wind gusts of up to 125km/hr in several regions. Several regions have been affected uprooting of huge trees, creating great damage to public and private property.",0.7842064499855042,-0.2709132432937622
"This topic is about the world cup football championship, Brazil qualifying for the finals, Messi talking about Ronaldo, world champions defending their title, the Nations Cup, the best group of players, real madrid, and a competition for the cup.",Alexander Kristoff of Katusha won the Scheldeprijs on Wednesday,"Juventus proved that experience is an important factor in their pursuit of European glory. On Tuesday night, the Serie A giant was selected as the second oldest team in the history of the UEFA Champions League.
 In the match against Marseille on February 22, 2012, the old lady's Italian rival Inter Milan maintained the record of the oldest starting lineup in the Champions League.
 AC Milan's starting lineup, which defeated Liverpool in the Champions League final on May 23, 2007, was also the oldest team in Italy to win the Champions League, with an average age of 31 years and 34 days.
 Portsmouth holds the record of the oldest starting team in the Barclays Premier League. The average age of the team that lost 0-2 to Tottenham on March 27, 2010 was 32 years and 105.",-0.059389032423496246,0.5081700682640076
"This topic is about Ukraine and Russia, calling to fight for Ukraine, euro countries, Russian officials gathering in Moscow, Vladimir Putin, a citizen of the eastern European country, and a bloc of nations within the European Union.",The president Barack Obama said in a statement after that the vote that 'America will be better off' having Lynch as its next top cop,"Russian-backed rebels and Kiev government forces have been in a yearlong conflict which has recently resulted in civilian casualties and injuries, including a journalist for a Russian TV station being severely injured by a land mine. A cease-fire was signed in February but fighting has rekindled recently. Russia and Ukraine agreed in Berlin on Monday to call for the pullback of smaller-caliber weapons from the front lines but the cease-fire and withdrawal of large-caliber weapons appear shaky, with concerns that Russian-backed separatists have continued to take aggressive action in Ukraine.",0.38326549530029297,0.38743487000465393
"This topic is about a rise of taxes benefitting average people, with increased benefits despite their expenses due to a budget increase and decreased consumer goods rates.",Roy Keane stands accused of harassing a taxi driver during a road rage incident and will stand trial on June 19,Majority of Americans are in the middle class on the economic front. Raising taxes will affect their budgets of average Americans. Government can decrease their burden by providing benefits and decreasing the tax rates.,-0.5456963777542114,0.25238630175590515
"This topic is about the presidential campaign, the presidential candidate, a state governor, joining a presidential campaign, and a huge impact on political campaigns.",Manchester United's humbling of City was the latest in a long line of great performances,"Marco Rubio is running for president. The Florida Senator is already receiving large contributions for his campaign from donors. He will need the money, as he is also competing with Republican candidates who also have received large donations.",0.8625901341438296,0.6160626411437988
"This topic is about terrorist attacks, islamic terrorism, attacks on the country, terrorist threats, and extremist groups.",The large amount of Australians fighting in Syria has become a major threat,"A joint terrorism task force investigation into youths travelling to Syria to join ISIS resulted in at least six men being arrested in California and Minnesota on Sunday. Hamza Ahmed, 19, was indicted for lying to the FBI during a terrorism investigation, conspiring to provide material support to ISIS, and attempting to provide material support in February. The US Attorney's Office and the FBI will hold a news conference to announce information about the joint terrorism task force operation. ",0.5736532211303711,0.5211342573165894
"This topic is about having kids, becoming a mother, giving birth, children and their parents, and families with children when a baby is born.","A 44-year-old mother had applied for her four-year-old to go to St John Fisher's RC Primary School in Middleton near Rochdale, but despite her three sons attending the school, her daughter was denied attendance",Parents are becoming increasingly controlling over the lives of their children. Tiger Parenting is forcing many children to take on increased workloads and it is interfering with their development. The over sensitivity of parents to the lives of their children is causing a detrimental effect to the behavior of both parent and child. It has caused a lack of respect to institutions outside the family unit.,0.6723084449768066,0.7655255198478699
"This topic is about the world cup football championship, Brazil qualifying for the finals, Messi talking about Ronaldo, world champions defending their title, the Nations Cup, the best group of players, real madrid, and a competition for the cup.",In the Liverpool vs,Xabi Alonso and Thiago Motta are both close to matching Seedorf's record of winning the Champions League with three different clubs. There is a long list of competitive players in the way of winning the Champions League and time is running out. Motta was suspended from Real Madrid.,0.6460725665092468,0.1604510247707367
"This topic is about high school students and children going to school, education in schools, and parents meeting teachers.",On 21 March 2015 Joss Labadie of Dagenham was involved in a scuffle with Ronnie Henry of Stevenage,Third grade children going to school and hack computers. Students looking to go to high school found pornagraphic images at Sunnycrest Elementary. One schoo teacher has become aware and is now suspended until the investigation ceases.,0.8540487289428711,0.03213316202163696
"This topic is about a person found guilty in the trial before a judicial panel, opening a criminal trial against him, a person potentially facing jail time,  receiving a fine, and a suspended prison sentence.","Nancy Perry, a veteran Georgia middle school teacher, has been removed from the classroom after she gave students her highly critical personal opinion of President Barack Obama","Glenn Mason was a bank manager who plead guilty for stealing money from his elderly clients to fund his gambling addiction. The bank began civil proceedings against Mason, and a case was made for him at the sentencing hearing. The judge refused to suspend his sentence, and passed a sentence of 15 months imprisonment. Mason also plead guilty for fraud, and the case was discontinued.",0.24853065609931946,0.7276228070259094
"This topic is about a derby football match, in which the ball hit the post; according to the Arsenal football team‚Äôs former manager, they could have snatched victory, but the ball hit the post.",Competition in contributing to the goal record was a team work by aforementioned respective teams,Cesc Fabregas left Arsenal to join Chelsea in the summer. The Spaniard is expected to face his former club for the first time this season. Arsenal boss Arsene Wenger insists there is more to know about the circumstances behind the move. Sports analysts BSports are predicting a tight match between the two sides.,0.2490147352218628,0.7155183553695679
"This topic is about winning the match by a few points, and how Barcelona had minutes left and had scored before half-time but were able to score a goal at the end.","Georgina Chapman, 39, is the wife of Weinstein and he started Miramax with his brother Bob in 1979","Lionel Messi scored 45 goals this season, and Cristiano Ronaldo scored 51. Javier Pastore scored only 3, but has very good technique in passing and other skills as well. Messi and Ronaldo are considered by many to be the best players in the world because of their high scoring numbers.",0.45778676867485046,0.06615698337554932
"This topic is about credit, receiving funds, paying money using a credit card, and spending money.",A women and her family were recently kicked off a plane because of fear that she may need medical attention in mid-flight,"Rilwan Oshodi spent the money he stole from his victims in things ranging from cheeseburgers MacBook and an iPhone to gold. He spent some of his ill-gotten money in a three-day shopping spree in the New Year sales in January 2012. He used some of his victims money as 'money sandwich'. The gang lived a high-end life after the scam, they pop-up Champagnes.",0.49166175723075867,0.15513736009597778
"This topic is about Manchester United's manager, Premier League, the striker for the team, and Liverpool versus Chelsea.",Owning a home close to a market store affects the market value of the house,Karima Benzina was out for Madrid for at least one game. His coach claimed he would return after one game but reports came out that it could be indefinite. Two other players were also on the injured list. Gareth Bale and Luka Modric were also slated to miss a game.,0.3459591269493103,0.21789181232452393
"This topic is about civil law, marriage, federal law, legal actions, state law, petition, and law for married couples.","It is suspected that members of al Qaeda were planning on carrying out a number of terrorist attacks in Pakistan, Afghanistan, and Italy","Marco Rubio claims that people are born gay or straight, rather than being influenced by outside circumstances. He supports people's right to choose, even though he himself does not agree with gay marriage. He does say that the legality of gay marriage should be decided by state legislators rather than the court system.",0.7022367715835571,-0.09002748131752025
"This topic is about eating food at a restaurant, ordering something to drink and serving breakfast, as well as eating chicken, and fruits which are a healthy food.","A film from ukraine that tells the story of a soviet sniper wants to be successful in ukraine in russia, this may be possible in the midst of this conflict","Waitrose yesterday announced the early start of its first British tomatoes of the year. Our dazzling spring has sped up the growing season - and supermarket shelves are already filled with English summer fruits and vegetables. Strawberries are already on the shelves too - much earlier than usual - and English raspberries saw their first appearance in the last week of March. Morrisons, however, predicted yesterday that Britain would have the best asparagus crop in nearly a decade. Early arrival: Thanks to endless days of sunshine and temperatures you wouldn't expect before August, English tomatoes and asparagus are already on the shelves, weeks earlier than usual. Rains could hit the capital this Sunday, with tens of thousands of runners participating in the London Marathon.",0.8816678524017336,-0.24194353818893444
"This topic is about the country's president, ruler of the country, President Barack Obama, the White House press conference, the Bush administration, and the former Republican president.","A film from ukraine that tells the story of a soviet sniper wants to be successful in ukraine in russia, this may be possible in the midst of this conflict",Former President George HW Bush was in good health Friday as he attended a tennis event. Bush spent Christmas in an ICU due to bronchitis. He is the oldest living former President.,0.6160802841186523,0.2617751657962799
"This topic is about flying the plane, the pilot of the aircraft, passengers flying for leisure or work, landing strip, the flight crew, take-offs and landings, aircraft landing, and a jet flying by.",Passengers on planes are given even less legroom these days,"Hillary boarded the plain just like anyone else. She also carried her her luggage just like anyone else. However, she did not get off the plane the same way. She had a car escort her once she landed.",0.0967714786529541,0.026823878288269043
"This topic is about Manchester United's manager, Premier League, the striker for the team, and Liverpool versus Chelsea.","John and Carolyn Jackson were foster parents to three children, and also had three biological children",Arsene Wenger believes Sean Dyche and his Burnley team don't deserve to be relegated from the Premier League. They are currently two points ahead from being relegated. Dyche believes that they can avoid being relegated.,-0.14312371611595165,-0.49530720710754395
"This topic is about having kids, becoming a mother, giving birth, children and their parents, and families with children when a baby is born.","Hilary Border has been spared jail after stealing £20,000 from her mother, who has dementia",This case is a shining example to show how insecure are the lives of children at the hands of drug-addicted parents. There are many such families with children who fail to receive proper care as their parents are found to be trapped in drug addiction. Giving birth to a child becomes an utter failure if the child is not brought up with necessary love and care.,-0.33509594202041637,0.7393535375595093
"This topic is about high school students and children going to school, education in schools, and parents meeting teachers.",The city of Yarmouk was attacked by ISIS militants and they seized it after defeating the militant groups in the area due to which 18000 refugees are trapped in Yarmouk,"Ken Wallace who is a superintendent of Maine Township High School said the script of ""The Breakfast Crew'' was found 30 years later after its escape. The assistant found it while going through a filing cabinet. The High School building had been auctioned by the district and was now occupied by the Illinois State Police.",0.6732460260391235,0.6296773552894592
"This topic is about how carbon emissions affect global climate change, the Earth‚Äôs surface as well as the atmosphere around the Earth, the temperature of the sun, and global temperatures.","With newly returned lawmakers scheduled for tomorrow to receive the first in a series of votes defining the perimeters for a deal, the White House has said government officials will hold secret meetings with members of Congress in order to 'help' them understand 'the commitments made by Iran","Underwater volcanoes erupt in pulses which, in turn, plays a big role in climate change. It has been thought that volcanoes increase global warming since they release carbon dioxide into the atmosphere. However, volcanoes also release aerosol gases which decrease global warming by creating a reflective barrier over the sun.",0.9371317028999329,0.6405790448188782
"This topic is about a rise of taxes benefitting average people, with increased benefits despite their expenses due to a budget increase and decreased consumer goods rates.",Property costs took off by 10% in 2014 however will develop by 1,"President Barack Obama and his wife paid more than $93,000 in federal taxes last year, on an adjusted gross income of more than $477,000. Their effective tax rate was 19.6 percent, and they lowered their 2014 tax bill by claiming nearly $160,000 in itemized deductions (including $70,712 in charitable donations). They are getting a tax refund of $20,641. ",0.5669670701026917,0.3984163701534271
"This topic is about the country's president, ruler of the country, President Barack Obama, the White House press conference, the Bush administration, and the former Republican president.","On-demand streaming services like Spotify and Rhapsody and Internet radio providers like Pandora have shown rapid growth, topping CD sales in revenue","US President, Barack Obama and his Iranian counterpart Hassan Rouhani should make serious concessions if they are really interested in taking the nuclear deal talks forward. Even as the White House has been witnessing a lot of opposition from the Congress to the next week's negotiations, the US has welcomed some of Iran's support for Iraqi forces in the fight against ISIS. It has to be seen whether the air of confidence and optimism will bring the two nations closer or if the talks will fail abruptly on account of both the governments refusing to relent.",0.8964798450469968,0.3034536838531494
"This topic is about eating food at a restaurant, ordering something to drink and serving breakfast, as well as eating chicken, and fruits which are a healthy food.","According to their mother, three young men from Sussex were ""brainwashed"" by radical friends and YouTube videos to go to Syria and fight with a branch of Al Qaeda against the Assad regime",The headteacher of a primary school wants the kids in school to drink more healthily. Fruit juice and soft drinks are known to have lots of sugar and are not healthy for kids. School should serve only water while sugary drinks may be saved for parents decision at home and in restaurants.,0.21151459217071533,-0.40787383913993835
"This topic is about winter temperatures as opposed to hot weather conditions, cold mornings, and weather forecasts like snow being expected later.","During a 9-1 win over Granada in the Spanish capital, goalkeeper for Real Madrid Iker Casillas comforted a young fan who was hit by a wayward shot","Using historical simulations the models examined weather between 1901 and 2005. Temperatures and daily rainfall totals from climate models and looked for events that would be expected to occur once in 1,000 days in an unperturbed climate are analysed daily by them. Very extreme rainfall is cast in London . Professor Stott said Writing in the journal,: 'As each year goes by, evidence continues to accumulate that our climate is changing and that human influence plays a dominant role in observed warming.",0.8549767136573792,0.8307366371154783
"This topic is about eating food at a restaurant, ordering something to drink and serving breakfast, as well as eating chicken, and fruits which are a healthy food.",Paid Spotify App users now have the opportunity to get content from Spotify to match the beats of a runners pace,The royal children were never allowed fast food or the ability to eat out at a restaurant as children. They were only given healthy and traditional English foods that the majority of English subjects would consume such as cottage pies an peas or fish cakes. The only difference between the royals and the public is that their meals were prepared by a chef and usually served by a butler.,0.6843024492263794,0.13610035181045532
"This topic is about the country's president, ruler of the country, President Barack Obama, the White House press conference, the Bush administration, and the former Republican president.",Roy Keane stands accused of harassing a taxi driver during a road rage incident and will stand trial on June 19,"Attorney General Eric Holder bade farewell to the United States Department of Justice on Friday after six years, reporting what he said were his major accomplishments and telling officials they helped produce a 'golden age' in the department's history. Holder, who has served as the country's top law enforcement official since the Obama administration began, addressed hundreds of lawyers and officials a day after his successor, Loretta Lynch, was confirmed by the Senate after a delay of months. 'I'm proud of you. The event also included a video tribute prepared for the occasion that featured members of Congress, former President Bill Clinton and Holder's wife, Sharon Malone. In it, Holder described an 'emotional attachment' to the department and recounted efforts to protect civil rights, prosecute terrorist suspects in federal court and change the criminal justice system. Holder also pushed for changes to the criminal justice system, instructing prosecutors to drastically limit the use of strict mandatory minimum sentences and advocating alternatives to prison for nonviolent drug defendants.",0.48018038272857666,-0.1429198682308198
"This topic is about a group composed of militants, fighters joining forces, ongoing violence in the capital, people dead across the country, militants armed with grenades, and a border town.",Youth in Kenya have access to a western style school,Al-shabaab is main militant group in Kenya. They tend to kill all other people other than Muslim. Participation of Kenya in Africa Union military operations is the reason for such attacks.,0.7584108710289001,0.4651387631893158
"This topic is about family and friends, and a husband and wife, the couple‚Äôs daughter has two brothers.","Norman Lee, known for his comic book characters related to Wolverine, Supergirl, and Starman went missing and is presumed dead","The Scott's family is heartbroken as they share photos of their child Stephanie Scott who has been missing. It was later confirmed that she had died after her body was found by the the police in Cocoparra national park, north of Griffin on the 10th of April. Up until her death she was a young lady of about 26 years old and a school teacher of Leeton high school.",0.17521117627620697,0.6717818975448608
"This topic is about traveling via air, passengers on a flight, airlines offering flexible changes, the world's busiest airport, international transport, and flights being handled by different air traffic controllers.",Goal-keeper Manuel Nuer has noted a 1-0 victory has been a good winning sign despite several competitor injuries in the German Cup competition,"Mazzy, who suffers from Spina Bifida, was on board a Southwest Airlines flight over the US when the entire airplane including all passengers sang her happy birthday and moved her to tears. To celebrate Mazzy's birthday, the entire plane surprised her by celebrating her birthday. The passengers on the plane also pretended that the overhead lights were candles for Mazzy to blow out.",0.030273040756583214,0.06331376731395721
"This topic is about credit, receiving funds, paying money using a credit card, and spending money.",According to reports Pope Francis will address the US Congress after accepting an invitation to visit the White House and President Barack Obama will host the Pope,"To send money using a new Facebook feature, users will be required to tap an icon. Users will enter the card number to receive money. The new feature will be easy to use and free.",0.21088019013404846,0.3892912268638611
"This topic is about family and friends, and a husband and wife, the couple‚Äôs daughter has two brothers.",A side travel injury occurring in Bayer Leverkusen is the reason for Bayern Munich's ambitions being put to the test to compete on Wednesday in the German Cup quarter-final,"Jake Drage was arrested in June of last year after being involved in an accident that killed a woman who was on the back of a motorcycle along with her teenage daughter. The surfer says that he never planned to come to jail and that he doesn't intend to go back. He reports that he experienced moments of up and down in jail, like a yo yo. The Australian also admits that only after going through immigration to get home will he understand the situation better.",-0.5682656764984132,-0.163397878408432
"This topic is about family and friends, and a husband and wife, the couple‚Äôs daughter has two brothers.",A lot of time can be spent flying during a long distance relationship,"Tianwen Chen, 65, and his wife Gairen Guo, 60, have taken in more than 40 children over the last 26 years. Their first child was found in a box on the roadside, and they have gradually taken in more disabled children over the years. Now, they are living with 12 children with the help of donations.",0.4478321969509125,0.920770525932312
"This topic is about flying the plane, the pilot of the aircraft, passengers flying for leisure or work, landing strip, the flight crew, take-offs and landings, aircraft landing, and a jet flying by.",First time the Enstone-based marque are providing there test and reserve driver with a number of outings in first practice session ahead of grand prix weekends,"There were passengers on this plane that included 16 teens, 2 babies and 6 crews members. All traveling for different reasons other than football. All of the planes were checked in as usual.",0.05681886896491051,0.1909070909023285
"This topic is about the country's president, ruler of the country, President Barack Obama, the White House press conference, the Bush administration, and the former Republican president.",Ebola is spreading troughout Africa,President Obama who was president during this article was taking heat from the Republican Party for trying to downsize the Air Force budget. Republican senators from Arkansas and Oklahoma specifically were against the downsize but hoping for compromise. It seems that a compromise is possible that keeps the president of the USA happy and also congress.,0.48006942868232727,0.3250672221183777
"This topic is about Ukraine and Russia, calling to fight for Ukraine, euro countries, Russian officials gathering in Moscow, Vladimir Putin, a citizen of the eastern European country, and a bloc of nations within the European Union.",The pre-presidential league on the Democratic side does not have big-time candidates,"Clothing designer's are wanting to make a replica of the clothing the soldiers wore in honor of the 70th anniversary. There wasn't many jackets made, so only a small handful of people will be able to purchase the clothing. Russia was able to get the clothing line trademarked.",-0.5940001010894775,0.7217544317245483
"This topic is about family and friends, and a husband and wife, the couple‚Äôs daughter has two brothers.","We're building this network from scratch and we're using the latest technology to connect and build iD, and because technology is moving so quickly, we were able to create something innovative and different","Family and friends of those injured or killed in the Boston Marathon bombing gathered on Tuesday to help commemorate the tragedy. Survivor Jeff Bauman, who lost his legs during the attack, was joined at the event by his wife Erin and their daughter Nora. Various activities took place to memorialize those lost on April 15, 2013, including a moment of silence to reflect on the tragedy wrought by the two Tsarnaev brothers.",-0.29623210430145264,0.19683533906936646
"This topic is about winning the match by a few points, and how Barcelona had minutes left and had scored before half-time but were able to score a goal at the end.","The text is rather legislative, related to the judicial system and it's practises","Chelsea are close to becoming the most dominant title winner in Premier League history as they prepare to break the record for nearly every day at the top of the table in a single season. Jose Mourinho's team has led since beating Everton 6-3 at Goodison Park on Aug. 30 after Tottenham topped the table after the first two rounds of play. The Blues have been in the lead for 230 days since Friday, April 10, although they shared the lead with Manchester City for nine days in January after a statistical quirk saw the two sides evenly draw on points, goal difference and goals scored. Man Utd 2000/01 -241. Chelsea 2014/15 - 230 *. Arsenal 2003/04 - 216. Newcastle 1995/96 -212. Chelsea 2009/10 - 204. Chelsea 2004/05 - 193. Man Utd 2012/13 -191. * current campaign. Chelsea came close to Mourinho in 2005/06, when they topped the table for 257 days, while Man Utd were at the top for 250 and 241 days in 2006/07 and 2000/01, respectively. The only team in the top 10 on the list not to win the title was Newcastle, who led for 212 days in 1995/96, before imploding under Kevin Keegan.",-0.39330753684043884,-0.3411182761192322
"This topic is about Ukraine and Russia, calling to fight for Ukraine, euro countries, Russian officials gathering in Moscow, Vladimir Putin, a citizen of the eastern European country, and a bloc of nations within the European Union.","On Wednesday, gunmen took hostages in Tunisia and killed 23 people","Russian‚European Union relations are the international relations between the European Union (EU) and the largest country in Europe, Russia.
 The Russia‚Ukraine gas dispute of 2009 damaged Russia's reputation as a gas supplier.
  After a deal was struck between Ukraine and the EU on 23 March 2009 to upgrade Ukraine's gas pipelines.",0.6857792139053345,0.7966678142547607
This topic is about military forces and troops in an ongoing war making up the defensive army.,CFL and LED lights use 60%-90% less energy than incandescent bulbs,"An Air Force Major General James Publish III was fired after making a treasonous comment. He told a group of officers that talking to Congress in an attempt to block retirement of the A-10 Warthog amounted to ""treason,"" according to the Air Force. This may have had a ""chilling effect"" on officers, preventing them from speaking with lawmakers, despite their actions being ""important and correct."" Members of Congress should not receive filtered opinions from service members.",0.535880446434021,0.8014060854911804
"This topic is about flooding, dry lake, bridge, high levels of water in the river, and a flooded river.","A Russian TV channel aired the first video of Hillary Clinton's campaign with a ratings stamp meaning it's for adult audiences, for fear it might conflict with the country's anti-gay propaganda law",Mars water indicate brokage of flood through dams.Mars is not save from sun ray light.Mars has quality of flooded river and dry lake.,0.21603651344776154,-0.7933753132820129
"This topic is about how carbon emissions affect global climate change, the Earth‚Äôs surface as well as the atmosphere around the Earth, the temperature of the sun, and global temperatures.",It is unclear if proposed spending cuts could lead to increased taxes for the British public though it has been proposed as a way to maintain the current level of readiness of the British armed Forces,"President Barack Obama held the shrinking Florida Everglades today as proof positive that climate change is real and is threatening America's ""national treasures"" as well as the economies of its neighboring cities, which rely heavily on tourist dollars. ' 'That's why I've committed the United States to leading the world in combating this threat,' he said, highlighting his government's efforts to reduce the rate of global warming by reducing carbon emissions. The president said the consequences of rising temperatures ""are not a problem for another generation"". At least 'not anymore', he said. ' 'That's why I've committed the United States to leading the world in combating this threat,' he said, highlighting his government's efforts to reduce the rate of global warming by reducing carbon emissions. Looking ahead to the one-day trip, the White House reiterated Obama's belief that ""no challenge poses a greater threat to future generations than climate change.""",0.711153507232666,0.8558954000473025
This topic is about economic growth involving billion dollar figures showing that the economy is growing as expected globally.,The senate is in a state of flux,Deutsch Bank will pay a multi-billion dollar figure in fines. They were involved in rigger interest rates for their own personal growth. They are able to keep their banking license and refocus on global growth. They will reinforce internal monitoring to prevent this from occurring again.,0.6601924896240234,0.2611798346042633
"This topic is about terrorist attacks, islamic terrorism, attacks on the country, terrorist threats, and extremist groups.","Pope Francis was the first pontiff to hail from Latin America, and has ""taken into consideration the idea of making a stop in Cuba"" on his way to or from the United States this September",Al-Qaeda had taken three Dutch nationals hostage in Mali. They had overrun the country of Mali until January 2013. One of the hostages was freed but the other two remain held captive by Al-Qaeda. Hostage taking has become a source of income for terrorists.,0.4818483591079712,0.20067662000656128
"This topic is about traveling via air, passengers on a flight, airlines offering flexible changes, the world's busiest airport, international transport, and flights being handled by different air traffic controllers.",The ISIS militants have become a nightmare to the people of Palestine,"Elizabeth Sedway was travelling with her family from a vacation in Hawaii to their home in California via a flight on Alaska Airlines. However, Mrs. Sedway was not allowed to fly due to a medical condition. Employees of the airline informed the woman that she could not fly without a doctor's note clearing her to fly. The airline refunded the flight fees and also paid for the overnight accommodations while the issue was resolved. The airline later apologized for the way the issue was handled while other passengers were very sympathetic to the family.",-0.5007901191711426,-0.22275646030902863
"This topic is about market prices and market sales, companies reducing costs, price tags dramatically undercut the major supermarkets, increased sales in the current market, determining a price point for a product, and product sales.","Travis Hatfield is a singer and songwriter from Gilbert, West Virginia who went viral on Facebook from singing to his uncle with Down syndrome","Some of these corporations say they will increase their prices if a tax is implemented. Sales in the current market have increased, so companies need to increase their costs with any new laws or regulations. If the tax is implemented, product sales may decrease.",0.845335841178894,-0.0842653214931488
"This topic is about family and friends, and a husband and wife, the couple‚Äôs daughter has two brothers.",Wiggins will hop for a capacity 6000 crowd to spur on his attempt,"SURFSIDE, Fla. (AP) ‚î Families around the world remained stuck between waning hopes and widening fears Saturday, two days after the stunning collapse of a 12-story condominium near Miami.
 he Miami-Dade Police Department later Saturday said four of the five deceased had been identified, along with the apartments where they were at the moment of the collapse. One of the was the mother of a boy who was rescued the night the building toppled, another couple in their late 70s and early 80s and a 54-year-old man.",0.03309114649891853,0.10542811453342438
"This topic is about the country's president, ruler of the country, President Barack Obama, the White House press conference, the Bush administration, and the former Republican president.",Iraq has faced another terrorist attack in its country,"The person who attempted to kill President Reagan, John Hinckley Jr., is trying to get to live with his mother full time. He continues to look up Reagan and has contacted other killers according to the Secret Service - the organization charged with protecting the President. Hinckley could have been prosecuted for murder because James Brady died during the assassination attempt but was not. Hinckley has been monitored during the last several administrations, Obama and Bush respectively.",0.6263726949691772,0.5145276784896851
"This topic is about a person found guilty in the trial before a judicial panel, opening a criminal trial against him, a person potentially facing jail time,  receiving a fine, and a suspended prison sentence.","Mazzy, who suffers from Spina Bifida, was on board a Southwest Airlines flight over the US when the entire airplane including all passengers sang her happy birthday and moved her to tears",Greg hardy was accused of assaulting and threatening to kill his ex-girlfriend. He was found guilty by a judge but appealed on a jury trial. Charges were dropped when his ex-girlfriend refused to cooperate with the prosecutor.,-0.05042346566915523,0.0381578728556633
"This topic is about a football league having a world championship where each team‚Äôs fans are gathered to watch the end of this season‚Äôs games culminating in a tournament, to see their favorite football player.",A recent bill regrading the 'right-to-work' has created a controversy between the Republicans and the Democrats,"Soccer players in the UK are sharing their mindsets on how to head into a competitive game. They cite attitude being most of the battle, saying that when you're 100% ready for a game, you are likely to win. And if you aren't ready, you won't. This type of intensity and focus is central to the character of European Football.",0.6486108303070068,0.3828060030937195
"This topic is about traveling via air, passengers on a flight, airlines offering flexible changes, the world's busiest airport, international transport, and flights being handled by different air traffic controllers.",The striker of the team Aston Villa thrashed QPR with 2-1 at his home ground,A passenger on the flight had a heart attack on a plane bound for Orange County. The flight attendants failed to help the passenger. The staff contacted police instead of paramedics as per the airline protocol.,-0.374778687953949,0.1323220133781433
"This topic is about the senate and congress, congressional pressure, calling one's representative's office, informing a Senate committee, lawmakers setting the record straight, the staffer to the Democratic senator, and federal employee benefits.",lslamic terrorist group Al-Qaeda plotted to attack a military base or correctional facility,John McCain told reporters Tuesday. Secretary of State John Kerry stressed Wednesday that the administration never intended to negotiate a treaty. But Kaine told CNN On Wednesday. But Biden's 2002 letter didn't keep him from Unleasing his fury at the GOP letter to Iran on Monday.,-0.4169436991214752,-0.23093973100185405
"This topic is about family and friends, and a husband and wife, the couple‚Äôs daughter has two brothers.",The aircraft was flying in a northern direction,"Elizabeth Sedway was travelling with her husband and kids back home to California from a vacation in Hawaii. She was denied a flight on Alaska air due to not having a note from her doctor allowing her to fly despite her cancer diagnosis. Although the airline refunded the flights and paid for overnight accommodations, Mrs. Sedway missed two chemotherapy appointments and her son missed school due to the delays. Her family decided to donate the refunded airfare to Multiple Myeloma Research.",0.18331165611743927,-0.6941662430763246
"This topic is about the senate and congress, congressional pressure, calling one's representative's office, informing a Senate committee, lawmakers setting the record straight, the staffer to the Democratic senator, and federal employee benefits.",Soccer players in the UK are sharing their mindsets on how to head into a competitive game,"McCain, responding to the supreme leader of Iran's proclamation yesterday that there would be no formal pact unless sanction relief was ""instant on,"" said he had ""sympathy"" for Iranian Ayatollah Ali Khamenei because Kerry ""should know"" what the sanctions were for. perimeters a long-term agreement 'and yet chose to interpret it differently'. Launching a rare attack from his official White House Twitter account, President Barack Obama spokesman Josh Earnest said it was ""naive and reckless"" for McCain to ""believe every word of the political speech. of the supreme leader"". In response to Iran's supreme leader yesterday's announcement that there would be no formal pact unless the relief of actions is 'instant on', McCain, above, said he had 'sympathy' for Iranian Ayatollah Ali Khamenei, because Kerry 'should know' what were the perimeters for a long-term deal 'and yet chose to interpret it differently McCain lashed out at former colleague Kerry on Hewitt's radio show for misrepresenting preliminary negotiations with Iran.",0.9406960010528564,0.5263904929161072
"This topic is about a court ruling, department of justice, appealing against a court ruling, judge reviewing a case, a court order, and magistrates.",This season is a bad one for Football fans as most players are being affected by Dengue,"Some of the Supreme Court Justices are advocating for marriage equality while others like Clarence Thomas are remaining silent. The Supreme Court struck down anti-miscegenation laws in 16 states, twenty years earlier. The Loving vs. Virginia case has paved the way for marriage equality. The Supreme Court seems to be divided upon partisan lines and not what is right win considering this issue.",0.04200923815369606,0.00027430616319179535
"This topic is about family and friends, and a husband and wife, the couple‚Äôs daughter has two brothers.",There have been a number of patients records looked through during the time being of this man using patients record registrations for fraud,"Rene Dee, husband of Eileen, had to watch her die after suffering from a deadly bug. He thought Eileen was recovering well from battling cancer, but this unexpected bacteria had taken her life. Before she had died, he tried to tell his son, Matthew, to come back quickly from overseas to see Eileen one more time, but it was too late.",0.08134607970714569,0.7216318845748901
"This topic is about a bomb explosion attack, people killed in a bombing attack, or injured in the blast, an explosion caused by a bomb, people behind the attack, a car bombing killing and wounding people.","Twelve people in total were killed at a police station, a checkpoint, and along a highway in Egypt","Some al Qaeda terrorists are suspected of being responsible for a car bombing in Pakistan. One hundred and thirty-seven people were killed during the bombing, and over two hundreds were injured. The terrorists are probably going to be arrested.",0.7123816609382629,0.640471339225769
"This topic is about Ukraine and Russia, calling to fight for Ukraine, euro countries, Russian officials gathering in Moscow, Vladimir Putin, a citizen of the eastern European country, and a bloc of nations within the European Union.","The fiery crash that brought down a Concorde supersonic jet in 2000, killing 113 people, was caused partially by the criminal negligence of Continental Airlines and a mechanic who works for the company, a French court ruled Monday",Europe is amidst a political and monetary emergency that takes steps to disentangle many years of european joining and wreck the world's recuperation from the incredible downturn/ To comprehend this emergency we should think about two nations/ Country A will be a little country with a long history of tax avoidance goverm=nment obligation defaults and a useless business and administrative enviroment. It permits laborers to resign in their 50s. It lied about its spending plan to get into the eurozone be that as it may what do we think about financially mindful nation B.,0.115529865026474,0.28257131576538086
"This topic is about medical care, doctors performing surgery, as well as hospital nurses and doctors.",A 30 year older builder has stolen from an elderly widow,"Michael Moloney was born pre-maturely at 26 weeks with 1lb 12oz weight. According to the doctors at University Hospital Coventry this was because there was a little amniotic fluid which is needed for the development of the baby. Michael's mother, Michelle Moloney started having problems 8 weeks into the pregnancy, after her water broke. Doctors were not hopeful but Mrs. Moloney held on for eight more weeks until she gave birth at 26 weeks. Even after birth the baby, Michael had medical complications.",0.7697115540504456,-0.06286516785621643
"This topic is about a football league having a world championship where each team‚Äôs fans are gathered to watch the end of this season‚Äôs games culminating in a tournament, to see their favorite football player.","Steven Gerrard is going to turn 35 on May the 30th and has the dream of playing for his team, Liverpool, in the FA cup final on this day","Several players of the Arsenal Football Club will not be able to play in the upcoming Football Association Challenge Cup. Midfielder Alex Oxlade-Chamberlain has a strained groin, the latest in a series of injuries that has kept him off of the field. He missed last season's FA Cup and a chance at England's World Cup square due to other injuries. The club's captain Mikel Arteta has had calf and ankle injuries keeping him out of play since November, but he is expected to return next week. Another player, Jack Wilshere, has not played since November but will be back in time for the FA Cup.",0.28461194038391113,0.5008871555328369
"This topic is about university researchers, scientific journals, studying humans, and studies by researchers.",A small plane burst into flames moments before take off,Scientists have checked on the matter. It seems to be an April fool's joke. The data showed the Scientists at Google that there is nothing whatsoever which would suggest an occurance like this.,-0.3297981321811676,-0.27721092104911804
"This topic is about a football league having a world championship where each team‚Äôs fans are gathered to watch the end of this season‚Äôs games culminating in a tournament, to see their favorite football player.","The most common punctuation marks in English are: capital letters and full stops, question marks, commas, colons and semi-colons, exclamation marks and quotation marks","Fans of the Football Association's League Two match between Stevenage and Dagenham saw an unusual injury during that day. During a scuffle near the touchline, one player appeared to have bitten another player from the opposite team. I'm sure this caught the audience by surprise and horror what one player will do to another to win the game.",0.15176060795783997,0.7159282565116882
"This topic is about a bomb explosion attack, people killed in a bombing attack, or injured in the blast, an explosion caused by a bomb, people behind the attack, a car bombing killing and wounding people.","Sidonie, a well-known band from Catalonia, created a somewhat ironic song during a recent Ryanair flight to Santiago de Compostela in northern Spain","The FBI and the New York Police Department were working together in 2008 to gather information on suspects in a bombing in New York City. The explosion, while deemed potentially dangerous, did not kill or injure anyone. Officials suspect that the people behind the attack were connected to Afghanistan or Iraq based on the type of ammunition used.",0.706902265548706,0.52117919921875
"This topic is about a final match to determine which team will win the final round, winning the title to become this year‚Äôs champion.",In a recent interview Jon Terry said that Arsenal can never win Premier League by playing 'tippy-tappy football',"Cricket hero Andrew ""Freddie"" Flintoff won the grand finale of ""I'm a Celebrity Get me Out of Here"" beating out AFL legend Barry Hall. He won the title after enduring a rollercoaster ride in the South African Jungle. He couldn't believe he wo and was left shocked when he was crowned the winner.",-0.05699387565255165,0.09558272361755371
"This topic is about Manchester United's manager, Premier League, the striker for the team, and Liverpool versus Chelsea.","The winter temperatures, or generally colder temperatures, have been influential factors in storms","Arsenal Football Club manager Arsene Wenger provides an update on three of his players' injuries, including midfielder Alex Oxlade-Chamberlain, captain Mikel Arteta, and Jack Wilshere. Wenger states that Oxlade-Chamberlain will not be playing in the FA Cup due to a groin injury, citing ongoing inflammation. Arteta recently had surgery and is expected to return to play next week. Wilshere is going to be on the first squad, but Wenger hasn't decided if he'll be starting or not.",0.004682924598455429,0.2587634325027466
"This topic is about how carbon emissions affect global climate change, the Earth‚Äôs surface as well as the atmosphere around the Earth, the temperature of the sun, and global temperatures.","A mysterious ""hot bubble"" of water off the west coast of the United States could explain why states like California are experiencing the worst drought ever, while the east is plagued by icy weather","A mysterious hot bubble of water off the west coast of the United States could reveal why states like California are experiencing the worst drought ever, while the east is plagued by icy weather.
  The warnings came after sediment studies showed that California is experiencing the driest period since 1580, and that the regular rainfall observed over the last century was likely a temporary departure from a cycle of droughts and very occasional rains over the past 3,000 years.
  'In the fall of 2013 and early 2014, we started noticing a large, almost circular body of water that just didn't cool off as much as it used to, so in the spring of 2014 it was warmer than we've ever seen it before at that time of year,"" he said. Dr Bond.
  Fish have been seen in unusual places, supporting recent reports that the west coast marine ecosystems are suffering and the food web is being disrupted by the warm, less nutrient-rich water of the Pacific Ocean.
  Fish such as the Thresher Shark (shown) have been seen in unusual places, as recent reports show that the West Coast's marine ecosystems are suffering and the food web is being disrupted by the warm, less nutrient-rich water of the Pacific Ocean.",0.6794014573097229,0.6008497476577759
"This topic is about driving vehicles on the road, having to do with traffic and highway speeds, road traffic, and driving.",IS and Al Qaeda fighters planned to attack the public places and hotels,"A Ferrari driver was counting the cost in Adelaide after crashing his newly purchased, uninsured sports car into a tree on Wednesday night, seriously injuring a male passenger. The accident involving the 1991 Ferrari 348, valued between $90k and $110k and license plate 'Plesur', occurred around 8:25 pm on King George Avenue. The crashed 1991 Ferrari 348 is believed to be worth between $90k and $110k.",0.04592461884021759,0.6792182922363281
"This topic is about a football league having a world championship where each team‚Äôs fans are gathered to watch the end of this season‚Äôs games culminating in a tournament, to see their favorite football player.","McCain, responding to the supreme leader of Iran's proclamation yesterday that there would be no formal pact unless sanction relief was ""instant on,"" said he had ""sympathy"" for Iranian Ayatollah Ali Khamenei because Kerry ""should know"" what the sanctions were for",Liverpool face Blackburn in the FA Cup quarter-final replay on Wednesday. Dejan Lovren has been out of favour since his £20million move from Southampton. Emre Can and Martin Skrtel are both suspended for the match at Ewood Park. Saturday's 4-1 loss at the Emirates was marked by the kind of shaky defending that blighted Liverpool's early-season play.,-0.5979034900665283,-0.002481114584952593
"This topic is about the country's president, ruler of the country, President Barack Obama, the White House press conference, the Bush administration, and the former Republican president.",Travis Hatfield is an aspiring country singer who sung to his uncle who has Down syndrome,"Chua has pleaded not guilty to 36 charges in all, including three alleged murders, one count of grievous bodily harm with intent, 23 counts of attempted grievous bodily harm with intent, eight counts of attempting to cause a poison to be administered and one count of administering a poison. Staff had initially assumed the poisonings were because of a mistake, but when it became clear that it could be deliberate, the police were called. According to authorities, Chua's motive for the murders was unclear.this is very nice.",0.4191330075263977,0.6770942211151123
This topic is about military forces and troops in an ongoing war making up the defensive army.,"Currently, about £11billion per year in taxpayer money is being used to supplement the incomes of workers in low-paying jobs",There is backlash against the proposed cuts in military spending with many in the government calling it a disastrous undertaking. They fear that the British forces will become just another pawn in America's battle plans in the war against terrorism. They are urging top military officials to resign in protest of the considered reduction in military spending.,0.6005359888076782,0.32066190242767334
"This topic is about a football league having a world championship where each team‚Äôs fans are gathered to watch the end of this season‚Äôs games culminating in a tournament, to see their favorite football player.","Twelve people in total were killed at a police station, a checkpoint, and along a highway in Egypt","After a ban of six months, Ben Flower was welcomed by fans as he was called in as a substitute on Thursdays match. He had not been on the field since the Grand Final. He seems to look forward to this season's upcoming games and assured his fans he will not be a dirty player, but will be aggressive.",0.33502811193466187,-0.7255233526229861
"This topic is about the world cup football championship, Brazil qualifying for the finals, Messi talking about Ronaldo, world champions defending their title, the Nations Cup, the best group of players, real madrid, and a competition for the cup.","London has the biggest private sector economy in the UK, and its economy has been said to be increasingly flexible ever since the recession","Steven Gerrard is going to turn 35 on May the 30th and has the dream of playing for his team, Liverpool, in the FA cup final on this day. The fate of the team was taken out of his hands when he was issued a red cad, suspending him for the quarter final, although Philippe Coutinho scored allowing Liverpool to progress and keeping Gerrard's dream attainable. It is especially significant for him as he is leaving Liverpool and the English football league altogether to play in the USA.",-0.06124470382928837,0.8117618560791016
"This topic is about family and friends, and a husband and wife, the couple‚Äôs daughter has two brothers.",The article spoke about Everton's manager and Swansea managers and how Swansea will make an effort to improve their record against a team who's manager use to work for them,"Mick Schumacher's father has awoken from his coma. Michael Schumacher still cannot speak, but is beginning to recognize family members. It is hoped that he continues to improve.",-0.32462915778160095,-0.6908613443374634
"This topic is about credit, receiving funds, paying money using a credit card, and spending money.","Hilary Border has been spared jail after stealing £20,000 from her mother, who has dementia",Glenn Mason attempted to cover up his crime by transferring money under the identities of his colleagues. After pleading guilty he has promised to pay back the money using his pension plot. All of the stolen money had gone directly into his gambling account. The bank had already refunded the customers affected by the thefts.,0.5128713846206665,-0.4649745225906372
"This topic is about the country's president, ruler of the country, President Barack Obama, the White House press conference, the Bush administration, and the former Republican president.","The police in North Las Vegas, Nevada has arrested a 17 year old teen mother on Wednesday when she had taken her 4-month-old baby to Sunrise Hospital and Medical Center in suburban Las Vegas","According to US scientists they have found subtle changes in former Republican president Ronald Reagan speeches from 1981-1989. The speeches could contain clues to his worsening mental condition. Even though wasn't diagnosed with Alzheimer's till 1994, researches now believe he had early onset of Alzheimer's while serving as president. They came to this conclusion because he used a reduction of words in his second term, something George HW Bush did not do.",0.5343775749206543,0.4626833200454712
"This topic is about family and friends, and a husband and wife, the couple‚Äôs daughter has two brothers.",Glenn Mason attempted to cover up his crime by transferring money under the identities of his colleagues,"For most of the country, spring is here. But low temperatures in the northeast kept snow on the ground until April. A family on Long Island, New York, managed to keep a snowman alive until this weekend, when its Frosty finally melted in temperatures of 70 degrees. Since then, the snowman's height has fluctuated as winter storms continued to pour snow into March. He says he kept the snowman alive with his teenage daughter Rebecca. 'It started as a little fun project and turned into the ongoing snow saga, and it's a great thing that makes everyone smile and happy, and we're still having fun with it,' Fregoe told CBS New York last week . Ups and downs: Above, photos of the Fregoe's snowman this winter as he rose to 2.7 meters after a snowstorm in late January. In his natural environment: The snowman pictured above on March 20, in the middle of a spring snowstorm. Getting a Tan: Frosty sports a St. Patrick's Day hat on the left and is protected from the sun on the right by an umbrella.",0.32813629508018494,0.7841308116912842
"This topic is about a person found guilty in the trial before a judicial panel, opening a criminal trial against him, a person potentially facing jail time,  receiving a fine, and a suspended prison sentence.",Roy Keane is charged with an alleged road rage accident,"Foster Parents John and Carolyn Jackson are facing a child abuse trial for abuse and neglect of their foster children that had went on for years. They have three biological children, one of them is set to provide key testimony in the trial. The Jackson's had previously attempted this trial, however it was deemed a mistrial when details were disclosed that were not allowed.",0.36293700337409973,0.3709147572517395
This topic is about weight loss and following a healthy diet in order to regulate body fat and blood sugar levels and lose a few pounds of weight following a diet.,Aljaz Bedene has lived in the United Kingdome for seven years and is now a citizen,There is an obesity risk in England as more and more food items up their sugar. Citizens should try to follow a healthier diet that cuts down on sugar including even the sugar from fruit. It is important to monitor your diet to decrease the chance of obesity and diabetes.,0.5702976584434509,0.3339891731739044
"This topic is about hotel room guests, dinner at the resort, private bar, glass of wine, and the hotel guests sitting down.","Hello everyone and welcome to this live blog for the round of 16 match between Italy and Austria at Euro 2020, which is set to kick off at 21:00 CEST","Andrew Wood, a guest at the Hard Rock Hotel at Universal Studio theme park resort in Orlando, was charged with relieving himself in an ice machine. Wood was clearly intoxicated and refused to cooperate with either the hotel security guard or police. He later posted $1000 bond and was released from jail. Rooms at Hard Rock Hotel start at $300 per night.",0.5497998595237732,-0.2938104271888734
"This topic is about a rise of taxes benefitting average people, with increased benefits despite their expenses due to a budget increase and decreased consumer goods rates.","James MaClean, Republic of Ireland winger, limped out of training Tuesday","Professional football players typical daily expenses vary widely from other members of society. For instance, former player Michael Vick owned a lionskin rug and 240 pairs of sneakers. Another former player, Vince Young, claimed he would spend $5,000 a week at The Cheesecake Factory as well as racking up a $6,000 tab at TGIFridays. Those purchases are vastly different from what an average person's budget would include.",0.6923739910125732,0.521155059337616
"This topic is about high school students and children going to school, education in schools, and parents meeting teachers.",Eleven of 12 teachers and administrators of the Atlanta school system were found guilty of racketeering for conspiring to change the test scores of students in exchange for pay bonuses,"Alix Bussey, 23, died on holiday in Mexico with her boyfriend. Alix was a teacher at Bowburn Infants School, Bowburn, County Durham and studied at Northumbria University. Her dream was to become a teacher since she was seven. Alix's parents and sister and all her Primary school students are devastated by loss.",0.804067015647888,0.6145294904708862
"This topic is about family and friends, and a husband and wife, the couple‚Äôs daughter has two brothers.","The roads around Missouri City were covered with heavy rain, with one city recording more than two inches of rain in half an hour","A promising young man, a top scorer with a short but brilliant shot. He was captain of the under-19 team and was selected to go to the Cup. Many fans wished for strength for family and friends to overcome the pain of loss.",0.254762202501297,0.8184351921081543
"This topic is about a person arrested and charged, authorities allegations, an investigation, being accused of a crime, being under arrest on one charge, and being under investigation.",Labor senator Penny Wong and her partner announced the arrival of their second child on Twitter with an adorable photo of their eldest daughter holding the newborn,Tony Degrafreed is arrested for the murder of his wife. Authorities investigating the scene found a bloody baseball bat and knife near the wife's body. Tony Degrafreed will be charged for the murder of his wife.,0.6070321798324585,-0.21305245161056519
"This topic is about a bomb explosion attack, people killed in a bombing attack, or injured in the blast, an explosion caused by a bomb, people behind the attack, a car bombing killing and wounding people.","If there has ever been a doubt that the Obama administration's Clean Energy Plan is an energy policy plan, not a carbon reduction plan, then you need to look at how they treat nuclear energy","Due to several militant groups Kenya has been a unsafe place. Human bombings, cruel massacre are the methods of killings. Severe retaliation is going under for defending people and for the peace of the ntion.",0.7817589640617371,0.6081278324127197
"This topic is about Manchester United's manager, Premier League, the striker for the team, and Liverpool versus Chelsea.",000 iOS apps are vulnerable to a flaw in AFNetworking's connectivity software,"Franck Ribery's stay at Bayern Munich proved to be quite right. During that period, he won four Bundesliga titles, a Champions League, and came third in the Ballon d'Or 2013 awards, behind only Cristiano Ronaldo and Lionel Messi. The Frenchman decided to stay with the team when he was convinced he was as important to Bayern as Messi was to Barcelona.",0.059690408408641815,0.029558565467596054
"This topic is about visiting the pope, roman catholic church, archbishop, and ceremonial meeting for peace.",Roy Keane is the assistant manager of the Republic of Ireland,"US President Barack Obama will host the Pope Francis after he accepted invitation from the White House o address the US Congress and he will be the first Pope to do so. In an interview with the US President he said that he admires Francis for his compassion and modesty and he sees the face of god in him as the Pope carries the message of love and compassion that has inspired the world . Last time both met in Vatican when President visited Francis in March and both agreed to continue  a dialogue about poverty, the environment, immigration and promoting religious freedom. Francis has also helped to settle peace between US and Cuba after he called the leaders of both countries and asked them to initiate a new phase in relations between the two parties.",0.6658335328102112,0.7703532576560974
"This topic is about flying the plane, the pilot of the aircraft, passengers flying for leisure or work, landing strip, the flight crew, take-offs and landings, aircraft landing, and a jet flying by.",Michael Moloney was born pre-maturely at 26 weeks with 1lb 12oz weight,"One plane was hijacked and another delayed to avoid two Russian bombers that flew through Irish-controlled airspace unannounced in February, the Irish Aviation Authority (IAA) said.
 The interruption is believed to have occurred during the same February 18 incident in which British RAF typhoon fighters were scheduled to escort two identified Russian bombers flying near British airspace.
 The aircraft did not enter Irish sovereign airspace, but flew in Irish controlled airspace within 25 nautical miles (46.3 km) of the Irish coast between 15:00 GMT and 19:00 GMT, according to the authority.",0.2765601873397827,-0.14588890969753265
"This topic is about the disease spreading through close contact, cases of illness or elevated levels of bacteria, and symptoms of the disease such as fever, chills, muscle aches and headaches.",In his book the crossroad corporal donaldson uncovered how the sas regiment had uncovered a taliban contender codenamed javelin in afghanistan in 2008,"The bird flu has caused major issue in the U.S. Many new cases has been noted and it is also found out that the virus cannot be spread to humans. The CDC, who are the public health department has mentioned that around 16 states in the country have been affected by this virus and are commonly spread in commercial poultry, backyard chickens and captive wild birds. The U.S government is taking measures to find vaccines for bird flu. Although bird flu cannot be transmitted to human, the CDC department is ready to face the crisis if it gets spread to humans. They keep monitoring 100 people who get in contact with birds that are affected with flu and none of them are affected.",0.138400599360466,-0.29598969221115123
"This topic is about the world cup football championship, Brazil qualifying for the finals, Messi talking about Ronaldo, world champions defending their title, the Nations Cup, the best group of players, real madrid, and a competition for the cup.",A three-month-old child was abandoned at McDonalds in Ohio by his parents after police said they could not agree on who would take care of the child over the weekend,Real Madrid face city rivals Atletico Madrid in the Champions League quarter-final second leg. Carlo Ancelotti's side have not beaten Atleti since last season's final in Lisbon. Diego Simeone's men have won four of their last seven games against Real.,0.05800766125321388,0.6669180393218994
"This topic is about a final match to determine which team will win the final round, winning the title to become this year‚Äôs champion.",Some parents are willing to earn less if it means paying less child support,"The investigation into the case was conducted by investigator Chris Higgins, who interviewed the female officer and obtained the revelation that she had committed this act of misconduct together with her colleague at least ten other times. The TSA found the incident deplorable and ensured that all allegations of misconduct are thoroughly investigated. The agency, however, revealed a difficulty in these cases as there are generally no criminal charges and is unable to identify passengers who are victims of these acts.",-0.717471718788147,0.7019590139389038
"This topic is about a bomb explosion attack, people killed in a bombing attack, or injured in the blast, an explosion caused by a bomb, people behind the attack, a car bombing killing and wounding people.",Audi has created a new fuel geared towards sustaining resources,"According to the CNN reports, an estimated 18000 refugees are trapped in Yarmouk after being attacked by ISIS and al Qaeda terrorist groups. These terrorist groups destroyed the last hospital yesterday leaving people with no medical facilities. Majed Alomari, the Jafra Foundation's water coordinator was killed by the ISIS few days ago making it difficult for the people to get safe drinking water. The people of Yarmouk are left with two choices now . Either they can try to flee or stay in the area as told by UN.",0.8047875165939331,-0.31283146142959595
"This topic is about Ukraine and Russia, calling to fight for Ukraine, euro countries, Russian officials gathering in Moscow, Vladimir Putin, a citizen of the eastern European country, and a bloc of nations within the European Union.",Real Madrid is a great team,The film is set in 1952 a year prior to stalin's demise and provisions a free thinker agent looking for a chronic executioner while prevented by true perspectives that such killings are impractical in the soviet union. Culture minister vladimir medinksy denounced the film for its portrayal of the revulsions of the stalin system. You understand murder is completely an ectrepreneur sickness. French star cassel murmurs in a thick russian intonation in the film's english language trailer. The choice to pull the film came after the way of life service on tuesday gave it a conveyance permit with a 18+ testament,0.5462920665740967,-0.23712751269340515
"This topic is about eating food at a restaurant, ordering something to drink and serving breakfast, as well as eating chicken, and fruits which are a healthy food.",Many groups came together in anger,"Erica Marcus, a food writer at Newsday, enunciated that there was shortage of fish ingredients for gefilte fish on Passover. He also uttered that the traditional Passover appetizer was made from three freshwater fishes, ground whitefish, carp and yellow pike. A debate was going on about the flavor of the classic gefilte fish dish.",0.32634687423706055,0.3868984580039978
"This topic is about how carbon emissions affect global climate change, the Earth‚Äôs surface as well as the atmosphere around the Earth, the temperature of the sun, and global temperatures.","Dr Rebecca Harris of the University of Bolton, worked on research about how children are struggling to socialize among others in real life","The White House today doubled with President Barack Obama's Earth Day message that climate change is ""a problem now"" and called political figures who didn't agree as climate deniers and opportunists.
 He then added, 'And there are some who are involved in politics who choose to deny that fact because it's inconvenient for them and it might be inconvenient for some of their strongest political supporters.' Former Vice President Al Gore's Earnest channeling, star of the 2006 global warming documentary An Inconvenient Truth, followed the President's 1,836-mile journey on Wednesday, Earth Day, to the Everglades, in Florida aboard Air Force One.",0.5181076526641846,0.8258674740791321
"This topic is about terrorist attacks, islamic terrorism, attacks on the country, terrorist threats, and extremist groups.",Real Madrid is the premier football league,There was an attack in Pakistan car bombing in 2009 by al Qaeda. Islam doesn't spread terrorism but group like al Qaeda are not Islamic. About 137 people were killed and more than 200 injured.,0.22852849960327148,0.439094603061676
"This topic is about family and friends, and a husband and wife, the couple‚Äôs daughter has two brothers.","Ivan Gazidis, the club's chief executive, does not believe that Arsenal is not going to win the Premier League despite its continuous winning","Alyssa Chang was arrested by the police last week after she kidnapped a 2 year old Ronnie Tran and her mother with the help of their grandmother, Vien Nguyen. Luckily, the mother of the child managed to escape and called for the cops. Chang had asked her brother John Truong to look after the baby by telling him a lie that the baby was her boyfriend's child. In an interrogation with the police John said that he knew nothing about the child and was not involved in any way in that kidnapping.",-0.1401909440755844,0.2395099401473999
"This topic is about eating food at a restaurant, ordering something to drink and serving breakfast, as well as eating chicken, and fruits which are a healthy food.",Miss McCormick called off her engagement plans to concentrate on a strict two-year weight-loss plan,"Mile-high meals have seen ups and downs, from the first hot meals served on United Airlines in 1936 and tablecloths and silver service in the 1950s to low-cost carriers slashing food budgets in the 1970s. The 1950s and 60s were considered the golden age of travel, with the glory days of Pan Am and Concorde breaking records in the skies. According to old copies of KLM staff magazine Wolkenridder, the airline had 1.6 million passengers during the 1964-65 fiscal year.",0.1912432312965393,0.22193381190299988
"This topic is about a rise of taxes benefitting average people, with increased benefits despite their expenses due to a budget increase and decreased consumer goods rates.",The opposition leader in Russia was killed after he was allegedly investigating Russia's military involvement in eastern Ukraine,"Citizens for Tax Justice reports that at least fifteen Fortune 500 companies paid zero income tax in 2014 even though the average person is paying in more. Some of these tax-evading companies even received a tax rebate which is an increased benefit that is not available to the average person.This style of tax evasion is legal under the current laws and provides decreased rates for active financing, accelerated depreciation, and other loopholes that do not apply to the average person's budget . Citizens for Tax Justice want to change the corporate tax code to insure that these large companies aren't able to game the system like this in the future and allow the taxes that should be paid to benefit the average people that made it possible with their time, labor, and purchases.",0.40002113580703735,-0.5177381038665771
"This topic is about family and friends, and a husband and wife, the couple‚Äôs daughter has two brothers.","If you own an iPhone or iPad, your encrypted passwords, bank details and other private data may be at risk from hackers","Ben Hiscox, a famous football player died in an accident when he slid off the pitch after being slammed on one of the door of the building. He was taken to the hospital where he suffered two seizures and died in the hospital. His close friend and the club manager said that no one could be held liable for the accident. It was just unfortunate for him. Ben was part of the club since he was a teenager. He had a wife and a six year old daughter. He was considered as the most humble and nicest guy in the club.",-0.2868186831474304,0.44045448303222656
"This topic is about a person found guilty in the trial before a judicial panel, opening a criminal trial against him, a person potentially facing jail time,  receiving a fine, and a suspended prison sentence.",A man and four others are being accused of murdering a politician,"Roy Keane is charged with an alleged road rage accident. He has denied the charges, and no video of the incident was captured. However, there are witnesses to the event and both sides will be heard in court.",0.003778213169425726,0.7697428464889526
"This topic is about a person arrested and charged, authorities allegations, an investigation, being accused of a crime, being under arrest on one charge, and being under investigation.",World cup football championship is going to be held,"Shelley Dufresne and Rachel Respess, are teachers by profession, has been arrested and charged for having sex with 16 year old student. The student has confessed that he has slept with two of his teachers. Shelley has applied for forgiving plea and it has been accepted and she was made to attend 90 day inpatient mental health treatment. Also she has been asked to surrender her teaching license. She is under house arrest and is allowed to drive her 3 children to school and other curricular activities. During the week time she need to stay inside her home between 8Pm to 7 Am which is very pathetic.",0.4602705240249634,-0.2203945517539978
"This topic is about market prices and market sales, companies reducing costs, price tags dramatically undercut the major supermarkets, increased sales in the current market, determining a price point for a product, and product sales.","The fire created its own wind further increasing the rate of spread, it added, estimating that firefighters would need at least three days to control the blaze",The market prices of videos and movies are very high. Some companies are planning on increasing their prices further to increase the level of competition.,0.46909627318382263,0.7453336119651794
"This topic is about the country's president, ruler of the country, President Barack Obama, the White House press conference, the Bush administration, and the former Republican president.",Le'Veon Bell of the Pittsburgh Steelers was stopped by a police officer for marijuana,"Secretary of State John Kerry ""is out of his mind"" was expected to claim that the Iranians agreed to the gradual lifting of sanctions as part of a nuclear deal when they didn't and got away with it, said the chairman of the Senate Armed Services Committee .
 'The test of whether or not this structure can be memorized is not a comment on any day given by an Iranian leader, the test will be if by the end of June we have a document.' In response to Iran's supreme leader yesterday's announcement that there would be no formal pact unless the relief of actions is 'instant on', McCain, above, said he had 'sympathy' for Iranian Ayatollah Ali Khamenei, because Kerry 'should know' what were the perimeters for a long-term deal 'and yet chose to interpret it differently McCain lashed out at former colleague Kerry on Hewitt's radio show for misrepresenting preliminary negotiations with Iran.",0.24423807859420776,0.2918427586555481
"This topic is about Formula 1 racing, the Grand Prix on the race track, Hamilton‚Äôs team and the Ferrari team, and collisions during a race.",Ashton Villa beat Tottenham,"The track at Fairyhouse is wet, there is hopes it will dry out. Blinder is almost impossible to win off top weight. There are doubles held at the track.",-0.34643396735191345,0.3305583596229553
"This topic is about a rise of taxes benefitting average people, with increased benefits despite their expenses due to a budget increase and decreased consumer goods rates.",Seedorf won the title an aggregate of multiple times in his celebrated lifetime in 1995,"Nationwide Building Society is giving anyone up to the age of 70 the chance to take out a 35-year loan, as pension reforms give people over 55 access to withdraw from their pension pots and spend as they like. This may cause a surge of ""silver landlords"" that would increase housing prices. ",0.6001885533332825,0.3913964033126831
"This topic is about a rise of taxes benefitting average people, with increased benefits despite their expenses due to a budget increase and decreased consumer goods rates.",Andy Murray to play world number one Novak Djokovic in the final match,"An increase in television money for UEFA will also cause the awards to the Champions League to increase, but the disparity with the Europa League will not be so great in 2015-18. The prize money for the winner of the Champions League final will be increased from 10.5 million (£7.6 million) to 15 million (£10.9 million), and the competition champion could win a maximum of 54.5 million (£39.6 million) in prize money plus TV money from your market pool share. UEFA is very pleased with the new distribution system not only provides for a substantial increase in the funds received by clubs participating in the UEFA Champions League and UEFA Europa League, UEFA General Secretary Gianni Infantino, but also reinforces the solidarity principle of UEFA, in particular by guaranteeing an even more substantial increase in solidarity payments to clubs. ""This is a perfect example of the proper implementation of the principle of solidarity, which forms an essential part of UEFA's core values.""",0.947030246257782,0.37276026606559753
This topic is about economic growth involving billion dollar figures showing that the economy is growing as expected globally.,"Chua also falsely recorded patients suffering from insulin poisoning as healthy, even 'comfortable', in order to cover up his tracks","Britain's economy continues to grow. At present, their economy is the second fastest growing in the world. Only the United States outstrips Britain in terms of consistent growth.",0.5226049423217773,-0.48351681232452404
"This topic is about a rise of taxes benefitting average people, with increased benefits despite their expenses due to a budget increase and decreased consumer goods rates.",Robert Di Mateo is the United manager,"New York Mayor Bill de Blasio is waiting to see an outlined vision of where Hillary Clinton plans to go concerning the issues that are affection every day people. De Blasio believes a successful plan will include progressive taxation, increases in wages and benefits, and willingness to tax the wealthy in an effort to invest in infrastructure and education. 'People in this country are hurting,' said de Blasio, 'I think it's important for Hillary to hear those stories of the American people.' Clinton now has an opportunity to present a progressive outline that focuses on helping out the American people following the Great Recession that impacted the economy in ways not seen in decades.",0.8405349254608152,-0.7192950248718262
"This topic is about family and friends, and a husband and wife, the couple‚Äôs daughter has two brothers.",Dathan ritzewnhein was seventh by and large in the men's race and the main american in at an informal trailed by last years victor,Family and friends say that Antonio was a hard-working man. He had wished to move back to Guatemala to take care of his father. Many people were devastated over his death.,-0.1614234745502472,0.45152097940444946
"This topic is about a group composed of militants, fighters joining forces, ongoing violence in the capital, people dead across the country, militants armed with grenades, and a border town.",Adidas has partner with Spotify for music and exercise fans to combine both interests,An Islamic terrorist group in Kenya is targeting western style schools. They are attacking staff at a middle school and massacred 147 people at Garissa University. A terrorist group in Nigeria are doing the same and they kidnapped 270 schoolgirls. The perpetrators of the Garissa University massacre are still being sought.,-0.015469834208488353,-0.3912251591682434
"This topic is about a bomb explosion attack, people killed in a bombing attack, or injured in the blast, an explosion caused by a bomb, people behind the attack, a car bombing killing and wounding people.",AP McCoy is a 19-time champion,"The Jewish community center in 1994 at the Argentine capital is the deadliest terrorist attack in the history of the country. Eighty-five were killed and left hundreds injured.
 

 A judge dismissed the case against Argentine President Cristina Fernandez de Kirchner, accused of covering up Iran's involvement in the 1994 bombing, saying that the former prosecutor's allegations did not hold up. Following that, the case went to prosecutor de Luca in February for a possible appeal On Monday, de Luca announced that in his investigation he found that ""there was no crime here, either carried out or attempted"" according to the news agency Telam.",0.4102298617362976,-0.42072513699531555
"This topic is about terrorist attacks, islamic terrorism, attacks on the country, terrorist threats, and extremist groups.",Miss McCormick's partner Dan Dimmock feared her wife's safety as result to excess weight,"Two of the topmost Al Qaeda leaders, Ustad Ahmad Farooq and Qari Abdullah Mansur, responsible for organizing multiple terrorist attacks were killed in January. Islamic terrorism has posed a significant danger to global peace but the death of these two leaders suggest minimal or no attacks on the country. However, other Al Qaeda affiliates such as AQAP and other extremists group like ISIS continue to pose a terrorist threat to global peace.",0.9012824296951296,-0.16390681266784657
"This topic is about a rise of taxes benefitting average people, with increased benefits despite their expenses due to a budget increase and decreased consumer goods rates.","Manchester City head into the Champions League game against Barcelona on Wednesday night, knowing that a win will be enough to ensure they qualify","While London has the highest median full-time salary in the UK at £34,069, workers living there have suffered a wage squeeze larger than other areas in the country. Inflation has overtaken by far the rate of salary increase in London, which has been of a meager 1% per year on average since the recession. This wage squeeze is likely attributed to strong economic growth which has entailed a hiring spree. As most workers in London do not form part of unions, it has been easier for employers to control wages.",0.8429913520812988,0.8238488435745239
"This topic is about a rise of taxes benefitting average people, with increased benefits despite their expenses due to a budget increase and decreased consumer goods rates.",A former high school teacher plead guilty to 16 counts related to sex acts with children,"if you ever want to know why your taxes are rising, you may want to consider the actions of a Kent, England couple. They have a home funded by taxpayer dollars for their five children. Though the father works they are subsidized by tax dollars. These tax dollars are not being used for the children, but to fund expensive trips to Las Vegas for them to renew their vows and expensive handbags for the mother. To make it seem so bad the mother says the best thing she and her husband do is make babies.",0.7250170707702637,0.46978694200515747
"This topic is about the country's president, ruler of the country, President Barack Obama, the White House press conference, the Bush administration, and the former Republican president.","Apart from Liverpool, none of the traditional ""Big Six"" are yet to make any signings, but things are picking up pace as Manchester United close in on Jadon Sancho while Arsenal are set for a double-deal with the impending transfers of Albert Sambi Lokonga and Nuno Tavares","Shooting Florida Governor Rick Scott, who allegedly banned the term climate change from his officials' vernacular, Obama said that ""just refusing to say the words 'climate changed' doesn't mean climate change isn't happening.' ""There are some who are involved in politics who prefer to deny that global warming is happening 'because it's inconvenient for them and it might be inconvenient for some of their strongest political supporters,"" Obama spokesman Josh Earnest said today. . In addition, he said, the president is doing this in a way that ""will not only safeguard the American people"" but could also bring ""significant benefits to our economy."" The president ""is determined to position"" the US ""so that we can capitalize on these trends,"" he said.",0.20894452929496765,0.3139778971672058
"This topic is about a rise of taxes benefitting average people, with increased benefits despite their expenses due to a budget increase and decreased consumer goods rates.","Manchester United captain, Wayne Rooney, is second highest paid sportsman according to the Sunday Times","In the article it tells about Social Security Minister Scott Morrison and how he is making changes to try and make parents vaccinate their children. One by setting to lose up $15,000 a year per child that isn't vaccinated in both tax credits and health coverage offered by the government. Mr. Morrison said that we have to think about all of the other children's health and well being. Also that they shouldn't be put at risk.",0.038168445229530334,0.07675427198410034
"This topic is about the country's president, ruler of the country, President Barack Obama, the White House press conference, the Bush administration, and the former Republican president.","After a ban of six months, Ben Flower was welcomed by fans as he was called in as a substitute on Thursdays match","Following the controversial selection of Russia as host to the 2018 World Cup, England noted that it plans to throw its hat in the ring to host Eur 2028 after a 12-year hiatus from hosting duties. FIFA has already announced that it will decide on the host for the 2026 tournament in 2017, when president Sepp Blatter is likely to still hold his position. The FA, meanwhile, has no plans to bid while the aforementioned Blatter is still in power, thanks to a failed bid for 2018. They are considering a bid for the 2028 games, instead.",0.26044023036956787,-0.4822741150856018
"This topic is about flying the plane, the pilot of the aircraft, passengers flying for leisure or work, landing strip, the flight crew, take-offs and landings, aircraft landing, and a jet flying by.",Some Fortune 500 companies received funds from the IRS though they used the current tax laws to evade paying any income tax,A woman wad arrested on a runway after waving her arms at the pilot. The pilot was worried at the lack of security at San Francisco International Airport. The pilot pondered what would have happened had she have been a terrorist.,0.09583806991577148,-0.25307369232177745
"This topic is about eating food at a restaurant, ordering something to drink and serving breakfast, as well as eating chicken, and fruits which are a healthy food.",Maureen McDonnell was found guilty of corruption,The husband worried that his wife instant noodles all the time and cooked different types of items and kept in small foam of containers to be frozen. Husband is in the duty and he is far from her and he will come one's in a year. she is also in her duty and will eat the instant foods so her husband cooked for one year. Mr Yin has also brought a large amount of snacks and hid them in different corners of the house. Yin make a note of love saying that when you finishes the food i will come back. Everyday he give the clues to his wife to find the snacks he kept in his house.,0.6727316975593567,0.1000780239701271
"This topic is about the country's president, ruler of the country, President Barack Obama, the White House press conference, the Bush administration, and the former Republican president.",American teenagers are getting more and more connected to internet and social media,The other act the Obama pushed was the affordable care act. He explained that the Supreme Court would not challenge it. The Supreme Court left it up to states to put it in place or not. Obama stated that he received many letters that said they were grateful for the Affordable Care Act because they got insurance and it most likely saved their life.,-0.09162747114896785,0.3562581241130829
"This topic is about the country's president, ruler of the country, President Barack Obama, the White House press conference, the Bush administration, and the former Republican president.","According to information from the head of government, Michael Gove, last night","The president of the United States (POTUS)[A] is the head of state and head of government of the United States of America. The president directs the executive branch of the federal government and is the commander-in-chief of the United States Armed Forces.
 

 The power of the presidency has grown substantially since its formation, as has the power of the federal government as a whole.[10] While presidential power has ebbed and flowed over time, the presidency has played an increasingly strong role in American political life since the beginning of the 20th century, with a notable expansion during the presidency of Franklin D. Roosevelt. In contemporary times, the president is also looked upon as one of the world's most powerful political figures as the leader of the only remaining global superpower.[11][12][13][14] As the leader of the nation with the largest economy by nominal GDP, the president possesses significant domestic and international hard and soft power.",0.13464319705963135,0.7792329788208008
"This topic is about the country's president, ruler of the country, President Barack Obama, the White House press conference, the Bush administration, and the former Republican president.",Owning a home close to a market store affects the market value of the house,"Russian President Vladimir Putin has claimed that the US helped Chechen Islamic insurgents wage war against Russia. He raised the issue with then-US President George W. Bush, who condemned the actions, but claimed then receiving a letter from their American counterparts asserting their right to support opposition forces in Russia. Putin condemns punitive sanctions imposed by the United States and European Union. ",0.8171781897544861,0.7913200855255127
"This topic is about driving vehicles on the road, having to do with traffic and highway speeds, road traffic, and driving.","The lucky fans in the French city of Saint-Etienne won a present on Monday night, with Brazilians Ronaldo and Zinedine Zidane participating in the 12th annual match against hunger","The tragedy occurred on the M26 in Kemsing, Kent involving a collision caused by a red Mercedes Actros, where the vehicle collided to the back of the traffic queue. In addition, before this disaster the previous morning, two collisions had already occurred. The accused driver is Juraj Orsula, 46, who ended up killing three members of his family, as well as Helen Akande, 22, his sister Mary, 16, and later his father Michael, 54. In addition, he caused serious injuries to others, a a 7-year-old boy with a brain injury, a 3-year-old boy with a broken leg and a 36-year-old man with a brain injury and fracture. Despite driver Juraj Osrula arguing that he was blinded in the accident due to the sun, Detective David Holmes argues that he could have slowed down and that he must be convicted of dangerous driving and three charges of causing serious injury while driving dangerously.",-0.05925710499286663,-0.3189408779144288
"This topic is about a rise of taxes benefitting average people, with increased benefits despite their expenses due to a budget increase and decreased consumer goods rates.",Facey managed to score a goal for the Bolton Wanderers during the Premier League,Older workers in Britain are seeing less pay increases compared to younger workers. They are being surpassed by the young in terms of promotions within companies. Companies are being subsidized to train young workers which explains the increase in promotions.,0.939942479133606,0.6412206292152405
"This topic is about winning the match by a few points, and how Barcelona had minutes left and had scored before half-time but were able to score a goal at the end.","Memphis Depay, the striker of the Holland national football team is under limelight recently","Iker Casillas, goalkeeper for Real Madrid, comforted a young fan hit by a wayward shot during his side's win over Granada. The match was a 9-1 victory against Granada, and was an exceptionally good match for Casillas. Real Madrid's front three all got on the scoresheet: Cristiano Ronaldo scored five and Karim Benzema netted a brace after Gareth Bale's opener. ",0.5767321586608887,-0.18155437707901
"This topic is about family and friends, and a husband and wife, the couple‚Äôs daughter has two brothers.",The Obama administration stepped up its lobbying campaign on Capitol Hill today to try to persuade lawmakers not to pass any legislation that would jeopardize the prospects for negotiating a final deal with Iran to curb its nuclear program,The Governor of New York States's daughter Michaela Kennedy Cuomo was hospitalized for a short period of time Wednesday. She has twin sister's who are aged twenty. Her father and mother divorced back in 2003 and her father lives with his girlfriend and no longer her mother.,-0.09275759756565105,0.7788546085357666
"This topic is about family and friends, and a husband and wife, the couple‚Äôs daughter has two brothers.","Ellen White had a night she won't forget, scoring a goal against her former team that led her new team to a win by a few points","The Duchess of Cornwall was initially disliked by the British press and British people. This was due to the fact that Charles was married to Diana at the time, and she was looked upon as breaking up their marriage.",-0.07412496954202663,0.4627402126789093
"This topic is about credit, receiving funds, paying money using a credit card, and spending money.",A Russian fighter jet aggressively flew by an American reconnaissance plane over the Baltic Sea,Riki Hughes a former military solider. He is suspected of stealing a sum of £17000. But the football club clams the amount stolen be £27000.,-0.6190202832221986,0.3677409291267395
"This topic is about the presidential campaign, the presidential candidate, a state governor, joining a presidential campaign, and a huge impact on political campaigns.",everyone who showed up to watch the prestigious race were all in very high spirits of excitment,"Texas Senator Ted Cruz launched his campaign for governor in the State of Virginia. While he was busy touring the television studio all his websites were hacked which have a huge negative impact on his political campaign. Cruz who was born in Canada, indicated that he was signing up for Obama Care Insurance as he was no longer covered under his wife's Insurance. All his websites were now promoting or redirected to encourage his prospective voters to do exactly get behind plans that he was against, thus affecting his political campaign. The online internet users mocked the candidate changed the landing page to encourage those going to his website to support causes that the politician was adamantly against.",0.34574592113494873,0.05024074763059616
"This topic is about the country's president, ruler of the country, President Barack Obama, the White House press conference, the Bush administration, and the former Republican president.",The Israeli Prime Minister condemned a deal which aimed to hinder Iran's nuclear program,Tobacco companies are entering a lawsuit. They feel their ability to advertise is being hindered by the FDA. The FDA's new guidance prevents Philip Morris and R.J. Reynolds from existing advertising practices.,0.41499119997024536,0.8032321333885193
"This topic is about the senate and congress, congressional pressure, calling one's representative's office, informing a Senate committee, lawmakers setting the record straight, the staffer to the Democratic senator, and federal employee benefits.","Kazakhstan, being a multi-ethnic, mainly Muslim country is said to be troubled by violence from Kyrgyzstan to Afghanistan","Loretta Lynch is the first black woman became the top U.S. law enforcement. She was approved by a 56-43 vote. Ted Cruz, Lynch's opponent, was the only member of the Senate who did not cast a vote.",-0.6138752698898315,-0.1838063895702362
"This topic is about credit, receiving funds, paying money using a credit card, and spending money.","Rilwan Oshodi, 31, has been ordered to repay nearly £1million in fraudulent gains which he made after after stealing life savings from his innocent victim","Atm fees, debit and credit card surcharges, and atm withdrawal fees are hated by consumers. The most hated charge by consumers though is parking fees according to a recent poll. Fees and charges can be very frustrating to people.",-0.5271434783935548,-0.254751056432724
"This topic is about Ukraine and Russia, calling to fight for Ukraine, euro countries, Russian officials gathering in Moscow, Vladimir Putin, a citizen of the eastern European country, and a bloc of nations within the European Union.","Ellen White had a night she won't forget, scoring a goal against her former team that led her new team to a win by a few points","State broadcaster Russia 24 air footage of Russian president Vladimir Putin meeting with the head of the supreme court. A series of photos has been released of what perceived as ill health of the Russian president, Presidential spokesman Dmitry Peskov tried to dispel any doubt that the president was ill where he implied that this handshake ""can break a hand"". Putin has an image of ah strong leader with various challenging feats for eg. earning a karate black belt , so when he was missing in action or gone missing it seems like something was really wrong. CNN however cannot confirm that Putin is missing or really Ill.",0.2839275002479553,0.21989716589450836
"This topic is about flying the plane, the pilot of the aircraft, passengers flying for leisure or work, landing strip, the flight crew, take-offs and landings, aircraft landing, and a jet flying by.",Scotland lost the six nations trophy to Ireland in the final match,A Russian pilot flew into the path of an American pilot. The actions of the Russian pilot were very unsafe. Many people are upset about the actions of the Russian pilot.,0.26247623562812805,0.8726618289947512
"This topic is about a rise of taxes benefitting average people, with increased benefits despite their expenses due to a budget increase and decreased consumer goods rates.",Abbott's goverment's troubled relationship with the muslim community in Australia has complicated the country's efforts against violent extremism,"Consumers may soon need to pay tax on goods and services they purchase as means for the government to make more money, but there are loopholes around it. There is a concern that consumers will avoid this tax by using virtual private networks, which will change their location to another country. This is due to a consumer's budget and that the rise of taxes will impact that budget along with other expenses.",0.49693167209625244,0.637324869632721
"This topic is about the presidential campaign, the presidential candidate, a state governor, joining a presidential campaign, and a huge impact on political campaigns.",The research study shows that there has been presence of good amount of Nitrogen on the surface of Mars,Hillary Clinton included a gay couple in her 2016 Presidential campaign ad. The couple are staunch supporters of the Democratic Party and endorse her candidacy. Clinton's support for gay marriage is a huge change for the political landscape.,0.7822210788726807,0.5564236044883728
"This topic is about traveling via air, passengers on a flight, airlines offering flexible changes, the world's busiest airport, international transport, and flights being handled by different air traffic controllers.",Older workers in Britain are seeing less pay increases compared to younger workers,"The airlines are trying to change their procedures . They are not going use their own 
 emplyees for traffic control anymore . This idea
 Will help with the safety of their customers .",-0.0011213645339012146,0.7667731046676636
This topic is about economic growth involving billion dollar figures showing that the economy is growing as expected globally.,Steven Hancock and Holly Beard lost a combined weight of 11st,"London has the biggest private sector economy in the UK, and its economy has been said to be increasingly flexible ever since the recession. Meanwhile, unemployment decreased consistently over the past 6 to 7 years, as shown by a dip of 97,000 in joblessness throughout the last quarter of the year. With a total of 1.86 people in unemployment, the UK has the third lowest unemployment rates in Europe, with Austria and Germany being ahead. This trend is further backed by the 27 consecutive fall in the number of people claiming jobseeker's allowance ever since the 2008 recession.",0.17356666922569275,0.8256563544273376
"This topic is about an east coast storm with high speed winds creating stormy weather on the Atlantic coast, as opposed to the western winds from the Pacific Ocean.",Juventus are proving that experience is an important factor in their pursuit of European glory,"The Midwest is getting worse when a 1,500 mile arc with ten tornados, grapefruit grit and winds of up to 80 miles per second is affected by a monster storm on Wednesday. According to The Weather Channel, the storm system, stretching from Texas through the Great Lakes and North Carolina is likely to be the largest severe weather event this spring. Up to 4 inches in diameter shattered constructions and cars, high winds are sweeping down roofs and trees, as wild weather has hit 12 states.",0.7750833630561829,-0.020530857145786174
"This topic is about a rise of taxes benefitting average people, with increased benefits despite their expenses due to a budget increase and decreased consumer goods rates.","A man was recently arrested for first-degree arson, reckless endangerment, and several other crimes for setting his family home on fire and writing that his wife ""is a cheater"" outside the house","According to information from the head of government, Michael Gove, last night. conservatives could exclude the child benefit or prevent millions of families from receiving it.
 Rachel Reeves, Labor Secretary for Parallel Work and Pensions, said: 'Michael Gove's repeated blockade of scrapping child benefit cuts will only heighten fears that conservatives have a secret plan to cut support for children.
 Asked on BBC Newsnight if he could confirm that ""there will be no child benefit changes"", He said: ""No, I can't say"" Gove's statements came after George Osborne last month refused to rule out new benefit cuts child if the Conservatives win a second term.
 We've created a welfare system where child poverty has gone down, inequality has gone down, we have a record number of unemployed families and what we're doing is creating a welfare system where it's worth working and protecting the weakest.",-0.4820859730243684,0.4108027219772339
"This topic is about a football league having a world championship where each team‚Äôs fans are gathered to watch the end of this season‚Äôs games culminating in a tournament, to see their favorite football player.","A mysterious ""hot bubble"" of water off the west coast of the United States could explain why states like California are experiencing the worst drought ever, while the east is plagued by icy weather","Major League Soccer was founded in 1993 as part of the United States' successful bid to host the 1994 FIFA World Cup.
 The inaugural season took place in 1996 with ten teams.
 MLS experienced financial and operational struggles in its first few years, losing millions of dollars and folding two teams in 2002.",-0.12999220192432404,0.15803223848342896
"This topic is about a rise of taxes benefitting average people, with increased benefits despite their expenses due to a budget increase and decreased consumer goods rates.",The leader of Kazakhstan has won the presidential election with a majority vote of 97 per cent! Nazarbayev has managed to attract $200 billion in just foreign direct investment,"A new report revealed that over one third of Australian households don't budget for technology or wildly underestimate how much they will spend. Mobile phone bills were the biggest expense, and also the biggest disparity for families in terms of budget estimation. According to the report, call and data plans for phones and internet were the largest single expense for households, and accounted for the greatest spending divide, costing $244 extra for families with children at home.",0.21186035871505737,0.6164056658744812
"This topic is about Manchester United's manager, Premier League, the striker for the team, and Liverpool versus Chelsea.",The Scott's family is heartbroken as they share photos of their child Stephanie Scott who has been missing,"Manchester City had a 2-1 defeat at Crystal Palace which Manual Pellegrini's side trailed at the interval, ruining their title hopes. Manchester City has not won a Premier League game while they are behind in half-time in almost 20 years. All of their rivals have managed to overturn half-time decifits in the last five years, however. ",0.13973549008369446,0.7616291046142578
"This topic is about a rise of taxes benefitting average people, with increased benefits despite their expenses due to a budget increase and decreased consumer goods rates.","On April Fool's Day, the President of the United States, Barack Obama, decided to play another president, but from fiction: Frank Underwood, protagonist of the series House of Cards",Britain is looking to cut funding and jobs to the British Military. They are being urged to stick to NATO guidelines of spending 2% over your GDP on the military. Due to austerity measures the military budget is thought to be further cut as time goes on.,0.28155484795570374,0.4364416301250458
"This topic is about winning the match by a few points, and how Barcelona had minutes left and had scored before half-time but were able to score a goal at the end.",The US Men's Clay Court Championship is taking place in Houston,The sports channel talkSPORT commentator was unable to control his emotions when he saw his home side leading in a football match.He was very excited to see Christian benteke scoring a goal.In the end the game resulted in a draw.,0.08554790914058685,0.2803809940814972
"This topic is about an east coast storm with high speed winds creating stormy weather on the Atlantic coast, as opposed to the western winds from the Pacific Ocean.",A middle school coach has been charged with inappropriate sexual conduct with a student,"Pedestrians shelter under umbrellas against heavy rains in Sydney on Monday. Harmful rains and winds are predicted to average 55 to 70 km/h with gusts of around 100 km along the coastline of the Sydney, Hunter and Illawarra metropolitan regions. ""We anticipate that there will be some more requests for assistance due to the fact that there is currently a bad weather alert for harmful winds,"" an SES spokesperson told the AAP. According to the Bureau of Meteorology forecast, winds averaging 55km/h to 65km/h with gusts of around 100km/h are expected to develop in Sydney, Hunter and Illawarra on Monday afternoon and evening. An Australian Bureau of Meteorology weather map shows the three-hour rainfall at 13:00 AEST on Monday. The Bureau of Meteorology has been issued for Sydney Closed Waters, Hunter Coast, Sydney Coast, Illawarra Coast, Batemans Coast and Eden Coast. Perisher will see a snow shower or two on Monday with a maximum temperature of three degrees Celsius. ""(We are) waiting for it to develop,"" the spokeswoman said.",0.6244806051254272,0.3964816927909851
"This topic is about a rise of taxes benefitting average people, with increased benefits despite their expenses due to a budget increase and decreased consumer goods rates.",The Final race of AP McCoy will be one for the box offices and they will be in the colors of his owner JP McManus,Having a market nearby can have positive and negative implications for the surrounding area. Markets may affect the taxes in a given area and thus impact the budget and market rates for the nearby homes. Less expensive stores may be found on the edge of towns where the property taxes are already less.,0.31183677911758423,0.6859135031700134
"This topic is about a rise of taxes benefitting average people, with increased benefits despite their expenses due to a budget increase and decreased consumer goods rates.",Former Arsenal striker Andrei Arshavin and veteran Ukrainian midfielder Anatoly Tymoshchuk,"The International Monetary Fund predicts the UK economy will grow by 2.7 per cent this year and 2.3 per cent in 2016, which makes it the second fastest growing major economy in the world. Inflation has remained at a record low of zero per cent for the second consecutive month. Prices are being held down by the falling cost of food, fuel, and women's clothes. ",0.5588159561157227,0.34218722581863403
"This topic is about a final match to determine which team will win the final round, winning the title to become this year‚Äôs champion.",A man was arrested in Alaska for reckless driving and criminal mischief,"Manchester City has lost their chance at the Premier League title. They lost a game at Crystal Palace Monday night 2-1. The team has not won a game having been behind at half-time in almost 20 years, even though other teams have done so in the last five years.",-0.8596917390823366,0.06988659501075745
"This topic is about a rise of taxes benefitting average people, with increased benefits despite their expenses due to a budget increase and decreased consumer goods rates.","There were passengers on this plane that included 16 teens, 2 babies and 6 crews members","For many parents in Sydney and Melbourne, it came as an unpleasant surprise for the government's plans to renegotiate compensation for spending on children. If it is capped at $ 7.20 an hour, many parents will have to pay the difference themselves. The cost of most kindergartens is significantly higher than the proposed amount.",0.3678552210330963,0.4539087414741516
"This topic is about having kids, becoming a mother, giving birth, children and their parents, and families with children when a baby is born.",The Russians denied that the Russian pilot acted out of aggression,"A three-month-old child was abandoned at McDonalds in Ohio by his parents after police said they could not agree on who would take care of the child over the weekend. Police say Rachel Jaajaa, 22, refused to take her daughter because it was her father's ""time to have the baby"". Both were accused of putting a child in danger after a McDonald's patron in Elyria, Ohio, called 911. They say Tate then left the child at McDonald's and left, prompting 911 to call 911. police.",-0.574022114276886,0.6013222932815552
"This topic is about how carbon emissions affect global climate change, the Earth‚Äôs surface as well as the atmosphere around the Earth, the temperature of the sun, and global temperatures.","Conservatives could block the child benefit or not let millions of families receive it, as the head of government, Michael Gove, admitted last night",President Obama concentrated on getting the clean bill of health act. Most people were not aware of the solution to climate change through this act. After it was instated the smog got better and lower rates of respiratory illness and deaths improved.,0.11315348744392395,0.7822864651679993
"This topic is about flying the plane, the pilot of the aircraft, passengers flying for leisure or work, landing strip, the flight crew, take-offs and landings, aircraft landing, and a jet flying by.",A governor candidate charged over a book he withdrew 11 years ago,"Despite being told about the risk of flying over eastern Ukraine , the German government failed to pass the warning to their airlines. Last year Malaysia Airlines Flight MH7 was shot down down over rebel held territory in eastern Ukraine. The Dutch government said that they were trying to best to find those responsible for shooting the plane down in which 189 citizens lost their lives. It is believed that the plane was shot down by a surface-to-air BUK missile fired from an area that is held by pro-Russian forces. The final report about the incident is yet to come out in October.",0.24077937006950378,0.5785869359970093
"This topic is about a rise of taxes benefitting average people, with increased benefits despite their expenses due to a budget increase and decreased consumer goods rates.",school,"The airport passenger duty (APD) tax is having a negative impact on smaller airports in the UK. Changing the tax to make the smaller airports more attractive to carriers is complicated, as changes to the tax could hurt other areas of the UK if not implemented properly.  For example, if Scotland reduces and eventually eliminates the tax, nearby airports would see decreased traffic as a result. If a change in the tax can be determined, air travel in the UK will be less expensive and passengers could take advantage of smaller airports which could also help with congestion.",-0.07436901330947876,-0.029530132189393044
"This topic is about a rise of taxes benefitting average people, with increased benefits despite their expenses due to a budget increase and decreased consumer goods rates.",Some al Qaeda terrorists are suspected of being responsible for a car bombing in Pakistan,"They cost £1.64 at Tesco and Waitrose and £1.65 at Morrisons. Another survey, also by Kantar, showed that Aldi surpassed Waitrose as the sixth largest supermarket in Britain with its performance in the first three months of 2015, boosting the entire supermarket industry's share of the top 4.6 5.3 percent in one year. The four biggest supermarkets, Tesco, Asda, Sainsbury's and Morrisons lost market share in the first three months of 2015. The total market share of the ""Big Four"" fell to less than 73 percent, the lowest in a decade. That's a bit far from Tesco's dominant 28.4 percent stake, followed by Asda with 17.1 percent.",-0.07694098353385925,0.5614375472068787
"This topic is about a rise of taxes benefitting average people, with increased benefits despite their expenses due to a budget increase and decreased consumer goods rates.",A new prosecutor has dismissed allegations against Argentine President Cristina Fernandez de Kirchner of trying to cover up Iran's involvement in the bombing of the Jewish community center bombing at Buenos Aires in 1994,People in Australia may soon find themselves having to pay additional taxes to download music and videos. There is some discussion that perhaps these services could be made cheaper instead to make them more affordable. Songs and videos should also be made easier to access. It may be easier to buy such products from virtual private sites.,0.6754706501960754,0.254027396440506
"This topic is about a rise of taxes benefitting average people, with increased benefits despite their expenses due to a budget increase and decreased consumer goods rates.","Roy Keane, formerly of Manchester United and current assistant manager of Republic of Ireland, is standing trial over an alleged road-rage incident","The number of international migrants globally reached an estimated 272 million in 2019, an increase of 51 million since 2010. Currently, international migrants represent 3.5 percent of the global population, compared to 2.8 percent in the year 2000 , according to new estimates released by the United Nations today. The International Migrant Stock 2019, a dataset released by the Population Division of the UN Department of Economic and Social Affairs (DESA) today, provides the latest estimates of the number of international migrants by age, sex and origin for all countries and areas of the world.",0.6632580757141113,0.8611798882484436
"This topic is about winning the match by a few points, and how Barcelona had minutes left and had scored before half-time but were able to score a goal at the end.","A study was done analyzing the number of players from each club that represented England, focusing on the club's past ""greatness""",The champion game at Madrid gave everyone some concern over injuries. They came through however scoring right before halftime. They won the match with only moments to go.,-0.5530437827110293,-0.37193456292152405
"This topic is about flying the plane, the pilot of the aircraft, passengers flying for leisure or work, landing strip, the flight crew, take-offs and landings, aircraft landing, and a jet flying by.",A principal made a student shave his military-style haircut claiming that it was against school rules,This article I mainly talking about the debate surrounding the downsizing of the military budget and specifically the lack of new modern planes for the Air Force to fly. It sounds like the best solution would be to focus on building better planes to fly but also keeping the older ones for smaller missions. This would let the budget downsize without losing air superiority.,-0.09798640757799137,0.7364399433135986
"This topic is about hotel room guests, dinner at the resort, private bar, glass of wine, and the hotel guests sitting down.",Real Madrid's last victory over Atletico Madrid was less than a year ago in the Champions League final,"Few activities compare to drinking a cool drink while taking in stunning sea views and soaking up the sun at an island paradise. If you don't have the entire island to yourself, that really is. Travelers with deep pockets may find and this kind of seclusion on a Portuguese archipelago snuggled in a lovely bay, complete with waterside cottages and oxygen cabins to escape the heat.",-0.012288622558117024,0.8105223774909975
"This topic is about heir to the throne, Prince William and Prince Harry, the British royal family, the second in line to the throne, and the royal couple.",The other act the Obama pushed was the affordable care act,England is Prince Harry's favorite team. So they been watching all the games even going to the game itself. When he goes to the games he likes to sing the national anthem. Instead of the team getting second in line to the throne they recieved fourth in line to the throne. At the end Prince Harry takes Patron of the RFU.,0.7409861087799072,-0.07224804162979137
"This topic is about a person arrested and charged, authorities allegations, an investigation, being accused of a crime, being under arrest on one charge, and being under investigation.",A person was arrested and charged with terror offences,"Larry Reid was arrested and charged with with driving drunk and hitting a police officer. He was also accused of resisting arrest, not wearing a seat belt and having a gun while drunk. Details of the arrest were not immediately available since there was no official complaint filed in the court.",-0.12827986478805542,0.47914329171180725
"This topic is about visiting the pope, roman catholic church, archbishop, and ceremonial meeting for peace.","John and Carolyn Jackson were foster parents to three children, and also had three biological children","A priest is under investigation after he stopped his sermon mid-sentence to shame an elderly, sick woman for rustling her prayer sheet. Father John Lochran denies the accusation that he said ""Will you stop rustling!"" after he had earlier in the service directed her to sit in a portion of the church where she could hardly see, being partially blind. The Bishop of Wrexham is investigating the incident, which is being called un-Christian.",-0.044535040855407826,-0.15038719773292542
"This topic is about hotel room guests, dinner at the resort, private bar, glass of wine, and the hotel guests sitting down.","Prince Harry is due to arrive in Australia next Monday to begin his final tour of duty, where he will spend four weeks with the Australian army",Hotel guests at the Hard Rock Hotel in the Universal theme park are taken care of with their health and safety on the property. Diner at the resort is avaibale most likely. Which may include a glass of wine.,-0.13881608843803417,0.8901762962341309
"This topic is about an east coast storm with high speed winds creating stormy weather on the Atlantic coast, as opposed to the western winds from the Pacific Ocean.","In the first 15 minutes, we have witnessed merely 13 goals","Dubbed the aurora borealis in the northern hemisphere and the aurora australis in the southern hemisphere, the lights were the product of large geomagnetic explosions from the sun that arrived on Tuesday at around 10:00 am ET (1:00 am in Sydney). ""When these particles bombard the Earth's magnetic field in the upper atmosphere, the collision often creates bright colors,"" Borek said. ""Most of the time, auroras appear green - when these particles collide with oxygen in the atmosphere - but there were reports that this past aurora australis also appeared to have a reddish hue, suggesting that the collision with high-altitude oxygen as well was seen on earth."" People in northern Michigan, northern Minnesota and Maine may be able to spot them, though he warned that clouds from Minnesota to Montana could impede visibility on Wednesday night.",0.604465663433075,0.13088056445121765
"This topic is about a rise of taxes benefitting average people, with increased benefits despite their expenses due to a budget increase and decreased consumer goods rates.",Labor senator Penny Wong and her partner announced the arrival of their second child on Twitter with an adorable photo of their eldest daughter holding the newborn,"It is unclear if proposed spending cuts could lead to increased taxes for the British public though it has been proposed as a way to maintain the current level of readiness of the British armed Forces. Many military leaders have noticed that the amount of funding for the forces has fallen every year since 2016 and that any further reductions will hurt the military, perhaps to the point that they become ineffective when facing such adversaries as Russia. Others have pointed out that they are required to spend a minimum of 2% of national income on defense.",0.1671026349067688,0.12389776110649109
"This topic is about medical care, doctors performing surgery, as well as hospital nurses and doctors.",The senate and congress are being irrational,Husband stab wife at hospital killing her. The incident seems to have just been between them. The husband was stopped and arrested. The hospital didn't even go into lock down.,-0.06654393672943115,0.6049582958221436
"This topic is about credit, receiving funds, paying money using a credit card, and spending money.",Lewis Hamilton is still the richest sportsman in Britain,The average American is in the middle class. They spend a lot of money using their credit cards. This increases their debt and because of the remain in the middle class. They are not able to move up the ladder.,-0.08577216416597355,-0.517336130142212
"This topic is about family and friends, and a husband and wife, the couple‚Äôs daughter has two brothers.","Nasa,s describe global climate change on mars planet","An elderly woman with dementia and leukemia was berated by her priest during a Catholic sermon for ""rustling papers."" Her daughter was livid on her behalf and approached the priest to question his tactics. She says her faith is shaken, as her mother generally enjoys the services because they help with her dementia. The priest denies the accusations.",0.25064513087272644,0.22512412071228027
"This topic is about family and friends, and a husband and wife, the couple‚Äôs daughter has two brothers.",Senate Majority Leader Mitch McConnell is currently unable to get bipartisan support to pass a bill against child trafficking,"Jose Mourinho is a man whose family is important to him, and he does not let his professional life affect his domestic life. He is protective of his wife and family, and does not want his career problems to affect them. He is religious, and he prays every day, but he does not go to church regularly unless he is in Portugal. He has been poor in the past, and as a result, he has worked with the Word Food Programme.",-0.03217609599232685,0.5039049386978149
"This topic is about online internet users, using an iPhone app to surf the internet, computer devices, data plans, and people checking a website on different devices.",As of 2014 the previous 4 managers to have won the Premier League title have all been gone within a year,All of your Google queries are saved. Google is offering the option of downloading your entire search archive. You can even delete all or some of the seacrh record. This new tool will allow you to find every search you have ever made while you were logged into Google.,0.6675695776939392,0.16176900267601013
"This topic is about a court ruling, department of justice, appealing against a court ruling, judge reviewing a case, a court order, and magistrates.",Thursday night turned out to be an unforgettable night for football player Ellen White as she scored a goal against Arsenal in the world championship of the football tournament,"A property tycoon lost a court battle to his ex- wife for allegedly under pricing the sale of their luxury London home to chelsea footballer Cesc Fabregas. The court did not see the merit of the court file suit against the ex-wife of the property tycoon and therefore dismissed the claim. Daniella, the ex- wife of the business tycoon who happens to be the girlfriend of Cesc Fabregas again won another court settlement from his ex- husband as a compensation from their divorce.",-0.431548535823822,-0.274554967880249
"This topic is about traveling via air, passengers on a flight, airlines offering flexible changes, the world's busiest airport, international transport, and flights being handled by different air traffic controllers.",A three-month-old child was abandoned at McDonalds in Ohio by his parents after police said they could not agree on who would take care of the child over the weekend,A woman was arrested at San Francisco International Airport. She walked onto the runway in order to stow away on the plane. She was homeless and wanted to stow away on in the wheel well of the plane bound for Central America.,-0.47242432832717896,0.31099963188171387
"This topic is about Ukraine and Russia, calling to fight for Ukraine, euro countries, Russian officials gathering in Moscow, Vladimir Putin, a citizen of the eastern European country, and a bloc of nations within the European Union.","Fighting in Ukraine has killed more than 6,000 people in the last year, and a recent ceasefire appears to be faltering",The Russians denied that the Russian pilot acted out of aggression. They said that it was a random security check. A similar incident occurred with another American plane.,0.3333001732826233,0.4312942922115326
"This topic is about eating food at a restaurant, ordering something to drink and serving breakfast, as well as eating chicken, and fruits which are a healthy food.",The final four games will be important for the season,Ms Ali Maffucci is a corporate turned blogging. She's into Weight control and toning of body with healthy nutrients. With the use of spiralling technique she was able to reduce her body weight remarkably.,0.666882336139679,0.0557871088385582
"This topic is about high school students and children going to school, education in schools, and parents meeting teachers.",It emerged that Harvey Weinstein would not face criminal charges for allegedly groping an italian model in his office,A high school teacher was arrested in June 2013 after a former student cam forward and claimed he had sex with her. The investigation revealed that the sex acts occurred on school property. The students did not appear to be taught by her at the time but all were under 18. Parents were stunned with the low amount of jail time since she would have faced a much harsher sentence if she had been convicted at trial.,0.32620421051979065,0.6687500476837158
"This topic is about eating food at a restaurant, ordering something to drink and serving breakfast, as well as eating chicken, and fruits which are a healthy food.","At Craven Cottage, Robin van Persie scored twice to contribute to Manchester United's 4-1 win over Fulham in the Under-21 Premier League",FOOD QUALITY IS A BASIC REQUIREMENT TO MEET THE NEEDS.INVARIABLY THE FOODS IS TASTY AND WELL PREPARED.REASTUARNT OFFERS A GOOD RANGE OF BEVERAGES THAT CATER FOR DIFFERENT TASTE.FOOD IS SERVED WITH MINIMAL DELAY.,0.7432984113693237,0.7215026617050171
"This topic is about heir to the throne, Prince William and Prince Harry, the British royal family, the second in line to the throne, and the royal couple.",President of the Czech Republic Milos Zeman decided to attend a parade in Moscow dedicated to the 70th anniversary of the end of the war,The Queen's cousin was admitted to the hospital after suffering a dislocated hip. His name is the duke of Kent and he is 79 years old. His wife is Catherine Kent.,0.3623318076133728,0.5793697237968445
This topic is about weight loss and following a healthy diet in order to regulate body fat and blood sugar levels and lose a few pounds of weight following a diet.,Britain's economy continues to grow,JADE DECIDED SHE WAS READY TO LOSE WEIGHT AND BE ON A HEALTHY DIET PLAN. SO SHE JOINED THE SWIMMING WORLD AND CONTINUED HER HEALTHY DIET PLAN. THE WEIGHT SHE HAD GAINED WAS STOPPING HER FROM HANGING OUT WITH FRIENDS AND LIVING HER LIFE. WHILE JOINING THE SWIMMING WORLD SHE CUT THE ENERGY DRINKS COMPLETELY OUT OF HER DIET. SHES NOW WORKING FOR A BAR AND MET A GUY WHICH IS THE PUBS LANDLORD . SHE IS NOW MARRIED TO HIM AND SHE LOST ALL HER WEIGHT AND IS ABLE TO HANGOUT AND LIVE HER LIFESTYLE.,-0.22559374570846558,0.8205915689468384
"This topic is about the presidential campaign, the presidential candidate, a state governor, joining a presidential campaign, and a huge impact on political campaigns.",Having an agreement with Congress could definitely be worth the fight in the end,Marco Rubio a Republican Senator from Florida is going to run for President. He will be competing against Hillary Clinton. There is no effidence that Rubio's candidacy will draw Cubans.,-0.4758344292640686,-0.11349542438983917
"This topic is about visiting the pope, roman catholic church, archbishop, and ceremonial meeting for peace.",The government is reviewing the ceiling for child expenses and plans to set it at $ 7,"The Pope has been involved in trying to ease disputes between Cuban leaders and The United States. He has made personal pleas to the leaders of each nation, hoping to diffuse tensions. The Pope is no stranger to intervening in politics, having recently drawn ire for his stance on Turkish aggressions.",-0.617912769317627,-0.07056510448455822
"This topic is about an east coast storm with high speed winds creating stormy weather on the Atlantic coast, as opposed to the western winds from the Pacific Ocean.",Having a market nearby can have positive and negative implications for the surrounding area,"The various storms cover multiple regions within New South Wales. This includes southeast Queensland, the Mid North coasts, along with other areas included within the current weather system that is passing through. Most local weather is reporting chances of rain while it is also important to note possible winds associated with the stormy weather thats occurring.",0.625149130821228,0.6848524808883667
"This topic is about flooding, dry lake, bridge, high levels of water in the river, and a flooded river.",The Israeli Prime Minister condemned a deal which aimed to hinder Iran's nuclear program,"A transporter driver accidently wrecked a brand new fleet of Ford cars this morning after becoming wedged underneath a low bridge. The driver was trying to avoid queuing traffic but he collided with the bridge, causing the top level containing 5 brand new Ford Focus cards to become virtually flattened. Luckily nobody was injured in the accident however evidence of the accident does remain at the scene.",-0.5061135888099673,0.6698778867721558
"This topic is about the country's president, ruler of the country, President Barack Obama, the White House press conference, the Bush administration, and the former Republican president.",A tiny baby girl is certainly unlucky when it comes to her parents,"President Barrack Obama has failed to acknowledge how big a threat and problem radical islam is and has been to the United States and world. The president and his advisers have naively viewed the threats too weakly and have therefore been unwilling to make the decisions necessary to prepare to defeat the extremist groups. Instead of listening to the yes-men idealists in the White House, Obama will have to mobilize more resources available here in America in order to defeat these groups. If he does not, things will get much worse before they improve.",0.39113253355026245,0.44291988015174866
"This topic is about a person found guilty in the trial before a judicial panel, opening a criminal trial against him, a person potentially facing jail time,  receiving a fine, and a suspended prison sentence.",Elizabeth Sedway was travelling with her husband and kids back home to California from a vacation in Hawaii,New England Patriots star Aaron Hernandez was charged with the murder of Odin Lloyd. Hernandez was released from the Patriots within hours of his arrest. He has denied any involvement in the murder and has plead not guilty. The team owner testified during the trial and testimony from Hernandez's fiancee contradicts stories from Hernandez.,0.41111141443252563,0.00014463765546679497
"This topic is about an east coast storm with high speed winds creating stormy weather on the Atlantic coast, as opposed to the western winds from the Pacific Ocean.",In an uncommon move russia has dropped the arrival of a hollywood spine chiller set in the stalin period asserting it contorts histore and would air as the nation praises its triumph over nazi germany,"The roads around Missouri City were covered with heavy rain, with one city recording more than two inches of rain in half an hour.
  Due to the spring warming and changes in where the jet stream traces a path in the upper atmosphere were combining to increase the chances of bad weather on the plains on Wednesday and Thursday, according to the Storm Prediction Center.
 Particularly strong storms were possible in Kansas and Oklahoma on Wednesday and in Illinois on Thursday, with heavy hail, strong gusts of wind and some possible tornadoes.
 The various factors that contribute to the harsh weather -- instability, heat, frontal passages -- won't expire perfectly on Wednesday, but they'll still cause problems, said Greg Carbin, the center's alert coordinating meteorologist based in Norman, Oklahoma.",0.671183705329895,0.5735493302345276
"This topic is about an east coast storm with high speed winds creating stormy weather on the Atlantic coast, as opposed to the western winds from the Pacific Ocean.",A rather complex definition of a communicative exchange between a husban and wife,"Meteorologists warned millions of people in central America to keep an eye on the sky on Wednesday and Thursday amid threats of hail, high winds and strong tornadoes. Heavy storms flooded Indianapolis, Cincinnati and Charleston, West Virginia at noon on Wednesday and forecasters said harsher weather could form as far away as the West Texas plains. Areas of low pressure systems are creating areas of severe weather, rain and storms.",0.6996997594833374,-0.45393675565719604
"This topic is about driving vehicles on the road, having to do with traffic and highway speeds, road traffic, and driving.","A hotel in East Sussex has suffered a norovirus outbreak, which is spread through close contact",Tomasc Morawski stopped at a red light just as his car exploded. Cars continued to drive by dangerously as a passing motorist helped Tomasc try to prevent further explosion and damage and to ensure the safety of the passing motorists. The road traffic was at risk because it was uncertain whether or not additional explosions would occur.,0.5144838094711304,0.17379213869571686
"This topic is about the world cup football championship, Brazil qualifying for the finals, Messi talking about Ronaldo, world champions defending their title, the Nations Cup, the best group of players, real madrid, and a competition for the cup.","Florida Senator said he would attend the gay wedding of someone he 'cared' for, even if he didn't agree with what they were doing","Lionel Messi uses social media . He posts pictures on Instagram. Messi's son, Thiago, isn't social and avoids the spotlight.",-0.011500688269734383,0.5457565784454346
"This topic is about credit, receiving funds, paying money using a credit card, and spending money.",Lee went to court and it was not for appeal,Some Fortune 500 companies received funds from the IRS though they used the current tax laws to evade paying any income tax. They are able to do this by spending money on assets and claiming accelerated depreciation as a tax break though their assets do not wear out that fast. These companies continue to spend millions of dollars and do not put anything back into the economy via taxes.,-0.419332891702652,0.9381396770477295
"This topic is about the world cup football championship, Brazil qualifying for the finals, Messi talking about Ronaldo, world champions defending their title, the Nations Cup, the best group of players, real madrid, and a competition for the cup.","Shooting Florida Governor Rick Scott, who allegedly banned the term climate change from his officials' vernacular, Obama said that ""just refusing to say the words 'climate changed' doesn't mean climate change isn't happening",Scotland lost the six nations trophy to Ireland in the final match. Scotland appeared to phone-it in as they were thoroughly beaten by the Irish in the final round. The team clearly didn't come to win as they lost every game in the tournament.,-0.5443772077560426,0.8585535883903503
