correct,incorrect,premise,pos_sim,neg_sim
A snowboarder is doing a trick in the air.,An animal's tail is curled on the floor near a polka dot plate with cat shaped cookies on it.,"A snowboarder is doing a trick mid air. a person jumping a snoe board in the air A man does a trick on a snowboard
 A person that is doing a snowboarding trip.",0.9883932471275327,-0.6352333426475526
Young men playing disc golf in treed area of park.,Two women sitting at a table with a plate of pizza.,a couple of people are outside near some trees two men in the middle of the woods playing frisbee golf. Two guys play flying disc golf in the woods. Two guys plays an outdoor game with each other.,0.9705251455307009,-0.6306657791137695
Different fixtures hang from the wall which boast a green dart board.,Decorative hate being old out of rapping to eat,A small room with a heater and a desk filled with clutter. An old cement wall in a home is decorated with garland. A cluttered room with Christmas decorations hanging on the wall. a wall covered in decorations in what looks like a small kitchen,0.44270211458206177,-0.4887567162513734
A cat with a fruit on it's head.,There are plates with food and drinks on the table. ,A white cat wearing a helmet made of melon rind. A cat wearing a lime helmet looking angry. A cat has a lime in the shape of a helmet on its head. A cat looking annoyed with fruit on its head,0.9835492372512815,-0.19812917709350597
A man on a court swinging a tennis racket.,An animal's tail is curled on the floor near a polka dot plate with cat shaped cookies on it.,"A person near a tennis net holding a tennis racket. A man in a red tennis jersey swinging with his racket. A gentlemen holding his tennis racket on the tennis court. The man is playing tennis ,at the tennis court.",0.8975636959075928,0.2462933361530304
a male in a white shirt and black shorts playing tennis,a basket of broccoli carrots and some califlower,A man with a tennis racquet and a referee in the background. Man in black and white outfit in the motion of swinging tennis racket.  A man lunging into the air holding a tennis racquet. A tennis player holding his tennis racket about to hit the ball. ,0.8107089996337888,-0.1555529236793518
A cat is sitting under a white vehicle,"A memorial with plagues, flowers and flags. ","A orange and white cat sitting underneath a white bush. A cat underneath a white car, probably in korea. A scowling cat sitting in the shade under a car. A chubby cat sits under a parked car in the shade.",0.9982103109359743,-0.5347540974617007
a bird landing on a beach towel at the beach,A cat with its front paws on the mouse of a laptop.,A bird standing in the sand and another bird landing on a blanket in the sand. Bird landing on a colorful blanket sitting in the sand. The seagulls came down from the sky and landed on the beach towel. A bird is landing on a beach towel.,0.8926573395729065,-0.4562085270881654
A cat laying on a couch in a room.,A dog that is looking at his reflection in a mirror.,A cat is sleeping on the arm of a couch. a cat sleeping on the arm of a sofa A cat is sleeping on the arm of a couch  A tired cat falls asleep on the arm of a chair.,0.9147969484329224,-0.6600705981254578
A man in blue shirt riding a skateboard on tennis court.,A cat with its front paws on the mouse of a laptop.,A person is riding a skateboard in a tennis court. The young man is riding his skateboard around the park.  A man riding a skateboard on top of a cement ground. There is a person riding a skateboard on a tennis court,0.9035410284996033,0.09953148663043976
Many books are scattered across a bed spread.,two horses standing in the grass by a bighouse ,Collection of books scattered all over a bed. A bunch of books sitting on top of a bed. a bed with books laying on the top of it A bunch of books are sitting on top of a bed,0.8906008005142212,-0.461871474981308
A person standing outside in the rain holding an umbrella.,The insect is flying around on the porch.,A person walking in the rain holding an umbrella. A person standing in the rain holding a large umbrella. a person with an umbrella some lights and a street A person walking in the rain with an umbrella at night.,0.9811697006225584,-0.8589498400688171
"People walk on the beach, with a hut in the distance.",a basket of broccoli carrots and some califlower,there are a few people walking on the white sand Young children flying a kite at the beach. A portrait of a kite flown on beach A snow field outside of a ski resort.,0.7982541918754578,0.1784447431564331
A stack of pancakes on a white plate on a table,Men and women cross country skiing in snow.,A stack of pancakes that are sitting on a plate. A pile of pancakes sitting on a plate of food. some pancakes are stacked up on a plate A plate of pancakes sitting on a plate on a table.,0.8963578939437864,-0.3154189884662628
A team of medical staff using equipment in a hospital.,A black and white cat laying on a white comforter on a bed.,"Medical students are looking at the monitor to check their patient's condition, while their associates wait in anticipation. Many hospital technitians gather as some work on equipment. There are doctors performing an operation with instruments A man in scrubs looking at a computer.",0.91766893863678,-0.24445465207099915
A path next to a street in winter.,A cat stares at a dog on TV. ,A fire hydrant is in the dark by a sidewalk. a fire hydrant near a walking path near trees Night time scene of pathway in snowy area. A fogged residential and forest street scenic with sidewalk.,0.9488911628723145,-0.4982770085334778
A very large plane is flying through the sky.,A man is holding a back ready to swing as another man squats behind him to catch the ball.,"A random plane in the sky flying alone An airplane flying high in the blue sky.  A silver color jet flying through the clear sky. An airplane with the letters 'MT' on it, flying in the sky.",0.9674666523933408,-0.33460089564323425
A stop sign with another message than it's true one.,The insect is flying around on the porch.,"numerous signs attached to a post with bald trees behind them a metal pole with street signs hanging from it  Various street signs such as parking and no parking as well as a stop sign is attached to a telephone pole. A stop sign with a sticker that says ""DRIVING"" on it.",0.8966366052627563,-0.9596939682960512
A black and white cat laying on a white comforter on a bed.,A kitchen that has a checkered pattern floor.,A black cat laying down on a bed. A black and white cat sitting on a bed. Cat lying on white comforter near stuffed yellow duck toy. A cute black cat laying on a big bed.,0.9929750561714172,-0.01672292500734318
A man with a boat paddle standing on a boat.,The stainless steel refrigerator is being moved into the newly constructed home.,A man standing on a surfboard with a paddle. A man is on the water on a surfboard. A man on a surfboard with a paddle in his hand. The man standing on the surfboard is holding a paddle.,0.5377614498138428,-0.761544704437256
The personal size pizza has cheese and pineapple toppings.,A train travels underneath a very old bridge.,A pizza with thick crust sitting on a table. A delicious cooked pizza is set on a brown table.  A thick crusted pizza just taken out of the oven A small cheesy pizza is displayed on a cutting board.,0.9310789108276367,-0.4730932116508484
A cat wearing a sweater and a pair of glasses,A man riding a skateboard through a forest.,A cat wearing a sweater and glasses under a book shelf. a cat in a red shirt is wearing some glasses The cat under the table wears glasses and a sweater. A cat is sitting under a shelf wearing a pair of glasses. ,0.9907653331756592,-0.027496764436364174
A baby lamb is standing alone in grass,A baseball batter trying to hit a baseball.,The baby lamb is standing on green grass. A small lamb standing in a green pasture.  a small sheep in a field of grass  A single sheep standing in a grass field.,0.4491329789161682,0.17194721102714539
A man riding a surfboard on top of a wave.,The zebras are in the fence with other animals.,A man on a surfboard riding a wave in swimming trunks.  a man that is on a surfboard in some water A person on a surfboard in the water. a surfer rides his surfboard along a wave crashing behind him,0.964111328125,-0.14651569724082958
A snowboarder is on the ground and laughing in the snow.,A woman in her house with a bowl. ,A person wiping out on a snowboard on the ground. A man on a snowboard walls in the snow there is a snowboarder that has fallen in the snow a snowboarding moving down a hill laughing ,0.8094166517257688,-0.40534552931785583
A cat is walking on a rug in a living room,An up close photo of a motorcycle tire. ,a black and white cats walking in the living room A large living room with a cat on the rug  A black and white cat standing in the living room. A black and white cat is standing in the living room.,0.9958858489990232,-0.4706612825393678
A person is holding his toothbrush next to a sleeping cat.,San Francisco Giants pitcher standing on the mound looking at a runner on base and an umpire,"A kitten on a bed in a blanket and a hand holding an electric toothbrush.  A hand holding a toothbrush is near a cat on a bed. A person holding an electric tooth brush next to a cat sleeping on a bed. A person under a blanket, with a cat laying next to him/her, and holding a toothbrush ",0.9316474199295044,-0.5141033530235293
A person stands on a board in a body of water and holds a stick.,The healthy meal is ready to be eaten on the plate.,A man riding a paddle board in the middle of a lake. a man standing on a surfboard in the middle of a large body of water Long shot of person surfing with a stick in ocean. The man wades through the calm waters on a surfboard.,0.79198157787323,-0.3276134431362152
A black and white cat sitting in a window sill.,A young boy dragging a shovel across the beach,A black and white cat stares downward at a window. a black and white kitty sitting on a ledge looking out a window  A black and white cat sits on a windowsill. a cat sitting on a window sil looking out of the window,0.9872091412544248,-0.5185568928718568
A small furry animal is being held next to a piece of broccoli.,A picture of a cat lying inside a dry sink,A brown and white hamster in hand with broccoli. A hampster sitting on someone's hand with a piece of green leaf. A  very cute little rodent with some broccoli. A hamster is in the palm of someone's hand with broccoli.,0.7218358516693115,-0.12378157675266277
Guests enjoy meals along the sides of an ornate train.,A pizza with lots of toppings sits ready to be eaten.,a number of people sitting at tables in a train A large group of people sitting at tables. A train with some people sitting at tables People are at dining tables on a train.,0.6300220489501953,0.10577971488237381
Lady walking on sidewalk in the rain with an umbrella over her head.,A MAN SITTING DOWN AT A TABLE EATING SOMETHING,A woman holding an umbrella while walking in the rain. A woman walking through the rain with an umbrella A woman is walking down the street with an umbrella in tow. a person walking in the rain holding an open umbrella,0.9983607530593872,-0.6555737257003784
a yellow motorcycle and a green motorcycle behind some chairs,A dog sitting on the living room sofa looking bored.,A yellow and a green motorcycle in the back of an auditorium. there are two motorcycles that are parked behind seats A pair of yellow and green motorcylces with flame designs running down them. two motorcycles line up as they lean against some seats ,0.8350386023521423,-0.327195167541504
Two men playing a game of frisbee while an audience watches.,A cat stares at a dog on TV. ,"Two men in yellow shirts in a Frisbee competition. Man manipulating a frisbee at a demonstration, with lots of onlookers. Two men standing together and one has a frisbee in his hand while people watch.  Two people playing Frisbee are being watched by a group of people.",0.9450349211692808,-0.6190990209579468
A cat looking at a white laptop on a bed. ,A man flying into the air while riding a skateboard.,"A brown, white and black cat looking at a laptop. A cat is watching a picture on a laptop computer.  A cat staring at the screensaver on a laptop. A cat watching a laptop computer screen's screensaver.",0.9918479919433592,-0.39189550280570984
a bride and groom hold up small axes in front of a wedding cake,A person sitting at a table with a pizza on a plate.,A couple stands with small hatchets poised above a cake.  a man and woman raise axes over their wedding cake A man standing next to a woman holding up hatchets. A bride and groom getting ready to cut their cake. ,0.88176429271698,0.3486490547657013
"There is an image of an outdoor area. 

",n open refrigerator door exposing all the food inside,A street light with many signs on it stands to the foreground of a large building standing beside a naked tree.   A stoplight with street signs on it  A pole has street signs and traffic lights on it. The traffic and walk signals are at C and 3 Streets,0.816660523414612,-0.6189528703689575
People are sitting at a table eating breakfast.,two signs each point in different and seperate directions ,"Breakfast for four with omelets, fried eggs, bacon, ham, french toast and pancakes. The breakfast is done and ready to eat.  This is a picture of what looks like to be a delicious breakfast. Breakfasts at a restaurant include omelets, pancakes, toast, bacon, scrambles, and french toast.",0.7577728033065796,-0.6879424452781677
A dog takes a nap on some very snugly blankets.  ,A pole holding various street signs in from of a building.,A dog laying on it's back among pillows and blankets. A dog curled up sleeping on a bed with pillows A sleeping dog nestled between blanket and pillow. A dog sleeping on a couch in a funny position.,0.9730436205863953,-0.6267924308776855
A man in the air on a snow board at a snowboarding event.,The man is sitting on top of the elephant.,A man flying through the air while riding a snowboard. A man on his ski board is high in the air.  A person doing riding a snowboard in front of a crowd there are many people gathered here in the snow,0.9638642072677612,-0.6570935249328613
A train is entering a tunnel under a bridge.,A plate of pizza slice on a table ready to be eaten.,A passenger train traveling through a tunnel covered with a forest. a train traveling  past a signal light into a dark tunnel. A train is entering a historical tunnel covered topped with greenery. A passenger train heading into a tunnel. ,0.9722892642021179,-0.3384361267089844
A baby kitten is being feed milk from a bottle.,Two children looking over a  large birthday cake,a close up of a person holding a tiny cat being fed with a bottle A small kitten is being bottle fed milk A baby animal that is getting fed some milk. The kitten drinks from the bottle that the person is holding.,0.9525634646415713,0.08781947195529938
A lot of flags are posted up in a field for celebration.,One cat lies on a red blanket and is looking at another one.,A bunch of flags fly in the sky on a field.  Signs and other things at a festival near a monument. A crowded group of various flags and kites. A field full of flags under a blue sky.,0.8951681852340696,-0.532915472984314
A plate of pizza slice on a table ready to be eaten.,Two children on a beach flying a yellow kite.,"a person eating a slice of pizza, on a table. a person sitting at a table in front of some pizza  Person sitting in front of a pizza plate in the middle of restaurant.  a pan with some pizza on it next to a man eating a diffent person",0.9235153794288635,0.12779970467090607
A group of cows grazing outside of a building,The action in a baseball game is in full swing.,Five cows graze in front of a two store white building. Cows grazing in a green field in front of a building. five cows grazing in front of a hotel.  The cows are eating grass in front of the building.,0.9648497104644775,-0.303352326154709
A train with colorful graffiti on it ,a man sitting in a stadium seat eating a hot dog,A white and grey train car with graffiti on it. A train evangelized with colorful graffiti still on train tracks. a train with colorful graffiti painted it  A train covered in graffiti sits on train tracks. ,0.9715449810028076,-0.45378315448761
A person sitting at a table with a pizza on a plate.,A group of four people are riding a ski lift as they ride over the snowy mountain.,a man with a plate of pizza and drink in hand A man is drinking iced tea in front of a pizza. A man enjoying a cool beverage and a flat bread pizza A wooden table topped with a white plate with a  pizza.,0.8796993494033816,-0.32525014877319336
Two NYPD motorcycles parked on the street in front of a brick building.,"A living room with an open door, a chair, and a television.",Two NYPD motorcycles parked along a city street. Two police motorcycles are parked outside a brick building. Two NYPD motorcycles are parked in front of a building. Two NYPD motorcycles are parked at the curb.,0.9817194938659668,0.07736668735742569
A cat stares at a dog on TV. ,A freight train moving along the tracks in a train yard.,A cat standing in front of a TV showing a dog in a  cage. A cat looks at a dog on television A cat looks at a dog that is on tv. A cat is looking at a television displaying a dog in a cage.,0.9967031478881836,-0.5446630716323855
A shopping center decorated for Christmas with snowflakes and clock tower.,A cat hiding behind a bunch of boxes next to a laptop.,A large room is decorated for winter holidays and features a rustic clock tower. some snow decorations and a clock on a steeple  A Christmas theme is put on display indoors A clock sitting in the center of a building.,0.803428053855896,0.08560730516910553
a yellow and blue bus buildings cars and trees,The action in a baseball game is in full swing.,The bus and the car are driving down the street. A bus and a car wait at a stop light on a steep hill. Bus and car coming down a steep city street. A big hill on a city street with a big yellow bus and a silver car.,0.8493235111236572,0.3597993850708008
"A group of young people walking into a park, some of them carrying skateboards.",the black bears are fighting in the water,People that are walking with skateboards in hand.  Group of people holding various bags walking down a path. four people walking onto the beach with some bags  A group of people carrying skateboards to a ramp park.,0.9948310852050783,-0.6042141318321228
Surfer catching a wave breaking into white water.,A herd of elephants eating from a grove of trees.,A man surfs a wave in the water.  A man that is on a surfboard standing in the water. a young man surfing on a board inside the water Surfer riding small breaking wave in open water.,0.9523795843124392,-0.5756109952926636
Various pieces of survival gear spread on a piece of fabric. ,a cat laying on a television with its leg hanging over the edge,The contents of a bag placed out on a blanket. a scarf on a deck with personal items and a cell phone The contents of someone's pockets laid out on a scarf A cloth sheet with various hiking and and travel gear items on it.,0.8925585746765137,-0.2343704104423524
a woman holding a tennis racket gets ready to return the serve ,Baked pizza displayed on serving platter for consumption.,"A woman in tennis whites is facing forward and clasping a racquet on a tennis court,  while a man in street clothes is standing at the back of the court, looking off to the side. a tennis player with a racket on the field  A tennis player is on a tennis court and is getting ready to hit the ball with her racquet. Woman prepares to be served to in a tennis match.",0.9840022921562193,0.07845950126647949
a table that has a very large piece of pizza on it,a yellow light is next to some train tracks,A woman sharing a meal of cheese pizza with a friend at a cafe A slice of cheese pizza laying on a paper plate at a restaurant and a woman eating a slice of pizza on a blue tray in front. A woman sitting in a restaurant with a slice of pizza in her hand.  A tray with a piece of pizza on it while a woman sits across the table eating. ,0.7523435354232788,-0.4903271198272706
A beautiful Victorian living room as seen through double french doors.,A group of people standing around each other holding umbrellas.,"An antique living room with elegant looking furniture. The rooms in the house are empty of people. A view of a living room couch, windows, and mirror. A living area with a couch and dresser.",0.4815653860569,-0.6114877462387086
A couple of red traffic lights by a beach and a kite.,"An old, run down city bus sits parked, with rust.",A bird flying between to stop lights in the evening. A sea gull flying over two traffic lights by the ocean. The bird is flying above the red lights on the beach. Two different red lights on poles on opposite sides of a street.,0.7848641872406006,-0.8210688233375549
Clock tower at the Port of San Francisco. lit against the night sky.,The personal size pizza has cheese and pineapple toppings.,A clock tower rises above the Port of San Francisco building. A lit up clock tower in San Francisco. A big Ben on top of a building in the city.   Well lit skyscrapers and a clock tower in the evening.,0.9009970426559448,-0.435322403907776
a toddler sitting at the end of a surfboard on the beach ,Two cows laying in the grass under a tree.,a little boy is on the beach sitting on a board The little boy is sitting on the surfboard on the beach by the water. A little kid sitting on top of a surfboard on a beach. A very cute small kid sitting on a surf board.,0.9904556274414065,0.8663603067398071
A raw pizza with red peppers and cheese is on the counter.,A person does a trick on their snowboard on a mountain,"A thing is in the outline and it shows up like something 
 A pizza that is sitting on a table. a pizza with meat and red peppers and Parmesan cheese A type of pizza made at home sitting on a counter top.",0.8218995928764343,-0.361907422542572
A group of zebras eating together at a trough ,A man in a yellow uniform swinging a bat.,A herd of giraffe standing next to each other eating. A group of zebras are bending down and eating a box full of grass.  A group of zebras grazing from crates with trees around. Zebras gather to drink from a water trough in their compound.,0.8877657651901247,-0.06607984751462925
A few people are walking on an Asian street filled with markets.,a basket of broccoli carrots and some califlower,A man in apink shirt passing an old shop in a market A compact asian street with local shops.  An Asian street scene with vehicles and people. A person walks down a busy corner in a Chinese town,0.9893575310707092,-0.39764901995658875
A group of guys that are running and playing frisbee.,A plate that has a pizza on it.,Several men running while one man running towards a frisbee.  A bunch of guys playing in a field with a disc. A beginning toss off in an ultimate frisbee game A man throwing the disc during a game of Ultimate Frisbee.,0.9956409335136416,-0.05413416028022755
a brown and white cat on top of a sink,A large red chair has a horse statue on it.,a cat is standing inside of a bathroom sink The cat is getting a drink from the faucet. A cat licks it's nose as it stands in front of a bathroom sink. A cat that is sitting near a sink.,0.9605972766876221,0.29586565494537354
a group of people stand on the beach talking ,A man is yelling into a mobile device in a room.,The two gentlemen are talking with each other. A lot of people that are talking to each other. A photo of several people in suit and tie holding umbrellas. A group of people standing around holding umbrellas.,0.7107369303703308,-0.3673425614833832
Someone who is cutting a cooked pizza with a pizza cutter.,The man is dressed in a shirt and tie posing for a photo. ,A pizza is being cut into on a sheet. A small pizza being cut with a pizza cutter. Someone is cutting pizza on top of their stove. Someone is just about to cut the pizza.,0.9819355607032776,-0.5847263932228091
A blue sign posted on an overpass that people walk across,The cows are grazing on the grass in the field. ,A street sign showing what roads go which ways. A street sign on a bridge in an asian language.  a japanese street sign on a bridge with a sky background A chinese city sign at a traffic light on an overhang.,0.9734890460968015,-0.31950807571411144
a cat laying next to a shoe on the ground,A passenger train travels under a building near a station platform.,The cat with a damaged eye sits on a pair of shoes. A cat lying next to a black shoe. a cat in brown and white lying near a shoe A small cat laying on top of a black shoe.,0.996798038482666,-0.3717328906059266
"A slice of pizza, greens, two wine glasses with two bottles on the table ",Different fixtures hang from the wall which boast a green dart board.,"A person cutting a pizza next to a salad and bottles of wine on wooden table. A hand is slicing a pizza on a table. A man cuts a pizza to serve with salad and wine.  A homemade pizza, salad and two glasses of wine on a table.",0.8815406560897827,-0.31659507751464844
A batter is swinging for the baseball at a game.,A pizza is on a white pan on a grill.,a baseball player is swinging a bat at a ball This is a baseball player mid-swing about to hit the ball. The boy hits the baseball with a bat.  A baseball player reaching out the bat to hit a ball.,0.9798974394798281,0.1254708468914032
Kids play soccer outside on a grassy field.,The cat is peering out of the window.,A group of children playing soccer on a field. Fathers watching their children play soccer on a grassy field Children are playing kick ball in a fenced area.  Several kids that are playing soccer in the grass.,0.9976979494094849,-0.6410173177719116
A pizza is on a white pan on a grill.,Two men in the ocean riding the waves with surfboards. ,a pepperoni pizza that hasn't been cooked yet A cooked pizza coming out of the oven. a very large pizza on a large rack A pizza sitting on top of an oven under a metal rack.,0.7788366675376892,0.16878360509872437
A construction site across a body of water.,A herd of elephants eating from a grove of trees.,Two cranes on top of an island surrounded by water. Two cranes over mounds of sand by the water Twp cranes that are on ether side of a large flat area A barge on a body of water carrying various cranes.,0.8483794927597048,-0.5911034345626832
Various beverages and preparation items on a picnic table.,The man watches the little boy on the surf board. ,"A picnic with alcohol, a large cooler, a blender, and mixers. Campground picnic table turned into full service bar. Coolers are set up and the makings for Margaritas. A large blue cooler with alcohol next to it.",0.7686657905578613,-0.22940947115421295
A man riding on the back of a white horse next to a cow.,A gray cat is looking at an upside down blue bicycle.,"A cowboy rides next to a cow and prepares to rope it. A man with a hat on a horse, trying to lasso a cattle. A person on a horses chasing a cow. A cowboy on a horse preparing to throw a lasso at a calf.",0.9131919145584104,0.3078819811344147
Three apples still growing on a tree branch with some worm holes.,A person on skis in the open snow.,An apple tree filled with lots of apples  Some apples that are ready to be picked from the tree. Apples hanging from the limbs of an apple tree. some red apples hanging on part of an apple tree ,0.5867374539375305,-0.09031789749860764
One cat lies on a red blanket and is looking at another one.,A bird is perched on a container in a person's hand.,Cats sitting next to each other on furniture. The fur of a cat with another full cat next to it. This is a picture taken from the perspective of a cat. A view of a cat while looking down the back of a different cat.,0.989673376083374,-0.3999103903770448
a frightened black cat looking at a dog,Some green broccoli and hams are on the plate. ,A black cat is scared by a large dog. A black cat with white paws walking past a dog. a cat and dog walking on the sidewalk next to a wall A black cat reacts to a dog with large ears.,0.9528648853302,-0.17526127398014058
A group of people standing around each other holding umbrellas.,A raw pizza with red peppers and cheese is on the counter.,A couple of people that are holding an umbrellas. Two people standing on street corner with open umbrellas People with umbrellas on a rainy street near a Starbucks. A group of people with umbrellas on a street.,0.9860154390335083,-0.3067377209663392
a close up of a plate of food with broccoli,A herd of cattle are eating in a field.,A plate topped with different kinds of foods on a table. A plate of meat vegetables and piece of bread The large meal has a large entree and pieces of bread. Food arranged on a black plate sitting atop a table.,0.8659849166870119,0.3009849190711975
There is an old-looking clock in the middle of a neighborhood. ,A little boy taking a swim at the beach,There is a tree near the tall clock. A clock in a grassy park in front of a tree. A clock sitting on a sidewalk next to a tree. A clock on a pole at a street corner.,0.9686486124992368,-0.1657632738351822
many different buildings near one another near trees,City bus with passengers boarding for Ballston Station.,The people walk along the path near to the stores.  People walking on a city sidewalk where there are shops. A variety of people walk down a path with shops. A sidewalk area with people walking about next to buildings.,0.9439516663551328,0.38323599100112915
People are standing outside holding umbrellas near a banner.,Middle aged dark-haired woman on telephone with a teddy bear beside her.,A group of people walking in the rain while carrying umbrellas. A couple of people walking with umbrellas during the day. A group of people standing with umbrellas.  A crowd of people on a rainy day with umbrellas at an event,0.9736471176147461,0.19285599887371063
A man on a snow board making a jump,A woman is tying her shoe on the bench,a person riding a snow board in the air  a snowboarding man rides down a big hill a man that is jumping a snowboard through the air An athlete with a snow board is performing on a city street.,0.9744607210159304,-0.8106518983840945
A boat stowed up on the beaches on sand.,A plain boarding and refueling in the rain,A boat sitting on top of a beach next to a body of water. A boat is sitting in the sand near the water. A boat out of the water on the shore with other boats in the background. A small boat is beached on the shore.,0.9561034440994265,-0.6620922088623048
A person is holding up their cell phone to take a picture.,Two giraffe stand near each other eating from a feeder. ,a person showing a picture of people on their cell phone a person holds on to a smart cell phone  A hand holding a cell phone into the air to record video. A hand is holding onto an electronic device. ,0.9749608039855959,-0.18768040835857402
"three people in Japanese clothing, two are carrying umbrellas and all are wearing sandals and they are walking past parked bikes. ",The cat is peering out of the window.,A black and white picture of three boys and two holding an umbrella three males and two are holding umbrellas and bicycles A black and white photo of people walking by some bicycles. A group of people that are walking under umbrellas.,0.9698110818862915,-0.28537604212760925
Man sits behind a microphone at a news conference. ,"An old, run down city bus sits parked, with rust.",A man speaking at a public event behind a pitcher of ice water A man sitting at a table as part of a panel. A man sits at a table with a pitcher of water in front of him. A man sitting at a desk while a pitcher of water.,0.9332454800605776,0.34072113037109375
A toilet that has a roll of toilet paper on top of it.,A young girl playing with a play doll while sitting on the floor. ,"A bathroom with a sink, toilet and safety rails. A toilet with the lid up and a sink in a tiled public bathroom  A small bathroom with a toilet and sink and handrails. There is a toilet and bathroom sink in the bathroom",0.9006001949310305,-0.07957755029201496
A truck wrapped in beer advertisements parked in a parking lot.,A man licking a purple and white tie,The delivery truck has colorful bottles on the side of it.  A truck that carries beer is parked on the side of a road. A delivery truck parked in a parking lot a delivery truck with the product painted on it,0.9051370620727539,0.7561390399932861
A living room with a cream colored couch,A stop sign with another message than it's true one.,"a couch in a living room with three pillows A very tidy living room with a white couch with pillows on it. A clean and tidy living room with a couch, a table, and a painting on the wall. a living room with a couch a table and a panting",0.9419571161270144,-0.4104391634464264
there are two small pizzas on the plates,A freight train moving along the tracks in a train yard.,two different pizzas that just came out of an oven.  Two stainless steel trays holding pizzas on top of a stove. A couple of pizzas sitting on top of metal pans. Variety of baked pizzas displayed on metal pans on stove.,0.8926981091499329,-0.3889072835445404
A little girl holding one ski and wearing a blue helmet. ,a stove refrigerator and microwave in the kitchen ,A young child that is wearing a helmet and red shoes. She tiny compared to the ski she is holding. Young child with board standing on pavement outside building entrance. A little kid standing with a helmet on and a snowboard in their hands.,0.7166473269462585,-0.573744297027588
boats tied up to a dock in an inland bay ,A large statue of roman people and lions with a blue and gold clock in the middle.,A small marina next to a wall of rocks.  a couple of boats parkeed near a boating dock  a water way with some boats parked at a dock A harbor surrounded by cliffs with boats at dock.,0.9582223892211912,0.1113189086318016
an image of a big cabinet in a living room,A bike is locked and hanging from a door.,"The view of an entertainment center and desk in a hotel room. A hotel room filled with two beds, a desk and a TV. A bedroom scene with focus on a desk with a laptop. Large wooden cabinets sitting inside a bedroom. ",0.8968527317047119,0.3143349885940552
A bus stopped on a busy city street near some pedestrians.,A statue of a man holding a red kite in the park. ,"A transit bus sitting at one of its stops on the side of a street. A bus traveling down the street, during the night. a big bus that is parked next to a building A bus is parked on the road next to a building.",0.7176703214645386,-0.18762569129467022
A clock on a brick building and a blue sky.,A airport runway with a large plane and cars parked on one side.,A tall tower with a clock on a large building. A brown building has a clock tower and a flag. This building has a clock and a flag near the top of it. A brown square-shaped building with a porch and a clock.,0.9590772986412048,-0.2678886651992798
a cat laying on a television with its leg hanging over the edge,There is a stop sign on the wooden post.,A cat sleeping on the tv with his paw hanging down. A cat is lying on top of a tv set looking at something A cat sits on top of a television set. Black cat laying down on top of the television while it's still on. ,0.9547663331031799,-0.5629594326019288
Two women sitting at a table with a plate of pizza.,a train on a track with a sky background ,Two women singing at a dinner table with a large piece of pie in the middle.  Two women sitting at a table with a pizza in front of them. Two women split a pizza and a bottle of wine two women about to eat pizza and drink wine,0.9745394587516785,-0.34770649671554565
A surprised cat is relaxing in a sink.,A young man surfs in a small blue wave.,A siamese cat laying on top of a white sink. A cat hangs out in a bathroom sink by a bottle of Method soap. A cat is sitting inside of a sink. a big cat laying in a bathroom sink while making a mean face,0.9739710688591003,-0.20592859387397777
A striped cat laying on a wooden bench,A young man surfs in a small blue wave.,THERE IS A CAT THAT IS SITTING ON THE PORCH  A striped cat rests on a patio deck.  A cat laying on top of a deck near a fence. a cat laying down on a bench and in the shade ,0.9951231479644775,-0.23641756176948536
A young man surfs in a small blue wave.,A group of people tasting wine at a bar. ,A man riding a surfboard on a wave in the ocean. A man balancing himself on a surfboard in the water A surfer is catching a small wave as two others watch him. an image of a man on a surfboard that is riding the ocean waves,0.9875483512878416,-0.6879361867904664
A white living room that is very large.,Two slices of pizza with a green salad on a white plate.,A living room filled with furniture on top of a wooden floor. a living room with couches and a table  A couple of couches in a large room. The canvas is showing a decorated living space.,0.8274785280227663,-0.4418122470378876
People sunbathing near a beach under colorful umbrellas,an image of a woman about to eat a slice of cake,The father and daughter are under an umbrella on the beach. A picture of some people by the beach. A man and a girl under an umbrella at the beach. A group of people sit underneath umbrellas on the beach.,0.9727630615234375,-0.043934836983680836
The apartment has some chairs but doesn't appear to be lived in.,Two traffic lights displaying red in front of an office building.,"An empty living room in an apartment with several chairs sitting in the middle of it. An apartment that does not have much furniture and a messy kitchen.  A house with no furniture and only a few chairs. A room with threes chairs, a rug, a shoe and a basket in it. ",0.5808171033859253,-0.3505769968032838
"Ornate lidded vase with handles and feet, front-lit against dark out-of-focus background.",A cat hiding behind a bunch of boxes next to a laptop.,A colorful vase sitting on to of a table. An ornately painted urn sitting on a a table in front of an elaborate colorful pole.  Oriental pieces of art on a table on display An oriental type urn decorates a table top with bright colors.,0.849972665309906,-0.20773480832576763
a room with a sink and a bathtub and towels ,A blue train is going on the tracks by an old building.,A white bath tub sitting next to a sink in a bathroom. THIS IS A MODERN BATHROOM WITH LOTS OF GREEN TILE The bathroom has green tile with brown wood detail.   A white sink and bath in a room.,0.9712945222854616,-0.18826889991760265
a building with a door sitting behind a sign ,A plate of french toast and breakfast potatoes.,there is a one way street sign under a street name sign A one way sign that is in front of a building. Street signs sitting in front of a building. The one way sign is in front of colorfully painted doors.,0.6843600273132324,-0.526370108127594
Two children on a beach flying a yellow kite.,A couple of white bathroom sinks mounted to a wall.,two kids play at the beach with their kite  Two persons flying a kite on the sea beach. Two little kids flying a kite on a beach. Two children flying a kite on the beach.,0.9907572865486145,-0.09660548716783524
Orange cat walking across two red suitcases stacked on floor.,A mirror shot of a dog sitting in a car.,A cat is jumping off of a stack of suitcases. a yellow cat on top of stacked suit cases about to jump off a cat standing on red colored travel luggage  A cat is playing on top of two suitcases. ,0.9714035391807556,-0.3032183349132538
A small blue bird is perched on a small limb.,A plane is flying in the sky over two houses. ,A bird perched on top of a leaf filled tree. The blue bird is on a branch of a tree. A bird is perched on top of a branch with many leaves. The bird is on the branch with leaves alone ,0.9636191129684448,-0.5750570297241212
A zebra stands on a dirt patch in a field.,a building with a door sitting behind a sign ,A zebra standing on top of a lush green field. a zebra in a field with trees in the background A zebra standing in the middle of a field A zebra that is standing in the dirt.,0.9837567210197449,-0.04987952858209621
A dog laying on a towel on a bathroom floor. ,Two men standing beside one another smiling at an event. ,A very cute looking black dog laying on the floor. a dog that is laying down on a blue towl The dog is laying on the bathroom floor next to the toilet. Big black dog laying on a bathroom floor with it's head on a towel.,0.9956150054931641,-0.4856850504875184
A pizza with lots of toppings sits ready to be eaten.,A stop sign with another message than it's true one.,"A whole pizza with cheese, green peppers and onions. A baked pizza is sitting on a wooden board.  A large loaded pizza sitting on top of a wood board. A pizza that has been cooked with many different toppings on it.",0.9321370720863345,-0.264132022857666
Two small children lie on the bed near one another.,Two men in the ocean riding the waves with surfboards. ,A couple of children sleeping in a bed together under a blanket. Two kids laying on a bed in a bedroom Two kids laying down propped up on pillows. Two children cuddle together on the bottom bunk.,0.26591384410858154,0.008553807623684406
A person that is surfing a wave in the ocean.,The city bus is traveling down the road.,A man with a blue surfboard rides a very small wave. A male surfer riding a very small wave to shore. A woman is body surfing the crest of a wave. A surfer takes a laying position while gliding across a small wave.,0.9491206407546999,-0.06824004650115956
A woman sitting on a horse with a number on her back,Double Decker bus stopping at a bus stop with people. ,The cowgirl is waiting for her turn at the event. a group of kids sitting on the backs of horses a couple of kids are sitting on horses A group of people riding on the back of brown horses.,0.9666105508804319,-0.13532128930091858
A fire hydrant on a city sidewalk ,"A view of a dirty shower, with no curtain.",a hydrant at the street well closed with chains A red fire hydrant on a busy city street A fire hydrant with a green top and a white and black circle painted on it. A red and green fire hydrant sitting on the side of a road.,0.9472792148590088,-0.28956249356269836
A patio with many chairs and a few tables.,a small plane on an air port run way,An outdoor setting is lined with tables and chairs. A courtyard with tables and chairs and umbrellas. An outdoor view of a dilapidated european restaurant Tables are set up outside on a patio for dining. ,0.974586606025696,-0.3480839133262634
Baked pizza displayed on serving platter for consumption.,"A group of young people walking into a park, some of them carrying skateboards.","A piece of lasagna with cheese and vegetable. The thick crust pizza is on a metallic tray.  A pizza with cheese, peppers, pepperonis and a melted cheese crust. A cut cooked pizza on a tray on a surface.",0.954285144805908,-0.174499973654747
a clock that is up by the ceiling on the wall,Green leafy vegetables and carrots laying on a bag.,A fancy clock hung up on a decorated wall. a clock on a wall with lights on the ceiling  A large clock is on the colored wall of this building. A clock mounted to a wall painted with colorful colors.,0.9958614110946655,-0.47968789935112
The legs and feet of people at a luggage carousel,a frightened black cat looking at a dog,some people waiting for their luggage and one is wearing tennis shoes Two people wait patiently for their luggage at the conveyor in the airport A person wearing black Converse and black jeans waits for their luggage to come down the belt.  A group of people standing around an airport luggage carousel.,0.8693319559097288,-0.14942704141139984
A man in a red shirt and black tie looking out a window.,The man watches the little boy on the surf board. ,A man standing with his arms folded while smiling.  A man with glasses is smiling at the window. A man with glasses smiles towards a distance a man wearing glasses a red short and tie looking out a window,0.9020490050315857,0.08517453074455261
A man stands beside a yellow phone and red car.,A white-and-black cat sitting on top of a laptop.,Red train at a stop and a man that is waiting.  A man standing next to a train and phone booth. A man standing in front of a red train. Man in hat standing near a bright red vehicle.,0.9444077014923096,-0.319032907485962
Blue and white truck parked next to an open building. ,Two personal sized pizzas on a dining table in front of people. ,A blue truck with tarp covered trailer drives down the road. A covered truck is parked on a brick lot. A blue truck driving down a road next to a tent. The truck is parked while the driver is getting directions .,0.8382640480995176,-0.06557996571063995
A man wearing glasses and a brown suite standing at a counter on a cellphone.,A tub and and sink in a bathroom.,A man standing in front of a counter talking on a phone. a man with a cell phone that is looking down A guy wearing a suit in a clothing store talking on a cell phone.  there is a man in a suit store talking on the phone,0.904884934425354,-0.3186429738998414
A slice of pizza and some salad on a white plate,A man flying into the air while riding a skateboard.,A fanciful dressed piece of pizza on a plate. There is a plate of food and a fork A personal pizza with fresh tomatoes and arugala Fork next to a plate of pizza and salad on the table,0.9769142270088196,0.07193019986152649
A skier leaning to the side on a snowy hill.,A person is holding his toothbrush next to a sleeping cat.,A man on skies skiing down slope wearing protective gear. A person is riding down a hill on skis. The person is skiing down the snow covered mountain.  A woman in ski gear riding down a slope.,0.4252476096153259,-0.2388542890548706
A plate with a sandwich and bacon with a cup of coffee to the side.,A female on a cell phone in a car. ,Sandwich next to cooked bacon on plate with hot beverage. A breakfast plate with pancakes and bacon and coffee. There is a sandwich and bacon on a white plate. A white plate topped with a pile of bacon and an egg sandwich.,0.9957072138786316,-0.08238159120082855
Two traffic lights displaying red in front of an office building.,Two men playing video games together in a room,A picture of two stop lights that are red at a busy intersection.  Two signal lights displaying the 'red' stop light.  Two red lights hanging from poles near a building Two traffic lights showing the stop signal in front of buildings and trees.,0.8294112682342527,-0.25064802169799805
Light from a window shines on a bathtub and sink.,A baseball player waiting at the plate for a pitch.,"A bathroom with sink, tub, window, and hand rails. A bathroom with sun shining through the windows. A bathroom with a large white tub sitting  next to a sink. A sunny yellow bathroom tub with sunlight pouring through the windows.",0.9447019100189209,-0.800560474395752
A person holding a baby up next to an elephant.,An older style light pole with a no parking sign attached to it.,a person is holding up a small child Someone holding a baby in their hands with an elephant in the background a close up of a person holding up a child  A baby is being hold next to an elephant.,0.8118317127227783,-0.018903616815805435
A doll sitting on a chair at a small table.,A man tinkers with his motorcycle in a parking lot.,Tea time in the dollhouse is much like the real thing. A doll sitting down on a miniature chair. The doll house is full of accurate furniture. An upclose view of a doll in a dollhouse sitting at a kitchen table.,0.8776977062225344,-0.13839076459407817
"A small, blue bathroom has a toilet and a sink.",A girl wearing red playing tennis on a green and blue court.,"A toilet is in a dirty bathroom with a sink. A bathroom with blue walls, a toilet and a sink in the corner. A sink sitting in the corner of a bathroom next to a toilet. a close up of a toilet a sink in a bath room",0.9883491396903992,-0.29719382524490356
A clock tower sitting near buildings and a bridge.,A gray cat is looking at an upside down blue bicycle.,A clock tower at night near a bridge and several lit buildings. A clock on a tower perched against a dark night sky. a large tower that has a clock at the top a tall clock tower near other buildings ,0.7361929416656494,-0.20015746355056763
A white and yellow car made to look like a train.,a gray black and white cat is sitting on a brown cabinet,A transporting cart parked in a street while passengers board. A white and yellow train traveling down a road next to a red motorcycle. A truck made to look like a train parked on the side of the road. A white and gold train-style bus is parked on a street.,0.8117555379867551,-0.12758614122867584
Small train pulling passengers like something you see in an amusement park,A cat with white paws and gray coat on the floor playing with a toy banana.,A red and silver train traveling past a train station. Red train carrying passengers under trees in daytime. A train moving along the tracks with empty carts. a man in an orange standing behind an old train,0.8302954435348513,-0.325867921113968
Small birds walking on the grass next to the body of water. ,An airplane sitting at a cold runway being unloaded.,A bird walking through some gravel as its baby chicks follow. a small bird in a field with gravel and grass A bird standing in a grassy and rocky area. Ducks are walking along the grass and rocks.,0.9677932262420657,-0.7362607121467593
"A girl eats while standing in a green, grassy area.",A group of zebras eating together at a trough ,A girl standing in a garden biting into something. a young girl eating something while playing in the woods  a little kid standing in the yard while eating some fruit A little girl standing on a lush green field.,0.7955405712127686,-0.20932091772556305
The portrait is anachronistic in that a Victorian lady is photographed with a laptop computer.,A living room with a cream colored couch,A picture that has a lady with a laptop. A painting of a woman sitting in a chair with a laptop computer. there is a picture of a woman holding a lap top A picture of a woman in a good frame,0.9404501914978027,0.214519664645195
Two men are standing on a street corner.,The city bus is traveling down the road.,"A man standing next to a boy in front of a tree. Two men leaning on a street sign on a corner. Two men standing with signpost with words ""Tewodros St."" The two men are standing by the street sign. ",0.9520573019981384,-0.386368751525879
a cat curled up on a skateboard in a living room,"There is a huge room with furniture and things inside.
",A cat laying down on a black skateboard inside. a white cat is laying on a black skateboard  A cat is sleeping on a skate board. A cat is sleeping at the end of a skateboard.,0.9515060782432556,0.12726812064647675
Two street signs posted on a street light pole near the city,a small plane on an air port run way,a close up of a street sign with buildings in the background Two street signs on a pole in front of large buildings. Two street signs with a large building in the background. A speed limit sign and a caution sign are attached to a pole.,0.9958035945892336,-0.14015570282936096
A orange cat with green eyes and long whiskers.,A little kid is swinging at a water balloon. ,A cat outside looking straight ahead with a tree behind it. A very close shot of a cat's face in front of the camera.  A brown cat stares at something in the field A tawny cat stares wide-eyed into the distance.,0.9923543334007263,-0.3660055994987488
"A cycling event with cycles being transported in cars, atop cars, in vans.",A cat with its front paws on the mouse of a laptop.,A blue truck with a large poster on it's side. A bike on top of a car near a sign. Vehicles at outdoor cycling event with pedestrians nearby. A cycling sign is post on the side of a truck.,0.9420807361602783,-0.11291278898715984
A man carrying a surf board with water and mountain background.,Two hikers sit down and take a break with their dog.,A man holding a red surfboard at a beach looking at the water. A man carrying a surfboard is entering the ocean. A man carries a red surf board to the water. A man carrying a surfboard out to sea.,0.8810354471206665,0.032794442027807236
Two women sit on a couch reading while a young man plays a video game.,Black and white photograph of a woman and baby.,"A group of young people sitting on a couch next to a guy playing a Nintendo Wii. Three people sitting a room, one holding a Wii controller. Three people are sitting in a living room playing with technology. Several people lounging on a couch reading and watching television.",0.964771032333374,-0.3940524458885194
"Black train cars with yellow logo, on track moving through station.",A white-and-black cat sitting on top of a laptop.,a train on a track near many power lines  A freight train parked at a train station A black and yellow train passing by buildings on tracks. A freight train hauling coal stands on a siding in front of a depot.,0.9743650555610657,-0.38246846199035645
Two men serve up food from giant pots outside.,A lady is playing Wii fit in her living room as someone lays on the couch.,A woman orders food from an outdoor vendor. A group of people preparing food in front of a building. A man putting  barbeque on a sandwich bun for a person. A crowd of people are standing at an outdoor cookout.,0.8155884742736816,-0.48549020290374756
A giraffe eating some food out of a bucket.,A family of zebras standing in a field of grass.,A giraffe has it's face in a silver bucket. A giraffe eating food from a bucket attached to a wire fence. A giraffe is eating out of a bucket.  A giraffe is eating out of a bucket on a fence.,0.9888660907745359,0.559090256690979
Many bunches of bright yellow bananas hanging on display.,A table topped with hot dogs and fries.,A group of bunches of bananas are shown hanging together. Bunches of bananas hanging from a fruit stand display. A group of bananas that are hanging from string. Bunches of bananas are hanging from a fruit stand.,0.9090150594711304,0.7617800831794739
Many kids sit at a picnic table and eat. ,Some people standing under an arch which has a fancy clock on it.,"A group of people sitting at a table eating plates of food. A group of kids sitting at a table, eating pizza. Many children sit around wooden picnic tables eating pizza. A group of young children in green shirts eat slices of pizza together.",0.8756600618362425,-0.5827553868293762
A woman uses a computer outdoors near a tent.,A living room with a cream colored couch,A girl in a red dress working on a laptop. Woman in red jacket working on a laptop in a green case.  A woman uses computer equipment inside a yellow case. A blonde woman in a red raincoat looks at a screen while talking on her cellphone.,0.7573293447494507,0.2996911108493805
Two zebras standing on a gravel road look attached,City bus with passengers boarding for Ballston Station.,Two zebra standing on a dirty road next to a grass covered field. Two zebras standing in the middle of the road Two zebras stand in the middle of a gravel road.  Two zebras stand on the road in a game preserve.,0.9688711762428284,-0.17824822664260864
A group of people posing for a picture outside of a building.,Someone who is cutting a cooked pizza with a pizza cutter.,"A group of people stand together and smile. A group of people standing next to each other near a building. Many people are posing for the camera outside.  A group of men and women posing for picture outside of a building, some in suits and some holding folders.",0.9767616987228391,-0.24275538325309765
"A living room with an open door, a chair, and a television.",The cars at the intersection are waiting for the pedestrians to cross.,"A room with marble floors and the door open. View from inside of an apartment wit ha TV and a chair, the door to the outside is open. a room with a chair and a television A living room with a TV sitting on top of a wooden stand.",0.9986990690231323,0.09804145991802216
Men and women cross country skiing in snow.,A white living room that is very large.,A group of people riding on top of a snow covered slope. A snowy bank with a group of skiers. People on skis out on the slopes  A man coaching a woman skiing on a slope.,0.9826499819755552,-0.12622708082199097
A group of people with their faces painted in makeup,A woman with a cast on her arm lying in a hospital bed.,A woman wearing a creepy  mask standing next to a child. two women and two girls in makeup and one is talking on a cellphone Two people and a child are dressed up in costumes. A woman dressed as a zombie in a pink dress with a little girl.,0.8667330741882324,-0.395644247531891
"Two young men walking in a park, one is wearing a backpack.",Baked pizza displayed on serving platter for consumption.,Two men walk down the street in a city. a couple of people walk next to some trees  Two young men walking through a small park at night. Two men wearing back packs walking through a park in the city.,0.9786085486412048,-0.16299867630004883
A brown bear standing up that almost looks fake.,Two cows laying in the grass under a tree.,A large black bear standing on top of a large rock. A bear standing on its hind legs in its enclosure A large bear stands over a white rock. Bear with its front paws on a rock staring at the camera.,0.8432609438896179,-0.06883137673139583
A couple of men fishing from a beach by a dog.,there are two small pizzas on the plates,These two people are on the beach fishing with their dog.  a couple of people that are fishing on a beach Two people fishing on the beach with a dog at the water's edge. Some people are on the beach fishing with a dog.,0.9654775857925415,0.1063823252916336
A man leaping in the air to grab a Frisbee.,"A white cutting board with a head of broccoli and a bag of carrots.
",A person that is catching a frisbee in a gym. A man jumping up to catch a frisbee a person jumping stretched in the air reaching for a frisbee A man jumps to catch a white Frisbee.,0.9569810628890991,-0.13702985644340515
A large clock tower in the middle of a city.,some zebras leaning down to eat some grass,Big Ben towering over the city of London with it's massive clock. An old photo of the clock in the Tower of London. A large and tall clock in a big city A old photo of a large clock tower in Britain. ,0.9809572696685791,-0.20926515758037556
"A toilet sits in a small space, with equipment overhead.",A large mountain range partially covered with snow.,A white toilet sitting under a water tank. A white and blue tile bathroom with a white toilet. toilet in small space with blue and white tile A white toilet in a very small room.,0.8438044786453247,-0.4422813653945924
Buildings near a river with several boats in it. ,Two cows laying in the grass under a tree.,A distant shot of a beautiful looking boat area outside of two buildings.  A view of a river walk with boats in the water. A small boat is out on the river A boat floating down a river next to a blue bench covered shore line.,0.9246958494186399,0.34252867102622986
A cat with its front paws on the mouse of a laptop.,A topless man riding  a surfboard on a wave,A cat standing on top of a laptop computer. A cat sitting on a desk with its paw on a laptop. A cat plays with a laptop computer trackpad. A cat sitting on a desk with paws in the laptop.,0.9787655472755432,-0.16889995336532604
a man playing with his kite as it flies through the sky,Orange cone and microwave sitting at the curb.,A person is flying a kite high in the air. A man flying a multi colored kite high in the air. Man in a hoodie looking up at a multi-colored kite.  a male wearing a gray sweat shirt is flying a kite,0.9826781749725344,-0.29242628812789917
Two blue and white buses stopped at a bus stop.,A woman on a tennis court is hitting a ball with a racquet.,a bus pulling up to the bus stop in a city A bus is parked near a bus stop on a street.  White and blue buses parked on the side of the city road to let passengers in. A buss stopped at a bus stop on a city street ,0.8797180652618408,-0.009797331877052784
The small child is brushing it's teeth with a green toothbrush. ,A container with a meat sandwich and fork is sitting on the grass.,A small child that is holding a toothbrush and brushing their teeth. A child brushing their teeth in a bathroom. A very small cute kid brushing his teeth. there is a young child that is brushing his teeth,0.9888537526130676,0.2713923156261444
A plate that has a pizza on it.,a truck with an open door and two people sitting on top,The personal sized pizza has pepperoni and black olives. A table setting with a pizza and sangria in a glass and pitcher.  A pizza on a table with a glass and pitcher with liquid and fruit in it. Dinner table with a plate of pizza on top next to a wine glass,0.9081624746322632,-0.007692653685808182
A person standing next to a metal urinal in a bathroom.,Two skateboarders sitting on a cement block with their skateboards underneath their feet. ,A foot pushing a flush button in a blue tiled bathroom. the person is using there foot to flush the toilet A person is using their foot to flush the toilet. a foot is flushing a toilet in a blue bathroom,0.9549023509025576,0.6225284337997437
Large tour boat making its way across the water with a city scene in the backgorund,Two people playing a video game on a television.,A boat in the sea near the city  A big boat in the ocean with a lot of people on it.  A ferry boat transporting people across a bay. Ferry with passengers riding on the water with a city in the background.,0.8840680718421936,-0.8356791734695436
"A bathroom with a toilet, shower, and window",A man holding a cell phone at a counter with phones for sale.,A white toilet sitting underneath a window next to a tub. A toilet that has cans of paint next to it. a small white toilet in a home bathroom A bathroom in the midst of being remodeled has paint cans sitting on the floor next to the shower and toilets. ,0.9000747203826904,-0.10896158963441838
Residential bathroom with modern design and tile floor.,Men and women running on a grassy field.,"a bath room with its door open and light on A modern bathroom with a toilet and sink area. The view of a restroom toilet, and sink area. A white toilet sitting next to a bathroom sink.",0.960948586463928,-0.507169246673584
Two large maps laying on top of a table together. ,A person waits with an umbrella as cars drive down a rainy street.,A woman looking at maps spread out on a bed. a couple of maps and a laptop on a bed A woman looking at some maps that are laying on a hotel bed. A bed covered in two maps and a lap top computer.,0.6604472398757935,-0.1381082981824876
Three people are sitting and waiting on a planter.,The man is sitting on top of the elephant.,A man and two women sitting on a tan ledge. Three adults sitting while checking cell phone messages. A group of three people sitting next to each other on a cement wall. Three people sitting on a wall looking at their cell phones.,0.9722335338592527,0.3817395567893982
A lifeguard sitting on his tower under an umbrella. ,A person slices a pizza fresh out of the oven.,A man sitting up on a chair with a umbrella. A man sitting on a post of some sort during the day. A lifeguard seat situated high above the swimmers. A lifeguard sits on his post and watches.,0.988587498664856,-0.565244197845459
"A snowboard lies in the snow, partly covered by snow.",The man watches the little boy on the surf board. ,A snowboard sits on the ground partially covered in powder. a snow board sits on some snow  A snow covered snowboard sits on the snow covered ground. A snowboard laying on snow covered ground covered in snow.,0.9131019115448,0.1627991795539856
A cat sits on a computer desk next to a keyboard.,A small dog is chewing on a chew toy.,A cat is sitting on a desk next to a computer. A cat is sitting by a computer on a desk. A cat sits on a desk in front of a computer.  A cat on a desk next to a keyboard and computer,0.996972382068634,-0.09746343642473221
An animal's tail is curled on the floor near a polka dot plate with cat shaped cookies on it.,A living room with two windows filled with furniture.,A plate of cookies next to a cats tail. The gray cat is uninterested in the brown and white cat-shaped cookies. A plate filled with cat shaped treats near a cat tail. a wooden table with the tail of a cat and a plate of cookies,0.9755674600601196,0.20032289624214172
"A laptop, monitor, printer and tablet on a desk.",A man who is in some water on his snowboard.,"Office space with office equipment on desk top. A hope office setup of computers and printers. a home office with laptop, printer, scanner, and extra monitor The computer desk in the corner is by a window.",0.9651065468788145,-0.47298726439476024
a group of guys playing a soccer game ,Double Decker bus stopping at a bus stop with people. ,Men playing soccer in a green field while the coach looks on. there are many men on the field playing soccer Men playing soccer on a soccer field  Two teams chase a player that has kicked a soccer ball.,0.9877161979675293,-0.6370189785957339
A cat sits on top of a closed laptop. ,"The room has a dining table, a television, and a coffee table.",a close up of a cat laying on a laptop A cat that is curled up on a laptop A cat resting on a green laptop during the day. a cat sitting on top of a laptop on a chair.,0.9758561849594116,0.555449366569519
A picture of a cat lying inside a dry sink,"A kitchen with a sink, cutting board and refrigerator.",A brown cat laying in a white bathroom sink. A little cat peeking up from inside a bathroom sink. A cat peeking out from a bathroom sink. A cat in a sink and having his/her head stick out.,0.91935795545578,0.2502848505973816
A picture is taken of a man injured in the hospital.,A living room with a cream colored couch,A bloody unconscious man being looked after in a hospital.  A man lies on the ground after being injured.  Injured man receiving attention from an emergency medical technician An injured man in bad condition lays on a medical table,0.8559279441833496,0.21652169525623322
Broccoli and potatoes displayed next to each other on white dishes,a table that has a very large piece of pizza on it,Two bowls that have food inside of them. A bowl of potatoes and onions next to some broccoli. A side of pork chops and broccoli is on the table.  Two plates of food and vegetables are sitting on a table.,0.8583647012710571,0.40909671783447266
Young lady with her legs in the air laying on a bed in a room.,Two men serve up food from giant pots outside.,a person laying in a bed with a window  woman laying on a bed wearing patterned black stockings a woman in white shirt laying on a bed with striped sheets. A very attractive lady in stalkings is laying on the bed with her feet up. ,0.9888550639152529,-0.3600817024707794
A street sign has three different streets on it.,Middle aged dark-haired woman on telephone with a teddy bear beside her.,A street post with three different street signs on it The pole has three different street names on it. Three street signs that are in a residential neighborhood. A street sign with three signs mounted on i,0.9938487410545351,0.44199955463409424
"A hotel bathroom with white towels, sink and toilet.",Several young women playing soccer on the field.,"A bathroom with a narrow toilet and hanging towels.  A bathroom with a tank with the flusher on it. A clean bathroom with a sink, mirror and stylish toilet. A bathroom is shown with a sink and a toilet.",0.9735455513000488,-0.20725783705711365
The cat is sleeping on the keyboard of the laptop.,A butterfly sits on an open orange. ,A cat is resting peacefully on a laptop while surfing the web. A cat laying on top of a computer keyboard. a cat is sleeping on top of a laptop keyboard a cat napping on the laptop while on firefox,0.9763875007629392,0.058548737317323685
A baseball player pitching a ball on a baseball field.,A street sign has three different streets on it.,A baseball pitcher throwing a ball during a baseball game. a baseball player throwing a ball from the pitchers mound A pitching about to throw a baseball at a game. A pitcher winding up to throw a fastball.,0.9612833261489868,-0.3846142888069154
A cow stands on a grassy are near a mountain. ,A beautiful Victorian living room as seen through double french doors.,A cow on a small hill with surrounding mountains in the background. there is a cow standing on a small hill next to mountains A cow standing on top of a green hillside. A brown and white cow standing on a grassy hill. ,0.9793556928634644,-0.20494651794433605
An airplane sitting at a cold runway being unloaded.,Two people walking along a side walk next to a train on the tracks.,"A runway for airplane with one dual propellor plane parked on the runway and a person walking away from the plane. A small passenger plane is loading some passengers luggage onto it. there is a plane on the runway in the mountain lands A man is walking down a wet tarmac, away from the jet.",0.8648735284805296,-0.567382574081421
A man holding a remote seated next to a suit case,Two giraffe stand near each other eating from a feeder. ,A person holding a remote in their hand. a person has a wii remote in their hand  A person holding two Nintendo Wii game controllers. A person holding a red and white Nintendo Wii controller.,0.5765290856361389,-0.1880725771188736
Several people holding balloons and standing behind a fence.,"A etched bowl with lemons, bananas and avocados.",A group of people that are standing near a gate. A person walking along a metal fence holding up an umbrella. some people are standing behind a black fence a group of people stand behind a fence ,0.9862067103385928,-0.27540284395217896
A city bus with a bicycle on the front makes a stop for people to board.,A man flying into the air while riding a skateboard.,A bus stopped on the side of the road while people board it. there is a bus that has a bike attached to the front People getting on a bus in the city People standing next to a bus that's on the street. ,0.8399219512939455,0.20761021971702576
Broccoli and cauliflower florets cut into small pieces and spread around.,One white and red plane and one grey plane on the ground,A picture of some food on a plate An assortment of broccoli and cauliflower is arranged. a mixture of broccoli and cauliflower on a white platter A white dish filled with broccoli and cauliflower.,0.7084605097770691,-0.49796223640441895
A man looking down at a baseball bat that he is holding in his hands ,Two people playing a video game on a television.,A man who is looking at a baseball bat. A man standing with a baseball bat in a room. A man is holding a baseball bat next to a Military dressed man.  a guy showing another guy a base ball bat,0.9540040493011472,0.22022482752799988
a living room full of chairs and a big window ,There is an old-looking clock in the middle of a neighborhood. ,"A living room are with a fireplace and wooden furniture. A living room has a couch, a lamp, and a fireplace. Wood is stockpiled in the living room beside the fireplace.  a table in a wood floored living room",0.7710608243942261,-0.28288745880126964
A  young man with a tennis racquet in his hand,A person waits with an umbrella as cars drive down a rainy street.,A group of people on a court with tennis rackets. A young man holding a tennis racquet on a court. a group of people playing tennis out side A boy on a tennis court with other players.,0.9930728673934937,0.043762676417827606
A airplane sits on a run way at a busy airport.,Electronic parking fee machine with cars on the side of a road,An airplane getting ready to take off at the airport The airport is busy with the various planes and vehicles. A jumbo jet plane with a machine pulling it through the yard. An airplane being checked by airplane mechanics in an airport.,0.9111597537994385,-0.011554192751646042
Looking out from a bar window a woman can be seen on a bicycle.,An animal's tail is curled on the floor near a polka dot plate with cat shaped cookies on it.,Woman riding her bike down a small side path. A woman walking past a bar with a bicycle parked in front of it. A woman rides her bicycle down a narrow street. The woman rides her bike down a small alleyway.,0.7655746936798096,0.26008304953575134
"A tennis player playing a match and throwing up the ball, about to serve.",A table topped with hot dogs and fries.,A man taking a swing at a tennis ball A tennis match in progress with one of the contestants throwing the ball into the air getting ready to serve. The tennis player tries in vain to hit the high ball. A tennis player tosses a ball straight up into the air on a tennis court.,0.9269640445709229,-0.26962637901306163
A patio umbrella pointed inside out over a picnic table.,The vegetables and other groceries are collected in the white pale.,A wooden table with an inverted umbrella on it. A beige outdoor umbrella is blown upside down. A white umbrella that has been blown up the wrong way. An umbrella on a backyard patio is upturned from the wind. ,0.1356956660747528,-0.441989302635193
A dog jumping up into the air to catch a frisbee.,a motor cycle sits parked next to a bunch of other bikes,"Two dogs are playing on the beach catching a Frisbee.  Of two dogs, only one may be the victor. A dog catching a frisbee by another dog on a beach. Dog jumping up in the air to catch a Frisbee in the summer time.",0.9203269481658936,-0.2534957230091096
Person laying down reading a book at night.,Wrought iron bars over a round window in a stone building face.,An individual is holding a book and reading it in its bed.  A person laying in bed holding a book in their hand. A person laying in bed holding an open book. A person reading a book while lying in bed.,0.9884215593338013,0.22311830520629883
A dog sitting on a chair looking out a window.,The cars at the intersection are waiting for the pedestrians to cross.,A dog sitting on a couch while staring out a window. a white and brown dog is sitting in a red chair A dog is sitting on a couch with it's head turned to look out of the window.  A dog lays on a red couch as he looks out a window.,0.965582609176636,0.11626836657524109
This bathroom seems to be very dirty and old,Three benches sitting on a deck by the water.,A bathroom filled with toilets and a tub next to a sink. A dirty bathroom with two toilets and a sink.  A small very dark and dingy looking rest room with old equipment. This bathroom which includes a bidet is very dirty.,0.9635488390922544,0.47693851590156555
A man riding an elephant in the evening.,A group of people ski on a snowy mountain.,The elephant is walking around in the park. A man sitting on top of an elephant in a grassy area.  Man riding elephant outside under tree in front of building. An elephant sticking its trunk to the ground.,0.9194356203079224,-0.16075412929058075
Surfer riding the height of a full wave.,A herd of elephants  being herded into a river while tourists take photos.,A surfer is at the peak of a wave and circling around. a person riding a surf board on a wave A person that is riding a wave in the water. A person on a surfboard catching a wave in the ocean. ,0.8879375457763672,-0.2906259298324586
a man that is surfing in some waves ,"A slice of pizza, greens, two wine glasses with two bottles on the table ",Person surfing on surfboard with waves and trees A man on a surfboard riding the waves in a river. A man in a wetsuit is surfing down a river wake.  A surfer is surfing in a wave pool. ,0.9162007570266724,-0.02421603724360455
A bathroom with many green tiles line the walls. ,A black poodle mix is catching a toy.,"A green tile bathroom with sink, drawers, toilet, and window. A sink with wooden cabinets in a tile bathroom A bathroom with green tiled walls and a white vanity. A tiled bathroom with a white single sink vanity.",0.8845558166503904,-0.6764962077140808
A woman shows a man her cellphone while sitting. ,A BOY IS OUT ON THE PARK FLYING A KITE,two women sitting and looking at a cell phone  two people siting on a curb with a cell phone  Two women are sitting outside and looking at a phone. Two women discussing a cell phone while sitting on a garden edge,0.9858530759811399,-0.3380146622657776
A red stop sign leaning over on it's side.,A baby lamb is standing alone in grass,The Stop sign has been hit and is leaning to the side. A stop sign sits crooked in the grass outside. a stop sign that is knocked over in the grass A tilted signpost with attached street signs next to a road.,0.9166680574417112,-0.4125288426876068
A little in a hat sits on a bed.,A small black goat sits next to a white large goat.,A little girl laying on top of a bed on her stomach. A girl wearing a hat sitting on her bed.  A young girl sitting in her bed and smiling at someone. The young girl with the rainbow hat is sitting up in her bed. ,0.9075297117233276,0.46103233098983765
A baseball batter trying to hit a baseball.,two horses standing in the grass by a bighouse ,A left handed baseball player swinging a bat in front of a catcher and umpire. a baseball player swinging a bat at a ball  A man hitting a baseball in a professional baseball game. Baseball player hitting a ball with a baseball bat.,0.9282880425453184,-0.1219458058476448
Toilet paper stacked on he back of the toilet,There is a very large cake with fondant decoration,A bathroom that has a white toilet with the seat lifted up and various rolls of toilet paper on the top of the toilet tank. Toilet with seat up in tiled bathroom with door open. a bathroom that has a toilet in side it A public restroom with tissue sitting on top of the toilet.,0.978945195674896,-0.19712266325950623
a kitchen with a refrigerator a sink and a washing machine ,A group of birds that are standing in the sand.,"A washer, sink and a refrigerator all in a corner room? A kitchen that has a refrigerator next to a sink. The small area in the apartment is clean and ready for us to use. A small refrigerator, sink and a stove next to each other.",0.9393140077590945,-0.7654282450675967
A group of horses mill about on a beach.,A husky dog sits in front of his owner.,Many cows are standing and lying on a bench. A group of cattle walking and resting on a beach. many different animals on a near beach near the water an image of a herd of cows on the beach,0.5441038012504578,0.6422616839408875
A view of a beach with two surf boarders and a couple walking.,A pizza is on a white pan on a grill.,A group of people with surfboards walk on the beach. Several people walking on a beach carrying surfboards. a number of people on a beach holding surf boards A man in shirts carrying a surfboard to the water,0.9661772251129153,0.03003254160284996
A dog stands on top of a table in front of a group.,Young lady with her legs in the air laying on a bed in a room.,And animal stands on a table while a bear rides a bicycle. An animal on top of a table while a bear rides a bike. Animals and their trainers perform tricks on stage.  A white dog stands on a table at a dog show.,0.5880985260009766,-0.23031890392303478
There are two plates on the table in the dark room.,A clock tower and dome top an old skyscraper.,A man is sitting at a table with a plate full of food. A man is sitting at the table of a restaurant with a plate full of food. A man holding food and smiling with a full plate of food on a table.  A picture of a plate of food on the table.,0.810991644859314,-0.22502902150154125
A snowboarder grabs the back of her snowboard while jumping,"A long narrow plat holding a sandwich, waffle chips, and some salad. ",A snowboarder crouching on his board in mid air. A snowboarder and his board caught mid flight A man flying through the air while riding a snowboard. A snowboarder jumping a hill on a snowy mountain.,0.9827173948287964,-0.19146423041820537
A fire hydrant waits in front of a tall building.,A few people are walking on an Asian street filled with markets.,A red fire hydrant in front of a skyscraper An orange fire hydrant outside a modern office building A view of a modern building with skylight and a fire hydrant. a red fire hydrant with a building in the background,0.8690431118011472,-0.05336936935782444
A man and a little girl wearing snowboards. ,Two men are doing work in a bathroom.,There is a man and a young girl snowboarding  A male skier is posing for the camera while a young girl is in the background.  A man on snowboard standing by a mountain. A man and a child who are in the snow.,0.9314003586769104,-0.08021777123212825
Middle aged dark-haired woman on telephone with a teddy bear beside her.,A stoplight with a busy city street in the background.,A woman standing next to a drawing of a tree holding a teddy bear. A girl sits holding a teddy bear in front of a tree with red leaves. A girls sits with a teddy bear in front of a painting.  A woman holds a phone in her hand as a white teddy bear.,0.9066262245178225,0.10658124834299088
A close up several different colored ties and styles.,A man is typing on his computer while a sandwich and a bottle of coke is on either side of him.,A group of neck ties sitting next to each other. A group of ties consisting of different patterns and colors. An assortment of colored ties lie in a row. An assortment of different colored ties displayed in a row.,0.9163530468940737,0.16346465051174164
A tennis player in a pink outfit about to play a match.,A large statue of roman people and lions with a blue and gold clock in the middle.,Ms Williams is participating in the championship tennis match. A woman in pink dress playing a game of tennis. pretty lady in a pink tennis dress with crowd of large crowd A lady dressed in pink playing a game of tennis.,0.9237230420112608,0.0238645039498806
a man sitting in a stadium seat eating a hot dog,The door to the train is open at the depot.,"A man sitting at a game eating a hot dog. A man at a sporting event eating concession food. A man sitting in an arena, eating something from the concession stand. A man in a brown hat and a green coat sits in a stadium eating a sandwich.",0.9093919992446899,0.02990400791168213
Living room full of different vintage furniture and television,Green leafy vegetables and carrots laying on a bag.,A room cluttered with old furniture and old rugs. A bunch of different couches and chairs that are on a carpet. An open living room has a wicker rocking chair. this is a living room with furniture and rugs,0.9068999290466309,0.01884618028998375
A man lines up his shot while playing a video game,A group of people with their faces painted in makeup,A fat man is playing golf on the Wii. A man prepares to hit the ball in Wii golf. A man is playing a Wii golf game. A man holding a white Nintendo Wii game controller.,0.8250677585601809,-0.33746734261512756
The action in a baseball game is in full swing.,The computer on the desk was left on in the room.,"Men on a baseball diamond playing baseball, a man just swung A professional baseball pitcher reacting to a struck ball. a pitcher looking like hes going to fall as the batter swings his bat  A baseball game played by adults in uniforms.",0.8733537197113039,-0.07428018748760223
A backpack rests in a chair next to a bed in a motel room.,a motor cycle sits parked next to a bunch of other bikes,"A view of a bed, chair, and window treatments. A hotel room with a sleigh bed in it. A bedroom with a sleigh style bed and a chair with a foot rest in front of it. this room has a very large bed and a red chair ",0.9749034643173216,0.3417874574661255
An office with a cluttered desk and large window.,Orange cone and microwave sitting at the curb.,A desk holds a computer and leftover food containers. A messy office is equipped with a view of a rooftop and skyscrapers. Small office workspace with multiple computer monitors and office equipment.  a work desk with a laptop and a monitor on top,0.9939677119255064,0.7626525163650513
A peeled banana sitting on a wooden fence. ,Big Ben is next door to an apartment building. ,A banana peal on a piece of board. A banana hanging from the side of a wooden fence. A banana peel hanging over the top rung of a wooden fence. A banana peel draped over a fence board ,0.31441110372543335,-0.157419115304947
A pole holding various street signs in from of a building.,Two personal sized pizzas on a dining table in front of people. ,A street sign in front of a tall building with lots of windows. A street sign placed very close to some windows on a building. SIGNS ON A STREET CORNER IN FRONT OF A GREEN BUILDING There are street signs on a pole near a building.,0.9828977584838867,0.22850994765758514
An elephant wearing a saddle holds leaves in it's trunk.,A man wearing a suit is taking a self portrait with a camera.,an elephant is carrying some plants in its tusk An elephant is shown wearing a platform for riding. A large elephant standing next to a bunch of trees. An elephant with a saddle eats some food,0.7693667411804199,-0.20636650919914257
A bird is perched on a container in a person's hand.,Large bowls of banana bunches being examined by a female buyer.,A light brown bird perched on a cup someone is holding with trees in the background. A bird sitting on the edge of a cup being held by someone's hand.  Bird sitting on edge of ceramic cup being held by human hand. An exotic looking bird sitting on a cup in a persons hand.,0.9934423565864561,0.36446279287338257
A man without a shirt preparing chicken on top of a BBQ.,A large herd of animals on a grass field.,A shirtless man grilling a lot of chicken breasts. A shirtless man preparing chicken breasts on a grill. A man wearing no shirt is turning meat on a grill A man without a shirt is grilling some chicken.,0.91852343082428,-0.4556035399436952
a old building on St. Ann street ,There are bunk beds in the childrens room.,A street sign is posted near the two story building. A view of St. Ann street with a warning sign in front. A tall white house sitting on the side of a road. a green and white sign on a black pole and some buildings ,0.8962670564651487,-0.4792397618293762
A young man doing tricks on the street with a skateboard.,A small donut at the bottom of a ceramic mug.,a kid does a trick on a skate board  A man is riding a skateboard in the street. A young male skateboarder leaps above his board in the street.  This is a man about to fall on his face from failing a skateboard trick.,0.9044946432113647,0.41690701246261597
"A small powder room with a sink and vanity, toilet, mirror, and an empty towel bar.",A airplane sits on a run way at a busy airport.,there is a white toilet and a sink in this bathroom  A container of antibacterial wipes in a bathroom. A light that is on above a mirror. this small bathroom has white sink and a toilet,0.9312105178833008,-0.4483771324157716
A man is looking up as a large bird flies overhead.,"A kitchen with an oven, fridge and bowls on the table",A person standing on a walkway area and flying a kite in the air above him. A man flying a kite by a building. A man standing on a plaza looking at a bird flying above.  A man is standing outside next to large buildings.,0.9317614436149599,-0.45367693901062023
a white kitchen with a white stove and microwave,Half of a tennis court with two women on it and people in the crowd,"A kitchen with a white stove top oven. A kitchen with a stove, microwave, counters, cabinets and an opened pantry A stove and a microwave in a kitchen. A newly remodeled kitchen in a new home.",0.9819287061691284,-0.270137518644333
Several boats that are in a body of water.,A person waits with an umbrella as cars drive down a rainy street.,A group of boats floating on a body of water. A big ship docked at a dock across the water from smaller boats at a dock. large boast are docked at a small pier The coast guard sits at the dock awaiting any mayday calls,0.928691565990448,0.03543640300631523
A woman is tying her shoe on the bench,"three people in Japanese clothing, two are carrying umbrellas and all are wearing sandals and they are walking past parked bikes. ",The woman is tying her shoe on a bench next to a parked bicycle. A woman leaning down on a bench tying her shoe. a woman ties her show on a wooden bench  The woman is tying her shoe on the park bench.,0.8156194686889648,0.11697786301374435
A glass vase with white and pink flowers. ,A helmeted baseball player carries his bat on the diamond.,Pink flowers displayed in a large glass jar. A glass jar filled with a bunch of white flowers An close up of some pink flowers in a glass bottle. A close up picture of a vase and flowers in the vase.,0.9608226418495176,-0.6337157487869264
Two men looking at an old tow truck in a parking lot.,a rack full of closed umbrellas outside a shop,An old red fire truck parked at a car show with on lookers. A man wearing a cowboy hat standing next to an old red truck. Several men look at a refurbished pickup at a car show. Men gather around a tow truck at an antique car show.,0.918058514595032,0.2820388674736023
A cobblestone street has few patrons on it.,a couple of people sit on a beach together ,An empty street is lined with large umbrellas.  A sidewalk that has umbrellas and vendors on it. There is a white umbrella on a street. Two umbrellas that are sitting on the sidewalk.,0.8958842158317568,0.25796961784362793
There is a giraffe that is eating from the grass,A skier leaning to the side on a snowy hill.,A giraffe lowering its head to graze on some grass. A giraffe standing near trees and elephant ear plants. a giraffe grazing on a green grass area bordered with trees. Some giraffes feeding on some lush green grass near the trees.,0.9356299638748169,-0.19804854691028595
A brown and red themed living room setup. ,A young women chases the ball as other soccer players chase her.,"a living room filled with couches, chairs, tv, and windows a living room with a giant rug filled with furniture. a very nice room with beautiful crouch and a screen A living room with a couch, television, and a colorful rug.",0.7206947803497314,-0.532443404197693
Oddly shaped carrots hanging in front of other vegetables.,"The large kitchen has a stove, and a dual sink on the counter. ",A batch of very deformed looking carrots among a group of different types of vegetables. Fresh carrots hang tied together on a pole. There are some oddly shaped carrots hanging up Some carrots that have grown in an irregular twisty shape hang from a post.,0.8907482624053955,0.07306285947561264
Three giraffes standing in some tall grass with trees.,A very large plane is flying through the sky.,A group of giraffes that are standing in the grass. A herd of giraffe standing on to of a grass covered field. Giraffes in a stand of trees stare in the same direction. Three giraffes standing on a plain with a few trees,0.9201063513755801,0.08641922473907471
n open refrigerator door exposing all the food inside,A group of young girls playing a game of soccer.,An open refrigerator filled with lots of food. The refrigerator and the inside door are full of food. There is a refrigerator that is filled with food. Open fridge door displaying a wide selection of food inside.,0.9342216849327087,-0.5327699184417727
a man standing on his motorcycle by the road ,A white interior with an oven built in to it,A man in black shirt on a motorcycle in a street. a person sitting on a motorcycle on a city street a man ready to ride a motor bike on a street road A person on a motor cycle poses on the road.,0.6833893060684204,0.04408823326230049
Men and women running on a grassy field.,A person standing next to a metal urinal in a bathroom.,A large group of people running after a frisbee A group of people playing a game of Frisbee. this is people running in a grassy field A group of people playing frisbee on a field.,0.9397525191307068,-0.19637277722358704
We see a blurry picture of a person riding a bike through a field with some cows.,There is a very large cake with fondant decoration,A blurry and out of focus image of a person on a bike riding in a field  towards cows in the distance. A person riding a motorcycle in a cow pasture. A blurry photo of a boy riding his bike through the grass. Blurry picture of a boy riding a bike through a grassy field near some cows,0.9628927707672119,0.10537205636501312
A city bus traveling at dusk in a metropolitan setting.,I can see that the hitter just hit the ball.,Commuter buses parked in a lot outside an apartment complex. Two buses parked in a parking lot next to each other. A yellow bus parked in a parking lot. A yellow and blue bus is parked in a lot.,0.9735106229782104,-0.43236279487609863
A plane is flying in the sky over two houses. ,A small furry animal is being held next to a piece of broccoli.,A plane that is flying in the sky over two houses. A plane is flying over a dual house.  Two brown houses sitting next to a sandy beach. A plane is flying in the clear sky over some houses.,0.9129158258438113,-0.3434738516807556
a bathroom toilet upended into a white bathtub.,Baseball players at home plate with a large crowd watching. ,"A busted up toilet sitting inside of a bath tub. a white toilet sitting in a bathtub beside a hole in the floor  an image of a bathroom setting with a tub in the toilet A bathtub with a white, broken toilet sitting inside.",0.9343318939208984,-0.31813013553619385
a close up of a cake on a table,Two people playing a video game on a television.,A number of heart shaped boxes stacked on top of each other. A large triple layer cake with two glass birds on top of it. A wedding cake is decorated with love birds.  A heart shaped cake with a pair of dove decorations sitting on top.,0.9057582616806032,-0.46920114755630504
a gray black and white cat is sitting on a brown cabinet,A man riding an elephant in the evening.,A large gray tiger cat standing on a table. A cat next to a box full of lots of trinkets. A grey cat sits next to a shelf covered in nick-knacks. A cat sitting next to a table with small figurines on it.,0.9892730116844175,0.7792192697525024
A man on a motorcycle talking to a woman in an SUV on residential street.,A transport truck with a tarp covered trailer drive down the road.,A man riding a motorcycle next to a woman driving an SUV A man on a motorcycle is talking with a person in a minivan in a residential neighborhood.  A woman in a van and a man in a motorcycle pass by and talk. A person in a van with a canoe strapped to the roof stopped in the middle of the street next to a motorcyclist with a helmet on a motorcycle.,0.9350801706314087,0.5859206914901733
Group of cows in a field near a water trough.,A man carrying a bag walking down the train tracks. ,A herd of brown cows standing in a field behind a wire fence. A herd of cattle wait to drink at the trough. Group of brown cows all grouped together in front of a wired fence. Several cows drinking water from a  water receptacle.,0.9253736138343811,0.19176222383975983
A large building with a clock tower and dome on top.,The man is eagerly biting into a large sandwich.,A stone building has a tall clock tower. Old stone building with a clock tower and a steeple An older building with an attached clock tower and green roof. A tall building with a clock on the front of it,0.979880213737488,-0.41354817152023315
A surfboard on a stump in weeds in a backyard.,A doll sitting on a chair at a small table.,A surfboard is recycled into a unique planter. A surfboard has been incorporated into the landscaping. A piece of a surfboard on top of rocks in a lush green yard. a surf  board on top of a tree stump,0.6466296315193176,-0.11894731223583221
A street light pole with traffic and Stop signs,Three children are seated next to each other and reading books.,"A stop sign is next to an electronic traffic signal. A picture of a stop and go light with a stop sign next to it. a traffic light that is red, waiting to change colors. A red stop light that has a red stop sign attached to it.",0.9707697033882143,0.005362365394830704
A flat screen TV sitting on top of a shelf in a living room.,A woman in her house with a bowl. ,A dog standing by a television in a room. Small white dog standing on its back legs watching a television. A dog watching another dog on a television at home A small dog on its hind legs looking at a television,0.735924243927002,0.1210988312959671
An older style light pole with a no parking sign attached to it.,A giraffe standing in a cage at a zoo.,"A light that is above a white sign. The lamp post has a no parking sign on it. A light post with a no parking sign posted on it. Decorative street light with ""no parking"" sign, next to a wall.",0.8390768170356753,-0.5755100250244142
A room under construction with an unfinished shower and plumbing for the sink.,Office chair in front of laptop on small desk in messy office.,A bathroom with a walk in shower currently under repair. A photograph of a bathroom undergoing major renovations. Interior shot of bathroom in the process of remodeling. Picture of bathroom being remolded where sink has not been installed. ,0.8328714370727539,0.031864017248153687
A couple of white bathroom sinks mounted to a wall.,Baseball player in white uniform on a baseball field. ,A mirror shows another light in a background of a wonderful bathroom A couple of sinks with brown tile and a decorative mirror. a couple of sinks in a bright colored bathroom two sinks under a mirror and a light on a wall,0.880223214626312,-0.672279715538025
a kitchen counter with a microwave and a sink,The portrait is anachronistic in that a Victorian lady is photographed with a laptop computer.,"A microwave oven sitting on top of a counter top. A stainless steel microwave on a kitchen counter top Microwave sitting on a counter with other kitchen furnishings around it A kitchen counter has a microwave, sink, and dishwasher.",0.97211754322052,0.5070021152496338
Several people on a beach flying their kites.,Large bowls of banana bunches being examined by a female buyer.,A group of people flying kites at the beach. people on a sandy beach flying multi-colored kites People flying high kites on beach with city background People together on a beach flying several kites.,0.9812434315681455,0.20753292739391327
There is a plate filled with fries and sandwiches.,a hummingbird feeder sits in a tree branch,"There is a lot of food to be eaten on this plate. a close up of a plate of food with a sandwich The large sandwich plate features several different ingredients, A plate with a panini sandwich and french fries.",0.965166449546814,0.06602843105792999
A group of young people standing next to a field by a herd of sheep.,"A white cutting board with a head of broccoli and a bag of carrots.
",Black and white photo of people looking at animals grazing. A group of tourists watch a herd of sheep in a field. Black and white photograph of people observing sheep in a field Men and women sitting outside of a sheep enclosure.,0.8200414180755615,0.08527549356222153
A thick sandwich on a plate with a fork and a pickle.,A dog takes a nap on some very snugly blankets.  ,A large sandwich filled with meat on a plate. A reuben sandwich with cheese melting down it and a bitten pickle. Large meat sandwich with sour kraut on white plate. A toasted sandwich with a tall pile of red meat in it.,0.6944315433502197,0.1781579554080963
A black and white image of an old fire hydrant on a side walk.,An animal's tail is curled on the floor near a polka dot plate with cat shaped cookies on it.,A gray fire hydrant sitting next to a brick wall. A fire hydrant jutting out a sidewalk next to a wall. A fire hydrant on a sidewalk sits before a stone wall.   A fire hydrant on a sloping sidewalk against a wall.,0.8095679283142088,-0.7456313371658325
a little dog jumping up towards a frisbee someone is holding,A young person laying down on a surfboard riding a wave.,A small white dog catching a green frisbee on a lush green field. A small dog trying to grab a frisbee from someone Small dog waiting for green frisbee to be thrown. a small dog jumping up to reach a frisbee,0.9254015684127808,-0.504955291748047
The city bus has stopped at the side of the road. ,Two personal sized pizzas on a dining table in front of people. ,a purple red and white bus a man walking and some buildings A large bus on a open city street. a bus and a man walking at a bus stop Guy walking to catch the bus waiting at the stop,0.7597523927688599,0.6190523505210876
Two men in a cozy living room playing a video game.,a long boat being used for a green house,Two men are playing video games in their home. Two people standing up while playing a video game.  Two friends are playing wii in the living room. A couple of men standing in a living room next to each other.,0.7849839329719543,-0.04383415728807438
A herd of elephants walking in a wooded area.,a lady is about to put an automatic tooth brush in her mouth,The group of elephants are in an area with green grass.  A group of elephants walking in the grass near a tree. A herd of elephants are walking though a forest. some little elephants standing around a few trees ,0.984745502471924,-0.2985156774520874
a long red bus is parked by a building,A man is swinging at a baseball at the batting cage.,A very long red bus driving across a parking lot. An articulated bus in a parking lot in a large city A very big red city bus by a big building. a red bus that is parked next to a building,0.9384090304374697,-0.18504352867603302
a hummingbird feeder sits in a tree branch,A slice of pizza and some salad on a white plate,An orange and yellow flower sitting in a see through humming bird. A flower is next to a small glass bird. Bright yellow flower mid bloom with glass bird. A glass bird has a yellow flower in it.,0.5577636957168579,-0.16362093389034282
two giraffes sitting in the grass next to each other,A lifeguard sitting on his tower under an umbrella. ,Two giraffe standing next to each other in a field. Two giraffes are climbing a hill with mountains in the background.   Two giraffes standing in a brush covered area. Two giraffe are standing near each other in tall brush.,0.824256896972656,0.1881568431854248
a fancy vase holding onto a single flower ,A rusted train driving into a red bike.,An orange flower sitting inside of a picture frame. An orange flower resting in an oddly shaped vase. A rose is poking out from a modern vase. A flower placed in a uniquely shaped vase.,0.6965833902359009,-0.6230576038360596
A table with plates of food sitting on it.,a long red bus is parked by a building,Many plates of different foods are on the table. A table served with bread and various plates of food A variety of food is sitting on the table with a few drinks.  Several partially served plates of food sit in the middle of a dining table.,0.9542678594589231,0.3401426672935486
black and white image of a person crossing a street holding flowers,A black poodle mix is catching a toy.,A woman is crossing the street with a bouquet of flowers. A black and white picture of a lady with flowers crossing the street. Black and white photograph of a person holding a large sheath of flowers A person holding a bouquet of flowers crossing a street at a traffic light.,0.9536101818084717,0.34646227955818176
"A living room featuring a dark brown leather couch, a tan leather couch a coffee table and a stereo system.",A large amount of people sitting at a table with food,"A couple of couches and a coffee table sitting by a window in the living room. A living room with a brown leather sofa set arranged around a coffee table and T.V. console. The living room in the house is empty. A living room with leather couches, and a view of two windows with blinds.",0.8396453857421875,0.38121598958969116
A little girl wearing a white tennis outfit swinging her racket.,A woman sitting in a crowd checks her cell phone., a small child holding a tennis racket with two hands Girl with tennis racket near yellow plastic tape. a kid is holding a tennis racket on a court A little girl in a whit suit holding a tennis racket.,0.746029257774353,0.2950437068939209
Two donuts are on the brown paper bag next to a cup of coffee. ,A container with a meat sandwich and fork is sitting on the grass.,Two donuts sitting on top of a paper bag on a dinner table.  Two donutes and a cup of coffee are placed on a table. Two doughnuts on top of a paper bag and a cup of coffee in a mug. Two doughnuts and a cup of coffee on a table.,0.7382718324661255,0.8600137829780576
There are bunk beds in the childrens room.,a lady is about to put an automatic tooth brush in her mouth,The bunk beds are made up with the same bedding.  Small bunk bed in the corner of a bedroom. a small wooden bunkbed sits in the corner of a room near some windows. a bunk bed sitting in the corner of the bedroom ,0.9840995669364927,0.04906921833753586
A crowd of people flying colorful intricate kites.,A cow stands if front of a white wall.,Some very colorful and large kites being flown on a beach. A group of large kites and balloon floats flying in the sky. People are on the beach while several kites are flying. Colorful kites flying over a beach on a sunny day,0.8609236478805544,0.47854843735694885
three cats and the withe and brown one is looking into the camera,A boy stands at the edge of the ocean with a frisbee,Three cats resting on a blanket covered bed next to a shoe rack. Two cats are sitting on a bed with a rack of shoes in the background. Three cats hanging out on a bed in a bedroom. A cat photo bombing a picture of other cats sleeping on a bed.,0.8571100234985352,-0.6379010677337649
The man is eagerly biting into a large sandwich.,A man is on a ski slopes on a blustery day.,a man biting into a sandwich while seated at an outdoor table. Man hold up deli sandwich along with condiment and drink. a man takes a bite out of a large sandwich A man takes a bit out of a submarine sandwich. ,0.7558419704437256,-0.20671267807483684
A woman sitting in a crowd checks her cell phone.,A group of cows that are standing in the grass.,A woman with a space shuttle patch checking her cell phone. A woman dressed in black is looking at her phone.  A woman looking at a table pc sitting on a table. A well-dressed woman wearing a Nasa pin looks at her cellphone while sitting in an audience. ,0.9643805623054504,-0.5657304525375366
Two people who are sitting on a bench near the water.,A few people are walking on an Asian street filled with markets.,some people are sitting on a bench in front of a boat A couple are sitting on a bench next to a lake A white sail boat sitting on top of a body of water. A pair of people sit on a bench watching a sailboat pass in the distance.,0.9094710350036621,0.17142817378044128
A large pot that is on top of a stove and being used for canning.,Several young women playing soccer on the field.,Canning tongs lifting a jar out of the water bath. Jars of food are being canned in a pot of boiling water. A large metal pan sitting on top of a stove top oven. a close up of a large pot cooking food ,0.49568265676498413,-0.18017442524433136
Two men running for a soccer ball on a field.,"Zebras, giraffes and camels stand under trees in a large enclosure.",Two men who are standing in the grass near a soccer ball. Two young men play a game of soccer on a field. A couple of boys playing a game of soccer. Two men engaged in a soccer competition on grass,0.7457680702209473,0.7005261182785034
Yellow fire hydrant covered with plants outside of home,City bus with passengers boarding for Ballston Station.,Fire hydrant covered in flowers near stucco house. A flowering plant grows over a fire hydrant.  A yellow fire hydrant is covered by purple flowers. a bunch of flowers that is around a house,0.8237047195434568,-0.18820048868656158
A herd of cattle are eating in a field.,two cows walking from a field into the road,A herd of cattle grazing on a lush green field. Several cows are seen grazing in a huge field. Cows grazing in a field on a sunny day  Beautiful green pasture with cows grazing and blue skies.,0.7471777200698853,0.15072695910930634
A fire hydrant in front of a wall with a barred window.,Two men playing video games together in a room,A red fire hydrant placed near a building A red fire hydrant between two barriers next to a wall. A small window and a red fire hydrant between two bike racks. The red and green fire hydrant is in front of the window,0.7888803482055664,0.14438855648040771
a lady on her bed with a laptop smiling,A cat sits on top of a closed laptop. ,A woman laying in bed while using a laptop computer. A woman in a polka dot top laying in a bed A woman laying in a bed with a laptop computer open and on her lap area. A woman propped up in bed using a laptop computer.,0.5656129121780396,0.5549449920654297
Fuzzy picture of people walking and a boy on a skateboard.,a long red bus is parked by a building,A young boy rides his skateboard amongst pedestrians. A boy standing on top of a skateboard with people standing around him. A young man riding a skate board down a busy sidewalk. A boy rides a skateboard on a sidewalk.,0.9699647426605225,0.16365139186382294
A large mountain range partially covered with snow.,A woman sitting in a crowd checks her cell phone.,A black and white picture of hills or mountains  A black and white photo of mountains and the sky  .  A black and white photograph of mountains with snow. A black and white picture of the top view of a snow capped mountain somewhere.,0.988355338573456,-0.11121559143066395
A couple of bottles of booze sitting inside of a refrigerator.,A table is filled with many snacks and treats. ,"Open refrigerator and freezer containing only two bottles of wine. Two bottles of champagne sit in an empty fridge.  two lone wine bottles are in an empty refridgerator  An empty refrigerator, except for two bottles of wine.",0.641108512878418,-0.3951779007911682
A airport runway with a large plane and cars parked on one side.,Professional baseball player about to throw the ball,a white plane sits on a tarmac near a row of parked cars a large plane is sitting the runway with other cars A airplane that is outside on a terminal. A large commercial plane parked near some vehicles.,0.8705613017082217,0.5328402519226074
"A computer desk holding a computer monitor, a keyboard and a cup of coffee.",The city bus is traveling down the road.,A desktop computer in a kitchen with a lamp next to it. A modern computer desk with computer and accessories. A computer sits atop a computer desk with a coffee cup. A office desk in room with multiple items on it,0.9854221343994141,0.19724197685718536
A birthday cake that is decorated with plastic figurines and flowers.,A man on a snowboard does an air trick.,A cake with icing and cartoon cake toppers. an iced  birthday cake with a number candle on a table with a pink tablecloth.  A birthday cake and some birthday presents sitting on a table. The young child received a birthday cake with Dora decorations.,0.7828677892684937,-0.45907697081565857
A street sign next to a streetlight and camera,an elephant using his trunk to move a log,"A stop light that has a street sign on it. A street sign named balloon museum site on the pole. A picture of a street sign that says ""Balloon Museum"". A tall street light, camera, street sign combined into one.",0.9934519529342651,0.013598859310150146
"A few notebooks, inhaler, cell phone, ipod, pens, keys and a bag on the floor.",a laptop is sitting on a blue bed,"A collection of items from a bag laid on floor. Items from a green tote sit on the floor and include a cell phone, an Ipod, a green folder, keys, pens and a few other items. the contents of a bag laying organized on the floor  A collection of items one might find in a woman's purse.",0.8299887776374817,0.4816003441810608
A bird flying over the ocean in front of a wave.,A bunch of zebras grazing near a road where vehicles are driving by.,a bird  with a long beak flying low over the ocean. A water bird flies in front of an ocean backdrop. a bird flying across some water at the beach A bird that is flying by the ocean.,0.9117109775543213,0.6440660357475281
A truck with many painted decorations is parked in a desert.,A baby lamb is standing alone in grass,"A large colorful truck with a with a wooden building on it's back. An old truck with no passenger door with tires and body painted in different colors. An old truck, painted over blue in the desert A truck with a barn on its bed painted in various colors.",0.8086556792259216,-0.21037036180496216
A truck with some random things in the back,An airplane sitting at a cold runway being unloaded.,"A small calf is in a pen with bails of hay. A truck with an animal, hay, and other containers in the back. An old metal box with rolls of twine A cow in the back of a large truck.",0.8314960598945615,-0.4944220185279846
a man and a woman are standing with some bikes,A woman stands behind a cake and baking decorations.,A couple of people with some bikes on a street. A man standing next to a woman as they stand near bikes. A man and woman with blue shirts and bicycles on a sidewalk. A man and woman on bicycles are looking at a map.,0.9404665231704712,-0.36469730734825145
The cat is peering out of the window.,a small plane on an air port run way,a cat on a couch near a window  An orange and white cat standing on top of a window sill. Cat standing on back of couch looking out window. A large cat up on a window sill.,0.9868881702423096,-0.4963611364364624
A full view of a living room filled with pink color. ,A view of a cat getting fur all over a chair.,A pink doll house filled with miniature furniture. A room with pink walls and white display shelves and chair. an image of a bedroom with floral print a bedroom filled with pink and white cabinets,0.8246291875839231,0.32386326789855957
a small bathroom with floral wallpaper and a full trash bin ,A family of four sitting on an outdoor sofa,A small bathroom with a toilet and a sink. A toilet and sink near a window in a bathroom. A white toilet sitting in a bathroom next to a sink. a blue tissue box on a white toilet,0.9009482264518736,-0.20586532354354858
Several different animals stand and graze in a field.,"Fruit, bacon, boiled egg, and a bagel with cream cheese. ",Several cows in a field on a sunny day. There are many animals here on this land  There are a couple of animals walking across the field. Steers are walking on a dirt path through a barren terrain.,0.8362094759941101,-0.35259318351745605
a man playing with a Frisbee playing in the park,A herd of elephants eating from a grove of trees.,A man wearing shorts is running through the woods playing frisbee golf. A man in black shirt with frisbee in a forest area. A man catching a Frisbee that was thrown to him in a game of Frisbee Golf. A man playing golf frisbee in a wooded park area.,0.8472935557365415,-0.24564026296138763
Two different slices of pizza with tissue paper under it on a paper plate.,a child with a tooth brush in a persons mouth,there are two slices of different pizzas on a paper plate Two slices of different kinds of pizza are on a plate. There is a piece of pepperoni pizza and a piece of sausage pizza. A plate of two different types of pizza slices on a table,0.964841902256012,-0.4592358469963074
Two hot dogs in foil loaded with toppings.,a man and a woman are standing with some bikes,Two hotdogs in open aluminum foil with various condiments. Two loaded hot dogs beside each other wrapped in tinfoil. A hot dog with sauerkraut and onions in tin foil A couple pieces of tinfoil topped with hot dogs.,0.9644240736961365,-0.05856475234031677
there are many people sitting at a table eating,A professional baseball player pitching a ball at a game.,people sitting around a table eating dinner at a restaurant A group of people sitting around a table eating food. A group of people eating food at a dinner table. A group of people enjoying a meal at a table.,0.8808568120002744,-0.548189401626587
"An tall, ornate church with lots of windows dominates the scenery.",A shirtless smiling man skates down a street with his skateboard.,An old ornamental building features many beautiful windows and a clock. A tall building has a clock on its tower. Looking up at the architecture of a church with a clock steeple An old church complete with a steeple and clock tower.,0.7810349464416504,0.1669994443655014
A cave is situated in a rocky wall.,he'll be coming down the mountain on his skis ,an animal laying down on top of some rocks. A cave on a side of a rocky hill. A cave located on the side of a mountain side. A cave in a rock wall near a body of water.,0.8190944194793703,-0.12813544273376465
Double Decker bus stopping at a bus stop with people. ,A man riding a surfboard on top of a wave.,People standing on a sidewalk near a parked bus at night. A double decker bus parked near a bus stop. A double decker bus pulling up to a bus stop.  Double decker city bus stopped and taking on passengers.,0.8550395369529724,0.37981170415878296
Bald man wearing suit and corsage talking to woman in red dress.,Living room full of different vintage furniture and television,Two people sitting at a table having a conversation.  A man and a woman sitting at a table having dinner. A man sitting next to a woman at a table  A man and woman sitting at a table talking,0.5002442598342896,0.5949428081512451
A plate of sandwiches covered with plastic wrap.,a bathroom toilet upended into a white bathtub.,"A plate filled with little sandwiches covered in plastic wrap. A plate of sandwiches at a covered in plastic wrap The cut sandwiches are on the plate, covered by plastic wrap. A plate full of sandwiches that are wrapped in plastic. ",0.9876856803894041,-0.09958001971244823
A baby chews on a yellow hairbrush while sitting on a sofa.,Many books are scattered across a bed spread.,YOUNG CHILD HOLDING A BABY HAIRBRUSH TO HER MOUTH a small child is holding a yellow toothbrush A young boy putting a brush in his mouth. A young baby chewing on a yellow hair brush.,0.7450714111328125,0.2702399492263794
Green leafy vegetables and carrots laying on a bag.,Middle aged dark-haired woman on telephone with a teddy bear beside her.,A pile of broccoli and carrots sitting on a  wooden table. A bunch of different vegetables on a white cloth. Vegetables and greens laid out on a cloth.  A batch of lettuce and carrots sitting on a chair.,0.8919674158096311,0.16884249448776245
A cat hiding behind a bunch of boxes next to a laptop.,a man that is walking down a sidewalk,A cat sitting behind storage containers and a computer. A black and white cat hides behind a laptop screen and some drawers. A cat is peaking around from behind a computer monitor. A black and white cat is staring out some storage containers.,0.9936142563819887,-0.2225426733493806
A mixer is pictured on a wood counter top and a tile back splash can be seen in the background.,A dog takes a nap on some very snugly blankets.  ,Kitchen appliance in use on wooden counter top in cooking area. A food process sitting on a counter that has a mixture in it. Blender with white puree inside on kitchen counter a blender type mixer sitting on a cabinet,0.09054221957921982,-0.08862423896789562
"Fruit, bacon, boiled egg, and a bagel with cream cheese. ",A man wearing a suit is taking a self portrait with a camera.,"A glass container with different compartments filled with food. A serving dish with four compartments containing a bagel, a hard boiled egg, bacon and fruit. An organized lunchbox with partitions, filled with healthy food. A breakfast tray with fruit, bacon. eggs, and a bagel.",0.9199865460395813,-0.049393072724342346
A bunch of folks standing by a food truck.,Girl using her laptop computer while laying on a bed.,"People in line in the street at an ice cream truck.
 A group of people standing outside of a blue ice cream trucks. People standing at the ice cream truck waiting to get some. A line iof 6 people is formed at the pink ice cream truck.",0.7361932992935181,-0.13360877335071564
Modern bathroom with stone sink area and tiled walls.,A white plate topped with food sitting on a table.,A small bathroom with marble tiles and counter. a toilet with the toilet seat left up and the sink next to it The black and white photo shows a toilet and a bathroom sink. a toilet a sink a counter a mirror and some toilet paper,0.9264283180236816,-0.3906107842922212
A purple bathroom with three sinks and a purple countertop with a mirror surrounded with light bulbs.,a room with a sink and a bathtub and towels ,"A small bathroom with a mirror and sinks. A rest room with three sinks and a well lighted mirror. A nice lighted bathroom has three fancy sinks. A bathroom with mirror, hand dryers, and multiple sinks.",0.9426327347755432,0.9017137289047239
A blender sitting on the side of a grassy area.,a kitchen with a refrigerator a sink and a washing machine ,A blender sitting next to a field full of grass. A close up of a blender outside on the sidewalk. A blender sits on the concrete next to some greenery.  A large blender sitting on a sidewalk by a lawn.,0.9641655087471008,-0.3585873246192932
Many different birds are eating food out of different kinds of bird feeders.,A man at a restaurant table getting a slice of pizza. ,A next of bird feeders filled with lots of birds. A collage of pictures with different type of birds in feeders. Birds eating from various type of bird feeders Various photographs of birds feeding from bird feeders.,0.867732048034668,-0.13928261399269104
"Potato's, vegetables, and meat sitting on a plate.",A woman sitting in a crowd checks her cell phone.,"A plate topped with meat, eggs and potatoes. a plate with meat, eggs, and some mixed veggies The displayed dish includes potatoes and green vegetables. A close up of a mixture of food on a plate. ",0.7886182069778442,0.19501608610153198
The man is sitting on top of the elephant.,a horse playfully rolls around on the grass as a person watches.,A man sitting on the back of an elephant sitting on the ground reaching for the man with its trunk. A young man who is sitting on top of very large elephant. A large gray elephant laying on top of the ground. A man is sitting on a squatting elephant.,0.9291045665740969,0.5013062953948975
A small black goat sits next to a white large goat.,A middle aged man is playing with a WII game.,Couple of sheep relaxing in a fielder brown a couple of sheep are in a grassy field A view of a baby goat standing and a mother goat sitting in a field. A large white sheep laying next to a baby sheep.,0.8176633715629575,-0.11076182126998901
A street sign stating Water St. with flowers underneath.,an image of a big cabinet in a living room,A street sign surrounded by beautiful potted flowers in bloom. A street sign hanging with a pot of flowers. A street sign for Water St. is seen festooned with flowers. Flowers are all around the sign that says Water Street.,0.9546858072280884,-0.20239026844501495
A herd of elephants eating from a grove of trees.,A man flying into the air while riding a skateboard.,A zebra standing next to an elephant next to some trees. The elephant with the herd is stretching it's trunk upwards near a tree.  A group of elephants feed in some trees. Several elephants eating leaves on trees at a zoo.,0.8371226191520689,-0.438088595867157
Bride and groom teddy bears on top of a table.,A stop sign with another message than it's true one.,A table with a couple of bears on it. a stuffed white bear is on a table two white teddy bears on a white table A table with two teddy bears sitting on it with writing on them. ,0.8878663182258608,-0.04033980146050464
Woman in a bikini plays with her dog in the surf.,A cat is walking on a rug in a living room,A woman and a black and white dog on the beach. A woman in the ocean with a black and white dog. A beautiful woman playing in the ocean with her dog. The woman is in the water with playing with her dog. ,0.8732457160949707,-0.575706422328949
Breakfast foods on a plastic tray at an outdoor cafe,There is a plate filled with fries and sandwiches.,"A tray of food sits on an outdoor table.  a black table with purple tray with a drink and food on it There is a tray full of food and a cup of water on the tray. Eggs, bacon and sausage in a paper trough. ",0.5901834964752197,0.4788404107093811
People standing in line by several food trucks parked on the street,A man looking down at a baseball bat that he is holding in his hands ,People look at various food trucks in the city. People stand in line at food trucks in a city. A group of people are standing together in the street near a food truck A crowd of people are waiting in line for food.,0.9790610671043396,0.05998767167329788
A street corner with traffic lights and cars.,A skier launching from an extremely steep slope on a sunny day.,A street area with a building and cars. A street corner with a store that shows open for 24 hour. A business on the corner of a big busy city street. Poplewalk on the sidewalk near the colorfully striped building.,0.9220597743988039,0.07896807044744492
A man sitting on a motorcycle near several bicycles with a partially visible person standing nearby.,A group of men during a baseball game with wall in the background.,"A man standing next to a bikes and a motorcycle. Two parked bikes on a sidewalk with a person riding a motor bike. A person standing by a bicycle as a motorcycle drives by. Parked bikes on a beautiful, picture perfect, sunny day.",0.7572610378265381,0.20807719230651855
A blue dump truck sits parked on a residential street.,A man and a woman sitting on steps in front a building with food. ,The blue dump truck rides down the street next to the houses. A blue dump truck traveling down a street past tall houses. A blue truck parked on the road near houses. Dump truck alone on road with buildings and bare trees and shrubs behind it.,0.1672920435667038,-0.2783846855163574
A line of horses are walking around a river.,a big crowd of people some are flying kites,Group of white horses walking next to a river. a painting of a row of white horses walking in a line along a stream. many horses walking on a path near a river Horses travel along in a line along a river. ,0.9584294557571411,0.27018916606903076
the black bears are fighting in the water,Fuzzy picture of people walking and a boy on a skateboard.,Are these black bears fighting or have they found their dinner? Two bears are playing in the lake while another is still.  two bears are brawling in a shallow lake Two bears in a lake wrestling for food.,0.8338163495063784,-0.6601191759109498
A man riding a skateboard through a forest.,Two personal sized pizzas on a dining table in front of people. ,A man riding a skateboard while a woman videotapes it. A man riding a skateboard touching the street. A man on a skateboard with a woman filming A man wearing a helmet performs a skateboard trick for a woman with a camera.,0.6753343343734741,0.051631420850753784
A pizza is covered in greens and some kind of meat.,A white interior with an oven built in to it,Crust topped with meat and vegetables on a stone pizza board. A pizza on a cutting board is topped by vegetables. A pizza topped with lots of veggies on a wooden table. A large pizza covered in vegetables and bacon,0.8505202531814575,0.10689913481473923
Two people walking along a side walk next to a train on the tracks.,A man holding a cell phone at a counter with phones for sale.,A couple of people that are standing near a train. A train is traveling on the railroad alone. two people waking past a black and yellow train car A trolley train is traveling on a track along the beach. ,0.8209512233734129,0.21738708019256592
"A body of water containing boats, kayaks and people.",A female tennis player is stopped for a picture as the crowd watches down court.,"A LOT OF PEOPLE ARE ON BOATS IN THE WATER  A bunch of people at the water swimming, canoeing, and boating.  Lots of people taking in the beautiful day on the water. Several people are on a lake with kayaks, boards, and boats.",0.9442855715751648,0.5192413926124573
A dog carrying a frisbee in its mouth in the water.,A surfboard on a stump in weeds in a backyard.,A dog in the water has a purple Frisbee in his mouth. a dog with a frisbe in its mouth walking through the water  A dog that is in the water with a frisbee. A dog is holding a frisbee in the river.,0.9950916767120359,0.689084529876709
A man tinkers with his motorcycle in a parking lot.,A man is on a ski slopes on a blustery day.,"A red all terrain vehicle next to a man with a green dirt bike. A man riding a motor cycle, four other motor cycles, two cars and a truck. A man bending down to fix his motorcycle in a parking lot. The man is working on the green dirt bike. ",0.9225034713745119,0.16994959115982056
A man skies across the water behind a boat. ,A doll sitting on a chair at a small table.,A man is water skiing behind a motorboat. A guy wearing green shorts and water skiing.  a water skier in green trunks is water skiing a man waterskiing behind a white boat on a lake,0.972770035266876,-0.49486103653907776
A zebra has its neck turned and is looking to its side,A street scene with focus on an intersection with traffic lights.,The zebra is wondering about the shadow that he sees. A zebra facing away from the camera and staring down. A zebra that is standing up in the dirt. A zebra looking down at a grass and dirt filled ground.,0.9292129278182983,0.28189510107040405
A small toilet bowl on display in the center of a room,One cat lies on a red blanket and is looking at another one.,Artistic toilet piece sitting in the center of a museum gallery.  A toilet seat turned into a piece of artwork at a art room.  Tall toilet covered in artwork and seat shaped like a instrument.  A modern art piece on display in a museum.,0.858380913734436,0.27387940883636475
a person sitting on steps with a cell phone ,Broccoli and cauliflower florets cut into small pieces and spread around.,A man sitting in front of a doorway holding a cell phone. a man sitting on the steps using his cell phone Man sitting on last step in front of door while holding his phone. A man uses his phone while sitting on the front step of his house,0.9820543527603152,-0.04013410955667496
A couple of people standing on a beach flying a kite.,"A bird with seed in its mouth, getting ready to fly away.","There is no image to describe for this question. A being is doing something as of right now that is splendid. 
 People on a beach fly a kite near the water a couple is on the beach on the waters edge flying a kite",0.817737936973572,-0.013843575492501148
There are people riding bikes on the street.,A rainbow of kayaks arrayed on the sand flats at the water's edge.,A group of parked bikes sitting on the side of a road. There is a street corner with street signs and bikes parked nearby. some red and white street signs and two people on bicycles a group of bikes that is parked outside a building.,0.8002834320068359,0.4020727276802063
Man thoroughly enjoying the use of a hair dryer.,Cows grazing in a field of dry grass by snowy hills,A man in the bathroom enjoying using the hairdryer. A man is using a hair dryer on himself. Man singing into an electric hair dryer in the bathroom A man with long hair using a blow drying in a bathroom.,-0.13952545821666718,-0.625782608985901
A motorcycle moves forward down an empty street.,A colorful bus sits in a small fishing village. ,"Riding a motorcycle down a street that has no one else on it. The view from a motorcyclist's point of view, looking down a street. A man rides a motorcycle down an empty street next to houses. The view of the street from the perspective of the rider of a motorcycle",0.49438410997390747,0.01050299871712923
Snowboarder in mid air jump going down a mountain.,"A laptop, monitor, printer and tablet on a desk.",A woman flying through the air while riding a snowboard. A person is riding high on a snowboard near a mountain. A woman in midair as she snowboards down a hill in the mountains. A female skateboarder is in mid air doing a trick.,0.8742064237594604,-0.39686375856399536
Two people are pausing for a moment on the slopes.,A mouse sits next to a keyboard on a white surface.,Pair of snowboarders resting and checking map on snow covered slope. One snowboarder reads a map while two others rest. A man wearing a helmet and goggles on a snowboard reads a map while another snowboarder sits behind him. There are two snowboarders one of them is sitting on the ground,0.8428630828857424,0.5271368026733398
A homeless persons shopping cart filled with items.,Donuts and pastries sit on trays in a store.,A grocery cart filled with clothing and sheets sits next to some boxes under a tree on the sidewalk of a city street near a bench. a shopping cart on a side walk near a city street A full grocery cart sitting on the side of a road. A grocery basket parked near a bench along a public street.,0.44384580850601196,0.36399775743484497
A boy sitting on top of a luggage cart with a smile on his face.,A family of zebras standing in a field of grass.,"A young boy sitting on the back of a cart filled with luggage. A small boy sitting on a luggage cart A little boy riding on a pile of luggage on wheels. A young, small child sits on a luggage carrier.",0.8829370737075808,0.2166883796453476
"A man in a red shirt, on a beach, throwing a Frisbee.",A kite flying in the sky under a blue cloudy sky.,A man walking across a beach tossing a frisbee. A man on the beach is playing Frisbee. A man is playing a game of frisbee on the beach. a man in a red shirt at the beach playing frisbee,0.978283762931824,0.896477460861206
a man rides on top of a race horse ,The yellow fire hydrant is rusted on the sidewalk. ,a person riding a horse on a track a man stands up on the stirrups on top of a horse Jockey riding a race horse on a runway. A person riding a horse down a race track.,0.9711504578590393,-0.11861976236104965
Two men in military uniform talking to some women.,The city bus is traveling down the road.,A couple of women standing next to a couple of soldiers. A man and woman talk to two men in front of an airplane.  Two women greet two pilots in front of a plane. Two men in uniform talking to two people near airplanes. ,0.7030390501022339,-0.48284876346588135
A small child standing next to a large wooden surfboard.,two cows walking from a field into the road,Children pose around a surfboard in front of a lifeguard station. the girl is standing next to a very large surfboard  s small girl is standing in the snow for a picture A young girl stands next to a surfboard on the beach while a young boy stands behind it.,0.982697665691376,0.7901239991188049
A woman with a cast on her arm lying in a hospital bed.,Photo taken at dusk with colorful objects at are lite up.,A woman laying in a hospital bed with a broken arm. A woman in a hospital bed with her hand in a cast. a close up of a person laying in a hospital bed a person in a hospital bed with a bandaged arm in a sling.,0.9634268283843992,-0.35124629735946655
A man dressed as Elvis sitting on top of a bull statue.,A sandwich and french fries are on a plate.,"A man riding on the back of a giant bull. An Elvis look-alike is seated on the  back of a statue of what appears to be a bull, or water buffalo, against a backdrop of green foliage.  Elvis impersonator sitting atop a metal sculpture of a bull. An Elvis impersonator riding on top of a statue.",0.2608213722705841,-0.38575369119644165
A man riding a kiteboard over a large body of water.,A base ball player runs towards home base.,A man on a wake board that is up in the air. A man parasurfing in a body of water.  a man on a surfboard that is in a body of water A person up in the air on a surfboard.,0.9665869474411009,-0.24809026718139637
Traditional American comfort food arranged on a plate,A little girl wearing a white tennis outfit swinging her racket.,"A hot dog is on a plate with macaroni and cheese. Fork, spoon and knife surround a plate of picnic food. A plate of some food on a table. a plate with a hot dog in a bun, macaroni and cheese and stuffing on it",0.6388654708862305,-0.06722840666770935
Zebra's looking for food in a sanded area ,A group of guys that are running and playing frisbee.,No image is being shown on the page right now. A zebra standing in the middle of a dirt area. Three zebras can be seen grazing in a zoo enclosure. A group of zebras grazing in an enclosed area.,0.47536033391952515,0.0010894350707530975
A woman preparing to swing her tennis racquet at an incoming tennis ball.,A couple of swans sitting next to a vase filled with flowers.,A woman standing on a tennis court holding a racquet. A woman playing tennis on a clay court in a park. A female tennis player in action on the courts. A woman in black swinging back her tennis racket.,0.8493504524230959,0.21074077486991882
The cars at the intersection are waiting for the pedestrians to cross.,Two women sit on a couch reading while a young man plays a video game.,A city street with buildings and cars on a rainy day. Crowded suburbia area with cars and stoplights with skyline A traffic light and cars on a street. Cars and people stopped at a city intersection.,0.932543992996216,-0.42999210953712463
Male tennis player on the middle of the court.,A person standing next to a metal urinal in a bathroom.,a man plays tennis in front of a large audience The tennis player is walking on the court. A tennis player holding a racket during a tennis match. A man in black shirt and white shorts on a tennis court.,0.7873079180717468,-0.2001907080411912
A big pile of vegetables sitting on a table.,Bride and groom teddy bears on top of a table.,A big pile of assorted fresh produce close together. A table with all kinds of different vegetables on it.  A pile of different colored vegetables sitting on a  table. Assorted vegetables and greens on a table cloth.,0.6499083042144775,0.2706843912601471
Girl using her laptop computer while laying on a bed.,A few people are walking on an Asian street filled with markets.,a female in a green top and a laptop A woman laying on her side using a laptop. Woman laying on her bed while using a lap top. A girl using her laptop computer on her bed.,0.9781861305236816,-0.18676164746284485
A family of zebras standing in a field of grass.,A rusted train driving into a red bike.,some zebras dirt tall brown grass bushes and trees A group of Zebras standing in a grassy area. A herd of zebra standing on top of a lush green field. Adult and kid zebras standing together in the grass staring. ,0.9723201990127563,-0.052141837775707245
A cow stands if front of a white wall.,a bride and groom hold up small axes in front of a wedding cake,A cow standing outside of a white building with a blue entrance. A cow stands on a sidewalk outside a building.  A cow standing next to a white wall and bright blue door. A cow is standing in the street by a door. The cow is positioned next to the wall. ,0.9981402754783633,0.6051245927810669
A couple of swans sitting next to a vase filled with flowers.,A refrigerator with the doors taped shut sitting on a city side walk.,A decorative space with yellow ceramics and a vase of flowers. two golden swans with a huge display of flowers A flower arrangement in between two fake geese. A large arrangement of flowers is between two swan statues.,0.8214266300201416,-0.05905848741531383
A family of four sitting on an outdoor sofa,A pizza is covered in greens and some kind of meat.,a family sitting on a couch near large windows A family hangs out on a wooden porch. A family is over the water sitting on a nice sofa. A young couple and their two children enjoy a relaxing meal in a floating cabana. ,0.9363299012184143,-0.02217206358909596
a little boy and girl sitting under an umbrella,A loft bed decorated with various Christmas decorations.,Two small children are on the dirt with an umbrella. there are two children sitting on the ground under a umbrella Two children sitting in the sand under an umbrella. 2 children sit on the dirt under an umbrella.,0.9709343910217287,0.2613055109977722
a large statute with a big building in the back ground,A purple bathroom with three sinks and a purple countertop with a mirror surrounded with light bulbs.,a statue of a man on a horse outside of england Statue of brave forefather overlooking great city below a statue of a person riding a horse  The soldier on horseback statue stands guard over the city's residences and buildings,0.8000408411026001,-0.2377501130104066
A kitchen that has a checkered pattern floor.,A small glass vase holding flowers and stuffed rabbits.,A kitchen with white appliances and a window. A shot of a small black and white kitchen A picture of a small clean kitchen.  A basic shot of a kitchen fully usable. ,0.9684308767318728,0.1661747843027115
The dining table in the kitchen has plastic bags full of items on it.,A girl slicing a pie inside of a box while others watch.,"an oven and a small table in a home kitchen a big room that has a table and a stove in it A kitchen with bags on the table, appliances on the counter, a sink and a garbage can. A full view of a kitchen with counters and table. ",0.9222003221511841,0.8093812465667725
The skier is posing in front of the trees.,a white brown and green duck is flying over some water,"a woman is standing in the snow on skies The person is standing on snow on ski's a woman on skiis going down part of the hill A cross country skier on a trail, smiling.",0.8400527238845823,0.2541716694831848
"A fried chicken sandwich on multi-grain bread with lettuce, tomato, and cheese.",A person is holding his toothbrush next to a sleeping cat.,A large sandwich cut in half sitting on a plate. A sandwich with onions and lettuce cut in half. A sandwich with chicken and lettuce is on the table. Two chicken sandwiches with lettuce and cheese on wheat bread.,0.9713039994239807,0.347146600484848
A stop sign next to a fire hydrant on the curb of a road.,A plate of bananas and a spoon of peanut butter on a table. ,A stop sign and other signage at the corner of a street. There street is lined with parked cars on both sides. some street signs and a fire hydrant on a city street A fire hydrant under a stop sign at an intersection.,0.9432681798934937,-0.6782764196395874
A group of cows that are standing in the grass.,A bunch of folks standing by a food truck.,A herd of cows standing on top of a field. a couple of cows are standing in a field A group of cows are standing in the grass together. A few cows standing in the grass near each other.,0.9985097646713257,0.4527378976345062
A man laying in bed holding a Nintendo Wii controller.,A cat stares at a dog on TV. ,A man that is laying down with his tongue out. A person playing video games with his tongue out and making hand gestures.  Man in red shirt sitting on a couch holding white controller.  A guy in a red shirt holds a white remote control.,0.6426600813865662,0.00989256426692009
A man wearing a suit stands in front of a lake and a mountain.,A family of three plays a video game together.,Guy takes a picture with his back to the river and mountains A man in a suit in front of a pond at the base of a mountain. Young man standing near a lake with a snow capped mountain behind. A boy taking a picture in front of a lake.,0.9104558825492857,0.34882402420043945
The train is traveling down the railroad tracks.,Woman in a bikini plays with her dog in the surf.,there is a red and silver bullet rain at a train stop a train on a train track with a sky background A sleek train on a track at a train station. A train that is sitting on the tracks in a station.,0.7305662631988525,0.2171195149421692
"A white cutting board with a head of broccoli and a bag of carrots.
",Breakfast foods on a plastic tray at an outdoor cafe,some broccoli and shredded carrots sitting on a cutting board with a knife  on a cutting board the is a knife some broccoli and carrots A chopping board has a head fo broccoli and sliced carrots on it. A head of broccoli and package of carrots on a cutting board.,0.8018155097961424,0.6980023980140686
A dog that is looking at his reflection in a mirror.,he'll be coming down the mountain on his skis ,a dog sitting and looking in a mirror A dog sitting in front of a golden framed mirror. A dog looks at its reflection in a small mirror. A dog laying on something while looking at himself in a mirror. ,0.6387777328491211,-0.40135160088539124
Two buses parked at a bus stop on a street.,A little boy is reaching out to touch an elephant's trunk while another elephant watches.,Two big white city buses parked near the curb. The city buses are parked on the side of the road to pick up the passengers. Three people waiting to get on two buses. Two buses at the bus stop waiting for the passengers to board.,0.805333197116852,0.14421792328357697
a yellow light is next to some train tracks,the scissors sit in a containers with pens and markers,A train is near a track switching station. a train on a track near many trees  A train crossing with a train coming down the railroad tracks. The train is slowing its speed heading into the station.,0.9755448102951048,-0.10897499322891235
People at an airshow near an airplane. ,A bicycle and a moped going different directions in a cross walk.,"A group of people standing around tables next to a jet. People and tables at a show in a display hanger, underneath a large plane. These people are gathered in an airplane hangar A bunch of tables in a hanger with an airplane overhead",0.9209722876548767,0.34215402603149414
A long room with balloons and arrows on the floor.,Small birds walking on the grass next to the body of water. ,A kitchen with hard wood floors and a yellow smiley face balloon. a living room filled with some balloons and a bookshelf  A room with a refrigerator has balloons in it. A studio apartment with balloons marking clues to find.   ,0.7986116409301758,-0.1961229145526886
One girl trying to rip out the soccer ball while others watch.,A doll sitting on a chair at a small table.,"A group of pretty young ladies playing a game of soccer. team of girls trying to get the soccer ball THREE YOUNG GIRLS PLAYING BALL, WITH ONE OF THE GIRLS TRYING TO TAKE THE BALL AWAY A lot of kids that are having some fun.",0.9387047886848447,-0.263353854417801
A refrigerator with the doors taped shut sitting on a city side walk.,A group of people that are looking at some musicians. ,A white refrigerator on the side of a road next to cars. an image of a fridge outside on the side walk An old refrigerator sits on the sidewalk of a street. A refrigerator that has been sealed shut on a city sidewalk.,0.9161290526390076,-0.022125594317913055
"A neat, wood filled kitchen is photographed as if for a real estate ad.",An old man wearing a suit standing up near a crowd of people,A kitchen is shown with wooden cabinets and a wooden celling. A recently remodeled kitchen with marble and wooden furnishings. Well kept kitchen with marble counter tops and stainless steel fridge A beautiful new kitchen with natural wood cabinets.,0.35501062870025635,-0.04339731484651577
A carrot sitting on top of a wooden cutting board next to a small green knife.,"A living room featuring a dark brown leather couch, a tan leather couch a coffee table and a stereo system.",A picture of a carrot and a knife on a plate. A carrot on a cutting board lying next to a knife A whole carrot on a cutting board next to a small knife. A carrot and parring knife on a wooden cutting board.,0.7941696643829346,-0.04795466363430023
a guy looking very angry holding a beer,A baby kitten is being feed milk from a bottle.,A person in a shirt and tie is holding a can. A man holding a large can of beer  A nice looking man is holding a beer. A man in a tie holding a can drink.,0.10484226047992706,-0.4312991499900818
A laptop next to a monitor with data on them.,A person does a trick on their snowboard on a mountain,"Laptop and extra computer screen on top of desk. A desk with a laptop, two monitors and a computer mouse on it.  A laptop and a computer monitor on a desk Several computers sitting on desk next to a mouse.",0.6319326162338257,-0.16787537932395935
A person on skis in the open snow.,a man rides on top of a race horse ,"A woman riding skis down a snow covered slope. A woman is skating down the hill on her skis. 
 A woman skiing on the snowy slopes.  A woman skiing down a hillside  leaving a trail of snow powder behind.",0.6800277233123779,-0.13481642305850983
A large metal pan filled with peeled food items.,A family of three plays a video game together.,"Several peeled vegetables are sitting in a baking dish. On a metal pan are some skinned vegetables, and fruits. The vegetables have been cut and are now in the pan.  A pan has fruit and vegetables on it.",0.8138319253921509,0.24219843745231628
Group of people surfing in water with waves.,A blue snowboard laying on the side of a mountain.,a group of surfers are riding waves in the ocean A group of people are having fun in the ocean.  A surfer rides a wave as others paddle over the water.  A man riding a white surfboard on top of a wave.,0.9960613846778872,-0.08595658838748943
"Several vegetables such as broccoli, onions an lettuce laid out. ",An elephant standing around in a fenced in area,"A variety of green vegetables including kale, cabbages, broccoli  THIS IS A PICTURE OF A BUNCH OF FRESH GREENS ON DISPLAY a variety of vegetables resting next to each other on the table A group of broccoli, celery, radishes, carrots and other vegetables.",0.9719610214233401,0.16136199235916138
A young female equestrian jumps a hurdle on her horse. ,three cats and the withe and brown one is looking into the camera,A person on a horse jumping over a rail. A woman riding a horse jumping it over obstacles. A woman on a horse jumping over a pole a person riding a horse jumping over an obstacle ,0.8356434702873232,0.1982657015323639
A boy stands beside a bicycle parked by a parking meter.,A large metal pan filled with peeled food items.,A young boy standing next to a  yellow bike. A young boy eats something in front of a bike A small boy standing next to a bike and a parking meter. A young boy standing by a bicycle leaning on a parking meter ,0.9597926139831543,0.31216323375701904
a man is laying down in front of his motor bike,A double decker bus drives away from the water.,A man laying on the ground in front of a motorcycle. A man in riding armor poses in front of a motorcycle. a man in a leather outfit lying next to a motorcycle A man is laying on concrete next to a motorcycle.,0.9140010476112368,-0.8226470351219178
an air plane being loaded with passengers luggage,White bench in the middle of a wooded area. ,A large passenger plane on the tarmac of an airport. Large passenger planed on runway with cloudy blue sky overhead. An airplane is parked on the large runway. Plane on tarmac being checked by worker on side,0.8038182258605959,-0.47681480646133423
"Traffic turns left at a green light that also indicates ""70""",people on a hill flying two large kites in the sky,Two green stoplights that are on a pole. a traffic light on green that looks like it has the number seventy displayed A traffic signal is seen at a busy intersection. A van sitting in front of traffic signals next to a bridge.,0.9704659581184387,0.38674020767211914
Two personal sized pizzas on a dining table in front of people. ,an image of a table setting with a breakfast platter on it,Two personal pizzas on a table at a restaurant.  a couple of pizzas are on a table two pizzas on silver plates a drink and two white plates People sitting at a table with two small pizzas on it.,0.9260042905807495,0.5383180379867554
Vehicles parked along street with dome-topped building and arch in background.,A little boy taking a swim at the beach,"A wet rain soaked street surrounded by buildings and trees A street light on the corner of an empty, wet street. there is only one car that is parked on this street A view down a quiet street in St. Louis.",0.2210100293159485,0.5505685806274414
Baseball player in white uniform on a baseball field. ,"The room has a dining table, a television, and a coffee table.",Fans are in the stands watching a baseball game. a baseball player getting ready to throw a ball in front of a crowd  A shot of a baseball player about to throw the ball.  A baseball player is in the outfield of a baseball field.,0.9621176719665527,-0.38269636034965515
A guy is sleeping with his phone attached to his ear.,There are people riding bikes on the street.,A man who fell asleep with phone on face A man sleeping with a phone on his cheek A man laying on top of a pillow with a phone on top of his head. A boy asleep with a cell phone on his face.,0.9642049074172976,-0.17948195338249218
Office chair in front of laptop on small desk in messy office.,There is an old-looking clock in the middle of a neighborhood. ,"A home office with leather desk chair, computer and hutch, and bookshelves, with books scattered on the floor. A brown chair sitting in front of a laptop computer. An open laptop sits on a desk in front of an office chair. a home study with a workstation with a laptop and a bookshelf under a framed diploma",0.9629713892936704,0.049704331904649734
A woman with a hot dog on a stick that she is holding in a fire pit.,This looks like the front entrance to a school with a star put outside.,A girl holding a stick with a hotdog on the end of it roasting it in a fire. A woman in striped shirt poking a fire with a stick. LADY ALONG A PIER GETS FIRE GOING WITH THE OCEAN IN THE BACKGROUND A woman is roasting a hotdog over an open fire.,0.7333663702011108,-0.04744017869234085
a man standing beside a large truck in a parking lot,A hamster and some broccoli on a surface.,A man standing along side of a truck trailer. two males a truck some cars and trees this is a man spraying a trick with water a man standing next to a truck with some stuff on it,0.9162535071372984,-0.3035995662212372
A portable orange fruit stand on the city street.,a frosted donut with a bite out of it,A man is looking at the fruit at the fruit stand A man standing next to a large pile of oranges. A man stand next to a blue street cart filled with oranges. this man is looking at some fruit on display,0.9594300985336304,0.40427178144454956
A boy stands at the edge of the ocean with a frisbee,two people holding umbrellas walk through a park,A boy at the beach rinses off a Frisbee in the water. A boy holding a yellow Frisbee on a beach. A kid with a Frisbee on a beach. A boy holding a Frisbee on the beach. ,0.8103339672088623,0.38929224014282227
A boy plays with the ears of a teddy bear.,The baby girl sits with a red ball at her feet.,A young boy holding a teddy bear by it's ears. A child is holding up a large teddy bear. A young child holding a teddy bear around his friends.  A child with his teddy bear that is carrying a backpack.,0.9653109312057495,0.2190844863653183
Two skiers on a big snowy hill in the woods.,a man sitting on a cement bench holding a cell phone,A couple of people on skis in the snow. A man and a boy are on skis outside in the snow. A woman is teaching a small child to ski. A guy holding up a child on a skis.,0.9279884696006775,-0.14721983671188354
a youth football team stand together on some grass ,A statue sitting by the road near a door.,A man standing on a football field during a game holding an umbrella surrounded by football players. A man holding an umbrella in the rain at a foot ball game. Football players and a coach hold umbrellas on the field in front of empty bleachers. a coach standing by his young football players while holding an umbrella in the rain,0.9504006505012512,0.07956697046756744
The yellow fire hydrant is rusted on the sidewalk. ,A flat screen TV sitting on top of a shelf in a living room.,A yellow and silver fire hydrant on the side of a road. Older yellow fire hydrant and a human shadow on the sidewalk. A rusted yellow fire hydrant in the middle of the sidewalk A rusty old fire hydrant sitting on a sidewalk.,0.8449670076370239,-0.21367605030536663
A mirror that is reflecting a red bus.,a bride and groom hold up small axes in front of a wedding cake,The rear view mirror of a cityh bus driving down a street. a close up of side view mirrors on a public transportation bus Two rear view mirrors with the vehicle reflected in them. The view of a bus as seen from the side view mirror.,0.8312922716140747,0.7453150749206543
a man sitting on a cement bench holding a cell phone,The door to the train is open at the depot.,Man sitting on large block checking cell phone. there is a man sitting and using a cellphone Man sitting down in public typing on his cellphone.  Man sitting on stone bench looking at cell phone.,0.9906274080276487,0.27744221687316895
"A man sits on a couch, in an area crammed with furniture, where two rooms meet, watching a little girl jumping in a larger part of one of the rooms that is basically empty, save for a carpet. ",One person sitting with a drink and one flying a kite on the beach.,A young child is jumping high in the air.  A little girl leaps in the air as a man watches from his chair.  A little girl jumping into the air in a family sitting room. A small child plays a video game while her parent watches.,0.09548883140087128,0.2843126356601715
A large brown dog laying on the floor next to a wooden bench.,Residential bathroom with modern design and tile floor.,a close up of a bench with a dog laying on the ground A tan dog laying next to a park bench. A brown dog laying on a concrete sidewalk. A brown dog is laying by a bench.,0.9731847643852232,0.5134987831115723
A bird is hanging onto the ledge outside the window. ,Many kids eat donuts out of a box of donuts,A bird resting outside of a boat window.  A bird sits by a window on the water. a bird is outside of a window on a boat  A bird sitting on the window sill of a boat floating on a lake.,0.44863295555114746,0.48680761456489563
A person on a motorcycle stopping by a sign,Oddly shaped carrots hanging in front of other vegetables.,A person on a motorcycle looks at a sign. A person on a motorcycle is looking out over a valley towards mountains. A motorcyclist sitting by a sign with mountains across the way. A motorcyclist pauses to enjoy a view of mountains.,0.8926135301589968,0.10494175553321838
a rack full of closed umbrellas outside a shop,tHERE ARE TWO MEN PLAYING TENNIS ON THE TENNIS COURT,A rack with lots of umbrellas sitting in front of a store. A bunch of umbrellas sitting in a basket in a store A basket of umbrellas are displayed in a clothing store. A display with umbrellas sits in the center of a store. ,0.6206884384155273,-0.30309641361236583
A car parked in a lot near a tree.,A plate of sandwiches covered with plastic wrap.,Car parked in the parking lot next to the pier An old car from the 1970 's is parked in front of a dock. A yellow car parked in a parking lot next to a fire hydrant. An old car outside near a harbor of some sort.,0.9180582761764529,-0.3685722649097444
A black poodle mix is catching a toy.,a white brown and green duck is flying over some water,A small black dog playing with a frisbee. A black curly haired dog plays with a frisbee. A dog chasing a cloth frisbee in the park. A dog chases a Frisbee in a grassy area.,0.408527672290802,0.34372037649154663
a living room with a really long couch below some windows ,A person jumping up in the air on a skateboard.,"The long couches are sitting in front of the windows. A living room is decorated with a colorful assortment of furniture and pillows. A long couch with many pillows, a table and some seat cushions around it. A very modern Frank Lloyd Wright living room.",0.7999993562698364,-0.5570874214172363
A lady is playing Wii fit in her living room as someone lays on the couch.,A couple of white bathroom sinks mounted to a wall.,A woman playing game with Nintendo Wii controller and Wii Fit board. a person standing on a white platform holding a game controller. a person standing on a nintendo device playing wii   One woman plays with the Wii game while another woman lies on a couch.,0.6552731990814209,-0.3498610854148866
A pedestal sink and a toilet in a bathroom.,A blue snowboard laying on the side of a mountain.,A white ceramic sink next to a toilet. there is a brown box on the toilet A sink is next to a toilet with a card box on top of it. a bathroom with a sink and toilet inside of it ,0.98562216758728,0.3701101541519165
A container with a meat sandwich and fork is sitting on the grass.,A person doing a trick on a skateboard on a sidewalk.,A large sandwich in a styrofoam container with a fork. A giant sandwich inside of a foam box next to a container of sauce. A container with a sandwich and a cup of sauce sitting in the grass. A barbecue sandwich in a foam container on the grass.,0.7706245183944702,-0.25597405433654785
A baseball player waiting at the plate for a pitch.,A person on a motorcycle stopping by a sign,A man holding a baseball bat while while wearing a baseball uniform. A baseball player taking a swing at a ball The baseball batter stands ready to hit a pitch. A baseball player readies his swing waiting for the ball.,0.9288731217384336,0.0005657169967889786
An elephant standing around in a fenced in area,A display case full of various donuts is shown.,"An elephant can be seen through a barbed wire fence an elephant with something in its trunk standing by a fence  A elephant that is standing in the dirt. A full view of an outdoor space with many things to see.
",0.8623226881027224,0.32924598455429077
A plate of bananas and a spoon of peanut butter on a table. ,A hot dog with grilled onions sitting on a foil wrap,Banana slices and peanut butter on a blue plate. A number of cut up bananas with peanut butter on a spoon sitting on a plate A sliced banana is displayed on a plate with a spoonful of peanut butter. A plate holds a fork with peanut butter and half of a sliced banana.,0.9946877956390381,0.3909696936607361
A man is outside grilling some hot dogs.,A blue and white city bus traveling down the street. ,People in maroon shirts tend to food being grilled outside a building. A man stands over a grill covered with hot dogs.  A man handling something while grilling hot dogs on a grill. This is a man grilling several hot dogs on a small grill.,0.8687992691993711,-0.047851674258708954
A WHITE BOWLS OF FOOD WITH A GLASS OF ORANGE JUICE ON THE SIDE ,a fancy vase holding onto a single flower ,"Two plates that have different foods inside of them. Vegetable juice is a perfect offset for this rice, greens and skewered meat entree.  a close up of a plate of food with meat Food and a croissant on plates next to a glass of juice.",0.5557361245155334,0.3536057472229004
two brown and white dogs are playing frisbee,A patio umbrella pointed inside out over a picnic table.,A dog holding a red ball in it's mouth next to a brown and white dog. Two dogs are playing with a frisbee outside. The two dogs are playing outside with a frisbee. Two dogs on grass playing with a red toy.,0.8654451370239256,-0.03626093268394481
A street sign with a bike leaned up against it.,A person standing next to a metal urinal in a bathroom.,A girls bicycle leaning against a street sign A bike parked up against the side of a pole.  A road with pavement on which street sign board is attached on a pole.A cycle is standing by the pole.  A rusty street sign with a bicycle leaning against the pole.,0.9784812927246096,0.10004889219999313
A sandwich between someones legs and a drink. ,A motorcycle moves forward down an empty street.,"A small sandwich with lettuce and tomato on it. A person sets a mozzarella, basil, and tomato sandwich down upon their lap. A large sandwich has bread, cheese and lettuce. A sandwich filled with meat and vegetables on a bun.",0.8159781098365784,-0.2193027138710022
A husky dog sits in front of his owner.,"A hotel bathroom with white towels, sink and toilet.",A man sitting next to two large dogs wearing bandannas. Man sitting down with both his dogs with a blurry hand and cell phone in the foreground. A man sits as two dogs interact with him. People standing near two furry dogs close to a rail.,0.5786721110343933,-0.3624997138977052
A man holding a large umbrella with some girls and a woman underneath.,A man and a woman on an orange scooter riding down a street.,"Several people standing on a sidewalk under an umbrella. Some people standing on a dark street with an umbrella. A man holding an umbrella for other people.  Several people standing outside in the rain, one holding an umbrella.",0.8896460533142088,0.9264640808105469
close up of a bearded man wearing a black tie,Two large maps laying on top of a table together. ,"A bearded man with an earring wearing a black tie. A man is wearing a collared shirt with a tie. A man with a beard has a shirt and tie. A man with a white dress shirt, black tie and a beard.",0.9826549887657168,0.7245833873748779
a living room with couches a desk and chairs,Bride and groom teddy bears on top of a table.,A couch that is sitting near a window. A leather couch sits in a small living room. A couch and chair are sitting in a room. this living room has painted trees and a leather couch,0.9763160347938535,0.18723927438259125
A boy is reaching into a bowl of dirt.,Three children are seated next to each other and reading books.,A young boy reaching into a bowl sitting on the ground. A very small cute kid by a big pan. A baby wearing a colorful yellow necktie reaching in a bowl of water. Toddler boy in a tie playing in a dish of mud.,0.7734869122505188,0.5159107446670532
"A monitor screen, printer, couch and chair in the room",A birthday cake that is decorated with plastic figurines and flowers.,"Brown toned home office with natural and artificial lighting A living room with a computer, and leather couches.  this office has a couch and also has glass doors Personal computer desk room with large glass double doors.",0.993511497974396,-0.2828896939754486
a pregnant woman laying in bed reading a book ,A group of women holding champagne flutes together.,A pregnant woman laying in bed reading a book. A pregnant woman in bed reading a book A pregnant woman is in bed reading a large book. A pregnant woman laying in bed reading a book,0.9974422454833984,0.16317924857139587
A clock tower and dome top an old skyscraper.,a white kitchen with a white stove and microwave,A grand building is topped with tower clocks and sits within a clear blue sky. A tall old fashion office building with clock faces. A clock sits on the tallest part of a large building.  a tall clocktower with a sky in the background,0.5533419847488403,0.3575679063796997
A man wearing a suit is taking a self portrait with a camera.,A boy stands beside a bicycle parked by a parking meter.,A man holding a camera up over his left shoulder. A man with a blazer holding a camera A man in a suit snaps a mirror selfie. a man in a suit taking a picture of himself with a large camera,0.8222273588180544,0.7944008111953735
This player has thrown the ball in the air to serve it to his opponent.,A multi-colored bird sits on a tree branch.,a tennis court that has a man with a racket a man with his arm in the air during a tennis match the tennis player prepares to serve the tennis ball A man holding his hand in the air.,0.4054408669471741,0.5722330808639526
A man on a snowboard does an air trick.,an image of a table setting with a breakfast platter on it,A man jumping on snowboard with mountains and trees in background. A man on a snowboard performing jumps on a snowy hillside. The snowboarder is riding down the mountain.  A snowboarder doing a trick high above the snow.,0.9616297483444216,0.46525663137435913
a laptop is sitting on a blue bed,A group of horses mill about on a beach.,a laptop that is sitting on top of a bed A laptop charging on top of a bed A laptop that is sitting open on top of a bed. A laptop sitting on top of a bed with the desktop open.,0.94720995426178,0.11445114761590958
Person paragliding and wakeboarding on ocean with tree slope,A blue and white city bus traveling down the street. ,a man windsurfing and another man hanging onto a parachute a wind surfer and a kite surfer surfing and some trees and a hill A person windsurfing on water with trees in background. People playing on the water in a lake,0.9402025938034055,0.05110824108123779
a white brown and green duck is flying over some water,Wrought iron bars over a round window in a stone building face.,A ducks is flying over a body of water. A duck is in the air flying over water. A duck is flying low above the water. A duck flying above a large body of water.,0.7968868017196655,-0.4746271371841432
A basebakl player runs around the bases as a ball is thrown to a fielder.,The door to the train is open at the depot.,Baseball team attempting to catch ball and tag player out. Baseball players throw the ball back and forth to get the runner out a couple of men running around a baseball field Several men playing baseball try to keep the runner from scoring.,0.9573621749877927,0.16226275265216827
A collection of people standing in a beach area.,A woman stands behind a cake and baking decorations.,a person holding a surf board on a beach  several people at the beach surfing and playing in the water. A man is carrying a surfboard on a beach. A man that is holding a surfboard standing in the sand.,0.835659384727478,-0.10750592499971401
A man carrying a bag walking down the train tracks. ,two brown and white dogs are playing frisbee,A person holds a bag while walking on train tracks. A man is seen walking on tracks next to a train. Rear view of a man with a sack walking on railroad track next to a train. A man holding something in his hands while walking on the train track while the sun shines on him,0.9478542208671568,0.24415184557437897
A young bear is standing on it's hind legs.,Slices of pizza are sitting on the paper plates,A baby brown bear standing on it's hind legs. Small dark bear standing up on rocks outside A small brown bear standing up on its hind legs Small bear cub standing on its hind legs. ,0.9335227608680727,-0.4716264009475708
A herd of sheep standing next to a dog in a field.,a man rides on top of a race horse ,A man herding sheep into an open pen. A man is standing in a field while some sheep are looking at something. A man herding sheep with a dog helping him He may be getting ready to shave the sheet for their wool.,0.8700263500213623,0.3043522536754608
A stage set of a kitchen including a refrigerator and an oven.,Two adults sit at a table with a child nearby in a room full of kids.,Empty stage set of a modern suburban kitchen Overhead light is shining on a refrigerator in a kitchen. The refrigerator is sitting next to the counter. A white refridgerator sits on a kitchen stage set.,0.8389581441879272,0.5668950080871582
A woman wearing a black shawl with white umbrellas in the background.,A man's navy shirt front with a paid tie and a flag tie clip.,"An elderly woman wrapped in a shawl walks by, gripping the shoulder strap of her bag. Several People walking in a city street, one woman wears a head scarf, others have umbrellas. This is an image of a women with an umbrella A group of people walking down a street holding umbrellas.",0.9762606620788576,0.6068342924118042
A man who is in some water on his snowboard.,Oddly shaped carrots hanging in front of other vegetables.,A man riding a snowboard down a snow covered slope. a person is in the snow on a snowboard A man wearing goggles and a red jacket rides a snowboard through water. This is a downhill snowboarder lifting the front edge of his board up to expose his green and yellow board to the camera.,0.9410561323165896,0.21210172772407532
a man standing in a building with a stuffed animal ,Four horses are walking around in the woods.,a man with a teddy hanging on his shirt A man with a one eyed teddy bear attached to his chest. A young man in a green shirt drinks a beer. A man smiling at a bar with a drink.,0.5588299036026001,-0.0636189728975296
A woman hitting a tennis ball on the tennis court ,A person standing next to a metal urinal in a bathroom.,a lady in blue shorts and white shirt swinging at a tennis ball a lady that is on a tennis court with a racket A tennis player in action on the court. there is a young woman playing tennis on the court,0.7928508520126343,-0.334867298603058
A little kid is swinging at a water balloon. ,A man looking down at a baseball bat that he is holding in his hands ,A baseball player holding a bat while standing on a field. The man is hitting the water balloon with a bat. a man is swinging a baseball bat outside a baseball player is swinging a bat and some grass,0.7684793472290039,0.800578236579895
"The room has a dining table, a television, and a coffee table.",a room with a sink and a bathtub and towels ,A living room filled with lots of furniture. A view of a black and white photo of an apartment A black and white living room has grey carpet. A living room with carpeted flooring and white walls. ,0.8813203573226929,0.25783252716064453
a double deckered bus on a city street,"A man in a red shirt, on a beach, throwing a Frisbee.",A red double decker bus on the street next to a car. A passenger bus that has two stories driving down the street. A red two story bus on a city street. A double decker bus on a crowded street pulling up to a bus stop.,0.9792923927307129,-0.25278544425964355
A table topped with hot dogs and fries.,"A girl eats while standing in a green, grassy area.",Several baskets filled with food sitting on a table. A full view of some food set on a table.  some food is laying out on wax paper a bunch of baskets with some hot dogs and food inside of it ,0.6064252853393555,-0.054846197366714367
A large brown dog laying on top of a floor.,a motor cycle sits parked next to a bunch of other bikes,"A German shepherd resting its head on the floor.  A tired dog is resting its head on a rug. A tired, brown dog resting on the floor. The dog is laying its head on the floor.",0.7578003406524658,0.3838472366333008
A lot of people riding small motorcycles in a city.,A pay toll sign hanging above the highway.,"A crowd of bikers driving down a street next to tall buildings. The motorbikes, each with two riders, are headed into the Asian city. A large group of people riding motorcycles on a road A city street crowded with people riding motorcycles",0.9180467724800112,0.6766605377197266
A woman drinking a beer while using her laptop ,A man on a motorcycle talking to a woman in an SUV on residential street.,A woman taking a sip of a beer by people with laptops. A woman drinking a beer while other people in the room are on their laptop. The woman drinks the wine while the man uses the computer. A women who is taking a drink of a beer.,0.9641311168670657,0.10892525315284729
an image of a table setting with a breakfast platter on it,One girl trying to rip out the soccer ball while others watch.,"A white plate topped with eggs and potatoes  A white plate with breakfast foods on it a plate covered with eggs, meat, pototes and veggies  Three over easy cooked eggs  with fried potatoes.",0.39210718870162964,-0.30504751205444336
A person who is snowboarding down a hill. ,A laptop next to a monitor with data on them.,A snowboarder in a colorful jacket racing down a slope. a man on a snowboard is riding down the slope. The snowboarder is just starting his run down the slope. a snowboarder riding down a steep slope ,0.8289945125579832,0.2979692816734314
A man looks intensely at his Iphone's screen.,A man in a tuxedo with a wine glass and two women beside him.,A man holding a smart phone in his right hand. A man sitting in a chair looking at a cell phone. A man in a blue shirt looking at his cell phone. A distressed man looking at the phone in his hand.,0.6400028467178345,0.6531896591186523
A man's navy shirt front with a paid tie and a flag tie clip.,A street light pole with traffic and Stop signs,A blue and green plaid tie with a flag pin on it. A pin is attached to a plaid tie. There is a plaid tie with a pin attached to it. A tie has a flag shaped tie pin.,0.9459604620933533,0.5039960145950317
tHERE ARE TWO MEN PLAYING TENNIS ON THE TENNIS COURT,A man without a shirt preparing chicken on top of a BBQ.,Two men playing a game of tennis on a court. two people playing tennis with rackets on a grass court Two young men playing a game of tennis. People playing tennis on a court surrounded by green hedges.,0.32764869928359985,-0.6295900344848634
"twp desk with computers, laptops and other electronics",a close up of a sheet of paper with a piece of bread near two glasses of wine,"A room with two desk covered in computer equipment. A living room with some long tables and some laptops. A home office area with several computers and a printer. A room with two desk with computers, a laptop, a printer and a telephone on them. ",0.9430912137031555,0.5278000235557556
Looking down at a bear that is sitting by a big rock.,Two men standing beside one another smiling at an event. ,A brown bear standing next to a giant rock. A bear sitting on a paved rock ground. a brown bear sitting by a big rock A large bear is sitting near a rock in an enclosure.,0.9901381731033327,0.1630290150642395
a big crowd of people some are flying kites,A Stop sign on a road in a remote area,A group of people who are flying kites. A group of people that are standing together with kites. A large crowd of people flying kites in the air. A group of people fly kites against a city skyline.,0.9517184495925903,0.43617722392082214
A passenger train travels under a building near a station platform.,A park bench with a leaflet left on the armrest.,A train pulling out of a tunnel near a tall building. A train going through a tunnel under a building A train coming out of an tunnel of a city. Yellow train car coming out of a tunnel. ,0.9487347006797793,0.4117393493652344
A bicycle and a moped going different directions in a cross walk.,A display case full of various donuts is shown.,A bicyclist is riding across the street next to someone on a motorcycle.  close up of a person riding a bike on a city street A person riding a bicycle across a crosswalk in the rain. A man peddling a bicycle on the street.,0.9239983558654783,0.4495466351509094
A couple of people and a umbrella in the grass.,An airplane sitting at a cold runway being unloaded.,Two people laying on top of green grass under a white umbrella. A couple laying under an umbrella at a park. The couple is laying down on the grass with the umbrella up.  Two people are laying on grass by an umbrella.,0.6714193820953369,-0.605225682258606
A white refrigerator with a bed in the background.  ,a small bathroom with floral wallpaper and a full trash bin ,A 50s style fridge with a couple magnets on it. Older white refrigerator near a red countertop and a bed in the other room. The white fridge stands alone in its own space. A old fashioned fridge in a small studio room.,0.9814872741699217,0.284368097782135
A mouse sits next to a keyboard on a white surface.,Two people playing a video game on a television.,a mouse and keyboard in front of a computer This is a stylized shot of a computer mouse and keyboard A closeup view of a mouse and keyboard connected to a desktop computer. Close-up of a mouse on a desk with other Apple hardware produces.,0.8785330057144167,0.6712627410888672
The city bus is traveling down the road.,A WHITE BOWLS OF FOOD WITH A GLASS OF ORANGE JUICE ON THE SIDE ,A bus riding pass a tower with a crane attached to it.  There is a red bus near a crane. A large red and white bus on a road. A bus underneath a large crane at a factory,0.6282013654708862,0.32498568296432495
Two slices of pizza with a green salad on a white plate.,a kitchen counter with a microwave and a sink,two slices of pizza sit on a white plate  square slices of pizza sit on a plate next to a salad  The meal on the plate is ready to be eaten. some food is laying out on a plate,0.876546323299408,0.20504608750343323
"A view of a dirty shower, with no curtain.",A BOY IS OUT ON THE PARK FLYING A KITE,A close up of a bathtub in a bathroom  A tub has mold around its creases and crevices. A dirty bathroom with a tub and toilet a bathroom that has a toilet and a bathtub in it,0.7036616206169128,0.2245112508535385
A person doing a trick on a skateboard on a sidewalk.,Lady walking on sidewalk in the rain with an umbrella over her head.,A man does tricks on his skateboard while people look at the scenery. a boy doing a trick with his skate board Boy jumping his skateboard on a riverside walkway. A man that is in the air with a skateboard underneath him.,0.9922951459884644,0.8380803465843201
Four ducks are swimming on top of the water.,A cat with its front paws on the mouse of a laptop.,A flock of ducks swimming on a lake together. four cute little ducklings swimming in the water Four black and yellow ducklings swim together in the rain. a small group of baby ducks swimming in the water,0.98907470703125,-0.0049166204407812275
A view of a city and a body of water from a plane. ,Several people playing and watching others play Wii.,The wing of a plane located in the sky above a sea and city. View from a white plane of a city.  An airplane flying through a cloudy sky over a city. The view from the window of a plane right near the wing.,0.3359854817390442,0.5227976441383362
a frosted donut with a bite out of it,The food and the alcoholic beverage are sitting on the table.,A danish dessert with frosting that is partially eaten A close up of a round pastry topped with icing. a delicious donut with white icing on it  A frosted donut with a bite taken out.,0.9015108346939087,0.3849905729293823
Half of a tennis court with two women on it and people in the crowd,A woman sitting in an airport next to a  bag of luggage.,A couple of women standing on a  tennis court. A tennis player is approaching front court for a game. Two female tennis players on a field playing a game of tennis while a crowd watches.  A game is being played on the green court.,0.8715956211090088,0.27326345443725586
"a baseball coming toward a hitter,at great speed, at a baseball game.",Two people sitting on a jet ski while riding through the lake.,A baseball player holding a bat next to home plate. A person holding their hand up at a baseball game. An image of a baseball player getting ready to take a swing at the ball. There is a baseball player at bat and many people in the stands,0.9593449831008911,0.0009725820273160934
"This is a cut up apple, a knife, and a whole apple.",Two men are doing work in a bathroom.,"An apple, sharp knife, with some cut up apples.  An apple, knife and apple peelings are on a wooden shelf. A cutting board topped with a sliced up apple. a green apple and knife on dark wooden stairs",0.9039355516433716,-0.4172542989253998
A street scene with focus on an intersection with traffic lights.,A man carrying a bag walking down the train tracks. ,A string of stoplights is going across the street. an intersection with street lights and street signs An intersection of streets with stop lights hanging above. A street with two traffic lights suspended above it.,0.993663430213928,0.9057797193527224
A group of young girls playing a game of soccer.,A female tennis player is stopped for a picture as the crowd watches down court.,Two girls and a boy have fun at soccer practice Young children run on a field with a soccer ball. Children in green jerseys play soccer at the park. Small children in green uniforms running on a soccer field. ,0.8838583230972288,-0.16779397428035736
This looks like the front entrance to a school with a star put outside.,A few people are walking on an Asian street filled with markets.,Two benches sit in front of a large store. The star is a decoration by the trees and benches. Two benches near trees and a metal cover over that area.  two benches near one another near some trees,0.8699721097946167,0.8800748586654663
There is a stop sign on the wooden post.,A white plate topped with food sitting on a table.,"A stop sign with graffiti on it nailed to a pole.  The word ""Canada"" has been etched into a stop sign.  A red stop sign mounted to the side of a wooden pole. Altered red STOP sign attached to a wooden post. ",0.985054075717926,0.14015135169029236
a stove refrigerator and microwave in the kitchen ,Four people standing outside of a steam train. ,"A kitchen with several appliances sitting near a refrigerator. This kitchen has a white tile back splash, white cabinets, and a white refrigerator. A small kitchen with stove, fridge and microwave A kitchen with drawers, refrigerator, cabinets and a stove in it.",0.9570940732955933,-0.45600181818008423
Several people sit at long tables with a large mural with writing in the background.,A man stands beside a yellow phone and red car.,A group of people sitting at two long tables in room. Asian people at a business conference in front of a large wall with writing. A group of people have a meeting  Smiling conference attendees face each other across tables laid out with tea and water,0.9392175078392029,0.24730604887008667
two people sitting on a bench with a boat in the background,"A man in a red shirt, on a beach, throwing a Frisbee.","A woman sitting on a bench reading a paper. A man and a women sitting on a bench, the women is reading a newspaper. A young woman sitting on the bench of a pier reading the newspaper A lady reading a newspaper on a public bench outside.",0.8648203015327456,-0.6934765577316284
A statue sitting by the road near a door.,he'll be coming down the mountain on his skis ,A life-size palace guard-dressed teddy bear outside a shop  Stuffed British guard outside of building with black door and red trim. A mascot stands just around the corner of a building.  A giant teddy bear figure dressed like a palace guard by a building.,0.6737768650054932,0.010159178636968136
a smiling family posing together for a photo,A man standing beside a parked motorcycle in the woods.,A woman holding a baby boy in her hands. a smiling boy sits on a woman's lap with a man standing behind both of them Family posing for a portrait for a card. A woman holding a boy posing for a family picture.,0.9624314904212952,0.6009500026702881
City bus with passengers boarding for Ballston Station.,A view of a beach with two surf boarders and a couple walking.,a large bus is up by the side of a curb A group of people loading onto a bus. people are getting onto a stopped City bus this is a bus stopping in the middle of traffic,0.8911498188972471,0.2972245216369629
Man surfing on the ocean next to a city area.,There are plates with food and drinks on the table. ,a surfer surfing on a sunny day and a pier in the background A man surfing in the ocean along the beach side. A surfer is riding on a wave in the sunshine. A surfer riding a wave at the beach.,0.5958379507064819,-0.228518307209015
A man is sitting on top of an elephant in the water.,A group of men during a baseball game with wall in the background.,A man leans back while riding on an elephant in deep water. The man is riding on top of the mysterious sea creature. A man sitting on the back of a gray elephant. a man sitting on an elephant as it lays in the water ,0.9062309861183169,-0.21544897556304943
Two hot dot with ketchup and onions on it are on a plate with tomatoes and lettuce. ,a bird landing on a beach towel at the beach,"A white plate topped with two hot dogs covered in ketchup. A plate of hotdogs, lettuce and tomatoes next to a cup of beer. A couple of hot dogs with lots of ketchup, lettuce and tomatoes. A plate with hot dogs and cherry tomatoes ",0.9783847332000732,0.2881509065628052
A topless man riding  a surfboard on a wave,A train is moving along a stretch of track.,A man surfing with the waves in the sea. A man out in the ocean on his surf board.  A man who is surfing in the ocean. A man is surfing through a rough wave.,0.9683870077133176,0.3272213339805603
Two large blue buses parked on the street.,A tennis player wears a Nike outfit at a game.,A blue bus is parked on the parking lot next to another bus.  A couple of dark blue buses drinking next to each other. A bus sitting parked in the parking lot. A city bus is parked next to another bus.  ,0.45492836833000183,-0.287290394306183
"Zebras, giraffes and camels stand under trees in a large enclosure.",a living room with couches a desk and chairs,A field full of zebras and giraffes at a zoo. Some zebras and other animals grazing in a field. a bunch of wild animals in a fenced in environment  A couple of Zebras are eating grass in front of the other animals. ,0.8669877052307129,-0.20206856727600098
Black and white photograph of a woman and baby.,A small black goat sits next to a white large goat.,A baby grabs his mother's robe as she gently brushes his hair. A young baby has his hair brushed by mom. A woman is brushing a cute baby's hair. a woman brushing a little boys hair with a brush ,0.5357934832572937,0.3878406286239624
A woman tucked into the side of the street on a phone call.,The train is traveling down the railroad tracks.,A woman talking on a phone while standing next to a pole. a lady that is on her cell phone outsid A woman on a sidewalk against a wall on a cell phone. A young person talking on a cell phone on the sidewalk.,0.9744051694869995,0.7805448770523071
A line up of motorcycles sitting on their kickstands,A brown and red themed living room setup. ,Row of motorcycles parked at curb in outdoor area. A group of motorcycles parked on the side of a street near a picnic table. Few motorcycles parked next to each other on a parking lot.  A row of parked motorcycles sitting on the side of a rod.,0.7874500751495361,0.4718624949455261
A person does a trick on their snowboard on a mountain,A woman standing outside flying a kite on a cloudy day.,A man riding a snowboard on top of a snow covered slope. A man on a snowboard doing a jump  a person is in the air on a snowboard a person jumping a snow board in the air ,0.9552010297775269,0.7592020034790039
A woman sitting in an airport next to a  bag of luggage.,THERE ARE DOUGHNUTS THAT ARE ON THE TABLE ,A young girl with glasses appears to be waiting with luggage at the baggage center. a woman is sitting in an airport with her luggage A woman with a bag sitting with some suitcases. A woman with luggage sits on the conveyor belt of a baggage claim area in an airport.,0.9528397321701048,0.7496988773345947
A very pretty horse pulling a fancy carriage with a guy in it.,A man looking down at a baseball bat that he is holding in his hands ,a person riding on a horse drawn carriage A horse pulling a wagon with a man sitting in the wagon.  A blurry photo of a horse drawn carriage A man driving a horse carriage down a street.,0.8798425793647768,-0.31988537311553955
A boy is on a skate board near some graffiti.,People at an airshow near an airplane. ,A man riding a skateboard at a skate park. A person is riding a skateboard in a skateboard park. A skateboarder is skating around a colorfully painted arena. someone is on a skateboard at a park,0.6960985660552979,-0.23998518288135517
a man riding skis down a snow covered slope.,A zebra has its neck turned and is looking to its side,there is a male skier going down a hill this is a man skiing down a snowy slope A person skiing down a mountain on a trail. Skier with a red jacket on going down the side of a mountain. ,0.9640777111053465,-0.06257814168930065
A small glass vase holding flowers and stuffed rabbits.,A dog sitting on a chair looking out a window.,A vase full of flowers and knitted rabbits. a close up of a vase with plants in the shape of animals two stuffed rabbits sitting in a vase with flowers  A vase full of flowers and crocheted animals sitting on a table.,0.9418751001358032,0.7469315528869629
A black and white dog is laying in a pet bed.,a bathroom toilet upended into a white bathtub.,A small dog laying down in a pet bed. A white dog with a black patch eye sitting in a dog bed. A white and black dog sleeping in a dog bed. A picture of a dog in a dog bed. ,0.8051376938819887,0.48667553067207336
A man near a desk with a dog on his lap,A white plate topped with food sitting on a table.,A man sitting in a chair with a black dog in front of a computer. A man watching TV and a medium sized black dog in his lap.  A man sitting on a chair with a dog in his lap. A man on a chair with a dog in his lap. ,0.8598665595054624,0.4734341502189636
Steam emanates from a manhole cover in the middle of a street.,A man lines up his shot while playing a video game,A yellow fire hydrant sitting next to a manhole with steam pouring out of it. Steam rises from a sewer cover on the road in the evening. Steam is rising out of a street manhole.  Steam rising from a manhole cover in the middle of a street with a yellow fire hydrant in the background.,0.9319859743118288,0.7711613774299622
A Stop sign on a road in a remote area,A man flying into the air while riding a skateboard.,A large red stop sign on a metal pole. A dry landscape with little vegetation bakes under the hot sun.  A stop sign in front of a hill with trees on it. A red stop sign sitting up against the side of a mountain.,0.39602982997894287,-0.28207850456237804
A cheese pizza on a plate on a table. ,A bird walking through a cafeteria next to a table. ,A pita pizza fills up an entire plate on a table. A pizza sitting on top of a white plate next to a knife. A pizza on a white plate and wooden table A pizza on a white plate beside a knife and glasses.,0.9419785737991335,0.6680363416671753
"A kitchen with an oven, fridge and bowls on the table","Two unbaked, homemade pizzas on a baking tray.",A kitchen with a center white island topped with a bowl of greens. A large open kitchen with an island in the middle a kitchen view of a counter cabinets stove and pots white cabinets silver oven sink and  refrigerator ,0.9834294319152832,0.4217720925807953
two cows walking from a field into the road,The city bus has stopped at the side of the road. ,THERE ARE TWO COWS THAT ARE WALKING IN THE GRASS two cows walking out of green field and crossing a road  Two cows outside a fence walking near a dirt road Two cows that are standing in the grass.,0.8948825001716616,-0.3789371848106384
A little boy is reaching out to touch an elephant's trunk while another elephant watches.,A man flying into the air while riding a skateboard.,a young boy playing with an elephant while a baby elephant watches A boy holding a stick in his hand touching the trunk of an elephant while another elephant looks on. A child touching the trunk of an elephant. A young boy is training an elephant by probing the trunk.,0.9605013728141785,-0.3293271362781526
A number of red and green traffic lights on a wide highway.,a person riding a snow board on a snowy slope,A large and wide street covered in lots of traffic lights. cars are stopped at a traffic light on a highway Traffic is stopped at a red stop light. A traffic light and intersection with cars traveling in both directions on the street.,0.735398530960083,0.8190166950225832
A black and white photo of a man and woman on a bench.,A man riding a surfboard on top of a wave.,some people on a park bench in a field an old man and an old woman sit together on a park bench in front of a grassy field A man sitting next to a woman on top of a bench. An elderly couple sit on a bench in a grassy park.,0.7288933992385864,0.06119650602340698
a kitchen sink with several white mugs hanging on the wall.,Three people are sitting and waiting on a planter.,"A view of a kitchen sink, knives, hanging cups, and wine glasses. white kitchen sink with white coffee cups, wine glasses and knives Several white cups are hanging on hooks in a kitchen. A kitchen has white cabinets and teacups hanging from a board.",0.9297211170196535,0.4760281443595886
"An electric toothbrush, a plastic teddy bear and a novel ",A man stands beside a yellow phone and red car.,"A brown teddy bear standing next to a  tooth brush. The stuffed bear is next to an electronic toothbrush and a book. A stuffed bear next to a toothbrush, a book and a small sheriff's badge.  An electric toothbrush, teddy bear, plant, fake sheriff's badge and a book.",0.9537324905395508,-0.09050673246383656
A double decker bus drives away from the water.,Two hot dot with ketchup and onions on it are on a plate with tomatoes and lettuce. ,A double-decker bus near a waterway and a bridge.  A bridge over the water with boats in the water A double decker bus parked near an arched bridge. A tour bus parked in front of a bay with a bridge in the background.,-0.013241343200206646,0.09392963349819183
A yellow fire hydrant is on the corner of an old sidewalk.,A woman wearing a black shawl with white umbrellas in the background.,a  yellow fire hydrant on the corner of a street A yellow fire hydrant is sitting on a broken side walk. A yellow fire hydrant next to a street corner.  A yellow fire hydrant is sitting on the corner across from the park.,0.9338079690933228,0.06505650281906128
A pizza has red and green peppers embedded in the cheese.,groups of people are skiing on a snowy mountain,This pizza is cut into eight equal slices. A sliced whole pizza with red peppers on a white plate. A sliced pizza on a plate with different toppings. a white plate of some kind of bread dish with peppers in it,0.97357714176178,-0.20481228828430176
A pizza with cherry tomatoes has a piece taken out.,There are people riding bikes on the street.,Three-quarters of a meat-lovers pizza with mushrooms with drink A partially eaten pizza is sitting beside a soda. A table with a partially eaten pizza and blue canned beverage on it. A close up of a pizza and a drink on a table.,0.7470730543136597,-0.07787575572729122
A large model train set with mountains and buildings.,A man riding on the back of a white horse next to a cow.,"A large model railroad landscape with trains on it A model train with a model mountain and model train station. A small model toy train on a track. A toy model train set with mountains, tracks and a train.",0.942123293876648,0.36397260427474976
Wood and metal bench in grassy area beside busy street.,Two men are paying for their pastries at a counter.,A park bench in front of a porch in a green grass filled park. A park bench casting a shadow on a path.  A bench sits on grass overlooking the street. A bench in the shade on a grassy area.,0.7980132699012756,0.4931603670120239
A desk with multiple laptops and a desktop monitor.,A man stands beside a yellow phone and red car.,"An office desk with three laptops, a computer monitor and keyboard. Cluttered desk top with three laptops and one computer A table with four computers on top, three of which are laptops Four computers sitting on desks in an office.",0.9440687894821167,0.08192643523216248
Big Ben is next door to an apartment building. ,Two street signs stand in front of a street and buildings with windows.,The Big Ben clock tower towering over the city of London. a big building with a clock inside of it  A tall building with a clock on the front and side of it A four sided clock sits on top of the tower.,0.8154824972152712,0.791881799697876
Two men are paying for their pastries at a counter.,a man rides on top of a race horse ,"People standing in front of a counter with pastries on it. A man standing at a counter getting food. A couple of guys with their donuts and treats, are at the checkout counter.  A man in a grey sweatshirt in front of an assortment of donuts on a counter top. ",0.852322578430176,0.39682596921920776
"A bathroom with a squarish motif, square sink, square faucets, square mirror.",a yellow light is next to some train tracks,"A square white sink beneath an elegant mirror A bathroom scene featuring a mirror and sink. A wood framed mirror hangs over a white, square sink unit with silver fittings. A large bathroom mirror over a sink in a restroom.",0.922967791557312,0.08196604996919632
A city scape scene with a train yard in the foreground.,Big Ben is next door to an apartment building. ,"View of a city skyline and train yard at dusk. A city with skyscrapers, other buildings, and trains. In a city, the buildings are illuminated while trains sit below. An urban skyline with a train-yard in the foreground.",0.9065140485763552,0.55037921667099
A base ball player runs towards home base.,Man thoroughly enjoying the use of a hair dryer.,"A baseball player is running into home base, seen fro the stands. A group of men on a field playing baseball. A baseball player runs to the next base in the game. The view from the stands of a runner about to cross home plate at a baseball game.",0.9592123627662656,-0.4598454236984254
"Human being having fun and enjoying some life. 
",A collection of people standing in a beach area.,A man brushing his teeth with a tooth brush. a close up of a person brushing his teeth A man who has a toothbrush in his mouth. A man is brushing his teeth wearing winter clothes.,0.2982243299484253,0.12864592671394348
A sandwich and french fries are on a plate.,A herd of elephants eating from a grove of trees.,A sandwich that is next to some fries. a close up of a plate of food with fries  A white plate topped with fries and a sandwich. There is a plate with french fries and a sandwich.,0.9624993801116943,0.6533781290054321
White bench in the middle of a wooded area. ,Large white sheets on a blanket with a yellow headboard. ,"A white park bench sitting in the middle of a forest. A garden bench nestled in a botanical oasis  A white bench is around a bunch of trees. An inviting white bench sits in the shade of this well-planned, forested garden.",0.6975523233413696,0.3967459797859192
A freight train moving along the tracks in a train yard.,A group of birds that are standing in the sand.,"Trains on a track, one with freight boxes.   Train tracks in a city with a train on them  A train crosses the tracks underneath a pedestrian bridge A railroad track traveling underneath a bridge in the day.",0.9589149951934817,0.5734865665435791
An old clock on the side of the road.,There are two cell phone's one is on with a robot.,A clock stand sits on the sidewalk by the road.  A clock on a sidewalk near stores and benches A clock sits on a post in a small town. A tree-lined street with a small clock tower. ,0.8732191324234009,0.7423624396324158
A cat with white paws and gray coat on the floor playing with a toy banana.,"the table has different food on it, mostly pizza",a cat sleeping on the floor with a little toy A black and white cat lays on a wooden floor with a stuffed banana. the cat is laying on its side holding a banana A cat playing with a yellow cat toy. ,0.9557539820671079,0.22256715595722198
A young girl who is brushing her teeth with a toothbrush.,Two donuts are on the brown paper bag next to a cup of coffee. ,An Asian child brushes their teeth with a blue toothbrush. A child holds a toothbrush halfway out of their mouth while brushing their teeth. A girl with a green shirt brushing her teeth with a blue toothbrush. A young child brushes their teeth with a blue toothbrush.,0.9758666157722471,0.7184227705001831
Two people playing a video game on a television.,White bench in the middle of a wooded area. ,two people are playing a baseball video game Two people playing a game on a TV. Two kids are playing baseball in Wii Sports Two young men playing a game on the Nintendo Wii.,0.8447913527488708,-0.4235207438468934
"A blue and white plate containing a dish of noodles, vegetables on white rice.",Two adults sit at a table with a child nearby in a room full of kids.,A blue and white plate topped with Chinese food. a plate sitting on a table with a meal on it a close up of a plate of food with rice The  asian dish features fried onions on top.,0.896034240722656,0.48283568024635315
A serving pot next to several trays of food.,A snowboarder is doing a trick in the air.,A table filled with sandwiches and trays of fruit. Large assortment of foods displayed in buffet on table. A table filled with food and a silver serving bowl. Many plates of food are next to a crock pot on a table. ,0.8250906467437744,0.08224630355834961
A white plate topped with food sitting on a table.,very many trains  at the railway station to their directions,Side of meat sitting on a white plate on a dinner table.  A plate of food at the table with meat Some interesting food sitting on a white plate by a knife Here is a plate of food that appears to have been browned in butter.,0.92403244972229,0.05263303965330124
A view of a cat getting fur all over a chair.,A dog sitting on the living room sofa looking bored.,A cat is sitting on top of a computer chair which is covered in hair. A long haired cat on the top of an office chair covered in cat hair. A cat laying on the top of a chair that is covered in cat hair. A cat is sitting atop of a hair chair.,0.9840195775032043,0.4651649296283722
a street sign with a large tower behind it with a clock built into the side,A man on surfboard in a river with another person standing in the river behind him. ,a sanctuary sign and a tall clock tower White city street sign sitting in front of a building tower with clock.  a tower with a clock inside it sits in the back ground a street sign on the street next to big ben ,0.8182679414749143,0.4742209017276764
The insect is flying around on the porch.,Green leafy vegetables and carrots laying on a bag.,A bug sitting on the side of a laptop computer. There is a large dragon fly on the corner of the laptop.  A dragonfly has landed n the edge of a laptop A blue dragon fly is perched on the corner of a lap top computer on a patio area.,0.3179154694080353,-0.06593312323093425
there is a small vase with many tulips in it,A snowboarder grabs the back of her snowboard while jumping,A painted vase is holding several colorful tulips. A small flower vase appears to need some water.  A vase with flowers inside of it near the window. A vase holding flowers sitting on a window sill.,0.9666352868080139,0.017800595611333847
Some people gathered on a platform near a big red train.,A little girl holding one ski and wearing a blue helmet. ,a train on a train track at a train station A group of people standing on a platform waiting for a train. The orange passenger train is loading passengers onto it. A train pulls up to a platform with people on it.,0.9707775712013245,0.7127782702445984
A young women chases the ball as other soccer players chase her.,Two people who are sitting on a bench near the water.,A woman kicks a soccer ball away from two opponents.  Three young girls are running after a soccer ball on the soccer field during a game. The soccer players are running after the ball. two girls soccer teams are playing soccer and player from each side fight for the ball.,0.8360614776611328,-0.297747403383255
The food and the alcoholic beverage are sitting on the table.,A train going down the track with steam on top and a bicyclist riding beside it.,A close-up of a plate of pasta containing broccoli. Having a pasta dinner on the deck with a glass of beer. A plate of food is on an outdoor table with wine. A plate sitting on a table topped with rice pasta and vegetables.,0.4464085102081299,-0.07269078493118297
Two people snuggled together under and umbrella waling down a street.,"Traffic turns left at a green light that also indicates ""70""",two people walking on a side walk sharing an umbrella A man and woman walking huddled under an umbrella. Two people walking under an umbrella on a street near some benches and a motorcycle. The couple is walking in the rain with their umbrella up. ,0.905229926109314,0.8066180944442751
a man stands next to a parked bike ,Vehicles parked along street with dome-topped building and arch in background.,A person standing over a bike next to a store. A man parking a bike in front of building A man is holding on to his bicycle working on something. The person stands next to a bike parked on the building wall.,0.9878426790237425,0.8416765928268433
a long boat being used for a green house,A bird is hanging onto the ledge outside the window. ,A long tour cruise boat with potted plants on the windows a boat in a narrow body of water  A white ferry with plants on it is at a dock.  The white and blue boat is floating on top of the water,0.5937675833702087,0.6760931015014648
A group of men during a baseball game with wall in the background.,a laptop is sitting on a blue bed,Professional baseball players in the middle of a game. A guy sliding to a base in baseball. A baseball game as seen through the safety netting behind the batter. Pitcher in a baseball game tries to out a player attempting to steal base.,0.48481428623199463,-0.15543545782566082
A red bus driving down a street next to a tall building.,A woman tennis player in the middle of a play.,A vintage red tour bus parked on the side of the street. an image of a tour bus that is parked on the street The tour bus is parked beside the curb of a building. A bus that is parked along side a curb,0.7067742347717285,0.2558402717113495
A white-and-black cat sitting on top of a laptop.,A giraffe eating some food out of a bucket.,A black and white cat laying on top of a laptop computer. A black and white cat sitting on top of a laptop. A cat rests it's front paws on a laptop. A black and white cat resting on top of a laptop computer.,0.9947753548622131,-0.23722399771213543
Two teddy bears are hung by an ear on a clothesline,Someone takes a picture of an office building from the street,Two teddy bears that are hanging on a line. this is stuffed teddy bears sitting in the grass two little teddy bears attached to a clothes line with clothes pins  Pair of colorful stuffed bears hanging on line in backyard.,0.9693982601165771,0.18433400988578796
Cows grazing in a field of dry grass by snowy hills,Two airplanes facing the opposite direction on the runway. ,A herd of cattle grazing on a dry grass field. Cattle graze a field in front of two large mountains. Snow covers the tops of mountains in the fall.  Cows in a field in front of mountains with snow topped peaks.,0.8520692586898804,0.41453954577445984
a close up of a sheet of paper with a piece of bread near two glasses of wine,Large bowls of banana bunches being examined by a female buyer.,Two wine glasses and bread on top of a piece of paper Two glasses of red wine with a piece of bread and cheese in between. Two glasses holding red wine sit on a piece of paper on a wooden surface. Two half-full glasses of wine are sitting on paper with bread and cheese.,0.7936103343963623,0.675309419631958
Two women sitting on a bench with one smoking a cigarette.,"A man in a red shirt, on a beach, throwing a Frisbee.",Two sexy young women sitting on a metal bench in front of flowers. Two women sitting on a metal park bench Two people sit on a bench with pigeons and other people nearby. Two women sitting on a bench in the park.,0.92395943403244,-0.47222143411636364
Several young women playing soccer on the field.,A black and white photo of a man and woman on a bench.,Soccer players are sprinting neck and neck for the ball. Girls running after a soccer ball during a game A group of young children playing a game of soccer. A group of kids run after a soccer ball.,0.799501895904541,0.10340876132249832
One batter is up and another batter iswaiting his turn.,a bed that looks like it has blood on it and a big hole in the paneling ,A baseball player waits for a pitch while an umpire looks on. A group of baseball players playing a game of baseball. A batter is practicing while his teammate is at the plate. A kid playing baseball at the ball park trying to get on base.,0.8578231930732727,0.24900463223457336
This is a picture of a interesting mural on a truck.,A large amount of people sitting at a table with food,A decorated truck is parked at a curb near a building. A delivery box truck with a painting going around it. a brightly painted truck on a city street A black and red truck with artwork is parked near a sidewalk on a street.,0.9740017652511597,0.4543640613555908
A train going down the track with steam on top and a bicyclist riding beside it.,There are two plates on the table in the dark room.,An old iron square steam train pulling gray passenger cars down a track past a bicyclist. An old fashioned train traveling down some tracks. The train is going down the railroad tracks. A steam engine going down a track. ,0.7788018584251404,0.2725283205509186
A man in a yellow uniform swinging a bat.,A person with a water board doing a flip.,"A man taking a swing at a  baseball A guy up to bat getting ready to swing at the baseball.  Two baseball players, one with bat and the other with gloves  A vintage picture shows a man swinging a bat. ",0.9874817132949831,0.17694294452667236
A young boy is attempting to slide down a slope.,A white plate topped with food sitting on a table.,A man riding a snow board on top of a snow covered slope. A boy on a snowboard at the top of a hill.  A young boy is riding a snowboard downhill A picture of a young boy standing on a snowboard.,0.7511909604072571,-0.3007369339466096
A tall giraffe is eating out of a basket.,A black and white cat laying on a white comforter on a bed.,a giraffe reaching up to eat some grass from a cage  A giraffe eating food out of a metal cage. A giraffe is eating grass out of a basket.  A giraffe licks food out of a pen. ,0.9894893765449524,-0.17723342776298523
a man is talking on a phone outside,Two brown dogs are playing on the dirt.,A man is talking on a cell phone near a bus station.  A man standing outside talking on his phone. A guy on the phone looks angrily in thedistance a man in glasses talks on a cell phone ,0.9153026342391968,0.6053488254547119
A living space with a blend of elegant vintage decor and modern style.    ,A man in a dark warm-up suit smiles broadly as he lunges and reaches out his tennis racket for a volley.,"A living room filled with furniture and a fire place. A living room contains seats, a table, and a fire place. A den with a chair, couch, table and mirror. A living room with the furniture arranged to view the fireplace",0.5051120519638062,-0.19764384627342224
The stainless steel refrigerator is being moved into the newly constructed home.,The man is flying his kite high in the sky.,A stainless steel refrigerator sitting on cardboard in a kitchen A new stainless steel refrigerator with double doors and double drawers. A stainless steel refrigerator standing in a kitchen. A new refrigerator was delivered with the plastic still wrapped around it.,0.9377446174621584,-0.14260727167129517
The healthy meal is ready to be eaten on the plate.,The cat is sleeping on the keyboard of the laptop.,"There is some tuna and a potato on a white plate.  A white plate with a serving of food on it A white plate topped with a meat and veggie mixture ext to a potato. There appears to be only a small portion of food, or perhaps most of the meal has been eaten from a plate that still holds what appears to be a cooked potato and a mixture of creamed meat and vegetables. ",0.6456665396690369,-0.41214463114738464
A group of people playing tennis on a video game with a large television on.,Several people playing and watching others play Wii.,A group of friends playing a motion controlled video game A group of people are gathered around at television playing WII. A group of friends play a game on the Nintendo Wii. The friends are playing a game together in a living room.,0.8819189071655271,0.7576932907104492
Three persons seated on a bench near a pool of water,The people is sitting in the middle of the blue water,a red park bench that is by some water Three people are sitting on a bench looking out at mountains and a lake. A group of people sitting on a bench near a lake. Three people sitting on a bench in front of a lake. ,0.7540940046310425,0.8959286212921145
Large white sheets on a blanket with a yellow headboard. ,a close up of a cake on a table,A bed with white sheets and a night stand. There is a photo of clean white sheets and pillows The white pillows and quilt of a bed in a hotel room White blankets and pillows in a hotel room,0.10857076942920685,-0.24143461883068085
There is a sign for an exit on a highway.,A blue snowboard laying on the side of a mountain.,A highway filled with lots of traffic nest to a traffic light. A highway with a green exit sign and a yellow traffic sign.  a green and white street sign some cars and buildings A highway at dusk with cars traveling between cities.,0.7735190391540527,0.3377978205680847
The duck is swimming toward the moss covered rock.,A white refrigerator with a bed in the background.  ,A seagull swims toward a rocky shore in a lake. A single seagull swimming towards a rocky shore. A seagull swimming in water near the shoreline. a duck that is floating in a pond,0.9144135713577273,-0.6572026014328004
Some people standing under an arch which has a fancy clock on it.,A man in a red shirt and black tie looking out a window.,A couple of people underneath a building with a clock. A tall building with a massive clock on it's face. A person in a red shirt and a person in a blue shirt standing under an arch.  an old building with an arch in it with a clock on it,0.9807098507881165,0.9366300106048584
A surfer reaches the peak of a wave.,different sized and shaped donuts sitting in a box,A surfer flies off the crest of a wave. A man riding a wave on a surfboard in the ocean. A picture of a single surfer riding a large wave. A surfer goes airborne on top of a wave in the ocean.,0.8859302997589111,-0.09608764946460724
A tennis player wears a Nike outfit at a game.,A middle aged man is playing with a WII game.,A tennis player serving a ball on a court and a separate image of his sneakers and uniform. A photo profiling an outfit and a shoe and a man wearing both. An ad for Nike has the tennis uniform look like a super-hero suit.  A man swings a tennis racket with a crowd watching,0.9319635033607481,0.14146140217781067
A man is swinging at a baseball at the batting cage.,a man standing in a building with a stuffed animal ,A baseball player swings his bat at a ball. Man intently hitting baseball with aluminum bat and no batting helmet The ball player is hitting the ball with the bat. A close up of a person about to hit a baseball.,0.9427974224090576,-0.13822144269943237
A stoplight with a busy city street in the background.,A fire hydrant on a city sidewalk ,A traffic light is standing in the middle of the street as buses are driving in the background. a traffic light with a city street and buildings in the background A traffic light at a busy intersection is red.  Looking down at a busy intersection on a sunny day,0.9816268086433408,0.40463685989379883
Containers with different types of food inside of them. ,A young female equestrian jumps a hurdle on her horse. ,Small baskets of food are seen in this picture. Four paper containers filled with different kinds of food. a close up of different plates of food  Four small trays with a donut and other edible treats. ,0.7253224849700928,0.23598438501358032
A man riding a foamy wave on top of a surfboard.,A man is swinging his tennis racket on a grassy area.,"one surfer if riding a wave while the other is sitting on his board A man with a wet suit on riding a surfboard on a wave. A surfer rides the middle of a shallow, white water wave. A guy surfs a wave on a surf board. ",0.9408154487609863,0.025476686656475067
A man is about to make a tennis serve.,"Traffic turns left at a green light that also indicates ""70""",A man standing on a tennis court holding a racquet. A man holding a tennis racquet and tennis ball. A man getting ready to serve in tennis. a male in an orange shirt is playing tennis,0.9398068189620972,0.49165278673171997
An airplane coming in for a landing next to a large tower.,Tour group preparing to load tour bus in tropical area where palm trees are native.,A large jet flying over some small foothills. A large white airplane coming downwards from the sky. An airplane is flying near a metal structure. A plane flying low in preparation to land on the landing strip.,0.4037919044494629,-0.5010437965393069
A bunch of boats that are sitting in the water.,A male tennis player with a hat and sunglasses standing on a hard surface court with a racket in his hand.,A large amount of boats are parked in the marina A multitude of boats sit in the dock at night. Several boats are docked at a large pier. a bunch of boats that are floating in the water,0.814343333244324,0.4533526301383972
A large red chair has a horse statue on it.,A surfing simulator is being used by fellow surfers.,A toy horse sits atop a red wooden chair A plastic horse standing on top of a chair. A small horse on a large wooden chair. A large red chair in front of a building.,0.9676771163940432,-0.111460141837597
A person jumping up in the air on a skateboard.,A couple of people and a umbrella in the grass.,A person riding a skateboard up the side of a ramp. a person jumping a skate board iin the air A young boy skating on a slope as others watch A little boy with a skateboard in the air.,0.9465706348419192,0.9169151782989504
A bowl of orange colored soup with a green dressing on a green table.,a man sitting on a cement bench holding a cell phone,A white bowl filled with soup on top of a plate. A bowl of yummy food sits on a green table. A big bowl of soup on a green table top. A bowl of creamy orange soup on a green table.,0.7767554521560669,0.2509719729423523
a person in a suit and tie using a telephone.,Large tour boat making its way across the water with a city scene in the backgorund,a man sitting down with a telephone up to his ear A painting of President Obama holding a phone in an office. A picture of Barrack Obama with propaganda against him.  The image shows the President talking on a telephone.,0.9283537268638609,0.1729905903339386
"A man dressed in a dress shirt, tie and jacket.",A professional baseball player pitching a ball at a game.,"A closeup of a black jacket, white shirt and striped tie. a close up of a yellow and blue striped tie  A mans suit with shirt and tie is shown. a person wearing a collared shirt, a striped tie, and a black suit jacket.",0.9805921316146848,-0.3168303668498994
A group of birds that are standing in the sand.,A plate full of mixed and cooked vegetables,Four birds are walking on the sand near water. A flock of seagulls standing on the beach. Group of seagulls standing next to a body of water. A group of birds stand majestically on the shore.,0.9755981564521792,0.2744583785533905
a close up of a plate of food with french fries,"There is an image of an outdoor area. 

",A tray that has plates on top of it. Three plates of hotdogs and french friends on a red tray. A tray with three plates of food is sitting on a table. Three plates of junk food sitting on top of a red tray. ,0.5949380993843079,-0.16089072823524475
"A etched bowl with lemons, bananas and avocados.","A body of water containing boats, kayaks and people.",A glass bowl filled with different kinds of fruits. A bowl of fruit sitting on a table  A glass bowl of fruit on a table.  A glass fruit bowl sitting on a wood table,0.28213244676589966,0.18434374034404755
A man is doing tricks on his skateboard.,a little boy and girl sitting under an umbrella,A skateboarder launches himself into the air above his skateboard. A skater does a trick in a skate park. The boy is midair and his skateboard is flipped under him.  A man flying through the air while riding a skateboard.,0.9456439018249512,0.06628245115280151
Four people standing outside of a steam train. ,A man in blue shirt riding a skateboard on tennis court.,A train sitting next to a loading platform with people standing on it. A train that has people standing outside of it. a old train that is on a track with people next to it Some people are standing next to an old steam locomotive.,0.9003184437751768,0.258287638425827
A man in grey shirt and black shorts playing tennis.,A white plate topped with food sitting on a table.,The man playing tennis makes a backhanded move. A male tennis player holding a racket in a stadium.  A male tennis player hitting a tennis ball.  A male tennis player swinging a tennis racket at a ball.,0.8706721067428589,-0.17974241077899944
two children one holding a bear and one holding a cell phone,Several people playing and watching others play Wii.,"a couple of young kids are sitting together A vintage closeup shows a chair with a toddler with a big smile and a big toy bear seated right  next to a second toddler with a semi-smile, holding what appears to be a coin purse. A picture of two young kids posing or a picture. A couple of children sitting in front of a blanket.",0.9282111525535583,0.13392454385757446
Two brown dogs are playing on the dirt.,Two zebras standing on a gravel road look attached,"Two brown dogs in grassy area biting each other. Two dogs playing, jumping on each other and biting. Two similar sized dogs fighting near an empty chair. Two brown dogs involved in fight against each other.",0.8333384990692136,0.6449447274208069
A young boy dragging a shovel across the beach,Commodes displayed on cement floor side by side.,A baby with blue shirt carrying a shovel next to two birds. A young boy carrying a purple shovel across a sandy beach. a little kid with a shovel watches as some birds fly  a child on a beach with a shovel,0.6741616129875183,0.7418439388275146
A tub and and sink in a bathroom.,A couple of white bathroom sinks mounted to a wall.,"A bathroom area with a tub, sink and wooden floor. A white bath tub sitting next to a  white sink. There is a sink and bathtub in the bathroom. the bathtub and sink in a white tiled bathroom",0.9872971773147583,0.9612579345703125
A small dog is chewing on a chew toy.,people on a hill flying two large kites in the sky,A small dog chewing on hot dog like dog toy. The dog is sitting on a pillow and eating a hot dog. A dog is lounged on a bean bag while chewing a hot dog toy. A dog chewing on a chew toy while sitting on a beanbag.,0.9581620097160339,-0.2221692055463792
A female on a cell phone in a car. ,A homemade pizza that looks delicious has a variety of toppings. ,A woman sitting in a car holding a smart phone. A young girl texting  on a cell phone in a car. A girl checks her phone in a vehicle inside a parking lot. Girl texting on a cell phone in a parking lot.,0.9537367820739744,-0.005222335457801819
A man uses skate skis to exercise on a street.,A stop sign next to a fire hydrant on the curb of a road.,A man with skates and poles traveling on a paved road. A guy roller skating down a road with poles. A man riding a board down a street holding two ski poles. A man with helmet skating past some bicycle riders on the road,0.7995117902755737,0.9309612512588501
A shirtless smiling man skates down a street with his skateboard.,A picture of a cat lying inside a dry sink,The man is walking down the street with no shirt on. a shirtless man skating down a somewhat busy road at night  A person on a skateboard on a city street. A man with no shirt on a skateboard.,0.6844168901443481,0.19160526990890503
A business sign attached to a wooden post.,A rainbow of kayaks arrayed on the sand flats at the water's edge.,a wooden post holds up a sign off of a road  A sign that is attached to a wooden pole. A sign on a pole is displayed on a road. A sign indicating the historical site that is the Nathan Hale Homestead.,0.9725818634033203,0.3128979802131653
A piece of paper with the images of three hot dogs on it.,"Zebras, giraffes and camels stand under trees in a large enclosure.",Images of 3 unusually long hot dogs sticking out of their buns. A ripped towel or cloth with three different hot dogs.  This piece of paper has three hot dogs on it. A picture of three deluxe hotdogs pinned up with a tack.,0.9576706886291504,0.3239338994026184
A banana and a can of tomato soup are resting on a white surface. ,"A kitchen with a sink, cutting board and refrigerator.",a banana sitting next to a can of tomato soup  A can of Campbell's Tomato Soup and a ripe banana. A banana is sitting next to a can of soup. A banana on a white surface next to a can of tomato soup,0.8566362261772156,0.3658660650253296
An up close photo of a motorcycle tire. ,A man carrying a bag walking down the train tracks. ,A close up of a front end of a motorcycle and tire. A motorcycle front tire with the brake system showing. A low-angle view of the front fork of a motorcyle from the tire to the headlight. The front wheel of a parked motorcycle is slanted.  ,0.9817295670509336,0.7099846601486206
Two men are surfing down a rough stream.,A truck with many painted decorations is parked in a desert.,A man riding a surfboard on top of a river. A person is riding a surfboard in a narrow waterway. a man in a wet suit is surfing in a canal A man is surfing in a waterway while another watches and a man is down.,0.7657891511917114,0.1890050172805786
groups of people are skiing on a snowy mountain,A couple of people standing on a beach flying a kite.,A group of people are in the snow on skis. Several people prepare to ski or snowboard on a snow slope. A bunch of skiers standing on a ski slope A bunch of skiers on a mountain while a storm rolls in.,0.9336053729057312,0.1697193831205368
A multi-colored bird sits on a tree branch.,Two brown dogs are playing on the dirt.,A large colorful parrot is perched on a tree limb. A colorful parrot sitting on a branch next to a tree. a brightly colored  bird sitting on a tree branch A very colorful bird perched on a tree branch,0.9660842418670657,0.6500588059425354
there is a man sticking his head out of a train window,two horses standing in the grass by a bighouse ,A person on a long large train on a track. A person with his head out of a window while on a train.  People leaning out the windows of a train as it goes through the countryside. A man hanging his head out of the side of a train.,0.9804139733314512,0.6808574199676514
A woman stands behind a cake and baking decorations.,A little girl with decorated face in front of a table of cakes.,A woman decorating a double layer cake on a table. A woman decorating a fancy cake in her kitchen A woman standing in front of a coloured cake A woman is going to decorate a cake.,0.8301286697387695,0.7349634766578674
A couple of people that are playing a game.,A jet is sitting on the tarmac with blue sky's around ,"There are people watching other people play table tennis. People standing around ping pong tables, some with racquets in  hand. People playing table tennis on more than one table indoors. A ping pong practice is in action indoors.",0.14800512790679932,0.05928860977292061
an image of a tennis player returning a serve,A woman in a skirt is holding a tennis racket,A man swinging a tennis racket at a ball on a field. The man jumps high to hit the tennis ball. A  person raised up off the ground in front of a crowd. A woman serves a tennis ball as a crowd watches,0.8795675635337832,0.7432727813720703
Two skateboarders sitting on a cement block with their skateboards underneath their feet. ,A man skies across the water behind a boat. ,"A couple of men sitting on a cement block on top of a skateboard. Two people sitting on a concrete block, with their feet on skateboards. Two skateboarders sit on a ledge with their feet on their skateboards.   Two young skate boarders sit on a concrete bench at night.",0.9720976352691648,-0.03431818634271622
A woman tennis player in the middle of a play.,A little girl holding one ski and wearing a blue helmet. ,A woman in a white tennis outfit is hitting a tennis ball. Woman on a tennis court with feet off the ground. A female tennis player at the us open. A girl wearing a white tennis outfit and white shoes holds up a tennis racket on a tennis court while a woman wearing blue is seen on the side.,0.9189277291297913,0.23362424969673157
Two street signs stand in front of a street and buildings with windows.,A Stop sign on a road in a remote area,Signs showing the intersection of two streets in a European country. A blue street sign in front of a green and pink building. Two street signs pointing in the direction of the roads.  Two street signs that are pointed in different directions.,0.9703015089035032,0.7825866341590881
A group of people that are looking at some musicians. ,Giraffes lean over fences toward a group of people.,A group of people walking down a walkway. Several people are standing around watching a band perform on stage. A crowd of people are gathered outdoors on the street. A crowd of people at an outdoor concert.,0.8835655450820921,0.7771426439285278
Two men in the ocean riding the waves with surfboards. ,A plate of sandwiches covered with plastic wrap.,surfers in water near pier waiting on the next swell Two men riding surfboards in the ocean net to a peer. A couple of young men surf and swim by the pier. Two males surfing by a pier in the ocean.,0.905649781227112,0.024951819330453873
a person riding a snow board on a snowy slope,A group of people riding on the back of a boat in a river.,A person in cold weather gear riding on a snowboard down a slope.  A person is riding down a hill on skis.  A skier wearing a backpack skiing down a hill side. A couple of people riding skis down a snow covered slope.,0.9120301008224487,-0.23611921072006237
A pay toll sign hanging above the highway.,The food and the alcoholic beverage are sitting on the table.,A sign explains the toll on a toll road. Driver's view of an upcoming toll booth sign on a freeway. vehicles going down a highway next to some trees A truck is passing under a freeway sign.,0.9486347436904907,-0.19252535700798035
people on a hill flying two large kites in the sky,a man playing with his kite as it flies through the sky,"Two people on the ground with large balloons of an orange and white fish and a crab, floating in the sky. A balloon of a clown fish and another balloon of a lobster fly in the sky. A Finding Nemo balloon is flying in the air. Very large kites being flown by two people.",0.9726977348327637,0.9246078133583069
A long white table sits in front of glass double doors.,A large mountain range partially covered with snow.,"A dining room with table, chairs, windows and doors. It must be nice to have a dining room that overlooks the water. Home dining area with white walls and furnishings overlooking water. Bright white eating area with lots of windows facing a lake.",0.9388681650161743,0.5900211334228516
A train is moving along a stretch of track.,A stuffed animal and a fire truck toy on a subway seat,The subway train is passing under a walking bridge.  A caboose sitting on a track in the city along the side of the street. There is a train moving down the tracks. A commuter train parked under an overpass in an industrial area.,0.8623776435852049,0.7662312984466553
a motor cycle sits parked next to a bunch of other bikes,A little kid that is touching a fridge.,Yellow motorcycle parked on a lot with other motorcycles. a yellow and black motorcycle among other motorcycles a yellow motorcycle is sitting in a lot A highly stylized yellow and black motorcycle parked at a show,0.9322864413261416,0.22794939577579498
A bike is locked and hanging from a door.,snowboards and snowboarders standing at the bottom of a run.,"a gray bicycle is locked to some metal doors A bike that is padlocked to a wall. The bicycle is locked on the green, metal wall.  A bike chained to the doors of a building ",0.983465313911438,-0.3475268483161926
A rider and horse jump over a wooden brush obstacle.,A fire hydrant on a city sidewalk ,A man jumping a horse over an obstacle. A person jumping a horse over an object. An equestrian competitor and his horse jumping over a stile A horse and jockey jump over bush hurdles .,0.9453471899032593,0.2788376212120056
a couple of tents are put up outside,a man standing beside a large truck in a parking lot,A row of colorful tents sitting on top of a beach. several sport tents along a beach area near palm trees There are several tents pitched on a beach. Several different-colored tents sit on a sandy beach.,0.7546985745429993,0.2256593108177185
A young person laying down on a surfboard riding a wave.,A man on a court swinging a tennis racket.,A surfer laying on a surf board riding the top of a wave. Only three quarters of the surfers body shows on the surfboard. a woman riding on a surf board through the water  A woman riding a wave on top of a surfboard.,0.8657432794570921,-0.3670053482055664
A little girl with decorated face in front of a table of cakes.,A man standing beside a parked motorcycle in the woods.,A small girl with face paint in front of a table of decorated cakes. A little girl standing in front an assortment of cakes with different colors on her face. a little girl standing by a table with some cakes on it A little girl standing in front of table with cakes on it.,0.9377536773681641,0.602999210357666
an elephant using his trunk to move a log,A large airplane and some trucks in a lot.,An elephant at a zoo standing under an awning an elephant with it's trunk rolled up in the wilderness An elephant stands under an awning at an animal park. An elephant is eating twigs in its confined area.,0.9228414893150327,-0.17772305011749256
several zebras and other brown animals running in a grass and straw field,groups of people are skiing on a snowy mountain,Several zebras from behind standing on grass plain with distant trees. A grouping of zebras running in a open field. A herd of zebras in the wild near grassy terrain. A heard of Zebras moving with another animal group across a field.,0.9852718114852903,0.10443118214607239
Wrought iron bars over a round window in a stone building face.,"A computer desk holding a computer monitor, a keyboard and a cup of coffee.",A building with a large circular window that has a designed iron bar cover on it and a pigeon flying from it. A large circular window with a decorative iron barrier. A bird flying out of an attic window of a building. A pigeon flies out of a barred exit on a brick building.,0.8394882678985596,0.4612337052822113
A baseball player attempting a bunt during a baseball game.,people on a hill flying two large kites in the sky,a man is holding a bat at a baseball game a baseball player gets ready to lay down a bunt  A batter that is trying to bunt a ball with his bat. A baseball player standing next to home plate.,0.9560361504554749,0.026251191273331642
A dog sitting on the living room sofa looking bored.,A photo of a video game in the middle of a large mirror in a bathroom. ,A large dog sitting at the foot of a couch. A dog lies on the floor next to a couch. a dog laying down beside a little couch  A dog is laying next to a couch,0.9130254387855528,0.2515283226966858
A woman sitting at a table with a birthday cake in front of her.,A doll sitting on a chair at a small table.,An older woman sitting at a table with a cake An elderly woman is seated at a table with a small cake in front of her. A woman sitting at a table with a cake in front of her. An old lady sitting at a table while looking at her birthday cake. ,0.9423816800117493,0.7696225643157959
A sign that is attached to a wooden board. ,A man and a little girl wearing snowboards. ,"A humorous stop sign is pictured in this image. A stop sign specifying about no zamboni crossing. a close up of a stop sign on a wooden pole  A close shot of a sign reading ""STOP ZAMBONI CHASING"". ",0.8458315134048464,0.8619978427886961
A display case full of various donuts is shown.,Person paragliding and wakeboarding on ocean with tree slope,A display case filled with lots of different kinds of donuts. Assorted donuts are arranged in a glass display. Shelves containing wire baskets of a variety of donuts. Shelves of donuts of different colors and varieties.,0.9400513172149656,0.5013976097106934
A surfing simulator is being used by fellow surfers.,People are standing outside holding umbrellas near a banner.,"A water surfing ride attended by an employee. Surfers ride waves in a wave simulation machine.  People are waiting to try a surfing simulator. A big surf area in the middle of the city called ""surf in the city"".",0.9289328455924988,0.8715164661407473
Photo taken at dusk with colorful objects at are lite up.,Tour group preparing to load tour bus in tropical area where palm trees are native.,A field full of flower sculptures next to a forest. some lit up artificial flowers and a vase sitting in a yard  A lighted art display in a park at dusk. lights made to look like flowers surrounding a lite up vase,0.891984701156616,0.4977695941925049
"The view is from the back of a horse, riding in a dry, grassy field towards a pond on a sunny say.",An up close photo of a motorcycle tire. ,A horse standing in the open field looking a the lake  A horse looks away from the camera toward a lake.  A view from someone riding horseback in an open field with a pond on it. A first-person view of riding a brown horse through a field.,0.8374394774436953,0.8008066415786743
a smiling man standing in front of a microphone stand ,A bird flying over the ocean in front of a wave.,A man is excited as he stands up and delivers a speech. A man standing at a podium giving a speech. An older man is smiling while standing at a microphone. A scottish businessman stands before a microphone laughing.,0.9337510466575625,0.06611413508653641
A toilet is shown with the lid up.,a man is laying down in front of his motor bike,Public toilet with the lid up and a garbage can nearby.  A toilet is seen from above with the lid up. A white toilet in a bathroom next to a trash can. a small public bathroom with the seat up,0.9653552174568176,-0.011900143697857746
A car attached to a trailer with a boat and a surfboard.,A woman tucked into the side of the street on a phone call.,A car with open doors is towing boating equipment. A man hitching a trailer with water sports equipment to a sports utility vehicle. A truck and trailer being ready to go to the beach. Loading up the kayaks for a summer vacation,0.9120062589645384,0.5938605666160583
"A pastry rack, a glass display of pasties and a shelf of cookie jar on a shelf above in a bakery.",a person sitting on steps with a cell phone ,A restaurant filled with lots of different types of food. Bakery filled with wrapped donuts and donuts behind the counter. A retail bakery store with a number of display cases. A bakery shop with doughnuts on a rack beside tables.,0.9636945128440857,0.4780418872833252
A picture of a street light and sign showing the street names.,A homeless persons shopping cart filled with items.,a pole with a street light and signs next to a bare tree Street signs and a traffic light on a pole beneath a tree. A yellow traffic light hanging off the side of a pole. A traffic light on a metal pole by a tree.,0.9964550733566284,0.4612331986427307
A woman watches a child play with a kite on the beach.,People at an airshow near an airplane. ,A woman standing on top of a sandy beach under a flying kite. A woman and a child with a kite. a little girl flying a butterfly shaped kite on a beach There are people standing on the sand at the beach.,0.9777278304100037,0.08041716367006302
A dessert has raspberries and cranberries and purple flowers on it.,a basket of broccoli carrots and some califlower,A pizza topped with flowers on a pizza pan sitting on a wooden table. A bright pie has raspberries and pink flowers. A chocolate pie topped with raspberries and flowers A pie with lots of raspberries and flowers on top.,0.966474652290344,0.9179151654243471
A blonde haired boy is doing skateboard tricks in a parking lot.,A boy stands beside a bicycle parked by a parking meter.,"A man that is in the air with a skateboard. A man is doing tricks on his skateboard, him and it up in the air this is a boy doing a trick on a board A man is performing a flip trick on a skateboard",0.5245683193206787,0.6968163847923279
"There is a huge room with furniture and things inside.
",There is a very large cake with fondant decoration,"A living room next to a kitchen and a dinning room. Interior view of a kitchen with a small bar area, wood floors and stairs to an upstairs area. an open concept of a  living room and kitchen combined a kitchen with a stove a counter and cupboards",0.9135352373123169,0.23823633790016174
A group of hand painted vases are on a table.,A freight train moving along the tracks in a train yard.,"an assortment of some colorful vases on display on a table  An assortment of small, multicolored ceramic pots in a room. pot like models on a table well molded A photo of a dozen little painted gourds.",0.9695146083831787,0.7256321907043457
The man is dressed in a shirt and tie posing for a photo. ,A man on a motorcycle talking to a woman in an SUV on residential street.,A man in a blue shirt and tie with red stripes. a man with a tie on posing for the camera. There are no images to describe; however it requires eight words to move on. Well dressed middle aged man with an unimpressed expression. ,0.5900755524635315,0.43201693892478943
A surfer standing in the ocean holding a surfboard.,many different buildings near one another near trees,A man standing in the ocean while holding a surfboard. A young man standing with his surfboard in the ocean. The surfer is carrying the surfboard back to shore. A young man is in the ocean with a surfboard.,0.9756051898002625,0.6664507389068604
there are many people in a back yard sitting together,"A cycling event with cycles being transported in cars, atop cars, in vans.",A family on the back porch sitting around a table. a group of people sitting under a tent at a house back yard gathering with people talking to each other the people are socializing under an umbrella table in the sun,0.9464465379714968,0.41596123576164246
A girl is messing with her cellphone in a chair,a large statute with a big building in the back ground,"A woman sitting in a chair beneath a sign saying not to sit there. A young woman is sitting in a chair on her cell phone. A woman using a smart phone while sitting down. A girl taking a self portrait as she sits in a place marked ""Do Not Sit Here.""",0.36290937662124634,-0.002354235853999853
two people holding umbrellas walk through a park,a group of people stand on the beach talking ,Two people walking through  park holding umbrellas. Two people walking under umbrellas in a park. two people are wearing black and are carrying a black and a red umbrella People under umbrellas in a park in the rain,0.9929846525192261,0.7827760577201843
Three women walking and one is holding a umbrella.,Two black elephants seem somewhat distant near the small lake. ,"A woman holding a blue umbrella while she walks beside other two women.  Three women are walking along a building by the beach. Three woman walk together as two of them are under one umbrella. On that point are a bunch of individuals celebrating outdoors.
",0.9610322713851929,0.5620363354682922
Professional baseball player about to throw the ball,Two park benches with one man sitting in woods.,A baseball player pitching a baseball holding catcher mitt. A baseball player takes a body stretch to launch the ball. A baseball player for the Giants in the motion of throwing a baseball. A pitcher is just about to throw a good fastball. ,0.9926359057426453,-0.586423397064209
Two children looking over a  large birthday cake,A large red chair has a horse statue on it.,"A pretty young girl standing next to a boy in front of a birthday cake. Two young kids smile brightly over a birthday cake. A boy looks excitedly at his birthday cake with his friend. Two kids next to a red, yellow, orange, and white birthday cake.",0.9868997931480408,0.2093019038438797
A painted man is seen using a laptop computer.,a counter with a toaster over and an open laptop sitting on it.,An evil villain sitting in front of a laptop computer. A painting of a man sitting in front of a laptop. A painting of a man in a top hat on a laptop computer. A painting of a man holding a laptop computer.,0.9264223575592041,0.7122288346290588
A cell phone that is placed on top of a keyboard.,A man skies across the water behind a boat. ,"A red and white cellphone sits on a white computer keyboard. A cell phone laying on top of a computer keyboard. Two electronic devices, one with a large keyboard, the other with a clock display. A phone is laying on a computer keyboard.",0.8877882957458496,-0.5368218421936036
A man is swinging his tennis racket on a grassy area.,Two teddy bears are hung by an ear on a clothesline,A man swings a tennis racket and falls onto the grass. A man in different poses holding a tennis racquet. Still shots of a man trying to hit a shuttlecock. Several motion shots of a man playing tennis.,0.7917723655700684,0.5197086930274963
Two men standing beside one another smiling at an event. ,a man that is surfing in some waves ,Two men enjoy glasses of beer at a gathering. Two men pose for a picture at a formal event Two men holding glasses of beer at a convention Two young men are grinning while holding wine glasses.,0.8003050088882446,0.3872680366039276
A large amount of people sitting at a table with food,"twp desk with computers, laptops and other electronics",A large group is sitting together and eating at a restaurant. The people are gathered at the table for dinner. A large group of people pose for a photo at dinner. The diners are enjoying their various beverages with their meals..,0.8541233539581297,0.4724411964416504
A blue train is going on the tracks by an old building.,A young baseball player is catching the ball while another gentleman looks on. ,Train traveling through countryside near tall brick structure. an overhead view of a train on a train track A train on a track passes through a green area next to a stone castle. Train comes down tracks in front of old castle.,0.9315136075019836,0.7783405184745789
Decorative hate being old out of rapping to eat,A tall giraffe is eating out of a basket.,A person cutting up an ice cream cake sitting in the box on a table. Small cage being cut by a person with a green shirt on.  A person cutting a cake with a knife. A person that is standing in front of a cake.,-0.5385218858718872,-0.10996155440807343
a bedroom with some posters a blue and white bed and some pillows,"There is a huge room with furniture and things inside.
",A bedroom has many posters on the wall. A bedroom has gold paint and posters on the wall. A bed is in a room with posters. A bed sitting up against a window under a wall covered in posters.,0.9865677952766416,0.8180518150329592
"Two unbaked, homemade pizzas on a baking tray.",A girl slicing a pie inside of a box while others watch.,Two personal sized pizzas are being prepared on a pan. A prepared pizza sits next to an uncooked pizza. Two pizzas sitting on top of a baking sheet. A hand sprinkling toppings on one of two pizzas in a pan.,0.7590489387512207,0.44084540009498596
A red fire hydrant on the corner of a sidewalk,A group of men during a baseball game with wall in the background.,A fire hydrant by a sidewalk marked with paint. A fire hydrant in the grass next to a sidewalk with paint on it. a red fire hydrant at the corner of a street A red fire hydrant near a sidewalk that has been painted on.,0.9483469128608704,0.9608434438705444
A man and a woman on an orange scooter riding down a street.,A street light pole with traffic and Stop signs,a parade of motor cycles being watched by a crowd a photo with dozens of motorcycles with people on them a large group of people watching motorcycle driving down the road. A crowded street filled with people riding motorcycles.,0.6973890066146851,0.7349957823753357
a big red bus that is driving down the road,A man and a woman on an orange scooter riding down a street.,An unusual looking red bus going down a road. a bus driving down the street next to some buildings and trees A red tram carrying a group of people on a tour. A red double decker vehicle driving down a street.,0.36161208152770996,0.620145320892334
A plate full of different types of foods.,Group of cows in a field near a water trough.,"A plate topped with vegetables, meat and fruit. A plate of food containing carrots, potatoes and meat. A white plate full of cooked meat and vegetables.  A round plate of food with meat, onions, vegetables and other items.",0.9792892932891848,-0.11459007114171982
Two cows laying in the grass under a tree.,A container with a meat sandwich and fork is sitting on the grass.,"a brown and black ox and a white and black one and grass  Two steer lie on short grass, facing opposite directions, next to a high fence.  Large horned cows sitting on grass in an enclosure Two cows are sitting next to a tree and a fence.",0.5743884444236755,0.29708045721054077
a man in a backpack is playing video games,A close up several different colored ties and styles.,A man who is playing a video game.  a man playing with a wii mote  A man is playing with a WII video game. a man with a black book bag on his back playing the wii game ,0.9907859563827512,-0.07472118735313416
This is an image of a man trowing a frisbee.,A group of guys that are running and playing frisbee.,A man in a suit tossing a frisbee A young man participates in a Frisbee game. Two men one getting ready to throw a freebie.  A man throwing a white frisbee in a tree covered park.,0.9791433215141296,0.9951353669166565
A sign on a red building has words in English and another kind of lettering.,A man on surfboard in a river with another person standing in the river behind him. ,"A large sign on the front of a building. A sign on a red tiled wall with marquee above it. A sign for a place of business outside a building. An Asian storefront shows a colorful sign and the words, ""DOM DOM"".",0.8993422389030457,0.7777672410011292
A man on surfboard in a river with another person standing in the river behind him. ,A person who is snowboarding down a hill. ,A man who is on a surfboard in a river. a man surfing on part of a river  a man surfing on a river with so high waves A man surfing down a rushing rivers wave,0.9043813943862915,0.6356691718101501
A table is filled with many snacks and treats. ,A baseball player waiting at the plate for a pitch.,"A table full of many different types of food. A table full of food ready for an office party There is a table filled with foods such as: a vegetable tray, fruit tray, and a cake. A table topped with plastic containers filled with food.",0.9666026830673216,-0.042401667684316635
This is a populated bridge with a shallow flowing stream below.,A bird is hanging onto the ledge outside the window. ,A large gray stone bridge spanning a river. Water passing under a bridge that cars are driving on top of. A stone bridge with three arches spanning a river. Various cars passing over a bridge above water.,0.9550223350524905,0.9174103736877439
A helmeted baseball player carries his bat on the diamond.,Man thoroughly enjoying the use of a hair dryer.,A BASEBALL PLAYER IS HOLDING A BAT ON THE FIELD A baseball player holding a bat while on the field. a baseball player holding a bat on a baseball diamond A person that's holding it back in a game.,0.8699833750724792,-0.39270329475402843
There is a metal and wood chair in a garden,close up of a bearded man wearing a black tie,A bench with potted plants sitting on top of it.  A bench surrounded by different plants on ground and potted plants. An empty red bench in an overgrown garden. A bench is in an overgrown yard by a hose.,0.7382354736328125,0.3468954563140869
A woman in a skirt is holding a tennis racket,A small furry animal is being held next to a piece of broccoli.,A woman in a short pink skirt holding a tennis racquet. A woman is standing while holding a tennis racket. A female tennis player is positioning herself for her next move. A young girl is holding a tennis racket.,0.9832901954650879,0.48839396238327026
"A bench in the middle of a lush, green forest.",a lady is about to put an automatic tooth brush in her mouth,A lush green forest filled with lots of trees. A jacket is draped on a bench in a dense forest. A park bench with a backpack on it in a forest of trees. A lot of different size trees in the woods.,0.719221830368042,0.5158702731132507
Black and white picture of several children on a sidewalk sharing an umbrella.,A man holding a large umbrella with some girls and a woman underneath.,A group of children  hanging around a umbrella. A group of several friends squeeze under a small umbrella. Four people getting close to share one umbrella. A group of people huddled under an umbrella.,0.9727257490158081,0.9574956297874448
A young man swinging a bat during a ball game.,A boy is reaching into a bowl of dirt.,A young boy taking a swing at  a ball A kid in a baseball uniform holding a baseball bat. A young player is swing his bat at a pitch. A boy is swinging a baseball bat during a game,0.9611520767211912,0.10774244368076324
a man wearing a white shirt and black tie ,A young girl playing with a play doll while sitting on the floor. ,The man in a black tie sits in a chair with his shirt sleeves rolled up. A man with a tie sitting down outside. A man sitting on the ground in front of chairs. a male in a white shirt and black tie,0.7574517726898193,0.49154287576675415
A statue of a man holding a red kite in the park. ,A long white table sits in front of glass double doors.,A young man attempting to fly a kite on a forest hillside. A teen flying a kite in a hilly area while other people relax nearby. A boy flying a kite in a park. A boy flying a kite in a park.,0.8168429732322693,-0.06112435460090637
Food on a table prepared to it with beverages.,Two large maps laying on top of a table together. ,"A white bowl on top of a plate filled with food. A bowl of oatmeal with nuts displayed on a dining table. A dinner tables with plates, beverage and utensils. A dining table has breakfast cereal in a bowl.",0.5254284143447876,0.16915029287338257
A man sitting at a table next to a plate of food and bottle of beer. ,A SANDWICH ON A PLATE AND A CUP OF LATTE ,"A man sitting at a table in front of bowls of food. A man is sitting on a low chair at a table. A man sitting at a table with a plate and a beer at a restaurant.  A man eating a meal and talking, there is a phone and a beer on the table. ",0.9761897921562193,0.42678433656692505
"A bike parked in the middle of a street covered up with a cloth .
",A herd of elephants walking in a wooded area.,A motorcycle parked on a walkway next to a dog. A motorcycle covered with a red blanket is parked in the middle of a plaza. A little dog is running around an outside shopping stand. A motorcycle parked in front of a temple,0.921764016151428,0.012854168191552162
A couple of people sit on a motorcycle next to a white car. ,A large red chair has a horse statue on it.,A couple of vehicles are side by side.  A group of cars and motorbike crowd the streets.  Cars crowd a street in a busy city. A woman in a sari rides on the back of a motorcycle.,0.2442930042743683,0.6034189462661743
A girl wearing red playing tennis on a green and blue court.,Kids play soccer outside on a grassy field.,A person on a court with a tennis racket. a woman holding a tennis racket in the air  A woman holding a tennis racquet on a tennis court. a tennis player that is on a court with a racket,0.8825519680976868,0.4149101972579956
Three bottles of beer next to a potted plant.,Men and women running on a grassy field.,A large potted plant sitting next to three bottles of wine. Three bottles of wine are situated beneath the leaves. A few bottles of wine next to a faucet in the wall Three bottles of wine are stored next to a flower pot.,0.9345206618309021,-0.6752062439918518
An arm holds out a lit lighter toward a lap top computer screen featuring a man with a cigarette.,Some people standing on a sidewalk near some water,A person pretending to light a man on a laptop screen's cigarette. a person holding a lighter to a laptop screen pretending to light the cigarette of a person on the screen A person holding a cigarette lighter up to the image of a man smoking on a laptop. Person holds a lit cigarette lighter to an image of a man holding a cigarette on a laptop computer screen.,0.975914478302002,0.5820739269256592
A pigeon greets three bicyclists on a park path,A person stands on a board in a body of water and holds a stick.,People riding bicycles down the road approaching a bird. three bicycle riders some trees and a pigeon A geoup of people on bicycles coming down a street. Several smiling bicycle riders approaching a colorful pigeon.,0.9592409133911133,0.6282680034637451
A young baseball player is catching the ball while another gentleman looks on. ,Men and women running on a grassy field.,A person that is playing in a baseball game. A man catching a baseball with a catchers mitt on a field. A young man in a blue shirt and tan shorts watches a baseball player catch a ball. Baseball catching a baseball while keeping foot on base.,0.21133849024772644,0.293173611164093
A male sitting on top of an ATV with a motorbike on top.,A girl is messing with her cellphone in a chair,A man riding an ATV  with a dirt bike on the back of it. A man is sitting on a three wheeler that is hauling a motorbike in a parking lot. A man is on an ATV with his thumbs up. The man is travelling down the road on his motor bike.,0.9509392380714417,0.5652316808700562
People in conversation at a meeting in an office conference room.,a man and a woman are standing with some bikes,"A group of people around a large desk working A group of people that are sitting around a table. Three people sitting at a table, two with laptops and the other writing on paper. the people are in a meeting. There is a blue bottle next to a laptop",0.8484045267105105,0.12525083124637604
A man holding a smart phone while standing next to a pink light pole.,A close up of the front of a train on train tracks.,A man is on the corner on a city street. A man is holding a rubix cube on the street. A smiling man holds out a card with color swatches. A man holding what looks like a rubrics cube.,0.7986794710159302,0.9391194581985471
A man in a dark warm-up suit smiles broadly as he lunges and reaches out his tennis racket for a volley.,A mirror mounted on a wall in a small bathroom.,A man standing on a tennis court holding a tennis racquet. A picture of a man playing tennis on a tennis court. A man hitting a tennis ball on a court. A man swings his racket to hit a tennis ball. ,0.7637194395065308,-0.38754922151565563
"An old, run down city bus sits parked, with rust.",a small plane on an air port run way,"A bus that is very rusted and damaged.  a worn down bus sits in a gravel lot An old, rusty bus sits in a small lot. An old bus sits rusty and rotting in the yard.",0.9107706546783447,-0.5434495210647584
A young man performs a trick on a skateboard.,A person is holding up their cell phone to take a picture.,A man flying into the air while riding a skateboard. A guy with an afro is doing a skateboard trick. A boy smiling while jumping on a skate board.  a man is doing a trick on a skateboard,0.9825476408004761,0.36976778507232666
A group of four people are riding a ski lift as they ride over the snowy mountain.,A white refrigerator with a bed in the background.  ,A group of people riding in a ski lift above a mountain. Four skiers riding a ski lift to the top of the mountain.  Four people on a ski lift going up a mountain. Four people riding a ski lift up a mountain.,0.8125818967819216,0.24878224730491638
A group of people ski on a snowy mountain.,A man standing beside a parked motorcycle in the woods.,Skiers on slope in mountains on sunny day. a group of people riding down a snow covered slope. Skiers at the bottom of a mountain talking. Several people are skiing along on a snowy field.,0.8392941355705263,0.8521877527236936
Two men are doing work in a bathroom.,a frightened black cat looking at a dog,A man climbing on a toilet bowl in a closet Two men stand over the green water spilled from a toilet. Two men working on and repairing a toilet a man with his foot on a toilet and a man holding something in his hand,0.9365361928939819,0.09017494320869446
a child with a tooth brush in a persons mouth,"Several vegetables such as broccoli, onions an lettuce laid out. ","A young girl brushing a woman's teeth on a couch. A toddler attempts to brush a woman's teeth. A woman plays with a toddler sitting on a couch. Great picture of many individuals having a good time.
",0.6576062440872192,0.6437004804611206
Two women standing in the park surrounded by birds.,a smiling man standing in front of a microphone stand ,A black and white image of a woman catching a bird Couple of women near pigeons near a busy town A woman on a path holds out her hand for a bird to alight on. A woman that is standing near the birds.,0.7472677826881409,0.8565036654472351
A woman is holding a tennis racket on a court.,"There is an image of an outdoor area. 

",There is a female tennis player wearing white shorts and a white bra a woman tennis player waits for the next point while holding her racket  A woman in a white sports bra and white shorts holds a red tennis racket on a tennis court. A tennis player wearing shorts and a crop top on the court,0.9232543706893921,0.6960482001304626
One person sitting with a drink and one flying a kite on the beach.,"Potato's, vegetables, and meat sitting on a plate.",A man flying a multi-colored kite on the beach. a person flying a kite on a beach near water A person flying a kite at the beach with another person. A man flying a kite in the air.,0.5832804441452026,-0.08243711292743683
A skier on skis in the air with the ski lift in the background.,a little boy and girl sitting under an umbrella,A skier flies and crosses his skis during a jump a skier wearing blue is doing a jump and a cable car A skiier jumping a hill next to a ski lift on a mountain. A person that is skiing in the air in the snow.,0.9705623388290407,-0.3468032777309418
Two bears investigate a small stream in a wooded area.,A group of people with their faces painted in makeup,A brown bear walking along the waters edge A bear and her cub stand on the edge of lake. a brown bear standing next to the water while looking down at it  Two bears on the bank of a stream looking for food.,0.9582331180572512,0.5378938913345337
Some people standing on a sidewalk near some water,A street sign has three different streets on it.,A crowd of people walking along a river next to street lights. An aerial view of a lot of people on a bridge. People walking along a riverside park with benches Many people are walking around in a plaza.,0.9754639863967896,0.9601089358329773
A male tennis player with a hat and sunglasses standing on a hard surface court with a racket in his hand.,A little kid is swinging at a water balloon. ,A man in white playing tennis as others watch A man standing on a tennis court holding a racquet. A man is playing tennis on a tennis court with people watching. Player on court during tennis match with onlookers nearby.,0.8145182132720947,0.2965809106826782
Three benches sitting on a deck by the water.,A portable orange fruit stand on the city street.,A row of benches on a boat casting a shadow. Three wooden benches next to a rail near water. Three wooden benches positioned on a wooden boat dock. Several wooden benches one in front of the other by the water.,0.81528639793396,0.43041175603866577
A loft bed decorated with various Christmas decorations.,"The large kitchen has a stove, and a dual sink on the counter. ",A ladder leading up to a loft filled with Christmas decorations and teddy bears. A horizontal Christmas tree on a loft bed. A loft bed with stuffed animals all over it.  A bunk bed is decorated with many stuffed animals and decorations.,0.7771972417831421,0.5157904624938965
A person and a dog floating on a surf board in the water.,there is a man sticking his head out of a train window,A woman riding a surfboard with her large dog. A surfer and a dog are riding a wave in to the shore. A person and dog on a surfboard in a body of water. A person and a dog on a surfboard on the ocean.,0.9589486122131348,0.5090467929840088
a lady is about to put an automatic tooth brush in her mouth,A man on a motorcycle talking to a woman in an SUV on residential street.,Oriental woman preparing to put a toothbrush into her mouth. An Asian woman wearing a black top uses an electric toothbrush. The woman is brushing her teeth with a round brush. A woman brushing her teeth with a electric toothbrush.,0.914385199546814,0.15785616636276245
A person in a mirror in a room.,close up of a bearded man wearing a black tie,A man standing in front of a mirror with a light around them. A man taking a picture of himself between two mirrors that are repeating his image.   A dude is standing looking in a mirror A man is taking a mirror image of himself. ,0.38166773319244385,0.8217363953590393
A snowboarder posing mid-jump on a snowy trail. ,A man sitting on a motorcycle near several bicycles with a partially visible person standing nearby.,A man flying off the side of a cliff on a snowboard. A snow boarder grabs his board during a jump A person snowboarding aerially over a snowy hillside.  A man sailing through the air on a ski board.,0.9163132905960083,0.24947482347488403
A man and woman are looking at a computer screen.,A large model train set with mountains and buildings.,A beautiful woman looking over a mans shoulder in front of a computer. A woman is leaning over a man's shoulder looking at a computer. a man and woman are both looking at a screen A man and woman are looking intently at a computer screen.,0.8015667200088501,0.7879531383514404
A young man wearing a beanie hat rides a skateboard down a railing next to stairs.,a train on a track with a sky background ,A person riding a skateboard down a stair rail. A man doing a skateboard trick sliding down a rail. A skateboarder is going down the handrail on stairs. A boy riding his skateboard on a rail beside a train track.,0.9621295332908633,0.486308217048645
A woman sitting with another woman behind her with a computer. ,a man sitting on a cement bench holding a cell phone,A pretty young lady sitting in a room with computers. a person sitting down near other people on computers  A woman is sitting and smiling at the camera. A smiling woman is in a booth table in a large room.,0.96142578125,0.8276047706604004
A woman sitting on an train seat holding a cell phone.,A woman with a hot dog on a stick that she is holding in a fire pit.,A bordered photograph of a woman sitting on a love seat with a book in her lap and a phone facing the camera. A woman with a cell phone sitting on a couch surrounded by a red white and blue border. Woman showing cell phone while seat in comfortable seat. A women who is holding up a cell phone.,0.9396598339080808,0.6039782166481018
There are two suitcases stacked up on a box,"A tennis player playing a match and throwing up the ball, about to serve.",A couple of suit cases sitting on top of a wooden block. A few pieces of luggage sitting on top of a wooden floor. Two vintage suitcases stacked on a box.  A vintage Louis Vuitton trunk suitcase stacked on another vintage suitcase.  ,0.9227199554443359,-0.46941184997558605
different sized and shaped donuts sitting in a box,A person with a water board doing a flip.,Six donuts of varies flavors in a box a half dozen doughnuts sit on a table top  An assortment of doughnuts are arranged in a box. A box that has different kinds of donuts. ,0.8579869866371153,0.23991653323173523
A close up of the front of a train on train tracks.,Snowboarder in mid air jump going down a mountain.,A train with a yellow engine car traveling down railroad tracks. A Union Pacific train is moving along the train tracks. A Union Pacific train comes down the track. A Union Pacific engine pulls its train around the bend.,0.9227007031440737,0.7139716744422913
A hamster and some broccoli on a surface.,The person and the dog are herding animals in the pen.,Mouse on a couch looking at broccoli dubiously. That hamster is gnawing at the broccoli on their leg. A hamster is nibbling on broccoli as a snack. A very cute rodent eating some green broccoli.,0.5960879325866699,0.2784683108329773
A man and a woman sitting on steps in front a building with food. ,"A memorial with plagues, flowers and flags. ",A man and woman pose for a picture together a couple of people that are eating some food A man with a mustache is eating a sandwich.  A man and a woman sit next to each other as they eat.,0.6331070065498352,0.19653582572937012
A train moving in a city near traffic lights. ,A man sitting on a motorcycle near several bicycles with a partially visible person standing nearby.,A large long train on a steel track. There is a train moving past a crossing gate Intersection gates are lowered while train speeds by A grey and blue train speeds through a rail road crossing.,0.9653936624526975,0.7386537790298462
A flock of birds flies in formation to migrate.,Two personal sized pizzas on a dining table in front of people. ,A large flock of birds fly through the sky. a bunch of birds following an airplane around A plan and a flock of birds flying in the blue skies. A large flock of birds in a V shape and an airplane.,0.9852532148361208,-0.17443129420280457
A man standing beside a parked motorcycle in the woods.,A topless man riding  a surfboard on a wave,A man standing next to a parked motorcycle. A man is standing next to a parked motorcycle.   The man wearing shoulder and knee pads is posing next to a motorcycle.  A man looks at the camera as he stands by a black motorcycle.,0.9552297592163088,0.111843042075634
A man serves food from plates of meat and vegetables.,One batter is up and another batter iswaiting his turn.,"a tray filled with assorted plates and bowls, most with veggies in it The people are preparing the food on the dish. A man preparing food on top of a large metal pan. A waiter presents a tray with several dishes.  ",0.8316552639007568,0.03288108482956886
"a person dressed in stockings, a blue button shirt, tie and hat",A residential house next to some trees and a field,"A person sitting on a bed wearing a hat, tie, shirt and stockings. A woman half dressed in a uniform plopped on a bed.  a person sitting in a bed with no pants on A woman in sheer stockings sitting on a bed",-0.17360059916973125,-0.36699920892715465
A man is holding a back ready to swing as another man squats behind him to catch the ball.,Man surfing on the ocean next to a city area.,"A baseball player is holding a bat and is standing  There is a batter, catcher, and umpire at home plate. A baseball player taking a swing at a ball The batter in a black jersey and hat is awaiting a pitch.",0.42511311173439026,-0.1486029475927354
San Francisco Giants pitcher standing on the mound looking at a runner on base and an umpire,The food and the alcoholic beverage are sitting on the table.,"A group of baseball players playing a game of baseball. A baseball player getting ready to run to a base A professional baseball pitcher stands on the mound. A pitcher stands on the mound while the umpire, players, and crowd look on.",0.8680356144905088,-0.5542701482772828
a bathroom with a blue dustpan and broom on the floor ,A toilet is shown with the lid up.,Blue dust pan and brush on floor next to white commode. A toilet in a low budget bathroom with a rough floor. a close up of a toilet and a dust pale A clean toilet in a bathroom with a cement floor.,0.9709857702255249,0.9201711416244505
A bunch of zebras grazing near a road where vehicles are driving by.,A man on a court swinging a tennis racket.,Zebras are grazing on grass by a car. Zebras are standing in a fenced in area. A herd of zebras stand under tress near a road.  Several zebras are on the grass by a truck. ,0.9323792457580569,0.37431442737579346
An old man wearing a suit standing up near a crowd of people,A train with colorful graffiti on it ,"A man who is wearing a tie with some words on it. A MAN IS WEARING A SILLY TIE AT A PARTY An individual is in the open view in the picture. 
 An older man standing amongst others wearing a sassy tie.",0.8817669153213501,0.9237162470817568
A man with a vest and tie is looking in the mirror.,A dog jumping up into the air to catch a frisbee.,A person in a suit takes a photo of themselves in the mirror. A man looks at himself in a circular mirror. A man takes a picture in a mirror.  A man taking a picture of himself with a goatee. ,0.9085720181465149,-0.08605538308620464
Two adults sit at a table with a child nearby in a room full of kids.,a lady on her bed with a laptop smiling,Several adults engaged in arts and crafts with children. kids with their parents playing in a room Several people with kids sitting around and making arts and crafts. parents doing some crafts with their little girl ,0.8049457073211672,0.7460780143737793
Two dogs are resting on a chair that has a blanket on it.,two brown and white dogs are playing frisbee,a couple of black dogs laying down in a white chair Two dogs resting comfortably on a blanket on a couch. two black and white dogs sitting on a chair two black and white cocker spaniels sitting on a chair with a blue blanket,0.917251706123352,-0.5983963012695315
a truck with an open door and two people sitting on top,A person jumping up in the air on a skateboard.,A green utility truck is parked on a street while a man climbs inside. some people sitting on top of a green truck as another man tries to get in it  A large truck on a city street with two works sitting on top and one worker climbing in through door. a man is sitting on top of a green truck,0.9782277941703796,0.1956779658794403
a close up of two plates contaning fish and carrots,People sunbathing near a beach under colorful umbrellas,Two white plates topped with meals sitting on a table. Two white plates filled with steamed carrots and grilled fish. Two white plates holds cooked fish and carrots. Twp plates of food are set next to each other.,0.8790597915649416,0.3791092038154602
A person with a water board doing a flip.,A lot of people riding small motorcycles in a city.,Person perfecting their flip on water ski board. Person doing tricks on water skis on a nice day. A person is doing a flip with his surf board in the water.  A waterskiing man performing a flip on his waterboard,0.8763880133628847,0.6135603189468384
Commodes displayed on cement floor side by side.,A man on a court swinging a tennis racket.,"a bunch of toilets that are next to each other A row of clean-looking, non-operational toilets with their lids down next to several lidless ones. A row of white toilets sitting on top of a floor. A bunch of white toilets with closed lids.",0.10941959172487259,-0.49163055419921875
A young child holding a colorful kite while standing on top of a field.,Fuzzy picture of people walking and a boy on a skateboard.,A child standing in the grass with a colorful kite.  A child holding a dragon kite standing in the grass. a small kid holding on to a kite  The young kid is laying with his kite outside.,0.9120508432388303,0.5404058694839478
Two bed sitting beside each other with a side table between them.,A skier on skis in the air with the ski lift in the background.,A couple of beds sitting in a bedroom under paintings. A couple of beds made up with orange bedding and orange pictures above them. A hotel room has two beds with gold blankets. A view of two beds in what appears to be a hotel room.,0.7302529811859131,-0.4514600336551666
A cute little girl sitting on a bench alone.,A plate with a sandwich and bacon with a cup of coffee to the side.,little girl with her bunny beside her sitting on a bench A girl and stuffed animal sit on a bench. A little girl sitting on a bench in front of some ivy with her stuffed animal A woman sitting on a bench while talking on a cell phone. ,0.35869497060775757,-0.13324257731437683
the scissors sit in a containers with pens and markers,A sandwich between someones legs and a drink. ,Closeup of a cup holding scissors and other pens and pencils. Scissors with orange handles are in a container with pens. The orange handles of scissors are sticking out of a holder. Some office supplies that have been grouped together.,0.9051998853683472,-0.053863730281591415
A man on a beach holding a clock.,A laptop next to a monitor with data on them.,A man is standing on a sunny beach A man walks down the beach near the ocean. A man standing on a beach next to the ocean. A person holding a clock is walking on the beach.,0.7837591767311096,0.08567912131547928
"Suburban street scene showing a curve, houses, and cars in driveway.",A train going down the track with steam on top and a bicyclist riding beside it.,A round intersection on a surburban street with one floor homes. The view of a residential neighborhood with an abundance of trees. A white truck parked in a persons driveway a nice neighborhood with some green grass in it,0.856428384780884,0.877015233039856
Slices of pizza are sitting on the paper plates,A cat stares at a dog on TV. ,in a restaurant with some pieces of pizza Three slices of pizza on a table with people ordering at nearby restaurants.  A tray holding slices of pizza at a food court. A tray with plates containing slices of pizza ,0.8036261796951296,0.19364845752716064
There are two cell phone's one is on with a robot.,a youth football team stand together on some grass ,"A new android phone is next to another android phone. a couple of cellphones are on a table Two different kind of cell phones sitting on a table Two phones, one  showing the time and one turned off.",0.7626863121986389,0.4657437801361084
"A memorial with plagues, flowers and flags. ",A group of people that are looking at some musicians. ,"A plaque on the side of a stone bench. a honorary monument with red white and blue flowers and flags A memorial is displayed, surrounded by tiny USA flags. A memorial with various plaques and American Flags on it.",0.9593015909194944,0.9437493681907656
A corner shot of an ornate brick building with clock tower. ,A street scene with focus on an intersection with traffic lights.,A large building on the corner of the intersection.  A city street lined with large multi story buildings A city street view of a big brick building. A huge building with businesses and living space and a clock on top.,0.9026786088943479,0.9140878915786743
A baby at the table with a candle in a cupcake.,A hot dog with grilled onions sitting on a foil wrap,A baby sits at a white table and on the table are a baby bottle and a cupcake with a one sitting on it. A baby and her mother celebrating her first birthday with a cupcake and a burning candle. A baby girl sitting in front of a small cupcake with a candle.  A small child getting ready to blow out a birthday cupcake.,0.957062900066376,0.7030688524246216
a batter swinging through and missing a pitch thrown.,A female on a cell phone in a car. ,"At a baseball game, a player swings the bat at a pitch. Baseball player at bat just finishing his swing at a pitched ball. Five uniformed players are on a baseball field near a crowd. A batter swinging at a pitch in a baseball game.",0.8890618085861208,-0.42321091890335083
a person in a gorilla costume and suit jacket with a number pinned to their suit jacket.,"A toilet sits in a small space, with equipment overhead.",a person wearing a gorilla costume and a suit and tie an image of a man dressed up like an ape a man wearing a suit and monkey head walking down the road  A man walks wearing a black gorilla costume.,0.7751498222351074,-0.35916107892990123
A white interior with an oven built in to it,"A man sits on a couch, in an area crammed with furniture, where two rooms meet, watching a little girl jumping in a larger part of one of the rooms that is basically empty, save for a carpet. ",A fridge with an ice maker in it against wall a white cabinet with a built in microwave  a shelf that has a microwave attached to it a nice refrigerated micro wave combo on a wall,0.8551694750785828,0.7985897660255432
a woman holding onto her tennis racket as she plays the game ,A group of people ski on a snowy mountain.,a woman swinging a tennis racquet on a tennis court A girl hitting a tennis ball with a racket A woman with a racquet held in her hand. A woman swinging a tennis racquet while on a court.,0.9164085388183592,0.04689265415072441
There is a very large cake with fondant decoration,A man leaping in the air to grab a Frisbee.,A large cake sitting in the middle of a table surrounded by pictures in frames. A giant cake decorated with round discs on a table A cone shaped cake surrounded by framed photographs. A tall fixture that may be a cake with a tower.,0.8703837394714355,0.22304289042949677
A woman on a horse is trying to rope a calf.,Some sheep in the middle of a field with some trees in it.,A man on a horse is roping a calf inside a ring. A person riding a horse throwing a rope on a cow A cowboy is attempting to rope a calf. A person with a cowboy hat is riding a horse trying to get a cow.,0.8103069663047793,0.15650051832199097
A clock shop contains various models and designs.,A couple of blacks bears playing by a fence,A wall containing many different types of clocks. Many clocks of different shapes and sizes hanging on a wall. A outside view of a store with many clocks Looking through the window of a clock shop,0.9818627238273621,0.15694725513458252
A kale and sweet pea home garden getting the last rays of sunlight. ,A group of people rafting on a raft boat with their paddles. ,A plant in a garden near a white building. Several broccoli plants planted next to a wall. A row of plants growing in the ground by a building. Green plants and climbing vines in a garden plot.,0.34035539627075195,0.6715453863143921
A truck with several sponsor stickers on it and a table in the back.,Giraffes lean over fences toward a group of people.,A truck that is sitting in the street. A light blue truck with a miller lite decal on the hood. A truck with a Miller Lite Logo and number two Nascar logo on it. A truck has many decals and is parked on the street.,0.9050174951553345,0.5705137848854065
Three children are seated next to each other and reading books.,A man looking down at a baseball bat that he is holding in his hands ,Three children sitting in a row reading books. A few kids reading some books in a library. Three children sit on a bench while reading books.  a couple of young kids are reading books ,0.9598867893218992,-0.4418282210826874
Three glass candles sitting on a table and lit.,A girl wearing red playing tennis on a green and blue court.,A wooden table topped with three glass vases. Magenta and clear colored glass bottles are growing onion. Three vases sitting on a glass table.  An assortment of oddly shaped glass candle holders on a table.,0.8706080913543703,0.41588252782821655
A person sitting next to a desk holds onto a little pair of scissors. ,Traffic in front of Walgreens on a town street.,A close shot of someone holding a small pair of scissors.  A person holding a pair of small metal scissors. A person holding a small pair of scissors by a desk. Someone is holding a small scissors in their hand.,0.9488002061843872,0.28413403034210205
SEMI CAB WITH RED PAINT DESIGN SITTING BY A BLUE BARREL,A man is on a ski slopes on a blustery day.,"A red semi truck parked next to a tree. A semi truck with a flame paint job parked next to a tree. A vibrantly styled great big truck, like the kind you hook 18-wheelers up to. a red truck parked on a dirt ground next to several trees and a blue barrel container.",-0.31339722871780396,0.15160682797431946
a horse playfully rolls around on the grass as a person watches.,A man holding a cell phone at a counter with phones for sale.,A horse rolling around on it's back in a green park. a horse laying on its back in the park  A horse on its back with a man watching. A very big pretty horse laying down in the grass.,0.7739243507385254,0.532928466796875
A woman on a tennis court is hitting a ball with a racquet.,A woman tennis player in the middle of a play.,A woman standing on a tennis court holding a racquet. A female tennis player wearing red and preparing to hit a tennis ball. A tennis player getting ready to hit a ball on a clay court. A woman that is playing tennis on a court.,0.8557384610176089,0.9247319102287292
A man is flying a kite at a park.,A female on a cell phone in a car. ,Man flying a kite in the crowded park. A man flying a kite in a beautiful green park. A man is flying a kite in the park.  A man flying a kite in a busy park.,0.9483184814453125,-0.6814153790473938
Someone takes a picture of an office building from the street,A smores cake with a lit candle on a table.,A skyscraper reflecting the blue sky near a street lamp A street sign in front of a tall building.  A street sign hanging off the side of a steel pole. A city street sign with the name of a president on it.,0.26034533977508545,-0.09832949936389923
A picnic area at a resort is still closed this early in the morning.,A collection of people standing in a beach area.,A group of picnic tables with umbrellas with the umbrellas folded down. A deck with tables and table umbrellas and the ocean in the background. A group of red picnic tables with closed umbrellas on a pier. Many tables and umbrellas next to the water.,-0.09489365667104721,0.8198431134223936
The baby girl sits with a red ball at her feet.,I can see that the hitter just hit the ball.,Young girl with an apple on unmown grass. A red apple is in the grass in front of a toddler. A baby is touching a red Apple outside A little girl sitting on the grass playing with a piece of fruit.,0.6499312520027161,-0.44619259238243103
I can see that the hitter just hit the ball.,A close up several different colored ties and styles.,a baseball player swinging a bat on a field  a man swing at a baseball while the catcher reaches for it A batter that just swung at a pitch just thrown and struck out. A man swinging a baseball bat in front of another with a glove.,0.9321677684783936,-0.0656684935092926
A living room with two windows filled with furniture.,Baseball players at home plate with a large crowd watching. ,"A living room with a brown leather couch and wood flooring A nice room with two windows, black and brown furniture and a white table. A picture of someone's living room with furniture and appliances. An apartment living room with black leather couch.",0.9981358051300049,0.20639829337596893
A bird walking through a cafeteria next to a table. ,A bike is locked and hanging from a door.,A bird is walking right through a dining room. A bird walking on a tiled floor in a cafeteria a goose walking inside of a cafeteria area a white and black bird is walking by a table and some chairs,0.9125594496726992,0.11908136308193207
A woman twirling an umbrella with flowers on it.,A cobblestone street has few patrons on it.,A woman twirling a floral print parasol umbrella. A woman with a striped shirt is holding an umbrella. A person that is holding an umbrella in her left hand. A black and white view of a woman holding an umbrella.,0.9604477882385256,0.8733488321304319
A group of people riding on the back of a boat in a river.,A long room with balloons and arrows on the floor.,a boat filled with people going down a river The people are floating in the water in the small wooden boat. Many people ride in the wooden bench along a river. Group of adults and children riding in wooden boat on river.,0.9804301261901855,0.09789884090423584
A man holds an electronic device over his head.,boats tied up to a dock in an inland bay ,A woman holding a Nintendo Wii controller in her right hand. A girl focused on playing a video game while holding a Wii Remote. A woman in glasses and a red hat plays Wii. A young woman is playing WII with her tongue out.,0.11954516917467117,-0.34745079278945923
"The large kitchen has a stove, and a dual sink on the counter. ",A giraffe eating some food out of a bucket.,a sink and an oven in a kitchen a double sink dishwasher stove and microwave and nice cabinets  kitchen with wooden cabinets and stainless steel appliences A kitchen with a metallic stove top over under a microwave.,0.9684105515480039,0.031057968735694885
Many kids eat donuts out of a box of donuts,"A man in a red shirt, on a beach, throwing a Frisbee.","A social occasion of people are uncovered before the open day.
 Two children sitting at a table eating some donuts.  a group of small shicldren drinking coffee and eating dougnuts An older man and woman observing a small boy and girl sitting at a table at Dunkin' Donuts eating donuts.",0.7948493361473083,-0.6500744223594666
A man in a suit using his laptop.,This is an image of a man trowing a frisbee.,Man in formal attire sitting on bench using laptop computer. A man in a tuxedo working on a laptop. a man in a tuxedo sits at a table and uses a laptop  There is a man sitting on a two seat bench in a tuxedo with a laptop in front of him.,0.8076263666152952,-0.339996635913849
A child with a bib at a picnic table offering food to an adult,A red stop sign leaning over on it's side.,A child tries to feed an adult a piece of food the baby is feeding the snack to her mother. A baby and a woman enjoying each other's company. A little girl tying to give an adult food.,0.92194539308548,0.03634539246559143
a large cruise ship parked next to some other ships,A mirror that is reflecting a red bus.,A harbor with a passenger ship and  and grain silos A couple of cruise ships in port with a large building in the background. A cruise ship docked at port with other boats. There are several boats sitting on the river.,0.7247006893157959,-0.002994650974869839
Two old time baseball players talk to a man.,A plate of bananas and a spoon of peanut butter on a table. ,A group of three men standing next to each other on a baseball field. A man wearing a white shirt and standing between two baseball players. a black and white picture of tow baseball players and a coach  A man talking to two people in baseball uniforms.,0.5803190469741821,-0.690753698348999
two horses standing in the grass by a bighouse ,an image of a table setting with a breakfast platter on it,Two horses grazing in a field with ruins in the background. Two houses grazing in a field next to a brick building. two horses are eating grass in a pasture. A couple of horses standing on top of a lush green field.,0.68848717212677,0.395784467458725
There are plates with food and drinks on the table. ,A man standing beside a parked motorcycle in the woods.,"a buncch of food is laying out on a table A dinner table with various plates of food and a glass of water on the table. Plates with sandwiches, vegetables, and pizza on a table A white plate topped with food next to other plates of food.",0.8466679453849792,-0.05838894844055176
Two airplanes facing the opposite direction on the runway. ,A large statue of roman people and lions with a blue and gold clock in the middle.,two large air planes on a run way Airplanes sit facing away from each other in front of an airport. Two Korean Air jets parked on a runway next to a terminal. Two korean airlines commercial airliners on the tarmac.,0.9681487679481504,0.11718324571847916
Chairs on a wall with a clock above them.,Person paragliding and wakeboarding on ocean with tree slope,Hard plastic chairs in a dimly lit room. Four green chairs attached to wall with white clock above A wall with a set of two rows of chairs below a wall clock. There's an empty waiting room with a clock overhead,0.6551253795623779,0.2270854413509369
a small plane on an air port run way,A bunch of small red flowers in a barnacle encrusted clay vase ,An airplane parked in front of a small airport. A small plane on a run way with a passenger. A man looks at the outside of a small plane. People climbing in to a light aircraft at a small airport,0.917743980884552,-0.30777722597122203
Some sheep in the middle of a field with some trees in it.,Various beverages and preparation items on a picnic table.,A group of scattered sheep move down a country path. A couple of sheep on top of trail near a pasture. A group of sheep grazing in a large open field. this is some animals sitting in the dirt,0.796879768371582,0.36272865533828735
Yellow kite flying over top of a very large kinds in the sky. ,A piece of paper with the images of three hot dogs on it.,There are two kites flying in the wind. A large kite made of magazine pages in the air. Two kites are flying in a blue sky.  A patterned kite silhouetted against a clear blue sky.,0.8565819263458252,0.24785390496253967
a couple of people sit on a beach together ,TWO BIRDS AND TREES OUTSIDE OF  A WINDOW AT A BUILDING,A group of people sitting on top of a sandy beach. a couple of people laying out on a beach two women and a man sitting on a beach A group of people sitting and resting at the beach.,0.9637618660926817,0.0579119473695755
A man holding a cell phone at a counter with phones for sale.,groups of people are skiing on a snowy mountain,a man holding some kind of phone hin his hand a hand that is holding a cellphone in the palm. This phone is requesting insertion of a SIM card. A smartphone held in a person's hand in front of a display of cell phones.,0.8972026109695432,0.12346138805150986
A giraffe standing in a cage at a zoo.,A dog jumping up into the air to catch a frisbee.,A giraffe standing by itself in the sand. a giraffe standing on a dirt floor with rocks and trees in the background A giraffe stands near some large rocks and trees. A tall giraffe is in a rock enclosure with trees behind it.,0.7281948924064636,0.4561517834663391
A SANDWICH ON A PLATE AND A CUP OF LATTE ,"The view is from the back of a horse, riding in a dry, grassy field towards a pond on a sunny say.",A sandwich and coffee placed upon a wooden table. A plate with two pieces of sandwich ans a cup of coffee. A grilled sandwich with a cappuccino cup on some plates. A cup of coffee next to a plate with a sandwich. ,0.7406269311904907,-0.07904404401779175
A gray cat is looking at an upside down blue bicycle.,A cat is walking on a rug in a living room,A cat sniffing an upside down blue bicycle. A cat checking out a bike that is upside down. A cat sniffing at a upside down bike in a living room  A grey cat sniffing a bicycle in a living room.,0.9765903949737549,0.960822522640228
A plate full of mixed and cooked vegetables,Two women sitting on a bench with one smoking a cigarette.,"nice made salad with vegetables on a plate A bunch of vegetables sprinkled with pepper sitting beside each other A mixture of vegetables including broccoli, zucchini and tomatoes.  Broccoli, zucchini, and peppers are mixed together on a plate",0.8257179260253904,0.3564201593399048
A rainbow of kayaks arrayed on the sand flats at the water's edge.,Men and women running on a grassy field.,A group of small colorful boats sitting on a beach next to the ocean. A couple of small boats parked on the beach. A beach has kayaks lined up on it. A bunch of boats on a sandy beach,0.8617898225784304,0.15814325213432312
"A room with a sink, bed and toilet in it",Oddly shaped carrots hanging in front of other vegetables.,"View of a public men's' room with a  cot on the side. A toilet in a bathroom next to a sink. a small room with a tiny cot, little sink and toilet The cell has a toilet and a sink in it.",0.9016004800796509,-0.2764878571033478
a counter with a toaster over and an open laptop sitting on it.,two children one holding a bear and one holding a cell phone,"A counter with extension cords, a toaster oven and a laptop. A kitchen has wires hanging down from a computer. an image of a kitchen setting with various cords hanging Many wires hang over the edge of a counter with electronics on it.",0.8014641404151917,0.6137666702270508
two signs each point in different and seperate directions ,"Potato's, vegetables, and meat sitting on a plate.",A street sign at an intersection with tropical trees in the background. there are two white signs on a pole  A street sign sitting in front of a lush green palm tree forest. A pair of street signs sitting in front of trees.,0.7584725618362427,0.1672799289226532
Two park benches with one man sitting in woods.,A red stop sign leaning over on it's side.,A person is on a bench near a grassy field. There are benches on the landing where one can sit and enjoy the view of the  wooded surroundings The person sitting on a bench is visible through many bare trees. A person sitting on a bench next to another bench and some trees.,0.8510788679122925,0.49583345651626587
A man flying into the air while riding a skateboard.,Two people who are sitting on a bench near the water.,two guys riding skateboards  outside of a building A couple of guys performing tricks with their skate boards. A man doing a trick on a skateboard on a sidewalk. A man doing tricks on a skateboard on the sidewalk. ,0.712354302406311,0.3147977888584137
A bike that is sitting in a living room on the carpet.,A stage set of a kitchen including a refrigerator and an oven.,A picture of a living room that has a computer and a bicycle. Room containing corner of entertainment equipment and a bicycle A bicycle is in a living room next to some shelves. this is a living room with a bike and a desktop computer,0.7788684368133545,0.48606958985328674
A selection of fresh produce and a packet of seeds.,A close up several different colored ties and styles.,"A picture of different types of herbs and vegetables available from the CSA. a variety of green vegetables laying on a wood table. An assortment of veggies sitting on top of a wooden table. Fresh carrots, broccoli, beets, broccoli, celery and lettuce laid out on brown paper.",0.8014628887176511,0.31330204010009766
"A long narrow plat holding a sandwich, waffle chips, and some salad. ",An old clock on the side of the road.,White plate with small pieces of a sandwich on it.  A plate with a sandwich on it and several pieces of silverware on the table.  A plate has potato chips and fish with wooden skewers.  A unique looking meal is placed on the plate with silverware. ,0.8555120229721072,-0.23296046257019043
Vehicles on a street with a train overhead.,A residential house next to some trees and a field,"A bus driving under a bridge down a road. Cars are driving near buses and under a train track a train is passing above a couple of vehicles A street with cars and  bus at a stop sign, with an elevated track over road with a commuter train on it against blue sky.",0.6895912885665894,0.5913820266723633
a basket of broccoli carrots and some califlower,A cheese pizza on a plate on a table. ,"A close up view of some very tasty looking food items. a close up of vegetables in a basket with brocolli A bunch of different vegetables that are in baskets. A basket filled with broccoli, cauliflower, and carrots.",0.6385213136672974,0.4198788106441498
a skier in a green shirt is coming down a mountain,A train is moving along a stretch of track.,"A man riding skis down a snow covered ski slope. A skier glides down a snowy mountain passing a red flag. The skier speeds around a flag, heading down the slope. a skier skiing past a red sign on a snowy mountain",0.8418699502944944,0.32795822620391846
Two women eat chili dogs on a city sidewalk. ,A truck with many painted decorations is parked in a desert.,Two Asian women eating chili dogs while standing on a street. Two women preparing to eat a hot dog on a city side. The woman are eating their hot dogs while walking. Two young women are eating hot dogs while walking down the sidewalk.,0.9305365085601809,-0.30501481890678417
A man sitting on a horse next to another horse.,"twp desk with computers, laptops and other electronics","A person on a horse that has a decorated hat on its head and covering it's ears, with another horse next to it that has a mask covering it's eyes. a man standing next to a horse wearing blinders A man riding on the back of a brown horse. Two horses walking in a parade on a hot day.",0.7296829223632812,0.39861243963241577
A professional baseball player pitching a ball at a game.,A man on a motorcycle talking to a woman in an SUV on residential street.,The baseball pitcher has wound up his arm to pitch that ball. A baseball player throwing a pitch onto the field A baseball pitcher in the act of making a throw. A baseball player is preparing to pitch the ball. ,0.9563653469085696,-0.10064429044723522
Traffic in front of Walgreens on a town street.,A statue sitting by the road near a door.,an old passenger bus parked next to a walgreens  On the road  a bus and a car are going. a busy street witha a van and a car driving  A bus parked in front of a building.,-0.34041833877563477,-0.35203856229782104
some zebras leaning down to eat some grass,"Red double deck bus with Singin in the Rain advertisement banner, on heliport area.","Two horses grazing on grass in the sun
 A group of zebra standing on top of a grass covered field. Zebras standing near each other with their heads near the ground. This is a picture of zebras in a field.",0.7701374888420105,0.3531463146209717
A group of people tasting wine at a bar. ,A motorcycle moves forward down an empty street.,Three people pose for a picture while drinking wine Three individuals are at a restaurant and drinking wine. Three people standing around drinking wine together  three people pose with wineglasses held up to their faces,0.4778009057044983,-0.7713476419448854
A man standing in front of an open refrigerator.,A woman preparing to swing her tennis racquet at an incoming tennis ball.,a person opening a fridge to get some food out  A man is in the kitchen preparing to cook a meal. A man reaching into the refrigerator while working on a large meal.  Man in kitchen retrieving cooking items in kitchen preparation area.,0.6911561489105225,-0.11284314841032017
A little kid that is touching a fridge.,a man standing beside a large truck in a parking lot,The child is standing next to the refrigerator with a toy on it. Toddler playing with a magnet toy on a refrigerator  A little boy standing in front of a metal refrigerator. The small child is playing in front of the refrigerator.,0.9365433454513552,0.3108375668525696
Baseball players at home plate with a large crowd watching. ,Food on a table prepared to it with beverages.,A baseball holding a baseball bat during a baseball game. A baseball player taking a swing at a ball The batter prepares to swing as the catcher waits. A baseball player at bat with the crowds looking on.,0.6861132979393005,-0.2771039605140686
A woman with a suitcase reading a book on a train platform.,a man standing beside a large truck in a parking lot,A girl checks her list while standing with her luggage. A woman holding a tablet next to a blue piece of luggage. A woman waits next to the track with her luggage. A female with blue luggage awaits her train.,0.7011471390724182,0.8079548478126528
"A white bath tub sits empty in a tan, clean bathroom. ",three cats and the withe and brown one is looking into the camera,"A nice shower has a glass enclosure and sliding door  WHITE BATH TUB, WITH TOWEL HANGING OVER THE SIDE Renovated bathroom's walk in shower and bath tub A bathroom with a tub set against full-length mirror walls.",0.8793764114379881,0.16065534949302673
A tall stack of vintage suitcases rests precariously against a wall by a bedroom door. ,A black poodle mix is catching a toy.,A closet with several suit cases stacked up near some videos. A tall stack of suit cases is in the hall way. A room with a very tall stack of luggage. A stack of many different types of suitcases.,0.7853298187255859,-0.18745189905166637
A yellow truck is sitting in high grass. ,Buildings near a river with several boats in it. ,A yellow work truck parked in tall grass. The yellow truck drives through the tall grass in the forest. A truck is sitting in the middle of a wooded area. A utility vehicle parked in a wild vegetated field.,0.4422989785671234,0.7999439239501953
A photo of a video game in the middle of a large mirror in a bathroom. ,The cows are grazing on the grass in the field. ,a flat screen TV embedded in a restroom mirror. a tv in a bathroom mirror next to sinks A football game on TV reflects in a bathroom mirror. A flat screen TV adorns a bathroom mirror.,0.8377689123153689,-0.11268249154090881
a blue bird is perching on a thin upright branch.,A baby at the table with a candle in a cupcake.,A blue bird sitting on top of a tree in a forest. A blue bird sitting on the top of a plant. A blue bird sitting on top of a weed. A small blue bird perched on a green plant.,0.34013885259628296,0.20399677753448486
A small donut at the bottom of a ceramic mug.,A butterfly sits on an open orange. ,A small doughnut inside a cup that's sitting on a table. A doughnut is at the bottom of a container.   Closeup of a white and yellow vase with a red circle at the bottom. A chocolate candy is at the bottom of a cup.,0.3943701386451721,0.8107853531837463
The people is sitting in the middle of the blue water,a bed that looks like it has blood on it and a big hole in the paneling ,Team of rowers in a specially designed boat in swamp A boat with four people on it sailing in the water. Four people are rowing a long boat in a body of water. a number of people riding on a small boat ,0.5950403213500977,0.02415378950536251
A small bridge with a memorial sign on it,A mirror that is reflecting a red bus.,A long empty road with an over pass bridge. A view of the V.F.W. Memorial bridge with no other cars A freeway emptied without any cars or humans.  A road sign is next to an empty street.,-0.5082426071166992,-0.14761021733283997
A bed is on the floor with a blue floral comforter and a night stand with a lamp.,a stove refrigerator and microwave in the kitchen ,A room with a bed with black floral sheets and a night stand. A light shines brightly from the lamp in a small room. a bed with a floral blanket nest to a bright light  A bedroom with the mattress on the floor.,0.19097070395946503,0.5093895196914673
Two men playing video games together in a room,A man in a yellow uniform swinging a bat.,Two men looking at a computer screen with Wii remotes. an image of two couples of playing a video game Two men are using video game remote controls. These two friends are playing a game of Wii.,0.9393205642700195,0.29799121618270874
"A No Parking, No Skateboards and No Littering sign on a street side.",A snowboarder is doing a trick in the air.,"Street signage on post near roadway in city environment. a no skate boarders sign on the side of the road  No skateboarding, littering, and parking street signs  A city street with signs stating ""no parking"" and ""no skateboards.""",0.8475887775421145,0.5953028798103333
A person riding skis down a hill on a course.,A bed is on the floor with a blue floral comforter and a night stand with a lamp.,A man riding skis down a snow covered ski slope. A man that is standing on ski's in the snow. A slalom skier skis down a snowy slope. The skiing racer in goggles tucks the poles under his arms.,0.8006923198699951,0.24042513966560364
Giraffes lean over fences toward a group of people.,Buildings near a river with several boats in it. ,A group of people that are standing around giraffes. People watching giraffes stand around in a cage.  A group of people standing around a giraffe. A group of people looking at two giraffes.,0.5613791346549988,0.3650361895561218
A tan car wears a Santa Claus outfit.,A blue and white city bus traveling down the street. ,A cat wearing a Santa suit including a Santa hat. A cat that has her eyes closed on the bed. A cat is wearing a santa hat and collar. An orange cat sitting on a lap and wearing a santa hat.,-0.052471257746219635,0.327985942363739
this is a toy that looks like a kitchen,"An open book, a mug of coffee and a laptop on a table",A lego style kitchen with appliances and cabinets along with a checkered tile floor. A model of a kitchen with a sink dishwasher stove refrigerator.  A miniature kitchen with a large electronic device. A toy kitchen that has a pot on the stove.,0.5181535482406616,0.8314365148544312
"the table has different food on it, mostly pizza",A fire hydrant in front of a wall with a barred window.,"There are different types of Italian food in the picture.  Four pictures of Italian foods, pizza, lasagna, an appetizer and a cheesy looking dip.  four photos of different dishes of italian food  The four images show dinner plates with different dishes in them.",0.7992143034934998,-0.6344516277313235
A man licking a purple and white tie,A herd of sheep standing next to a dog in a field.,A man licking a tie by a group of ties. A MAN IN A SUIT LICKING A TIE THAT IS HANGING ON A RACK A man licking a tie hanging on a fence.  a person wearing headphones licking a tie ,0.9907982349395752,0.22884079813957214
A picture of someone's white computer keyboard sitting on their desk.,A small blue bird is perched on a small limb.,"A computer keyboard sitting on top of a desk. A keyboard sits in front of a charging ipod shuffle. A keyboard, some cables and an mini iPod A keyboard with a mouse and monitor sitting next to an ipod.",0.8631744384765625,-0.037892624735832214
The cows are grazing on the grass in the field. ,Large tour boat making its way across the water with a city scene in the backgorund,A brown and white cow in a green pasture. Longhorn steer in a grazing field with others. A cow with horns in the middle of a grassy area Three cows grazing in a field of green grass.,0.8381004333496096,0.5518989562988281
Tour group preparing to load tour bus in tropical area where palm trees are native.,People waiting for the bus to stop so they can board.,a crowd of people getting on a  tour bus  People line up to board a bus on a sunny day. Many people lined up to get onto a bus. A very big pretty white bus and some people.,0.9141579866409304,0.8304026126861572
snowboards and snowboarders standing at the bottom of a run.,A stoplight with a busy city street in the background.,many people on a snowy slope riding skis and snowboards many people and snowboards at the bottom of a snowy mountain Skiers and Snowboarders on the bottom of a ski hill A lot of people that are in the snow.,0.9058580398559568,0.7834624648094177
Several people playing and watching others play Wii.,The portrait is anachronistic in that a Victorian lady is photographed with a laptop computer.,A group of people that are standing in a living room. A group of people playing a game with remote controllers. A group of people standing in a room with a remote in one mans hand. A man playing a game while several people watch.,0.9659490585327148,0.4668995440006256
"Pizza served at an Italian restaurant, with patrons in background.",Children are watching two giraffes fenced in an enclosure.,A couple of women sitting at a table next to drinks. A pizza is sitting on a tray and two people are in the background eating. A gourmet pizza served at a restaurant on a silver platter A pizza on a fancy pedestal at a restaurant with two women at a table in the background.,0.8155386447906496,-0.1826651394367218
A mirror shot of a dog sitting in a car.,Kids play soccer outside on a grassy field.,rear view mirror reflection showing a dog in the back seat A dog sticks its head out of the car and is reflected in the side mirror.  A couple of red cars parked in front of a house. A side mirror shows a dog sticking its head out of a car window.,0.14801815152168274,0.387795627117157
Two people each sitting on a horse in a show ring,a kitchen sink with several white mugs hanging on the wall.,Two women in english riding outfits on top of horses. Guy and woman dressed like professionals riding on horses  Two jockeys wearing their uniforms on top of horses. Two women on brown horses standing in dirt area net to wood wall.,0.4815056025981903,-0.14474210143089306
The blue plastic trays are filled with food. ,A young child holding a colorful kite while standing on top of a field.,"A couple of middle eastern dishes with fruit and herbs. Trays of food that include couscous, apples, and raisins. some food is laying out on blue plates a close up of two plastic containers of food ",0.9054540395736697,0.34187591075897217
A front view of a jet airliner with wheels down and stairs extended.,A black and white image of an old fire hydrant on a side walk.,a large air plane on a run way A commercial jet open and parked at the edge of the tarmack A close shot of a stopped air plane.  The cargo hold of the jet is open on the opposite side of the passenger loading ladder.,0.98367840051651,0.8721302151679993
People waiting for the bus to stop so they can board.,Two people who are sitting on a bench near the water.,"A man in a dress and two men in pants with a bus. Three men, one carrying a backpack facing a train. A group of people prepare to board a large bus. People standing on the sidewalk outside public transportation. ",0.3177029490470886,0.23416846990585327
A herd of elephants  being herded into a river while tourists take photos.,"A long narrow plat holding a sandwich, waffle chips, and some salad. ",A herd of elephants walking into a large body of water. a bunch of elephants are standing by a body of water a herd of elephants standing in a water hole with a crowd of people watching  some people watching a large group of elephants walking into the world ,0.8653513193130495,0.3783307671546936
A plane sitting on the tarmac at an airport,a counter with a toaster over and an open laptop sitting on it.,A plane is parked near the pretty blue ocean.  A large white airplane parked next to some water. There is a plane getting ready for boarding or exiting. There is a baggage trolley parked next to a plane.,0.44157928228378296,-0.30557870864868164
A group of people are riding horses on the seashore.,A group of horses mill about on a beach.,A group of people riding horses across a beach near the ocean. A group of people riding horses on the beach. A group of people are horseback riding along the beach. Horseback riders riding on the beach near a rock formation.,0.6538676023483276,0.9574007391929624
A child lays on a bed with a sheet.,The healthy meal is ready to be eaten on the plate.,a sleeping baby wearing gray red and black  A baby wearing bear slippers lying peacefully asleep. A baby laying in a bed in a room. A very cute small child laying on a big bed.,0.47429072856903076,0.15367475152015686
A computer monitor that is near a window.,A small glass vase holding flowers and stuffed rabbits.,A desktop computer sitting on top of a desk. A desktop computer with a program open on its desktop. A wooden desk that has a Apple desktop computer on it and a cellular phone on a mouse pad. A computer on a desk with a keyboard and mouse next to a window.,0.755633533000946,-0.05869247019290924
Electronic parking fee machine with cars on the side of a road,A group of people standing around each other holding umbrellas.,a group of cars parked on a street nest to street signs some blue and white signs and a some cars A line of parked cars on the side of a busy road. People are parked along side the road by Pay Here signs.,0.8787170648574831,0.8353294134140017
a kid doing a jump off of a little hill on snow skis ,A woman sitting in an airport next to a  bag of luggage.,The skiing woman is jumping in the air. A skier is making a jump off of a ramp. a person is in the air on a pair of skis A professional ski jumper skiing off a hill.,0.7682471871376038,-0.4368706047534944
Multiple bags of luggage sit on a trailer.,a train on a track with a sky background ,"A purple cart full of suit cases and bags. A cart of luggage sitting in a parking area. There are several pieces of luggage on a purple cart. A trailer full of luggage in front of a sign that says ""Baggage Claim.""",0.8399661779403689,0.7273656129837036
an image of a woman about to eat a slice of cake,A banana and a can of tomato soup are resting on a white surface. ,A woman with glasses eating a piece of cake. a person holding a plate with food on it in one hand and  a spoon in the other. A happy woman digging in to chocolate cake with a spoon Woman showing delight with plated chocolate desert dish .,0.9475817680358889,0.6596407890319824
A large airplane and some trucks in a lot.,a counter with a toaster over and an open laptop sitting on it.,A red and white plane is sitting on the runway.  A large jet sitting on top of an airport runway. The Australian airliner is parked on the runway. A plane sitting on a runway with trucks behind it.,0.16719476878643036,-0.07049313187599182
THERE ARE DOUGHNUTS THAT ARE ON THE TABLE ,"A man in a red shirt, on a beach, throwing a Frisbee.","A white tray topped with donuts near a bag. a plate containing a bag and several pastries  Several different doughnuts that are on a tray. A green, yellow and icing filled doughnut on trays.",0.8536378145217896,-0.23171159625053417
a train on a track with a sky background ,a man sitting on a cement bench holding a cell phone,A train on the tracks out in the country  This is a extremely long freight train heading south. A long train is driving down the tracks. A train with several cars riding on the track.,0.8253228068351743,-0.31968623399734497
A man parked his motorcycle on the side of the road.,A fire hydrant in front of a wall with a barred window.,A man riding a motorcycle on the side of a road. A man sitting on his motorcycle on dirt just of a paved road. A motorcyclist is pulled to the side of the road. A man on a motorcycle resting on the side of a country road,0.8835397958755495,-0.013576960191130638
tHERE IS A MAN SURFING IN THE OCEAN,Several young women playing soccer on the field.,A man riding a surfboard on a small wave in the ocean. A man looks down at ocean waves while standing on a surfboard. Middle-aged man surfs on a mild ocean wave. A man is standing on a surfboard in the ocean.,0.9697697162628176,0.29989224672317505
"An open book, a mug of coffee and a laptop on a table","A girl eats while standing in a green, grassy area.","There is an empty cup of coffee next to a laptop and open book at a cafe.  An open laptop is on a table, with a cup and saucer, and a book to the left of the computer. An empty cup of coffee with a saucer and spoon. A cup on a plate next to a laptop.",0.8830957412719729,-0.39735299348831177
A dalmatian dog laying on the floor with a ball.,Steam emanates from a manhole cover in the middle of a street.,A spotted dog sits protectively with it's toy. A dog laying on a rug while chewing on a ball next to someone's foot.  A dog biting a ball at a woman's feet  A spotted dog is laying near someones foot with his ball. ,0.693130373954773,0.18716654181480408
A man rides an elephant into a river.,"A tennis player playing a match and throwing up the ball, about to serve.",A man riding an elephant into some water of a creek. man riding an elephant into water surrounded by forest A man riding an elephant in a river. A man in a brown shirt rides an elephant into the water.,0.9389289617538452,0.4617956280708313
A jet is sitting on the tarmac with blue sky's around ,A pizza is on a white pan on a grill.,a blue yellow and white jet parked and some grass Small jet sits on tarmac of airport on sunny day. A small white passenger jet parked on a runway. a white private jet blue stripes sitting in a air field ,0.7616331577301025,-0.4712648689746858
A small boy eating a chocolate donut with sprinkles.,A white interior with an oven built in to it,a little boy eating a chocolate doughnut with sprinkles  A young boy eating a chocolate doughnut with sprinkles. a small boy in a blue and orange sweatshirt eating a donut A kid biting into a doughnut in a room.,0.9171441793441772,0.4636285603046417
A man sitting at a table while looking at a computer.,a couple of people sit on a beach together ,An older man sitting at a desk looking at a laptop. The man is sitting at the desk on his laptop. A man in orange shorts sitting on a chair.  a man sitting at a desk with a laptop computer on it,0.8994202613830569,0.4468068778514862
A baseball player with a number five jersey is up to bat.,A man on a snowboard does an air trick.,A baseball player standing next to home plate. Player preparing to swing at ball during major baseball game. A batter is standing at the mound positioned to play. a baseball on a field holding a bat ,0.9151936769485471,0.47713813185691833
A blue snowboard laying on the side of a mountain.,Several people holding balloons and standing behind a fence.,A blue snowboard sitting on top of a snow covered slope. a blue and purple board sitting on the ground The snowboard is laid on it's edge in the snow. A blue surfboard is lying in the sand and the ocean is in the background,0.6303108334541321,0.5243333578109741
a little cupcake with little beach decorations on the top of it ,Two traffic lights displaying red in front of an office building.,"A cupcake sitting on top of a of a table with a blue umbrella. a cupcake with a blue umbrella in it A cake with floral decorations on the table A toothpick umbrella decorates a cupcake, with sprinkles.",0.892579197883606,0.4043446481227875
Four horses are walking around in the woods.,close up of a bearded man wearing a black tie,A forest filled with lots of brown horses grazing on green grass. A small herd of horses in the woods munching on some grass.  Horses sit in the woods behind trees and brush. Wild brown colored horses graze in a wooded area.,0.5555468797683716,0.5114843845367432
a man that is walking down a sidewalk,A snowboarder is doing a trick in the air.,"a man with a jacket and tie with his arms spread out  A man holding his arms open while standing on a sidewalk. a man on the street with his hands wide open A man in a coat, tie, jeans, canvas shoes and a hat.",0.8142952919006348,0.7749515175819397
A mirror mounted on a wall in a small bathroom.,A table with plates of food sitting on it.,A bathroom mirror with a chrome towel holder and faucet and a window above. Side by side mirrors in a very tall room. A VIEW OF A BATHROOM WITH A SINK AND MIRROR  A sleek white bathroom with a mirror and a window.,0.9675427079200745,-0.20151501893997203
Career highlight information about Robert Clemente at a baseball field during a baseball game.,A person who is snowboarding down a hill. ,a fence some baseball players and a sign A baseball player is getting ready to bat the ball and there is a sign behind him on the fence.  there is a memorial of roberto clemente next to a baseball field A baseball player holding a bat on top of a field.,0.6588406562805176,0.6620622873306274
A train travels underneath a very old bridge.,A train going down the track with steam on top and a bicyclist riding beside it.,An Amtrak train traveling under a train bridge. A train on the tracks under a bridge. A passenger train crossing over a railroad bridge on a cloudy day. A railroad train traveling through an  overpass ,0.8226381540298464,0.7874222993850708
Clusters of small ripe bananas hanging in a store.,"Traffic turns left at a green light that also indicates ""70""",Bunches of bananas are displayed in a shop. The small yellow bananas are still on the bushel. There are many bunches of bananas and bottled drinks on the stand. A store with bananas hanging out in the front of it .,0.9484415054321289,-0.4598615765571594
A dachshund and two other dogs crowed into a dog bed.,a hummingbird feeder sits in a tree branch,two hairy dogs lying on a bed cover looking kkkk kkk kk kkkk kkk kkk kkk k kk k k k kk k k k kk Three dogs bunched into a bed with their leases still intact. The dogs are on their leashes in a bed. ,0.001115425955504179,0.6480424404144287
A rusted train driving into a red bike.,A train with colorful graffiti on it ,A close up of a rusty train next to a bicycle. A red bicycle parked close to a black train. A bicycle that is resting up against a train. A bike is leaned up against an old rusted train.,-0.13779625296592724,0.6059422492980957
A group of people rafting on a raft boat with their paddles. ,A man uses skate skis to exercise on a street.,THERE ARE PEOPLE THAT ARE TAKING A WATER RAFT  A group of people in a kayak rowing together A man is sitting in a raft with friends A group of men riding on top of a red boat.,0.7370720505714417,0.38249656558036804
A microwave that has items on top of it.,"A bathroom with a toilet, shower, and window",A stainless steel microwave oven is on a refrigerator. A microwave is shown with stuff on top. A microwave oven with snacks on top of it. A microwave with some food and cups on top of a small fridge.,0.6627503633499146,-0.5052234530448914
"Red double deck bus with Singin in the Rain advertisement banner, on heliport area.",A bench in this garden provides a quiet place to sit. ,"A red double-decker bus parked on a helicopter pad. A red double decker bus parked in a lot. A red double decked bus is on a tarmac. A modern double decker red tour bus with an ad on the side for ""singin in the rain"".",0.540563702583313,-0.38758021593093883
A female tennis player is stopped for a picture as the crowd watches down court.,A blue sign posted on an overpass that people walk across,A woman holding a racquet on a tennis court. Woman in white tennis outfit holding a tennis racket.  A professional female tennis player engaged in competition on grass. Woman wearing white standing on a tennis court.,0.6584388017654419,0.3833915591239929
A crowd of people standing around the inside of a restaurant.,A street sign has three different streets on it.,A group of people are standing around with glasses. A group of young people engaged in a party setting. A group of people gathering at a house. A crowd of people standing at a social get together.,0.531915545463562,0.850459575653076
This is a broccoli salad with various topping on it. ,A man is outside grilling some hot dogs.,A broccoli dish with meat and potatoes on a plate. Different colored vegetables sitting on a plate with croutons.  A plate filled with a salad covered in a spicy cheese topping. A plate full of vegetables with crumbs on top,0.8921918869018552,0.448505699634552
A back porch with concrete flower box and a dog.,A bird flies in front of a twin engine aircraft.,A back yard porch and flower garden being admired by a dog A dog looks at plants in a yard.  A small outdoor garden and a dog standing nearby a little dog sniffing a plant on the patio,0.8419845700263977,0.2555880546569824
A family of three plays a video game together.,A butterfly sits on an open orange. ,"Three people sitting with game controllers in their hands. A family sitting down holding Nintendo Wii controllers. A group of kids playing video games on chairs Adult man with two childern, one girl, one boy all holding Wii controllers.",0.8763943910598753,0.15559710562229156
A porkchop with penne pasta and broccoli on a dinner plate.,A man flying into the air while riding a skateboard.,"Dinner plate with pork chop, pasta and vegetables on it. A plate with meat chops, broccoli and pasta on it A white plate topped with meat, pasta and broccoli. a plate with three kinds of food on it",0.8620266914367676,-0.24875237047672283
A colorful bus sits in a small fishing village. ,A motorcycle moves forward down an empty street.,A lady walks a child towards a bus parked in a harbor. An old bus sits at a run down port area. A bus stops at a rural dock at a village. A red bus parked in a storage lot next to a lake.,0.45087841153144836,-0.36636030673980724
very many trains  at the railway station to their directions,A baseball player waiting at the plate for a pitch.,several yellow trains with graffiti designs on them A train that has graffiti on the side of it. Yellow passenger train with graffiti on the side of it.  A train with some colorful graffiti on the side is seen.,0.9525984525680544,-0.22224731743335724
A man is typing on his computer while a sandwich and a bottle of coke is on either side of him.,A residential house next to some trees and a field,"A young man is eating food while using the computer. A guy sitting in front of his laptop with food and drink. A man sitting in front of a laptop computer. A young man is sitting at an iMac, with food and a Coke.",0.7038253545761108,0.3653014898300171
a man and woman are getting married ,A train going down the track with steam on top and a bicyclist riding beside it.,a black and white photo of a person in a suit and a person in a dress The bride and groom stand in the isle between the pews.  A man and woman standing in a church during a wedding. A couple walking down the aisle at their wedding ceremony,0.855807900428772,0.6777987480163574
A room with the sunlight filtering through the windows.,A woman hitting a tennis ball on the tennis court ,A small apartment has some framed pictures and posters A dining table covered with a blue tablecloth. A living room with a wooden table covered in a green table cloth. A well lit living room with hangings on the wall,0.8178817629814148,-0.22214746475219738
Some green broccoli and hams are on the plate. ,Two bed sitting beside each other with a side table between them.,A plate of broccoli and meat on a table. a close up of a plate of food with broccoli Small plate of food which includes small pieces of broccoli A close up picture of some food on a plate.,0.8500861525535583,0.30515146255493164
A man in a tuxedo with a wine glass and two women beside him.,Several people sit at long tables with a large mural with writing in the background.,"A man is posing with two young ladies, while holding his drink.  A formally dressed man with a martini poses with two women in evening gowns. A couple of beautiful women standing beside a bald headed man. Three young adults pose for a photo in fancy dress",0.7565115094184875,0.8450394868850708
A stuffed animal and a fire truck toy on a subway seat,a counter with a toaster over and an open laptop sitting on it.,A stuffed bear that is in a train seat. a stuffed bear is laying on a seat A toy truck and a stuffed bear sit on an empty train bench. Teddy bear and fire truck on a subway car seat.,0.19254407286643982,0.49037396907806396
A little boy taking a swim at the beach,There are two plates on the table in the dark room.,A boy swims through the water using a board. A smiling boy body surfing on a plank in the ocean. A young boy is swimming through the water. A little boy riding on a board in the waves.,0.802368760108948,-0.6167433261871338
A plane is landing on the runway at the airport.,A man sitting at a table while looking at a computer.,A blue fighter plane on runway with trees in the background. A jet takes off from a runway on a sunny day. A fighter jet taking off from an airport runway. An aircraft is preparing for takeoff at an airport.,0.9449197053909304,-0.3864389657974244
A blue and white city bus traveling down the street. ,Two people playing a video game on a television.,The blue and white bus is travelling down the street. Bus riding through the street attached to wires above The bus is driving on the city street. An old bus rigged out to run on overhead electrical lines,0.5574677586555481,-0.010416222736239433
a bunch of people sits at a table ,a man standing beside a large truck in a parking lot,Some people are sitting around a table and sharing a meal. A group of people are gathered around a table eating a meal.  A group of people are eating a meal outside. a group of people are sitting at a table in the park having a picnic,0.7024157643318176,-0.37281668186187744
A middle aged man is playing with a WII game.,This is an image of a man trowing a frisbee.,A man standing in a living room holding a Nintendo Wii game controller. Man standing in a family room with a game controller in his hand. A man is standing and playing video games. A man is standing in a living room with a Wii controller.,0.7018033266067505,0.4437716007232666
Windows reflect cars sitting in traffic on a road next to an old building.,A large brown dog laying on top of a floor.,Cars and buses seen through the reflection of a window An old building with vehicles seen in the reflection of the windows Two windows reflecting a red bus in front of a black car on a street. view of a city street thru the windows of a rusty shack,0.4630955457687378,0.38077136874198914
The zebras are in the fence with other animals.,Two women sit on a couch reading while a young man plays a video game.,Various types of animals standing in a fenced in area. Herd of zebra with antelope in artificial enclosure a couple of zebras are off in a field Zebras and other animals graze in a field.,0.8631788492202761,-0.36068713665008545
Orange cone and microwave sitting at the curb.,An elephant standing around in a fenced in area,A close-up of a microwave and a street cone on the driveway. A white microwave in front of a cone. A microwave and a cone on asphalt by bushes. A small microwave oven sits near a caution cone.,0.7909116744995117,-0.23116020858287822
A group of women holding champagne flutes together.,A man is about to make a tennis serve.,A group of women are smiling while toasting with wine glasses. a group of women with champagne glasses cheering one another. A group of women toasting with wine glasses. A group of ladies are having a toast with champagne.,0.5864775776863098,0.08463198691606522
There was an artist vent used when painting the airplanes.,there is a small vase with many tulips in it,Two airliners on the snowy runway of an airport Several airplanes can be seen at the airport but there is also snow on the ground here. An airport tarmac covered in snow and jetliners. A small vehicle attached to a cart is parked underneath an airliner's tail.,0.7667759656906128,0.08817006647586823
The traffic light has turned green for us to go. ,Several boats that are in a body of water.,The electronic light has many tiny green dots. A bunch of small green lights set in a yellow base. an extreme close up of a green street light An up close picture of a traffic light.,0.8275408744812012,0.8514688611030576
Children are watching two giraffes fenced in an enclosure.,This is a picture of a interesting mural on a truck.,The people are looking at the giraffes in the field. A lush green field with two giraffe standing on it. a couple of giraffes are standing in a field Two people standing near an enclosure containing giraffes,0.94589239358902,0.025789018720388412
"A bird with seed in its mouth, getting ready to fly away.",An elephant wearing a saddle holds leaves in it's trunk.,A bird with a berry in its mouth sits on a rock A bird sitting on a rock with a seed in his mouth. A gray bird on a large rock with a seed in its beak. a bird sitting on a rock in front of a tree,-0.09805827587842941,0.3958161473274231
a bed that looks like it has blood on it and a big hole in the paneling ,Breakfast foods on a plastic tray at an outdoor cafe,A messy and unmade bed and a red chair A soiled bed with the mattress falling off the bed. A dirty bed room with dirty sheets on the bed  A room with holes in the wall and dirt on the bed looking utterly disgusting. ,0.15815283358097076,-0.8048955202102662
"A kitchen with a sink, cutting board and refrigerator.",a person sitting on steps with a cell phone ,A kitchen with canisters on the neat counter  A kitchen has all white appliances and cabinets. A kitchen counter is lined with multiple objects. A nice clean kitchen and the cabinets are shiny that you can see a reflection.,0.785849928855896,0.4194243550300598
A smores cake with a lit candle on a table.,An airplane coming in for a landing next to a large tower.,A piece of cake sitting on top of a plate covered in marshmallow with a lit candle sticking out of it. A desert with a topping on it has a candle. A small piece of cake with a single candle on it. A white plate holding a dessert with a candle in it.,0.9421330690383911,-0.08300624787807465
A woman swinging a tennis racquet on a clay court.,A young man doing tricks on the street with a skateboard.,The woman playing on the clay court has hit a tennis ball.  A woman that is on a court with a racquet. A tennis player hitting a ball on a court. A tennis player runs to take a swing at the ball.,0.8397628068923952,-0.17841842770576477
A large herd of animals on a grass field.,Woman in a bikini plays with her dog in the surf.,A herd of zebra and buffalo standing on a dry grass field. A group of zebras walking in a grassy field.  Large herd of wild animals in natural grassy plain. Zebras and other animals in the field on a sunny day.,0.8048202991485596,0.4246746599674225
A person that is putting fire on a cake.,A man in the air on a snow board at a snowboarding event.,"A man and woman standing over a dinner table with a cake. A series of images showing a man holding a spoon over a lit candle, then serving a cake with it. A series of pictures showing a flambe cake. The people watch the man with the spoon over the candle. ",0.5878806114196777,0.2814003825187683
A woman standing outside flying a kite on a cloudy day.,Large bowls of banana bunches being examined by a female buyer.,A woman flying a kite in the blue sky. there is a woman that is flying a kite in the sky A woman flies a kite very high in the sky. this is a girl out flying a kite,0.6157684922218323,0.17571568489074707
A residential house next to some trees and a field,A woman swinging a tennis racquet on a clay court.,A passenger train stopped at a stop next to a grassy field. a train is stopped by a house across a large field a train driving by a house with a well kept lawn A big building on some grassy field during the day.,0.8690680265426636,-0.2738993763923646
Two people sitting on a jet ski while riding through the lake.,"An open book, a mug of coffee and a laptop on a table",A couple of people riding a jet-ski on top of water. Two people wearing life jackets on a watercraft. These two women are hurtling through the water on a Jet Ski. two people riding a see doo in the water,-0.3764425218105316,-0.53830486536026
A group of parked motorcycles sitting on top of a garage floor.,A container with a meat sandwich and fork is sitting on the grass.,a row of parked vintage motorcycles and bicycles Several old bicycles and motorcycles are parked next to a street. A couple of bikes and motor bikes parked together. a number of motorcycles parked near one another ,0.32601386308670044,0.09610440582036972
The man is flying his kite high in the sky.,Steam emanates from a manhole cover in the middle of a street.,A person in a field flying a parasail and having fun. Some one is flying a kite high in the sky. A man flying a kite against a blue sky.  A man is practicing kiteboarding on dry land. ,0.8182229995727539,0.2664421498775482
A young girl playing with a play doll while sitting on the floor. ,A boy is reaching into a bowl of dirt.,"A girl playing with a toy on a room floor. A young girl sitting in front of a child's toilet, holding a brush. A kid with a toy sitting in a room. A toddler girl is kneeling on the ground and holding a hairbrush.",0.8222389817237856,0.2865344285964966
A park bench with a leaflet left on the armrest.,"a person dressed in stockings, a blue button shirt, tie and hat",a small pamphlet is sitting on a benches arm A book atop the arm of a bench. A book perched on the arm of a roadside bench a park bench that has a book on top of it,0.24657218158245087,0.5356869101524353
Large bowls of banana bunches being examined by a female buyer.,A man and a woman sitting on steps in front a building with food. ,A woman is picking bananas from a basket. A street vendor setting out buckets of bunches of bananas. a person putting bananas in baskets near a bench A woman is tending to the different containers of food. ,0.893103301525116,0.36788347363471985
A skier launching from an extremely steep slope on a sunny day.,A couple of people that are playing a game.,A man riding skis down the side of a snow covered mountain. A skier about to take off down a steep slope.  A man preparing to ski off a steep slope. a skier at he edge of a snowy mountian cliff,0.4515978991985321,0.6376420259475708
Three elephants walking down a dirt coated hill.,A woman is tying her shoe on the bench,Two adult elephants and a child elephant walking in the woods.  Two adult and one baby elephant walking in the forest. A couple of large elephants and a baby are in the wild.  two adult elephants walk with a baby elephants ,0.9571017622947693,0.0751103013753891
Donuts and pastries sit on trays in a store.,A man on a beach holding a clock.,Assortment of doughnuts and other snack items on a serving tray. there are many different sweets and donuts on display A display case at a bakery with different items.  A glass bakery case with pastries and several kinds of doughnuts.,0.45194941759109497,0.35983073711395264
A hot dog with grilled onions sitting on a foil wrap,Large tour boat making its way across the water with a city scene in the backgorund,A hot dog on a bun wrapped in tinfoil. A polish sausage on a bun with grilled onions. Grilled kielbasa and onions make a tastier alternative. A person that is holding some food in his hand.,0.8129813075065613,0.29204046726226807
A man at a restaurant table getting a slice of pizza. ,A couple of white bathroom sinks mounted to a wall.,"A guy sitting at a dining table with some tasty looking food. A man is eating food at a table A man is getting ready to begin eating A man seated at a table in a restaurant, with a pizza in front of him that has various toppings.",0.4363090395927429,-0.25965848565101624
A close up of the push to walk button,A group of hand painted vases are on a table.,"A road with traffic lights, street lights and cars  A city street with cars racing by fast under a street light. The traffic lights are clearly visible for all of us to see.  A city street in winter with cars zooming by.",0.7767991423606873,0.48409247398376465
he'll be coming down the mountain on his skis ,a male in a white shirt and black shorts playing tennis,A skier is turning a corner while going downhill. an adult male skiing down a snowy mountain near trees A guy on skis sliding to the side in the snow. a male snow skier in a white jacket is skiing,0.6648480892181396,0.45102107524871826
A homemade pizza that looks delicious has a variety of toppings. ,"three people in Japanese clothing, two are carrying umbrellas and all are wearing sandals and they are walking past parked bikes. ",A man holding a pizza on top of a pan covered in toppings. Hands holding a pizza with vegetables and olives.  a lady holding a pizza with stuff on it A person holding a hot pizza on a pan.,0.9671570062637329,0.068414106965065
Two giraffe stand near each other eating from a feeder. ,A young child holding a colorful kite while standing on top of a field.,The Giraffes are almost camouflaged in the terrain behind them. A couple of giraffe standing next to a tree. Two giraffes reaching to branches on a tree two giraffes in their pen and some bushes and trees,0.8435432314872744,0.43125244975090027
A couple of blacks bears playing by a fence,a laptop is sitting on a blue bed,a big bear plays with another bears neck A bear biting into another bear in front of a fence. Two black bears embrace inside a metal fence. two bears play with each other at a zoo,0.7586223483085632,0.48542577028274536
a man standing at home plate waiting to hit a ball,a man playing with a Frisbee playing in the park,A baseball player standing at home base with a bat. A baseball player up to bat during a baseball game. The batter is at the plate waiting for the pitch. A Baseball player seems to be getting ready for his time. ,0.8161537647247312,0.5834832191467285
TWO BIRDS AND TREES OUTSIDE OF  A WINDOW AT A BUILDING,A herd of elephants  being herded into a river while tourists take photos.,A bird flying outside the window of a building. A bird flying by the tall windows in a building. A couple of birds are flying around outside The two birds are flying on each corner of the building.,0.16188284754753113,-0.04264704883098602
A MAN SITTING DOWN AT A TABLE EATING SOMETHING,A man is sitting on top of an elephant in the water.,Guy sitting down stuffing his face with food A man eats something that is wrapped in white paper. A man is eating something wrapped in paper. A man takes a bite out of some sort of food. ,0.7851513624191284,0.39981508255004883
Giraffes are standing in the dirt under a tree. ,A cat stares at a dog on TV. ,A couple of giraffe standing around a tree. A group of animals are walking around in a zoo. Several giraffe near a tree in a fenced area. two giraffe stanidng in sand next to a bare tree,0.49547213315963745,-0.499305784702301
A woman in her house with a bowl. ,a lady on her bed with a laptop smiling,A woman standing in a kitchen in front of a washing machine. A woman in the kitchen while holding dishes. A young woman holding a bowl in a kitchen. The girl in the kitchen is holding a bowl.,0.8005741834640503,0.6138795614242554
A transport truck with a tarp covered trailer drive down the road.,A piece of paper with the images of three hot dogs on it.,A truck parked near a tent and a stadium.  an image of truck with a fabric flat bed A little truck has a covering on the back. A truck sitting in the middle of the parking lot.,0.4951300323009491,0.7550626397132874
The person and the dog are herding animals in the pen.,A man leaping in the air to grab a Frisbee.,A lady doing something with animals in an enclosed area. A man in a corral with a group of sheep and a herding dog. Black and white photo of  woman pushing away a dog with broom. A lady is trying to rake near some sheep and a dog. ,0.29029297828674316,0.636021077632904
A girl slicing a pie inside of a box while others watch.,Several people holding balloons and standing behind a fence.,A group of people watching a woman cutting a cake. some people and two women are cutting a white cake People watching as a woman cuts into a cake. A group of women standing around a cake sitting on top of a table.,0.7075164318084717,0.09694632887840271
Waiter standing over a man examining his dish.,Professional baseball player about to throw the ball,People sitting down for a meal in a restaurant. A a lot of people sitting down at tables in a dining hall. A server distributing food at a business conference. A waitress is serving a man his food. ,-0.29648858308792125,-0.5310934782028198
Four men stand in a room watching something to the left which is not shown in the image.,Waiter standing over a man examining his dish.,Four young men in a sitting area stand looking towards the opposite side of the room. Four men are in a lounging area with three of them holding remotes. A group of men standing around a living room. A group of men are playing a Nintendo Wii,-0.22477124631404877,0.22785726189613342
Two black elephants seem somewhat distant near the small lake. ,Zebra's looking for food in a sanded area ,a couple of elephants are in a pin An adult and small elephant near trees in a zoo. A large gray elephant standing next to a baby elephant. A baby elephant and mother elephant playing in their habitat.,0.39428001642227173,-0.2364298403263092
An all black sprint cell phone with a camera. ,A family of three plays a video game together.,A hand holding a smartphone with a small screen. A man holding his Sprint cell phone with the words Upstage across the screen. A person holding a cell phone in their hand. A Caucasian hand holding a black cell phone.,-0.12187816947698604,0.5446860790252686
The man is practicing his tricks on his skateboard. ,A large metal pan filled with peeled food items.,A skateboarder flips his skateboard as he flies through the air. He is in the air and his skateboard is also. a person jumping a skate board in the air A man performs a high flying maneuver on a skateboard,0.7001355290412903,-0.10274620354175557
A man is on a ski slopes on a blustery day.,"three people in Japanese clothing, two are carrying umbrellas and all are wearing sandals and they are walking past parked bikes. ",A man standing on top of a snow covered ski slope. A lone skier standing on top of a big snowy hill. a person riding skis on a snowy slope A person on a snowy slope with skis on.,0.6840813755989075,0.4288344383239746
A plate of french toast and breakfast potatoes.,A person does a trick on their snowboard on a mountain,"A plate filled with different food on a table. A breakfast plate with a variety of different foods French toast, bacon  and potatoes on a plate. a plate with some french toast and roasted potatoes on it ",0.8537101149559021,-0.1598225086927414
A bird flies in front of a twin engine aircraft.,"A monitor screen, printer, couch and chair in the room",A large airplane flying through a blue sky. An airplane flying in the sky near a bird.  The airplane is flying in the clear blue sky. An airplane travels unimpeded in very blue skies ,0.6030222177505493,-0.07419604808092117
The door to the train is open at the depot.,Buildings near a river with several boats in it. ,A stationary train with the door wide open. Train doors open with steps on platform and pole a public transit train at a train station with its doors open An empty commuter train trimmed in red and gold.,0.5250141620635986,0.7776195406913757
A plain boarding and refueling in the rain,A man uses skate skis to exercise on a street.,Airport workers loading luggage onto into an airplane's cargo hold. A plane is being loading with luggage at an airport. A man and luggage carts outside of an airplane. A large jet sitting on top of an airport tarmac.,0.4843727648258209,0.31295159459114075
A brown bear seen through the glass of its enclosure.,A young baseball player is catching the ball while another gentleman looks on. ,A large brown bear walking across a field. a bear walking on grass next to trees the brown bear walks infront of the viewing glass at a zoo. A gray bear in the park with grass and trees at the back,0.8645235896110537,0.5727415084838867
Two hikers sit down and take a break with their dog.,A man on surfboard in a river with another person standing in the river behind him. ,A man and women rest as there dog stands on the trail. A group of people sitting on a trail side with a dog looking onward. A couple of people are in the woods with a dog. Two people sit next to a dog on a trail. ,0.3249000012874603,0.43774059414863586
The computer on the desk was left on in the room.,A line up of motorcycles sitting on their kickstands,A close up of a pile of paper clips on a home office desk. a close up of some paper clips  A pile of papers clips sitting on top of a desk. A pile of paper clips sitting on top of a desk.,0.5827181339263916,0.5862612128257751
The man is playing  tennis at a tennis game . ,A car parked in a lot near a tree.,A tennis player looking up for the ball preparing to hit it. A man raring back with his tennis racquet on a court. A man holding a tennis racquet next to a crowd of people. The sun seems to be blinding the tennis player.,0.516524076461792,0.39399775862693787
A large statue of roman people and lions with a blue and gold clock in the middle.,Group of cows in a field near a water trough.,A clock with statues on either side of it under a white sky. Ornate sculpted artwork with clock displayed against white background. The blue and gold clock has sculptures around it.  A blue and gold clock in the middle of a sculpture. ,0.5450067520141602,0.4905151426792145
One white and red plane and one grey plane on the ground,"A body of water containing boats, kayaks and people.",A small propeller plane sitting on top of an airport tarmac. Two airplanes are parked on the landing strip. A pair of planes sitting on an airstrip next to cones. A P-51 Mustang and B-25 Mitchell on the airport tarmac. ,0.6529728174209595,-0.38408493995666504
The man watches the little boy on the surf board. ,Two men standing beside one another smiling at an event. ,a little kid is surfing at the beach A young boy riding a surfboard on a wave in the ocean. A child attempting to surf as an adult watches. A young boy is perfecting his surfing technique in the shallows as an alert man watches him closely from behind. ,0.45594775676727295,0.5663924217224121
A butterfly sits on an open orange. ,"The view is from the back of a horse, riding in a dry, grassy field towards a pond on a sunny say.","A moth eating an orange cut in half on a pink plate. A multicolored butterfly with it's wings straight up, standing on an orange slice that is on a plate. A moth on the top of some tropical fruit sitting in a bowl. Brown butterfly standing on top of an orange. ",0.6234301924705505,0.5247329473495483
A person slices a pizza fresh out of the oven.,boats tied up to a dock in an inland bay ,an image of a man slicing a small pizza A man cutting through a pizza that is sitting on top of a stove. A man making food on a range in a kitchen. A young man prepares food in a modern kitchen.,0.7776972055435181,-0.01891492120921623
A person waits with an umbrella as cars drive down a rainy street.,A street sign has three different streets on it.,A man stands out in the rain underneath an umbrella. Two people are under an umbrella on night at an intersection. Couple walking in the rain on a city sidewalk. A couple waiting to cross the street underneath an umbrella.,0.8753068447113039,0.9376282691955569
A baseball pitcher throws a pitch to the batter standing at home plate.,Traffic in front of Walgreens on a town street.,Baseball players seen playing the game through the fence.  a number of baseball players on a field playing A baseball player pitching a ball on top of a field. A pitcher just threw a baseball from the mound.,0.8144410252571104,0.14159467816352844
A kite flying in the sky under a blue cloudy sky.,Yellow fire hydrant covered with plants outside of home,A multicolored kite against a blue sky with clouds. The large kite is made of colorful fabric. A multicolored kite with string flying in the sky. A small colorful kite captured while in flight.,0.4688854515552521,0.2333497405052185
The vegetables and other groceries are collected in the white pale.,an image of a tennis player returning a serve,"An assortment of ingredients rest both in a bowl and on a surface. A container with a carrot, broccoli, eggs, and a red pepper. A BUNCH OF VEGETABLES IN A BOWL  A silver bucket full of assorted vegetables and eggs",0.8751665353775024,0.17326590418815613
A bunch of small red flowers in a barnacle encrusted clay vase ,A long white table sits in front of glass double doors.,A vase with various flowers in it sitting on a tiled counter. A vase with flowers inside and some strange growth at the base. Flower are placed in a vase covered in shells. A vase with red flowers in it on a table.,0.3641042113304138,0.9699733853340149
A man is yelling into a mobile device in a room.,A man is about to make a tennis serve.,a close up of a person talking on a very old cell phone  The man is talking on the phone which is a older style phone. a man that is talking on a cell phone two males in black shirts and one has a phone,-0.2745471000671388,0.542548656463623
a man in a tie and a suit is indifferent ,A young man surfs in a small blue wave.,A MAN WEARING A SUIT AND A TIE STARING  A man wearing a grey suit and tie looking at something. A man with a tie and a suit. A man who is wearing a suit and tie.,0.07729630917310715,0.06944744288921356
A man in white shorts stands near a large television screen with a remote.,A plate of french toast and breakfast potatoes.,The guy is so excited playing his video game. A man holding a Wii remote playing a video game on the television. a man playing a video game in his living room. A man in yellow shirt playing a game with Nintendo Wii controller.,0.7536158561706543,0.17738881707191467
A man standing next to a base holding a catchers mitt.,"A few notebooks, inhaler, cell phone, ipod, pens, keys and a bag on the floor.",Two boys with glove and helmet playing baseball A man catching a baseball with a glove as another slides into the base. A person wearing blue catching a ball and a person with a red helmet on the ground.  A boy in a blue tries to catch a baseball while a boy with a red helmet slides to touch the base.,-0.30106985569000244,-0.13859030604362477
A BOY IS OUT ON THE PARK FLYING A KITE,many different buildings near one another near trees,Young boy posing in front of a flying kite in the park A little boy standing in the grass with a kite in the sky in the background. A young boy is posing in a large grassy area. A little boy standing in a field below a kite.,0.8026583194732664,0.8012233972549438
A bench in this garden provides a quiet place to sit. ,Two skateboarders sitting on a cement block with their skateboards underneath their feet. ,A bench sits in the a garden park.  A bench in a beautiful well cleaned park A park bench in grass by a tree and shrubbery. A brown wooden bench sitting in a nice green park.,0.7440614700317383,0.35630276799201965
