premise,correct,incorrect,pos_sim,neg_sim
Two toddler girls appear to enjoy basking on a pile of leaves as they smile for the camera.,Two toddlers play on a pile of leaves.,Two toddlers are fast asleep in their cribs.,0.825194358826,-0.744619846344
A man wearing black clothing is standing at an empty table that has water glasses and papers strewn about.,A man wearing black clothing is standing around at an empty table that has water glasses and papers strewn about.,The man is running for his life.,0.997937440872,-0.116337947547
There are three woman conversing at a table with drinks.,Women are talking,The women are ignoring each other,0.835491478443,-0.762910187244
A black dog is coming out of the ocean water on the beach with something in its mouth.,The dog is coming out of the ocean with something it its mouth.,The cat was stuck in a tree.,0.862017333508,-0.67682737112
A woman in a white hat and red dress holding hands with a man in a black jacket with a flower in his upper pocket.,A woman is touching the man.,The woman is alone and asleep in the car on the moon.,0.944308042526,-0.864046156406
a brown and a black dog play in a field,There is a dog outside.,The dogs are sleeping.,0.997040987015,-0.851119101048
A man inspects the uniform of a figure in some East Asian country.,Someone is wearing a uniform,The man is sleeping,0.991008043289,-0.761773228645
A black and brown dog attempts to catch a red ball in its mouth.,An animal is playing with a ball.,A dog is taking a nap.,0.909263372421,-0.848214745522
A man is sitting in a chair and looking at something that he is holding.,A man is sitting down looking at something.,A man is sleeping.,0.96368855238,-0.544513046741
"Torch-bearing runner, about to be photographed by onlooker, enjoys the smiles and shouts of the crowd.",The runner has a torch.,The runner hates the crowd.,0.65687173605,-0.712036967278
a woman holding a child in a purple shirt,a woman holds a child,the woman is asleep at home,0.997397840023,-0.698408484459
"Two Asian children, a boy and a girl, the girl looking squarely at the camera and the boy making a face.",there are children near the camera,the children are sleeping in their rooms,0.971018433571,-0.832687973976
a man scales the large rock.,The man is outdoors.,The man is relaxed in his bed.,0.856169521809,-0.901808619499
A man in a red sweater holds a child on top of his shoulders.,The man is touching the child.,The man is alone in his house.,0.87175142765,-0.889086127281
"A male in a black hat, brown jacket and black and white sports pants reading a newspaper next to an aged stone building with a bike out front.",a male in a hat,the man is at home sleeping,0.851241767406,-0.689284324646
Two cars are parked by a body of water by some cranes.,Two cars parked near a body of water and a crane outside.,Two cars parked inside of a garage.,0.983015418053,-0.424590319395
Two people wearing winter clothes stand near a pole in a winter scene.,people stand near pole,dog chases two cows,0.868427455425,-0.795232176781
Two men standing near a metal structure in front of a brick wall.,Adult males stand in front of a brick wall near something made of metal.,Men hang drywall inside a house.,0.984593272209,-0.527105808258
A young man in a black shirt and an elderly woman in a pink shirt sitting on a train together.,The man is wearing clothing.,The man is asleep in the bathtub on the moon.,0.27976077795,-0.722053289413
A dog is running through an obstacle course in front of a group of people.,A dog is showcasing its agility,A dog is asleep,0.89713716507,-0.707118749619
People on a concrete area taking pictures.,people take pictures,boy sleeps alone,0.946883261204,-0.584906041622
Blue bus parked with back door opened as man in white shirt walk by it.,Guy walks by bus.,A guy rides in his car to work.,0.632881045341,-0.0880133509636
A man in a black shirt is smiling at a woman in a black shirt what a tattoo and a eye brow ring.,A man is smiling at a woman.,A man is reading a book alone.,0.815408229828,-0.823482632637
A beautiful woman puts on a look of amazement while she wears native clothing.,a woman is amazed,the woman is naked,0.814959943295,-0.786563754082
A young boy riding on the shoulders of a man outdoors.,A man has a yound boy on his shoulders outside.,"A single woman is inside cooking dinner for her only child, her daughter.",0.991036295891,-0.962372720242
A greyhound jumps over a chain.,A dog is in motion.,A dog is sleeping under a chain.,0.923096835613,-0.543605446815
A man in a park holding a ball.,A man is outdoors.,A man is taking a nap in bed.,0.796954631805,-0.653823971748
A brown dog leaps into water from a rock.,A dog is outside.,A dog is sleeping under the porch.,0.908589959145,-0.614740729332
A toddler is playing with colorful plastic building toys.,A human playing,Nobody is playing.,0.953433811665,-0.866158246994
"Two kids on a boat, one with a paddle, and the other on the edge wearing a life vest.",A kid is wearing a life vest.,Two kids are sleeping in bed.,0.959818542004,-0.835428357124
A man in an orange vest is on the sidewalk playing a guitar and singing while others are walking down the sidewalk.,A man is playing a guitar on the sidewalk and singing.,A man is in a purple bathrobe is inside his home cooking breakfast.,0.82740098238,-0.772886276245
A woman in a black jacket with yellow on the back talking to a man with a black jacket and cameras hanging down from his shoulders and neck.,A man has some cameras.,"The woman is sitting alone, silent, reading.",0.95191693306,-0.644181609154
"Several people standing in front of a pile of snow in front of a house, with one person shoveling.",It snowed outside.,It is a hot summer day in Miami.,0.981893241405,-0.741841435432
A old woman is holding shopping bags on a busy city street.,A woman on a busy street holds some shopping bags,A woman with her groceries on the moon,0.976170361042,-0.440874695778
A guy on a waterskiing board is doing a stunt.,The guy is doing a stunt.,The guy is watching tv.,0.79865193367,-0.73527276516
A customer places his order at Quiznos while another customer looks on.,Someone orders food at Quiznos.,The customer turns around and leaves the restaurant without ordering lunch.,0.105004653335,-0.689292669296
A light brown dog with his tail in the air jumps of a pontoon toward the water.,A dog jumps toward the water.,A cat is jumping in the air.,0.912545979023,-0.425534635782
A man and a girl are both looking at something of interest.,Something catches the eye of a man and girl,A girl sleeps in her moms lap,0.961804747581,-0.775795102119
A lone man standing a rock shore looking downward at a inland body of water with a blue ocean or other large body of water behind him extending into the horizon of a blue sky.,You can observe some water in the frame.,No natural objects are shown here - every single thing is man made.,0.925071716309,-0.527188539505
a big tan dog drinks water from an outdoor water spout.,A dog is outside and thirsty.,A dog is chasing a cat.,0.907791495323,-0.705308198929
Three men pose for a picture while standing in front of table at a conference.,three men are posing,the men are flying an airplane,0.937206506729,-0.719069838524
A little boy smiles while playing in the dirt.,A human smiling.,Nobody is smiling.,0.863315820694,-0.843343555927
"A young girl with long hair, glasses and a lip ring playing on her iPhone in a brightly lit room.",a girl with long hair,the girl is asleep,0.538124799728,-0.189711764455
"A male child with blond-hair, green eyes, and a sticky looking mouth wearing a multicolored t-shirt has his hand wrapped around a popsicle stick and is chewing and has it inserted into his mouth where you can see 4 bright white teeth on the bottom row.",A person in a shirt,Nobody has a shirt,0.937960624695,-0.873399853706
A old man sells hardware parts on a dirty sidewalk.,The man is outside.,The man is cooking dinner with the hardware.,0.777098655701,-0.2046431005
A black dog carrying a hanging flower pot.,A dog carrying a flower pot.,A dog sleeping.,0.976798772812,-0.886954545975
A man in a large crowd converses with his friends.,A man is talking to a bunch of his friends.,A man is standing alone in the auditorium.,0.950231254101,-0.813943505287
A square full of people and life.,The square is busy.,The park plaza is absolutely empty.,0.976237475872,-0.84382134676
An Asian woman preparing vegetables for the market.,A woman preparing vegetables.,A woman at home.,0.83144068718,-0.486826866865
Two girls riding an amusement park ride.,The two girls are at the amusement park.,The two girls are at the zoo.,0.978574156761,-0.138681665063
Football players on a field in front of a crowd.,There is a crowd,There are people watching football on tv,0.738953948021,-0.389515727758
A boy riding on a carnival ride turns around for a photograph.,A human riding,Nobody is riding,0.880228757858,-0.757665514946
Several men dressed in Renaissance outfits.,Humans in outfits,Nobody has an outfit,0.965287327766,-0.764519095421
A black dog runs with a deflated ball and a tiny tire.,A dog with a ball.,A cat eats tuna.,0.58376967907,-0.650795996189
A dog plays with a ball at the beach.,A dog plays ball.,A cat plays with a ball of string.,0.809743642807,-0.350666940212
A woman is holding a baby by a window.,There is a baby in the picture.,The woman's hands are empty.,0.912351191044,-0.563882231712
"A child in a red jacket, waist deep in a pit on the beach.",A child on the beach,A child is building a sandcastle on the beach.,0.677881777287,-0.477394104004
An older perhaps Asian man who is wearing a sleeveless shirt with quite a few people in the background.,A human wearing,Nobody is wearing,0.975478470325,-0.792754411697
A little girl in a pink soccer outfit standing in front of a soccer net,A girl is in front of the soccer net.,The girl is throwing a frisbee.,0.966457009315,-0.012501174584
Two men are on a boat trying to fish for food during a sunset.,Humans trying to fish.,Nobody is trying to fish.,0.921860873699,-0.5659968853
Children standing and climbing near a fountain.,Kids standing and climbing.,Children running around playing tag.,0.918151140213,0.217736646533
A man cooking food on the stove.,A man is making hot food.,A man is making a steak on the grill outdoors.,0.694423437119,0.540567398071
A girl leaps through the air while running on the riverbank.,The girl is in the air.,The girl is asleep on the riverbank.,0.602899730206,-0.334717810154
A man wearing a mask with green dreadlocks and blue gloves stands in front of a woman in a brown cardigan.,The man seems to be in disguise.,The man wearing the mask is bald and is reading a comic book to his son.,0.889456033707,-0.554359912872
A man with a blue shirt and glasses points to a picture in a book in front of a little girl and a stack of books.,The man is attempting to draw attention to a picture.,The man has nothing on his face.,0.803437292576,-0.846035122871
A group of kids are playing on a tire swing.,Some kids are playing on a swing.,A group of dogs are chasing a duck.,0.982003986835,-0.0682535618544
A man in a red shirt is giving toys to a small dog.,There is someone palying with a dog.,There is a dog sleeping,0.951204717159,-0.820631146431
A man in blue with a black hat with a dog leaping at him in a park-like setting.,A man in blue playing with his dog outside in a park.,A man sits in a chair as his dog sleeps beside him.,0.967106759548,-0.856417715549
A man is doing tricks on a skateboard.,A human doing tricks,Nobody is doing tricks,0.548575997353,-0.0425740107894
A man providing entertainment on the sidewalk by playing the violin.,A man playing the violin entertains on the sidewalk.,A man is sleeping in a park by his violin.,0.89428716898,-0.476680845022
A skater goes through a course.,A skater goes through a course,A skater is sleeping.,0.999884486198,-0.48739862442
A young girl performing the nutcracker.,a child was there,the child is sleep,-0.0803145542741,-0.309821605682
"A young man smiles and points at something off-camera, while standing in front of a display.",The young man is in front of a display.,The young man is frowning with his hands in his pockets.,0.954830229282,-0.682716906071
Black dog with tan markings wearing a blue collar standing on green grass.,There is a dog standing outside.,A puppy is laying on the couch.,0.977984428406,-0.901350319386
Young barefoot girl begins to lose balance.,The young girl with bare feet is losing her balance.,The girl is sitting on the floor.,0.823762953281,0.0887419134378
A woman in brown boots talks on her cellphone and holds an umbrella.,The woman has a phone and an umbrella.,The woman is sleeping on a bench.,0.959693968296,-0.638278365135
Two people here are wearing something around their necks.,People are wearing something.,A man has nothing around his neck.,0.997443795204,-0.816538929939
Two girls are on a street sidewalk and one is sitting.,girls are on the sidewalk,the street is empty,0.540841758251,-0.538681089878
A young child wearing a pink top is with a female adult.,A kid is with a woman.,A kid is alone.,0.956877708435,-0.657227516174
A man wearing a yellow striped shirt laughs while seated next to another man who is wearing a light blue shirt and clasping his hands together.,Two men sitting together.,Two mimes sit in complete silence.,0.607099175453,-0.212284609675
A black and white dog prepares to catch a Frisbee.,A dog prepares to catch a Frisbee.,A black and white cat prepares to catch a Frisbee.,0.988829791546,-0.326285719872
"A man in an urban area is sweeping the sidewalks, with a group of people in the background, crossing a street.",A man is sweeping.,The man is sweeping his home.,0.852252840996,-0.391739308834
A man in a black wetsuit with white shorts is windsurfing on a blue body of water with mountains in the background.,The man is near the water.,The man is windsurfing in his bathtub.,0.919855117798,-0.239575862885
A brown dog about to catch a green Frisbee.,The dog is outdoors.,The dog is sleeping.,0.821647882462,-0.613632202148
A goalie in white runs for an approaching ball while the opponent in red who kicked it waits.,A person wearing white is running towards a ball that was kicked from another person.,The goalie is sleeping at home.,0.915181040764,-0.748084545135
Old man crafting something in his workshop.,An old man is working.,An old man is snoring.,0.901121139526,0.238168492913
"A man with an orange hat in a yellow canoe paddles along a river in a wooded, mountainous area.",The man has an orange hat on,The man is watching tv,0.849268436432,-0.937764406204
"A woman, in a green shirt, preparing to run on a treadmill.",A woman is getting a workout.,A woman is preparing to sleep on a treadmill.,0.432347238064,0.00830581970513
An overweight man in a blue and black hooded sweatshirt works on a laptop computer outdoors.,A man does some work while sitting outside at a park.,A skinny man in a tank top watches TV inside.,0.612674713135,-0.20135474205
A woman is cutting something with scissors.,A woman uses a tool.,A woman knits herself a sock.,0.265867769718,-0.245194643736
A man playing a guitar and a man playing drums,A man playing the guitar with a man who is also playing drums.,Two men playing video games in the basement.,0.931833863258,-0.12341029942
A man on a scenic canoe trip.,A man is on a canoe.,No one is on a canoe.,0.809110999107,-0.676043629646
A bronze-skinned woman walks a pedestrian path in a form fitting dress.,A woman walks a pedestrian path.,A woman sits in a bathtub.,0.922965288162,-0.340658277273
A black dog leaps out of the water.,The animal is outdoors.,A cat is scuba diving and the down was chasing him,0.875831484795,-0.408952564001
A large brown and black dog jumps in the air holding a white Frisbee in its mouth.,An animal moving vertically and gripping a toy with its teeth.,A tinny white puppy sits on a red pillow and plays with a rawhide bone.,0.783057272434,-0.768990814686
A brown dog opens his mouth to catch a piece of food.,A dog catches food.,a dog is sleeping,0.714815497398,-0.872645139694
A maintenance worker walking past a statue.,worker walking by a statue,man driving his car past a statue,0.990669846535,-0.417860001326
A view down the train tracks in a large city.,A view outdoors.,A view of Mars.,0.937889575958,-0.739036679268
A girl in a field with a yellow scarf.,The girl is outdoors.,The girl is in an office building.,0.901202082634,-0.557729542255
An man wearing headphones observes an older man performing his guitar on a public street bench.,The two men are near a public street bench outside,The older man is shopping for groceries,0.893192231655,-0.519618630409
A woman prepares to strike a volleyball.,The woman is near the volleyball.,The woman is shooting a basket through the hoop.,0.934532225132,0.095983222127
A man jumps in front of a palace in China.,A man is jumping.,Nobody is in the air.,0.794076681137,-0.474668353796
A gentleman in a black shirt and cap sits under a wavy wooden roof in an outdoor cafeteria setting.,A man in a cap,Nobody has a cap,0.810214757919,-0.646719753742
a body boarder is being dumped on the beach by a wave whilst other surfers are standing around in the water.,There are surfers on a beach.,The boarder is being dumped on molten hot lava.,0.763392686844,-0.604178190231
Two women crossing an intersection.,Two people crossing the street.,Two females sitting at home.,0.88793027401,-0.596606969833
An elderly man is looking through his glasses while working with hot metal.,man in glasses,girl sleeps,0.840123534203,-0.680496573448
Six women that are showing their nationality by holding a flag.,Women are holding a flag,The women are holding an empty flag pole,0.776465177536,-0.61102771759
A bald man in a red shirt and khaki shorts buys something from a woman wearing a visor in a store.,A man is making a purchase in a store.,A bald man leaves a store without buying anything.,0.553204655647,-0.582804918289
A child turning a crank with benches behind him.,The child is in front of benches.,The person is sleeping.,0.807223796844,-0.754956007004
Four motorcycles are racing on a dirt track.,four motorcycles are racing,they are parked in a garage,0.912436485291,-0.709299921989
Young boy kicks a soccer ball towards the goal as the crowd watches.,The boy is under the age of eighteen.,The boy is alone in his backyard.,0.127677291632,-0.496584892273
A brown dog carries a long stick on the green grass.,A dog carries a stick across the grass.,A cat claws at a toy.,0.974606871605,-0.584466099739
A girl in a purple sweater and a shoulder bag is looking to the side with a lot of people behind her.,a girl has on a sweater,a boy sleeps on the couch,0.797638058662,-0.754883885384
Women and children are walking down a cement dock to board a nearby cruise ship painted red and white.,The women and children are outside.,The women are boarding an airplane.,0.771740674973,-0.618435680866
"A person is climbing a cliff wall, over a rocky shore, using a rope.",A person is near a body of water.,A man is swimming to his favorite beach.,0.912309169769,-0.526878535748
A dog carrying a stick in its mouth runs through a snow-covered field.,A animal carried a stick through a snow covered field.,the animals is sleeping,0.959000170231,-0.751317977905
Woman singing on stage in front of backup dancers,A person singing,Nobody is singing,0.78628051281,-0.219744354486
"While some people look in the barn, others walk on the bridge and some are enjoying cooling off in the water by the beach.",Some people are outside.,The people are sleeping in bed.,0.866652607918,-0.688639223576
A person is riding a colorful dirt bike on dirt hills.,A person rides a dirt bike outside.,A boy plays with his remote control car in his living room.,0.986903369427,-0.474506825209
Four older men are playing musical instruments in a park by a wall in traditional costume.,Four men are playing music outdoors.,Four young women are playing chess in the park.,0.949146568775,-0.534071803093
Several people sitting on foldable chairs near a geological formation.,There are people sitting near a geological formation.,Some people are sleeping on a sofa in front of the television.,0.993158817291,-0.550531625748
A man sits in a chair on the sidewalk in front of a huge display of brightly colored artwork.,A man sits in a chair on the sidewalk in front of a huge display of brightly colored artwork,The man was watching tv,0.999992966652,-0.744934082031
People running down a two lane road.,Humans are moving fast.,People are sleeping in bed.,0.67853975296,-0.377389967442
A child is looking out of a door.,There is a door.,The child is asleep.,0.945393919945,-0.8319054842
People are shopping outside surrounded by a metal fence.,The people are outside surrounded,The people are sleeping.,0.977589666843,-0.763542592525
A group of children walking on a trail.,Children are walking.,The people are adults.,0.939640641212,-0.489029496908
The brown and white dog is playing in the snow.,A dog in the snow.,A dog chasing a squirrel in a dry desert.,0.940737009048,-0.667354226112
A man in an orange vest and hat is shoveling rocks while another man in a yellow and blue jacket looks on.,A person in a vest,Nobody has a vest,0.98214328289,-0.78911793232
An Asian child sleeping in a grocery cart in a grocery store.,The child is not at home.,The child is awake.,0.738890528679,-0.627312302589
A small group of people listen to a man in a blue shirt in front of a natural stone two-story structure with five steps leading to a white door on the lower level.,a man talks to a group of people,an eagle sits in a tree,0.884844779968,-0.0993911549449
"Though frail looking, this turbaned woman is able to carry a large pot and a bound bundle of long sticks.",A person carrying a pot,Nobody has a pot,0.965705513954,-0.833690166473
A man with glasses and a Hawaiian shirt is standing next to a dog while another man with a blue hat looks at them from the back.,A man stares at another man.,A butterfly flys freely.,0.828528642654,-0.796459674835
Some pedestrians with multiple shopping bags walk down a paved walkway.,There are people walking down a walkway,A man dances on a volcano,0.948291480541,-0.550684869289
Many people standing around a silver car with the hood raised while a young girl in a yellow shirt and blue jeans drinks from a bottle.,A group of people are interested in a vehicle.,None of these people can see this car's engine.,0.954589605331,-0.75536108017
Young blond girl holding chopsticks looks with red eyes at camera while another girl in the background looks at food.,The girl is touching an object.,The girl is alone in the middle of the ocean on top of the moon.,0.913478434086,-0.824458241463
"Dozens of street performers in fuchsia, red, yellow and black outfits are dancing and singing along a city street.",Many performers in colorful costumes were entertaining in the streets.,A group of silent mummers were performing in the park.,0.760075390339,-0.216651722789
Military men dressed in camouflage and white aim there weapons while out in the snowy weather.,men have weapons,a donkey runs,0.880878567696,-0.0633110329509
A group of people stand around a young man wearing a black and white checkered shirt who is sitting at a table with his head down.,The man has clothing on.,The people are swimming at the pool club,0.792681336403,-0.6465280056
There is a room full of pictures all in the wall and a woman in a coat is looking back over her shoulders strangely.,a room with pictures,the room is empty,0.686002850533,-0.921798706055
A man in a black shirt sits beneath a'no child left behind' powerpoint presentation.,There is a powerpoint presentation.,The man sitting beneath the presentation had no shirt on.,0.609675347805,0.0413321442902
A man in a Santa Claus costume is sitting on a wooden chair holding a microphone and a stringed instrument.,The man is wearing a costume.,The man is swimming at the beach.,0.340066611767,-0.618287444115
A woman sitting with two men hugging.,A group of people are sitting together.,A group of people are sleeping on the couch.,0.847424983978,-0.295085281134
A smiling child is standing behind a tree.,A young person is outside.,A man is eating a hotdog.,0.888836979866,-0.668430745602
People wearing red shirts are standing in a large pool of water as it splashes over and around them.,A person in a shirt,Nobody has a shirt on,0.750073850155,-0.461108356714
A boy in a red shirt and a boy in a yellow shirt are jumping on a trampoline outside.,The boys are outside.,The boys are asleep.,0.813128292561,-0.759989738464
A musician with short blond-hair and wearing a blue scarf and vest plays a string instrument while singing.,A person with a scarf,Nobody has a scarf.,0.768750667572,-0.538484930992
Two men climb onto tires while sitting in the muddy water.,the men are wet,the men are dry,0.574338078499,-0.421713113785
Man wearing dark clothes walks down a street with a wall of graffiti to his left.,A man walks past some graffiti.,The man is painting the street.,0.989918470383,0.317258477211
Two men are on a cherry picker proceeding to perform work at a construction site.,Two men on a cherry picker performing work outside.,Two men driving in a truck down an empty highway.,0.971658587456,-0.797763347626
A man wearing a Santa hat holds up a photo to the class.,A man shows a photo to a class.,Santa Claus tells the kids he is not real at the mall.,0.950911283493,-0.726393222809
Two women dressed for cold weather in jackets and gloves look at something on a cellphone screen.,The women are near the cellphone.,The woman is alone in her bathroom.,0.750038862228,-0.693899929523
Smiling woman in yellow shirt gesturing.,the woman was gesturing,the pig was eating monkeys,0.819906890392,-0.747256875038
"A white dog, a brown dog, and a black dog frolicking in a grassy field.",Several dogs are playing outdoors.,The dogs are eating their dinner in the kitchen.,0.977856099606,-0.670263051987
A small dog wearing a denim miniskirt.,A dog is wearing a skirt.,A dog is having all its hair shaved off.,0.722692787647,-0.677340865135
A young boy in a green shirt and blue pants is playing with a blue toy train on a wooden track.,A young boy is playing with a wooden train set.,A young boy is driving a pedal car on the sidewalk.,0.980809092522,-0.188047304749
A lot of people walking outside a row of shops with an older man with his hands in his pocket is closer to the camera.,A lot of people walking outside a row of shops with a man with hands in his pockets.,A lot of dogs barking outside a row of shops with a cat teasing them.,0.968038201332,-0.242522567511
A group is gathered outside holding flowers.,Their hands are holding something,They throw the cannonballs away,0.922006964684,-0.813030362129
A group of men work on some streetcar rails.,The group of men are fixing the rails.,The group of men are asleep at the parade.,0.58888810873,-0.587843537331
"A small baby, possibly a newborn is being bathed by a person in blue scrubs wearing protective gloves.",Someone is helping bathe the small baby.,The small baby is in it's crib sound asleep.,0.920678496361,-0.87245875597
A young woman and a young man are talking with a group of other people around.,A group of people talking to each other.,A man having dinner alone.,0.952243566513,-0.92791646719
"A young boy, wearing a helmet, in shorts and a t-shirt and a pair of binoculars around his neck is playing outside.",A boy is outside.,The boy has nothing around his neck.,0.928631901741,-0.762155652046
"A young man and young woman wearing backpacks are placing or removing an item from an old white tree snag, with other people standing or sitting in the background.",a man and woman with backpacks,an eagle flies,0.937717854977,-0.734078526497
A man in a shirt and tie does the splits on a wood floor,The man is flexible.,The man is on the moon.,0.241230145097,-0.461117088795
A father with a red shirt and beard is cuddling with his two children in a chair.,There are three people inside.,"A father drowns his two children, since he hates his life.",0.241233468056,-0.303948789835
A bearded man in a light blue shirt peers through a magnifier to work on something that rests on a white paper box.,a man peers through a magnifier,the man is asleep,0.89748865366,-0.648157596588
"Young man in a red hat, gray shirt, and jeans, performs a trick in the air with his skateboard.",The young man is wearing a hat.,The young man is wearing nothing on his head.,0.765474557877,-0.588975429535
A small crowd of people gathered together watching activity occurring in front of them.,there is a group of people,there is no one in this picture.,0.951618134975,-0.70544064045
A brown dog in running on grass.,A dog is moving around,A dog is sleeping at the beach,0.755110383034,-0.567997515202
A man in the middle east with a corn-on-the-cob cart selling corn.,"In the middle east, a man sells corn-on-the-cob from a cart.",A middle east man is throwing corn at strangers.,0.875700235367,-0.464581221342
A group of girls in matching brown dresses and sandals dance in unison.,Girls dance together.,The girls sleep.,0.935272932053,-0.225642427802
A person with a yellow hat holding a fishing pole in the grass by water,A person is in the grass holding a fishing pole and wearing a yellow hat.,A grizzly bear is attacking someone in a blue hat.,0.980997204781,-0.201206758618
Two dogs playing in the snow.,There are two dogs playing together in the snow.,The two dogs are inside sleeping by the fireplace.,0.967118144035,-0.595795989037
"A festival displays two men dressed in red makeup and costume, while an older man has cream on his face.","A festival displays two men dressed up in red makeup and costume, while an older man has some cream on his face.",The couple just filed for divorce.,0.999494075775,-0.244011849165
Football players square off before a play.,There are people playing football outdoors,There are people watching football on tv,0.913264095783,0.211124122143
A young man sits at a workbench amidst a number of work tools including wire cutters working on what appears to be a large ornate necklace.,There are work tools.,The man is old.,0.946442484856,-0.373676657677
Protesters in costumes carry signs through a paved city street.,The protestors wore costumes.,The protesters were nude.,0.900386810303,-0.698527514935
A man is holding a both a sleeping toddler and a sleeping baby on his lap.,A man holds two sleeping children.,A toddler and baby play together while their father looks on.,0.996161699295,-0.832000553608
A boy cooking on a grill.,A grill which a boy is cooking on.,A boy sleeping under a tree.,0.987113893032,-0.544556677341
"A man cooks chicken on the grill, while others enjoy food in the background.",A human cooks food while others consume food in the background.,A man cooks steak on a hot plate alone.,0.980684041977,-0.329004049301
"Some Women and Men are Sun Tanning, and watching the Ocean Waves, on a Bunch of Rocks.",Some people are Sun Tanning.,The people are not by any water.,0.511406540871,-0.2359790802
A young boy is looking into a silver cellphone while resting his light brown-haired head on top of a resting blond dog's head.,A person looking,Nobody is looking,0.805814385414,-0.616915285587
"Man in a black suit, white shirt and black bowtie playing an instrument with the rest of his symphony surrounding him.",A person in a suit,Nobody has a suit,0.871648311615,-0.43613114953
"A man in a yellow outfit, fixing something on the corner of a house.",A man wearing a yellow outfit was repairing something on the corner of the house.,The man is breaking into the house.,0.986460924149,-0.574886441231
Two young adult passengers of a vehicle are sleeping.,There are two people sleeping in a vehicle,Two people are talking while driving a vehicle.,0.998749494553,-0.547748565674
A woman is holding a sign that says honk to indict bush.,The woman is touching the sign.,The woman is swimming in her pool.,0.602901101112,-0.640362858772
A hiker pokes his head out of a tent high in the mountains.,The hiker is outside.,The hiker is swimming in a pool.,0.866047024727,-0.695760250092
the front side of a food vendor in a park.,A food vendor is in the park.,The park is empty.,0.840613365173,-0.60439068079
A brunette woman in a multicolored floral outfit and a pearl necklace is talking while holding a wineglass.,a woman holds a glass,a woman is sleeping,0.988258600235,-0.557571828365
A band of young musicians are playing an intimate concert to a small crowd in an outdoor courtyard.,a band is playing,the band is at home sleeping,0.901576042175,-0.775179445744
A black dog is chasing a ball on a green grass.,A black dog is running outside.,A black dog is sleeping.,0.938143849373,-0.374787867069
A boy in sandals is looking at a camera in a busy street.,"A boy is in a busy street, wearing sandals, looking at a camera",A boy is playing nintendo on his couch,0.998196363449,-0.73586666584
A man smoking a cigarette is working outside.,A man smokes a cigarette outdoors.,A woman eats a slice of pizza.,0.998381137848,-0.786298036575
Three people wearing black chatting on a street corner.,Three people are talking outside.,Five guys are eating burgers on a street corner.,0.959577083588,-0.571135282516
"A man and a woman are sitting at a table outside, next to a small flower garden.",The man and woman are outside.,The woman is having lunch with another woman.,0.557881116867,-0.289930224419
A soccer player wearing white shorts and an orange and green shirt holds the ball while being guarded by another soccer player in a blue uniform.,A soccer player holds the soccer ball.,A football player throws a touchdown pass.,0.83109754324,-0.550858318806
Two men and a lady are standing outside.,There are people outside.,They are riding the bus.,0.897965431213,-0.557958245277
Two black and white dogs looking at a black and white kitten who is sitting on top of a tank with hoses on it.,Some dogs looking,No animals.,0.0938825979829,-0.0146415680647
A man with dark hair and brown skin is in a dark room with his hands on some equipment.,A man with dark hair is in a dark room with his hands on equipment.,A man with no hair is in a street show.,0.910877406597,-0.690639853477
A girl and two boys are playing in water.,The children are wet.,The children are eating dinner at a restaurant.,0.932479858398,-0.739541888237
Blond tennis player pauses to view the crowd.,A tennis player is looking at the crowd.,The basketball player is looking at everyone.,0.8949842453,-0.703952610493
A soldier is holding a gun and crouched down with is mouth covered by a cloth.,A man is holding a gun.,The solder is sipping tea inside.,0.614958405495,-0.593845009804
A man standing behind a small ice cream cart on a street corner.,The man is outside,The man is inside,0.634560585022,-0.331151515245
A tent advertising Surfer Magazine for the 25th annual Longboard Classic on the beach surrounded by palm trees.,There is a tent on a beach.,The tent is advertising free flu vaccinations.,0.624188899994,-0.906705796719
A basset hound is tied to a doorway in an alley in front of a man and woman.,The dog is outside.,The dog is on the moon.,0.522142112255,-0.859058499336
Two dogs run together across a grassy lawn.,The dogs are outside.,The dogs are swimming.,0.931475996971,-0.476693660021
Two dancers in azure appear to be performing in an alleyway.,A pair of people are in the alleyway.,A pair of dancers are sleeping on the sidewalk.,0.910525023937,-0.621327757835
Older man with white hair and a red cap painting the golden gate bridge on the shore with the golden gate bridge in the distance.,A person with a cap,Nobody has a cap,0.882837414742,-0.750282466412
A male is placing an order in a deli.,A man at a deli.,A man buying ice cream at the movie theater.,0.568210482597,-0.234594196081
A view from a hidden camera at a low height shows a man and a woman standing under an umbrella mounted on the back of a three wheeled bicycle with a cart on the back.,A man and a woman stand under an umbrella.,A husband and wife enjoy their wedding in a church.,0.865599155426,-0.362015426159
Two commandos with gun by a staircase and an old man holding a hat is sitting on the stairs.,Two soldiers carry weapons.,Two unarmed men are held hostage by an empty handed old man.,0.641351997852,-0.475739896297
A man in a black hat and jacket is sitting down.,A man sitting down is wearing a black hat and a jacket.,A man is being arrested for breaking a window.,0.997210383415,0.330017566681
A man in a black jacket and blue jeans is holding a white coffee cup.,A man is holding a cup.,A naked man is drinking juice from a glass.,0.887014627457,-0.49436751008
"A man in yellow, white, and blue bicycle clothing and helmet grimaces as he rides his bicycle.",A man is riding a bicycle.,A girl is riding a roller coaster.,0.786025583744,-0.710704982281
"A crowd of people, almost all in helmets, some in masks, face the camera while someone in a red cap looks backward.",The camera catches the faces of a crowd of people,They all eat giant sandwiches,0.951977431774,-0.800702214241
A man takes a nap on the sidewalk in a busy city.,Someone is asleep on a sidewalk.,A man is sitting in an open field.,0.953518509865,-0.379982113838
A small tan dog jumping out of the water,a wet dog jumping,the dog is dry,0.9613468647,-0.91950571537
"Two men, one wearing a red shirt and another wearing a blue shirt, are inspecting a small tree while others are at work in the background.",Two men stand outdoors.,Two men wearing the same color shirt stand alone indoors.,0.833246171474,-0.745469808578
A woman wearing a martial arts uniform holds her sneakered foot with both hands over her head.,A person in a uniform,Nobody has a uniform.,0.950485348701,-0.874351382256
"A girl in black is sitting on the ledge of a balcony, and she is speaking with a group of chefs.",A group of professionals are speaking with a girl on a balcony.,"A girl in black jumping from the ledge of a balcony, ignoring the group of chefs yelling out to her.",0.861600458622,-0.940948605537
Two women wearing skirts and heels walking down a sidewalk.,Two women are walking.,The women are sitting at the cafe.,0.896743535995,-0.532225072384
A child and small dog running.,A child and dog running together.,A man eats a carrot.,0.975288152695,-0.241493165493
A band is performing on stage for people.,People watching a band perform.,A band practicing alone in their parents' basement,0.984979510307,-0.808845341206
The woman in the black shirt attempts to find her bike in the midst of the crowded street.,A woman is on a crowded street.,A woman is skydiving.,0.770920157433,-0.604759693146
An old dusty car is half way in the brown water.,A car partially sticking out of water.,A man drives his car.,0.824294030666,-0.0536978729069
"Lady vendor selling her goods, one man standing on a post, and two men in a wholesale store.",A woman and three men.,A dog sits alone next to a swimming pool.,0.882056593895,-0.719827473164
A skateboarder in the air straddling his upside-down skateboard.,A skateboarder is straddling his upside down skateboard and in the air.,A little girl tears the head off of her doll.,0.999410510063,-0.211407095194
A woman in a tan dress is tending to her wares in the market.,A woman is selling products.,A man is making a pizza.,0.809022068977,-0.206862300634
A male soccer player has his foot extended as if he has just kicked the soccer ball while the ball flies through the air.,The man is outside.,The man is laying on the couch.,0.860027194023,-0.872529745102
A boy with a concerned look it holding up two newspapers featuring a headline about murder.,A boy is holding paper.,A boy is not holding anything.,0.985635399818,-0.580846488476
Many people have painted faces at night.,There are at least 2 people.,The people are swimming in the ocean at noon.,0.896823883057,-0.812044024467
Tourists on a bridge pose for a photograph.,People pose for a photograph.,The President of the United States sits at his desk in the Oval Office.,0.988825321198,-0.417673051357
A group of people walking arm and arm across the green grass.,People are walking around.,The people are sitting on the ground.,0.893331289291,-0.520798504353
"A street vendor in chef's clothing with a food cart, which has gathered people around it.",A street vendor is outside.,The street vendor is at home cooking dinner.,0.870893001556,-0.491004645824
"A man is standing in the corner of a baseball field, dressed in a white dress suit, having a cameraman pointing a camera towards him.",A man is standing in the corner of a field while a camera is pointed at him.,A man is sitting in a mall courtyard on a metal bench.,0.966021955013,-0.561978757381
A carefully balanced male stands on one foot near a clean ocean beach area.,A man is ouside near the beach.,A man is sitting on his couch.,0.795872807503,-0.558346271515
"A woman with short blond-hair smiling and singing into a microphone while a man in a striped shirt, further back, plays an acoustic guitar.",Two people are performing.,The cow jumped over the couch,0.959492981434,-0.689773917198
Blurry people walking in the city at night.,People walking in the city,Seven people dancing in a nightclub.,0.937717556953,-0.0955466404557
A young women dips her feet into a natural spring in an outdoor setting.,A woman is outside touching water.,The woman dips her toes into the indoor pool.,0.961675703526,-0.497833609581
"Multiple women are wearing middle eastern outfits of gold, blue, yellow and red and performing a dance.",There are at least 2 women.,The woman is alone and asleep in her canoe on the moon.,0.50911128521,-0.391684561968
Four people dine at a restaurant.,four people dining,the people are at the motel sleeping,0.821097314358,-0.03154207021
A man is carrying a child on his shoulders.,A child is on a mans shoulders.,The man is driving a bus.,0.88801753521,-0.949115633965
"Street vendors sell various wards, including pineapples and soccer balls.",Street vendors are selling items.,Street vendors are closing their shops.,0.886380136013,-0.588126778603
A girl jumping on pavement.,A girl jumping,A girl in bed,0.986201405525,-0.538412213326
Horses jumping a hurdle in a race.,"During a race, horses jump over a hurdle.",A lion is eating a huge slab of raw meat.,0.844546198845,0.305408775806
A happy boy is jumping in front OD city fountain.,There is a boy near a fountain.,The boy is standing still in the fountain.,0.689272105694,0.361579418182
People are gathered together watching something.,A group of people watch something.,A lonely boy picks up a penny off the ground.,0.996911644936,-0.546734213829
People working together to build a shed.,people are building,people are doing nothing,0.945108652115,-0.847470223904
Excited children pass their parents on their way from the parking lot.,Children go past their parents.,The children are watching TV at home.,0.928128898144,-0.719019055367
A blond man stands next to a cement mixer with mountains in the background.,A man stands outside in front of some mountains.,A construction worker takes a nap on a sofa.,0.979637801647,-0.715263605118
A small boat carrying at least one passenger floats in the water near a dock around sunset.,A boat is carrying a passenger.,A whale eats the fish.,0.90154838562,-0.786484718323
"There is a white building, with several people and a mountain nearby, and four automobiles.",There are four vehicles present.,The building is all black.,0.987806618214,-0.807076096535
Speakers in a room full of people sitting in chairs.,There are people indoors.,The speakers are playing propaganda messages while driving down a war torn street.,0.765322327614,-0.252934426069
A young boy and young girl both wearing shorts stand face on the street while an adult's arm can be seen nearby.,People wearing shorts,Nobody has shorts.,0.960675060749,-0.804561853409
The guys in white shirts horse around near a park.,Guys wearing white shirts play around by the park.,The girls eat their lunch at the park.,0.566996574402,-0.271046191454
Two men and one woman are performing music on a stage.,Three musicians are performing at a concert,The stage is extremely quiet,0.798575699329,-0.521125912666
Two black dogs in the snow.,Two dogs are outside.,The pets are waiting in the kitchen for a treat.,0.656171798706,-0.391593337059
A woman wearing a red scarf raises her hand as she walks in a parade.,A woman raises her hand as she walks in a parade.,A woman plays basketball at the park.,0.999377608299,0.120999410748
Two little girls play in a fountain.,There are girls outdoors,The girls are watching tv,0.898503422737,-0.626134932041
A man rock climbs with a city and body of water in the background.,A man is outside.,The man is swimming.,0.922300577164,-0.425987690687
A black and white dog running through shallow water.,Two dogs running through water.,Two dogs inside sleeping.,0.952809929848,-0.564172625542
Girl in purple jacket leaning against a wall.,A girl is wearing purple attire.,A woman is making pancakes.,0.762032270432,-0.547602474689
"Here is a picture of a bald man with a beard and sunglasses, washing his hands at a spring or waterfall.",There is an elderly man standing outside near water.,The man is clean shaven.,0.622381925583,-0.427868396044
Racing on wet road while man hangs on back.,Racing on a wet road.,racing on a dry road.,0.888905644417,-0.670992076397
A man in a straw hat and another man in a striped shirt who are both drinking from cups and making funny faces.,The men have beverages.,The men do not have anything to drink.,0.551584720612,-0.69824886322
"Three children, two boys and one girl, are standing behind bars with their mouths open like they are screaming.",They children are protected by the bars,The bars are made of jelly beans,0.601722955704,-0.784606933594
Two girls laying in the grass smile as their picture is taken.,Girls are laying in the grass.,The girls are running a race.,0.707423448563,-0.61591142416
One woman with blond-hair smiles in the foreground while another prepares to blow a noisemaker in the background.,A person smiling,Nobody is smiling,0.511776030064,0.00205496698618
"An elderly woman pushing a cart filled with boxes walks by theater sign for ""South Pacific"".",A person pushing a cart,Nobody is pushing anything,0.855601549149,-0.4447927773
A band of people playing brass instruments is performing outside.,A group of people have instruments.,A barbershop singing group is performing at a gymnasium.,0.912333250046,-0.238961741328
Two men performing in a music group.,Two men are making music.,Two men are watching TV.,0.972043216228,-0.303773552179
A little kid is jumping off a brick balcony.,A small child is on a balcony and hops off it.,A child is sleeping in bed.,0.915898084641,-0.614632427692
A little boy wearing a blue stiped shirt has a party hat on his head and is playing in a puddle.,The party boy is playing in a puddle.,The little boy is taking the bus to school.,0.0975486114621,-0.794461369514
women in a hat a making selling goods.,A woman is selling goods while wearing a hat.,A woman is in a bar drinking beer.,0.989924192429,-0.413399904966
A boy is carrying a black body board across the sand.,The boy is holding an item.,The boy is sitting in his bedroom.,0.800667047501,-0.383178681135
"An African Boy Is Looking Out From A Wooden Enclosure, He Is Wearing A Chain Necklace.",The wooden bars hold in an African boy,The Afraican boy walks the street freely.,0.506939768791,-0.322486430407
The little girl in the sand is handing a ball to one of the two black dogs.,a little girl is handing a ball to dog,a girl eating her dinner,0.834130644798,-0.337910652161
A little girl with brown hair is blowing the petals off of a flower.,A little girl is blowing the petals.,A little girl is sleep.,0.897231161594,-0.693726599216
A little boy is standing alone in a wooded park.,The little boy is alone.,The girl is playing with the ball.,0.863886833191,0.0993497818708
A man using a razor in front of a beach.,a gentleman shaves near the shoreline.,a person eating a hotdog at a ballpark.,0.824484109879,-0.327194929123
A young girl in her school uniform dances in a water sculpture in the middle of a crowded public square.,The girl is wearing a uniform.,The public square is empty.,0.530444204807,-0.444872885942
Several children playing outside,There are children playing.,A boy is playing with his Gamecube on the couch.,0.975932002068,-0.223391592503
A dark colored man receives felicitations from a white colored woman which is seen by another white colored man.,There are at least 3 people.,The man is alone in his bathroom.,0.982655525208,-0.768039941788
A bridesmaid gives a toast with a microphone while two other bridesmaids and a gentleman look on.,A bridesmaid is giving a toast.,The bridesmaid's hands are empty.,0.685221791267,-0.658515572548
Two backpackers look at scenic mountains.,Two guys are carrying things on their back.,Two guys are backpacking on Mars.,0.877235412598,-0.452294945717
A woman wearing a gray top and a purple headband plays toy trains with a little boy in a white shirt.,The woman is playing toy trains with a little boy.,The little boy eats breakfast.,0.881029903889,-0.794880270958
"A brunette baby wearing a red and gray striped shirt, jeans, and a bib with fruit characters on it is sitting on a decorative blanket.",Fruit characters decorate this child's bib,The child is secretly a 50 year old man,0.885867834091,-0.319126456976
A woman in a dress talking on the phone while holding a dog leash.,A woman is talking on the phone.,A woman threw her phone into the pond.,0.828920841217,-0.397623986006
"An older man sitting on a bench, on the sidewalk, reading a book.",A guy on a bench reading.,A young lady stands at a bus station.,0.985023021698,-0.47499063611
A man dressed in yellow rescue gear walks in a field.,The man is outdoors.,The man is bowling.,0.895653247833,-0.61444580555
"These three men dressed in blue, yellow and white, are playing a sport.",There are three men playing a sport.,The men are dressed in all black.,0.908808410168,-0.357951462269
A man and a woman hug on a street.,A man and woman hug.,A woman eats grapes.,0.862953662872,-0.314617574215
A man in a white shirt has his mouth open and is adjusting dials.,A man is standing with his mouth open.,A man is sleeping.,0.746238708496,-0.732230246067
A man holding up a bright pink umbrella on a city street.,A man is holding an umbrella,The man is inside a building.,0.937721014023,-0.641606032848
Man in skeleton-printed leather outfit sitting astride a red motorcycle.,A man sits on a motorcycle.,The man is naked.,0.779776453972,-0.64180201292
"A group of people dressed as a wizard, queen, and possibly a lobster smiling and looking at the camera.",people are dressed in costume,a man in a suit sits alone,0.907884418964,-0.883999109268
A man with a dark shirt and light shorts is standing next to a person wearing a light shirt on a sidewalk.,two people stand together outside,two men stand inside a cafe,0.981904268265,-0.360915631056
A man is laying down on grass near trees and a hose.,A man is laying outside.,A man is in his bed.,0.853159844875,-0.0172305740416
Two men in shorts hang out at the beach.,The two men are outside.,The two men are sleeping.,0.727404236794,-0.560474574566
Two guys are wearing uniforms who are running in the grass.,There are two guys wearing uniforms running in the grass.,Two guys wearing tutus are playing basketball.,0.994109034538,-0.490330934525
two people are waiting for a train at a station.,They expect a train to arrive eventually.,They are both waiting for a bus.,0.904440283775,-0.238329932094
Two men with fake mustaches are dressed like archaeologist explorers.,People are wearing disguises.,Clean shaven youths are wearing formal prom attire.,0.830844640732,-0.835936665535
Person in yellow shirt is cleaning the way.,Someone wearing yellow is doing work.,The wife is playing video games.,0.807321071625,-0.586579322815
A woman is walking with a boy who is holding a flag.,A lady is next to a child who has a flag.,The woman is swimming with his child at the pool.,0.882718741894,-0.0955600365996
A young man wearing a black shirt and black pants is standing in front of pictures that are black and white and some are colored.,There are several pictures near that man in black.,None of the pictures are in color.,0.955261111259,-0.685225248337
A man hanging outside with a rope harness paints a structure's exterior wall with blue paint.,A man painting outside.,A man washing his car in the drive way.,0.948789834976,-0.669383943081
A woman in a purple dress talks on her cellphone and a man reads a book as a two-story bus passes by outside their window.,a woman talks on her phone,a cat sleeps on a pillow,0.959125638008,-0.181296423078
"Two dogs are tied up outside a shop, with a bicycle leaning against the wall of the shop.",Two dogs are tied up near bicycles.,Two dogs are eatting pizza.,0.885409116745,-0.535580873489
A dog begins to climb a brick staircase near plants.,A dog is going up the stairs.,The dog is eating the plants.,0.841481626034,-0.573469758034
A cyclist is performing a jump next to a black advertising banner.,Someone performing a jump with a bicycle.,A person is sleeping in a hammock.,0.915918946266,-0.693899035454
A person on a brown horse in a prairie in front of tall mountains.,A person is riding on a brown horse in the midst of a prairie shadowed by mountains,The rider is actually a cat hunched over on top of a horse,0.954969525337,0.488079369068
A group of people walk up a ramp on a cloudy day.,The people are walking.,The people are running.,0.78609764576,-0.236030891538
A woman in a kitchen holds a can surrounded by bowls.,The woman is holding something.,The woman is in the bathroom.,0.697845339775,-0.509355843067
Persons standing underneath an arch way.,Persons are standing.,Persons are sitting on their couch.,0.852778673172,-0.759367108345
A very young child in a red plaid coat and pink winter hat makes a snowball in a large pile of snow., A child in a red plaid coat and pink winter hat makes a snowball in a large pile of snow.,An old lady fell on the stairs.,0.997034311295,-0.606868684292
A man is performing tricks with his superbike.,A man is outside.,A bike is in the garage.,0.153073534369,0.0892691239715
A soccer ball is above the head of a man wearing black shorts and red and black striped shirt.,A person in shorts,Nobody has shorts,0.966155529022,-0.704062759876
A boy wearing blue jeans is skateboarding.,a boy skateboards.,a boy sleeps in a car,0.982794582844,0.416375935078
"The strangely dressed guys, one wearing an orange wig, sunglasses with peace signs, and a karate costume with an orannge belt, another wearing a curly blue wig, heart shaped sunglasses, and a karate outfit painted with leaves, and the third wearing pink underwear, a black afro, and giant sunglasses.",There are people wearing outfits.,The people are naked.,0.984106063843,-0.85814511776
"This young man is wearing blue jeans and a cowboy hat, and is walking away from a calf that is currently roped within an arena.",A person in jeans,Nobody has jeans,0.917433261871,-0.769064307213
Two Seattle firefighters standing in front of their truck.,the firefighters are standing,the firefighters are driving,0.731634438038,-0.302256315947
Two men in yellow jackets and black pants have medals.,The men have been given an award at some point.,The men are dressed in solid red jackets and blue pants.,0.984392642975,-0.535438656807
Two hikers walk along a path adjacent to an old wall.,Two hikers take a stroll,Two men sit at desks,0.989164710045,-0.444299697876
a lone surfboarder on a white surfboard flying through the air over a wave,A lone surfboarder on a a white surfboard is riding the waves.,A lone surfboarder is running along the beach.,0.972036480904,0.648472070694
"Two men, one kneeling and one squatting, are posing in front of a clear wall with shops in the background.",There are two men posing in front of a transparent wall that you can see shops behind.,There are five men eating tacos.,0.945869028568,-0.651237249374
A black and a brown dog are running toward the camera.,Dogs are running toward the camera.,A black and a brown cat are running toward the camera.,0.784343838692,-0.365987956524
a snowboarder jumps over a barrel.,A snowboarder jumps.,An old man sits in a hospital waiting room.,0.976658821106,-0.734826803207
A man with a black suit and a woman in a white dress holding red flowers and her marriage certificate got married.,A male and female are next to each other with clothes on.,A man is sleeping in bed with his wife cooking upstairs.,0.305563151836,-0.0715550929308
A man kneeling and a woman standing next to him.,The man is near a woman.,The couple are sitting down for dinner.,0.89849448204,-0.665066897869
A male with brown clothing standing on the side of the street with his thumb out with a big bag on his back.,a man is standing,the man is flying a plane,0.782715439796,-0.650536894798
A man in a blue shirt and red hat is looking at a torch.,A man is wearing clothes.,A naked man is sitting with his eyes closed.,0.915166735649,-0.732089579105
A boy in a colorful hat and red shirt holding a green seed at the beach.,A boy is outdoors.,A boy is sitting on a sofa at home.,0.321424156427,-0.418836414814
There are a lot of people in front of a tan building with colorful squares hanging from the top.,Men and women stand in front of a building,People burn the red building on fire,0.844012618065,-0.690244317055
A woman stands at a podium with a slide show behind her.,A woman is standing at a podium.,A girl is eating at the cafeteria.,0.797269821167,-0.450141727924
The man in the red cap is rollerskating on a path in front of the white building.,The man in skates follows the path in front of a building.,A man stands in the building ignoring the racers.,0.955430626869,-0.209203869104
Here we have a guy using a pressure washer on the sidewalk.,A guy is washing the sidewalk.,The man is pressure washing his house.,-0.209279507399,-0.640418052673
A white male with blond-hair is drinking beer.,A human drinking,Nobody is drinking,0.668248534203,-0.400656223297
A happy little girl rides on the merry-go-round.,a little girl rides on the merry-go-round,the girl was completely lost,0.966720163822,-0.524067282677
a man and woman hug.,Some people are hugging.,Everyone is standing apart.,0.857949197292,-0.43057435751
Two hikers are climbing through a rocky and snowy passage in the mountains.,two people hike,girl in bath tub,0.980751991272,-0.706454873085
Young African children are playing in a dirt and gravel street dressed in shorts and t-shirts.,Children are playing in a dirt street.,The children are in their house washing dishes.,0.981375038624,-0.860626459122
A woman swinging a tennis racket on an outdoor court.,A woman is using her tennis racket.,A woman is playing basketball at the park.,0.728944897652,-0.170340150595
Seagulls are flying above the crashing waves.,There are flying animals in this picture.,"The seagulls rest on the beach, heads under wings sleeping.",0.633570075035,0.152983516455
Man with black and white hair wearing a white shirt and long boots sweeps outside.,A man has black and white hair,The man is bald,0.97692412138,-0.448330819607
A bridal party is posing for a picture outdoors.,A bridal party is outside.,The best man is taking pictures from the bachelor party.,0.923920571804,-0.53248488903
A man in a blue shirt is in a lab looking into a microscope.,A man looking into a microscope in a lab,A man is sleeping in the park bench,0.996352791786,-0.310917794704
A small group of adults and children are in a room with large glass windows and using rolling pins.,A small group of people are gathered to use rolling pins.,The small group of adults and children are watching television and eating popcorn.,0.867414116859,-0.311306297779
"Person with a black helmet and vest, with a white undershirt, riding on a motorcycle on the street.",A person rides a motorcycle on the street.,A man drives his car to the fair.,0.900877594948,-0.732368707657
Man and a woman walking on the street,There are at least two people in the picture.,The man and woman are making love in the street.,0.798587501049,-0.0566527917981
"A slender, blond-haired woman in a low-cut white shirt walks by a menu with items written in a foreign language.",a woman walks,a woman drives a truck,0.686478734016,-0.241305530071
A pregnant lady singing on stage while holding a flag behind her.,A woman is making music.,A woman is sick in bed.,0.817955434322,-0.675200343132
A woman in a tan top and jeans is sitting on a bench wearing headphones.,A woman is listening to music.,A woman at the beach is eating ice cream.,0.570156395435,-0.149967223406
A young woman wearing a white cardigan and shorts sitting on the edge of a platform that is raised above a body of water.,The woman is outside.,The woman is taking a shower.,0.601650834084,-0.736773490906
"A woman is sitting in a street market stand where there are various items for sale, such as fish.",The woman is in a street market.,She has no fish for sale.,0.467955887318,-0.709285974503
A couple is a standing together the woman is adjusting a flower on the man's lapel and they are dressed in wedding apparel.,People are going to a wedding.,People are naked.,0.860981762409,-0.822241902351
A man jumping sideways in the ocean.,A man jumps in the ocean.,A man sits in a hotel lobby.,0.944198846817,-0.810033559799
A boy poses in karate form and uniform.,a boy shows his uniform,a girl shows her girl scouts cookies,0.923481583595,-0.773229181767
"A woman, wearing a dress, while sitting down playing a musical instrument and singing into a microphone.",The woman is near the microphone.,The woman is swimming in the middle of the ocean by herself.,0.643821775913,-0.607438206673
A boat docked on a river.,There's a dock,The boat is sinking,0.41547960043,0.356663256884
"Little girl and older male, holding hands and walking on train tracks.",People outside.,A man and his wife eating raw oysters.,0.908460319042,-0.765667915344
Five people in cowboy hats are on horses at a rodeo show.,People are riding horses.,The horses are running off without riders.,0.845428466797,-0.354703724384
"A young man with a plain shirt looking down, with a band and dancing people behind him.",A man looking down at something as a band and dancing people form behind him.,A young man sleeping in a hammock.,0.965616643429,-0.382962763309
A small child with a blue hood is looking out the window.,A child is looking out a window,A baby is crying,0.972967982292,-0.363377630711
A woman walks by a brick building that's covered with graffiti.,A woman is outside.,The woman is in the bathroom.,0.763764858246,-0.203526824713
Six children splashing in an outdoor water park.,Kids are wet.,Kids are playing video games.,0.969553232193,-0.897025167942
"Young soccer players, wearing blue and white jerseys, walk around while waiting for their turn or play to begin in a soccer match.",a player walks around,the player lays on the bed,0.754594326019,-0.785908043385
"A father helps his son ride a bike across dry, and dusty dirt accompanied by his sister adorned in a green dress.",Someone is wearing a dress,Someone is sleeping,0.532660722733,-0.659788250923
Several dancers are doing leg lifts on stage.,Performers are doing a show at an event.,The dancers are swimming in a lake.,0.891584396362,-0.455977529287
A man plays mini-gold on the SportsCenter set while two others observe.,The man is being watched.,Two goldfish are riding bikes in a giant pile of mashed potatoes.,0.780052185059,-0.833927035332
A man in a checkered shirt pushes a red bin in front of him while wearing something on his head.,The shirt is checkered.,The man has nothing on his head.,-0.498375922441,-0.783175349236
A man is performing an aerial skateboard trick on a ramp with several other people behind him.,People watch on as a skater does a trick,A man is ordering a coffee from a barista at a cafe.,0.832417786121,-0.763082742691
A man stands by an animal rights sign at an outdoor event.,There is an outdoor event with signs for animal rights,A man is standing inside of his house,0.980091154575,-0.477637767792
Three ladies wearing dresses are bent down in a muddy creek gathering green plants.,Three women are outdoors.,Three females are on an airplane.,0.881819427013,-0.473015457392
Three girls in street clothes and sneakers perform act out a synchronized performance or dance while on a stage.,The girls are doing a performance act on a stage.,The girls are at home having a tea party.,0.864817678928,-0.64787209034
A man standing in front of a brick building.,A man is outside.,The man pushes a women on the ground.,0.826180517673,-0.210591375828
Boy wearing a blue hoodie jumps over a stair railing.,A boy jumps over a stair railing.,The girl sat on the bench.,0.99667775631,-0.917910695076
A man is on the ground taking his shirt off as a crowd watches.,The crowd watches a person take off his shirt.,The crowd watches a gymnast on the uneven bars.,0.810905814171,0.853706538677
Group of people stand near a fence watching a plane fly over them,Group of people standing outside,The people are inside,0.623045444489,-0.522117435932
A band performing on the corner of the street.,The band is performing outdoors.,The orchestra plays in the concert hall.,0.972307622433,-0.617103219032
A man and women walk atop a hill.,A man and woman are walking.,The man and woman are sitting.,0.919591188431,-0.506788909435
"Two men, one with a camera and another with hair clippers are helping another man in kitchen.",three men are pictured,an elephant sits,0.842851519585,-0.3048414886
"Skateboarder jumps off a 5 ft cliff, performing a stunt.",A skateboarder is doing a dangerous stunt.,A skateboarder is swimming with sharks.,0.689166665077,-0.257705152035
A small blond child is playing with puzzle piece of varying color on the leg of someone else.,A small child is playing with something.,A small child is sleeping.,0.993918597698,-0.717538952827
Child squirting paint onto a piece of spin-art.,The child is working on an art project.,The child is fast asleep.,0.86373436451,-0.772004246712
"From afar, a person walks down a path through a brown field.",A person crosses a field in the distance.,A person takes a selfie.,0.918229818344,0.310031175613
"Children's boys outdoor soccer game, 4 children visible from the blue team in front of many background onlookers.",There is a childs soccer game outside,There is an adult football game on the tc,0.924633920193,0.341669648886
Two kids in winter clothing play near a lakefront.,kids playing near a lake,a man and woman eating tv dinners,0.614018976688,-0.851886987686
A man in his own world of him and his music just entertaining on the street corner.,A man is on a street corner.,A man is eating at a local diner.,0.858881115913,-0.60161024332
A man in a brown hat with a beard is holding up a twig.,man holds twig,girl eats banana,0.957080543041,-0.807328343391
Several firemen stand or sit on a gray roof while working.,Several fireman are working on a gray roof.,Several fireman are playing cards indoors.,0.932619690895,-0.221084743738
A man in a black jacket is talking with two blond women as they stand near a car in the sunshine.,A man talks.,Bonnabos dance ballet.,0.427604675293,-0.361628890038
A man is a safety suit walking outside while another man in a dark suit walks into a building.,There are two men walking outside.,Men are sitting in the park.,0.922719955444,-0.367414474487
A young child is looking at a commuter train station from the train seat.,The child is on a train seat.,The child is playing baseball at home.,0.941722631454,-0.859357595444
A boy on a skateboard ramp.,There is a boy on a ramp,The girl is waiting on her bike,0.351892232895,-0.409921735525
A man snowboards.,A man is standing on a snowboard.,A man is drinking coffee at the cafe.,0.968076348305,-0.522921800613
"A young women carrying some wooden cases, walking down the street and passing a street performer.",A person carrying cases,Nobody is carrying cases,0.902033090591,-0.619644403458
A street scene of people on scooters.,There are multiple people present.,There is only one person present.,0.812741577625,-0.347131252289
A group of numbered participants walk down the street together.,A group walks down the street.,A man cooks chili.,0.875908792019,-0.494405537844
A man in a white and blue jacket is talking to a girl in a black jacket.,Two people are talking,Two boys are yelling.,0.985411584377,-0.493010222912
A group of friends stand around at night while one in a brown coat blows bubbles from a blue container.,A group of friends are standing around together.,The group of friends are enjoying the sun.,0.817895233631,-0.35649305582
"A man and woman, she's dressed all in white, he has a white shirt, holding hands while walking",A man and woman hold hands.,A man is stabbing a woman in the alley.,0.939560115337,-0.746047616005
Three people are kayaking in dark waters.,Three people are in a boat.,Three people are learning to use pogo sticks.,0.683110117912,-0.330715715885
A man wearing shorts is playing an acoustic guitar while a person in the background looks the other way.,a guy plays music while others look away,two women sing opera,0.824558079243,-0.505447506905
Two people are biking past a house and field in the country.,Two people are riding a bike.,Two people are playing video games.,0.938289105892,-0.0297958441079
A female sings and plays into a microphone and a male in green striped shorts plays a hand drum,a woman sings into a microphone,a woman plays the piano,0.433109670877,-0.600687742233
The lady in the red jacket is helping the other lady decide what to buy.,There are multiple people present.,There is only one person present.,0.661627590656,-0.648158192635
Kids being walked across a lot by an adult to a larger building.,An adult is escorting some children.,An adult is walking alone.,0.977227151394,-0.564339280128
A man operates a piece of earth-moving equipment near a waterway.,A man is operating a machine,The man is eating lunch,0.367289960384,-0.743976891041
One football player wearing an orange jersey and one wearing a white jersey are set at the starting line.,Two football players wearing jerseys.,Two football players sitting inside a empty locker room.,0.903509378433,-0.315298646688
Two young boys are in a green kayak in the grass.,The boys are outside.,The boys are asleep.,0.814138770103,-0.682376146317
A woman holds a fat baby with sunglasses and a denim hat.,A lady is carrying a baby,A lady carrying a small kitten,0.776946246624,-0.239416986704
Two boys in a field kicking a soccer ball.,There are humans physically moving.,Two girls are throwing a baseball.,0.764143466949,0.0822909474373
A race dog numbered six is midair.,The dog is in midair,A cat is numbered six,0.769953370094,-0.738194644451
Several people are picketing oil.,Some people doing something.,Nobody is here.,0.941120624542,-0.793433845043
A band places at a venue.,A band is at a venue,A band is playing on the surface of the moon,0.963457584381,-0.694565653801
A woman is pushing her bike with a baby carriage in front.,A woman is taking her child for a stroll.,A woman is pushing groceries in a cart.,0.570256829262,0.0302186124027
A group of people on the street dancing to a four men playing various conga drums.,People are dancing in the street.,A cat is sleeping in a tree.,0.714450001717,-0.230162367225
A skier is jumping in the air over a snowfield near a mountain range.,A skier gets some air near a mountain range snowfield.,A man drives a car to work.,0.961159229279,-0.0768296718597
Man in while shirt and blue jeans holding hands while walking with a little girl in a blue dress and yellow hat.,A man and girl walking together,A man takes his son to the game,0.902830123901,-0.167001336813
Man in brown and red checkered button up shirt and blue jeans makes a male and female laugh.,A person in casual clothing is causing two others to be merry.,A flight attendant is demonstrating airplane safety but no one is paying attention.,0.664124727249,-0.58405816555
A woman is cleaning an outdoor pool.,There is a pool outside.,The pool is built inside of the hotel.,0.956833481789,-0.0721676275134
Man with mustache plays violin.,The man is playing an instrument.,The man is playing the tuba.,0.837004721165,-0.342618346214
A person powerwashing stairs leading down to a pool.,a person washes stairs,a dog chases a cat,0.550649285316,-0.0173555482179
A little girl is sitting on the counter dangling one foot in the sink whilst holding a dish jet washer.,A human sitting,nobody is sitting,0.874005317688,0.490209847689
A man in a purple suit sings and plays the guitar.,The man playing the guitar is wearing a purple suit.,The man in purple is playing the piano.,0.975455582142,-0.097944073379
A brown dog is pulling itself out of the water onto some rocks with a tennis ball in its mouth.,There are animals in outdoors playing with ball.,The dogs are fighting.,0.92925453186,-0.49191147089
A couple sitting in white lawn chairs are smiling at the camera.,Two people are posing for a photograph.,A woman is standing alone.,0.603489100933,-0.795788407326
"A young woman seated at a table on what appears to be a backyard deck holds a toddler, giving him a toy or bottle of some sort, while smiling into the camera.",A woman is playing with a toddler.,The woman is changing the boy's diaper.,0.657661557198,-0.52581602335
A biker gets high in the air against a skyline.,The biker is a human.,The biker is in a bar.,0.588205516338,-0.574167251587
A crowd of people in a lightly snow covered opening with trees to the left and buildings in the background.,The people are near a building.,The people are inside a concert hall.,0.934617638588,-0.670852065086
Several people mill around a sidewalk in front of a building looking as police put up crime scene tape.,Several people are outside.,Several people are sitting in a movie theater.,0.938907027245,-0.491678506136
A man prepares to enter the red building.,The man prepared to enter the building.,The woman left the building.,0.901507019997,-0.659307777882
A man in a red shirt is being serviced by a working old woman in a store.,A man in a store.,A man drinks orange koolaid.,0.574467599392,0.268930256367
"The bride in the white dress is surrounded by the groomsmen and bridesmaids, all in black.",a woman in white is surrounded by others,two men stand alone,0.698981523514,-0.771853625774
A musical group performing on a green carpet in front of small televisions.,A group is playing a song near some TVs.,The school band is walking to band hall.,0.929801225662,-0.477854967117
"A man in a blue plaid shirt and blue jeans, wearing a black helmet, pauses to drink water next to a large blue steel corrugated tube.",A casually dressed man is drinking water.,The man is drinking orange juice.,0.623594164848,-0.676950752735
"A firefighter, in full uniform, looks off into the distance.",This firefighter is on duty.,The firefighter is sleeping inside the firetruck.,0.631969571114,-0.859254896641
"Young, attractive and fashionable girl posed for the camera as she sits on a rock in a park-like setting.",a girl poses for camera,the girl poses for artist nude drawing,0.915797054768,-0.572310566902
A young girl kisses a ring-bearing boy at a wedding.,Two kids are dressed for a wedding.,Two kids are playing tag.,0.834314584732,0.355295240879
A woman holding a purse reaches up to grab the hands of a performer dressed as the statue of liberty wearing sunglasses.,A woman is interacting with a performer.,A man is ignoring a homeless woman who is begging on the street in the rain.,0.956880331039,-0.635125160217
A group of people standing on rafts with a waterfall in the background.,A group of people stand on rafts.,A group of people swim fast from a shark.,0.987433135509,-0.455771446228
A young woman tennis player dressed in black carries many tennis balls on her racket.,A young woman tennis player have many tennis balls.,A young woman never wears white dress.,0.9799259305,-0.0816523879766
A young girl in a pink coat erasing words on a chalkboard sign.,A little girl is cleaning a chalkboard.,A little girl is sitting at her desk.,0.837738752365,-0.0708534866571
A live band on a lawn jamming out.,People are playing music.,A band is practicing new tunes in the garage.,0.809557557106,-0.230771780014
"A group of youths, one wearing a t-shirt labeled ""L.A. City Lounge South"", are working on a craft project that involves the use of flour.", A group of youths are working on a craft project that involves the use of flour.,A teacher is writing notes on a test.,0.943437874317,0.20700392127
Man brushes image in the sand.,A human on the sand.,A woman falls down in the sand.,0.808037519455,-0.0524972230196
a man exiting a truck behind a fence,A man gets out of a truck.,A man drives a limo.,0.914686262608,-0.591198384762
A person is sitting in front of three blue and white port-o-potties with a mop propped against them.,A person is sitting near portable toilets.,The person is using the toilet.,0.80298948288,-0.284527122974
Young girl with dark hair facing camera and holding a paper bag while wearing an orange shirt and multicolored butterfly wings.,A young girl faces the camera.,An old woman refuses to have her picture taken.,0.952144145966,-0.550763368607
Two children are sleeping while someone is fingering through a book of music.,The children are tired.,The children are at a birthday party.,0.509457886219,0.161814972758
A man and women are dancing together on the street.,A man and woman are dancing together.,A cat is hissing at something.,0.986577987671,0.277251154184
A sports match is taking place between one team wearing the colors red and white and another team sporting the colors black and blue.,The two teams are wearing different colors.,Two teams are refusing to play each other naked.,0.843045771122,-0.550231993198
"A young man dressed in a black t-shirt, blue jeans and a blue baseball cap performs a skateboarding trick on a granite bench in front of a pharmacy building.",A skater incorporates the bench in front of a pharmacy into his routine.,Old men play a peaceful game of chess in the park.,0.283935844898,-0.577500104904
A man wearing black pants and jacket is on a blue scooter next to a crowd of people and a green tent.,A man is riding his scooter next to a crowd people.,The man is driving his car to the park.,0.941848576069,-0.773302972317
A boy is posing next to his scooter.,A boy is next to a scooter.,A boy is dancing with his friend.,0.973034739494,-0.24299557507
A girl wearing a maroon shirt leaps into the air while in the woods.,A girl is outdoors.,A girl is in bed.,0.809741616249,-0.616162955761
"On a sunny day, in a lush, green field, one small girl inspects a rock while her friend goes off in another direction.",A girl watches a rock outside,A girl sleeps,0.897028207779,-0.703232824802
An army officer is reading a children's book from a podium.,A human reading,Nobody is reading,0.961070358753,-0.0484843105078
An Asian woman is looking at the camera while trimming asparagus.,Woman cuts vegetables.,A man cleans carrots.,0.667237460613,0.337232977152
A woman smiling while on a bicycle.,A woman is smiling.,A woman is driving a car too fast.,0.815674424171,-0.554835438728
A young boy in a brown shirt and green shorts shares a laugh with an elderly lady wearing a black pants outfit.,A boy and a woman are laughing.,A boy is sad and alone.,0.733337879181,-0.697300195694
A young girl in red pants looks at a window mannequin as people walk past.,A girl is in front of a window.,The girl is blind.,0.915136218071,-0.838180541992
A man and a woman dressed in semi-formal attire show faces of excitement looking over a table with Jenga blocks scattered over it.,A man and a woman are dressed in semi-formal attire.,They are very sad.,0.977945923805,-0.592348754406
these two ladies are reading a sign while shading themselves from the sun with their umbrellas.,Two ladies out in the daytime,Two women use umbrellas keep themselves dry from the rain,0.587331831455,0.0143190426752
A couple is married in a church as guests look on.,People are getting married.,Guests are attending a funeral.,0.518710494041,-0.419924408197
A child rests on her mother lap exhausted from a day of sun and fun at the beach.,The child played outside.,The beach is on Venus.,-0.115640714765,0.679833233356
Four people are in the process of creating colorful lanterns in their lantern shop.,The people are making lanterns.,The people are baking a cake.,0.938078522682,-0.741108179092
A man in a fleece jacket works with a piece of tin.,A man is wearing a jacket.,The man is not wearing a jacket.,0.941356062889,-0.411708116531
A man and a woman are competing in a road rice.,A  man and women competing,A man and women laying down in bed,0.889510393143,-0.910412669182
"Outdoors in front of a crowd, a man plays an instrument by blowing into pipes he holds up to his face.",A person playing an instrument outside.,A man sitting on the couch reading a book.,0.977442979813,-0.508190155029
A puppet show consisting of humans standing on tall sticks.,How the puppet shows work.,The puppets eat human.,0.802154123783,-0.469387322664
A female belly dancer dressed in blue and orange performs a folding fan dance with two men providing the music behind her; they are using a guitar and drums.,A female has clothes on with two males holding musical instruments.,A belly dancer and two male musicians are sleeping on a boat.,0.855310618877,-0.468102067709
A man in a t-shirt is stirring something in a pot which is on a counter near a microwave oven.,A man is stirring something near a microwave,a man is sleeping,0.931493461132,-0.610550522804
Two boys are holding red kites with water in the background.,Persons are involved in outdoor recreation.,Two boys are watching television.,0.877127528191,-0.723797500134
A woman is talking on the phone while standing next to a dog.,A woman is on the phone.,A woman is sleeping.,0.619556188583,-0.602567195892
A pedestrian adjusting shoes and accessories.,The person walking is making adjustments to their shoes and accessories.,The pedestrian is only wearing socks.,0.928410053253,-0.760734558105
A dressed up woman walking next to a store at night.,A dressed up woman is walking next to a store at night.,A man is running.,0.999897480011,-0.316187977791
A young man is having his dreadlocks cutoff by a woman with scissors.,The young man has twisted hair.,The young man is bald.,0.443983495235,0.251071453094
A man in gray slacks and sweater observes marker placed in front of a fence in a field.,A man is wearing grey.,The man is inside.,0.409947156906,-0.376638352871
A Black woman on the street is talking on her cellphone.,A black woman is on her phone.,"A black woman is on the payphone, ordering pizza",0.637377977371,-0.264898478985
A man in a business suit strolls beneath a covered walkway.,The man is outside.,The man is taking a jog.,0.332011967897,-0.758808970451
A man selling donuts to a customer during a world exhibition event held in the city of Angeles,A man selling donuts to a customer.,A woman drinks her coffee in a small cafe.,0.625878870487,-0.477291464806
A dark-haired drummer is playing his set with enthusiasm.,The drummer is performing.,The drummer is playing poker.,0.56247407198,-0.629615068436
3 people having coffee outside of a museum.,3 people are outside with coffee.,3 people are eating ice cream outside of a mall.,0.518225193024,-0.0449913516641
"A small group of young black men, some in traditional African dress, are assembled outdoors.",Some black men are outdoors.,The men are playing ice hockey.,0.902230858803,-0.530064761639
Several Asian women dressed in black outfits and crowns are holding plates with food on them.,women carry food on plates,The women throw food at the kids,0.662381649017,-0.279815465212
"A smiling baby wearing a striped shirt, held by a woman with gray hair.",There is a baby in a person's arms.,A baby is high fiving his friend who throws him a banana.,0.928855359554,-0.446119457483
A guy pointing at a giant Blackberry.,A man near a Blackberry display.,A woman tearing down a giant display.,0.948614120483,-0.332538306713
Man laying on a platform outside on some rocks.,Man lays on something.,Man takes a nap on his couch.,0.863828063011,-0.428120881319
Kids are on a amusement ride.,Kids ride an amusement ride.,A car is broke down on the side of the road.,0.996018826962,-0.834549963474
A man playing a banjo near a tree at an outdoor event.,The man is playing a musical instrument at an event.,The man is playing a cello inside.,0.591750741005,-0.678757429123
A man sweeping in the street.,A man is cleaning the street.,A man is using his vaccuum to clean the street.,0.876976072788,-0.266558378935
Two blond girls and 2 brunettes walking down a really long hallway with intricate paintings on the walls.,Four people are in a hallway.,Four people were in fighting to the death in a hallway.,0.774027943611,-0.592195510864
A man in blue clothing carries a yellow bucket while walking in the water near a pelican.,A man with a pail is in the water near a bird.,A man is at church.,0.902425765991,-0.831892490387
Two kids are standing in the ocean hugging each other.,Two kids are outdoors.,The children are playing basketball.,0.707959413528,0.122306764126
"A tennis player, wearing a yellow shirt, jumps to hit the ball to the other player, who is wearing black.",The two people are on a tennis court.,The couple eats dinner together.,0.456786125898,-0.768534898758
A man poses for a photo in front of a Chinese building by jumping.,The man is prepared for his photo.,The man is dancing around the building.,0.814158916473,-0.121122762561
Police officer and his motorcycle in a crowd of people at a protest.,A police officer is on his motorcycle.,A police officer is riding a unicorn in front of a crowd.,0.696293771267,-0.634293317795
A man and a young boy are eating on a city sidewalk next to a cardboard box and a red shopping cart.,a man eating with a young boy on a city sidewalk,father and son watching television at home,0.850784420967,-0.503937780857
Four cheerleaders performing a cheer on court at UCLA.,Cheerleaders performing a cheer.,Players sitting at the locker room.,0.580955803394,-0.539098680019
Four people with shopping carts full of bags.,Four people are together,Four people are driving home,0.755405247211,-0.655475974083
A man wearing blue jeans and a black shirt is talking to a man wearing white shorts while they are sitting outside in folding chairs on a patio.,a man wearing jeans,the men are inside the church,0.615750730038,-0.276652336121
A guy playing an accordion with people listening and watching.,There are multiple people present.,There is only one person present.,0.881100893021,-0.594205081463
"A woman wearing a scarf, hat, and coat, holding a shopping bag is looking at her phone while standing in front of a store.","A woman wearing a scarf, hat, and coat, holding a shopping bag is outside of the store.",The woman is inside the store browsing.,0.972649931908,-0.162269219756
A young blond child wearing only a diaper sits on a large rock at the edge of a body of water while a large black dog stands in the water nearby.,A dog stands in some water while a diaper wearing kid sits on a rock.,A dog sits on a rock alone.,0.88179308176,-0.180830329657
A man in a blue shirt and light blue cap walks by a working scale model of an antique freight train.,a guy with a shirt and hat walks past a train,two men sit in a train car,0.977842986584,-0.0822261869907
A woman cutting fabric flowers in a market.,A woman cuts fabric flowers inside a market.,A woman watches tv while waiting for customers.,0.521599411964,-0.523557841778
A person in shorts is holding a Frisbee while team member in red shirts and spectators look on.,there are multiple people in the picture,there is a quiet nature scene with no people,0.798261702061,-0.639177083969
An older man indulging in a bottle of amber liquid.,An old man is drinking some amber liquid from a bottle.,An old man is drinking a milk shake in a cup.,0.887663006783,0.381579816341
"Two boys, one wearing green, the other in yellow, are playing with sidewalk chalk, drawing pictures on the ground.",There are two boys making chalk drawings outside.,There are two boys painting pictures on their garage.,0.989515185356,0.231930837035
A group of Scottish officers doing a demonstration.,People performing a demonstration.,Two women basking in the sun.,0.627794623375,-0.832900464535
"A girl wearing a teal shirt smiles while holding a piece of paper, with the other side held by someone standing off-camera.",A girl holds a piece of paper.,A girl holds a kitten.,0.893716335297,-0.255386352539
A man playing a guitar while a woman in a checks the oven.,A man plays an instrument.,A man plays the flute.,0.501049101353,-0.648592472076
"A man in a gray shirt, standing outdoors, holds something in his mouth and is passing it to the mouth of another man, who is dressed in a black shirt.",A man is standing outdoors.,The man is sitting by down drinking coffee.,0.855616927147,-0.546267092228
A bearded man wearing a blue shirt is playing an acoustic guitar.,The man is making music.,The man is playing the drums,0.802637457848,-0.405083477497
"A man with a black shirt, shorts and a black messenger bag, is listening to a man, sitting with black pants and a white t-shirt, playing the guitar.",There are some people in clothes and there is a musical instrument.,Two men are playing the piano.,0.90905892849,-0.522423624992
Young children and parents splashing around a public fountain.,There are families playing in a fountain,There are families eating lunch,0.97792327404,-0.566648364067
"A man and a woman at a meal, with a dog between them.",A man and woman have a dog between them.,A man and woman have two cats between them.,0.756438851357,-0.417010068893
Two girls riding on an amusement part ride.,The girls are outdoors.,The girls are at school.,0.880697727203,0.0154518522322
A person wearing a helmet and riding suit is riding a four wheeler on a dusty plot of land.,A person is riding a four wheeler on a plot of land.,A person wearing a helmet is watching tv.,0.940716743469,-0.588529467583
A woman wearing a white baseball cap purple coat holding a poster.,A woman with a hat holding a poster.,A woman with no hat sits in the stands.,0.878976762295,-0.625674545765
"A young female student, wearing an owl t-shirt, works on an experiment by filling her test tubes.",The female student worked on the experiment.,The student was wearing a wolf t-shirt.,0.728526234627,-0.241206943989
A band that is performing on stage for a crowd.,A band is playing for a crowd.,The comedian is telling jokes.,0.964323163033,0.340568393469
A boy is standing at the edge of a wave with the sun setting or rising in the background.,Child is outdoors.,A boy is school.,0.921816468239,-0.468971252441
A rock climber climbs a steep mountain.,a climber climbs a mountain,the climber fell off the mountain,0.970283806324,-0.68937599659
two girls sitting by a tree while playing.,There are two girls.,The girls are not near a tree.,0.463362455368,-0.212265074253
"A small child sits in the water, holding on to a bit of wood while smiling for a picture.",There is a child smiling for a picture.,A young child frowns at the camera.,0.902183413506,-0.577651262283
A woman is sitting at a desk near to a window that has a huge picture of a hand painted on it.,A person sitting,Nobody is sitting,0.568629682064,-0.596697807312
People riding an old looking trolley.,Trolley's are a means of transportation for people.,The trolley looks brand new.,0.987299442291,-0.287033975124
"A short-haired man in a pink striped shirt is turned away from the camera while holding a tray carrying a number of glasses, while a frizzy-haired woman looks on.",A person with hair,Everybody is bald,0.923452973366,-0.891440033913
A woman with dark hair and a red dress sits next to a little girl with blond-hair and a white dress while reading a book.,A person with hair,Everybody is bald.,0.543486893177,-0.644244611263
A tattooed boxer is punching his opponent in a boxing arena.,A boxer is punching someone.,A boxer without tattooes is getting beat up outdoors.,0.961458742619,-0.0148850148544
"An outside wedding ceremony for an asian couple under an umbrella, shielded from the blaring sun.",There are asian people outside.,Two old ladies reading the newspaper.,0.915208339691,0.135164260864
A man on stage holds a hello kitty guitar and looks to the right of the picture.,The man is holding an instrument in his hands.,The man doesn't have anything in his hands.,0.798309326172,-0.517627477646
Two women standing outside looking at a water fountain with bright green trees in the background.,two women near a fountain,a woman sits in chair,0.914012730122,-0.518341720104
A man and three kids walk up a paved hill.,People are walking outside.,A woman walks her children home from school.,0.959845483303,-0.393081784248
A young child brushes his or her teeth while holding a remote.,The young boy is multi-tasking.,The young child is asleep.,0.682147979736,-0.613282382488
A band which includes an Upright Bass Player is playing in a tent in front of Canadian flags.,A bass player is playing the bass.,The band has no bass player.,0.570574104786,-0.686906456947
Two power walkers walking beside one another in a race.,Two people in a race,Two people driving cars,0.818725466728,-0.477800279856
Two construction workers sitting around a hole with a third construction worker in it.,Men are working.,Men are building a skyscraper.,0.780213832855,-0.692601799965
"Man in white t-shirt, black shorts, walking along side female with a white tank top, beige shorts, and an older woman with black hair, white shirt, black shorts.",Three people are walking together.,Three people are on the moon.,0.851616740227,-0.768745183945
A group of people walk down a pedestrian only street in Asia near large green trees and older brown buildings.,A group of people walks past some trees and brown buildings.,The group of people is sitting under the trees.,0.858966171741,-0.539690375328
The black dog is running through water.,The dog with the black fur gets wet running in water.,The black dog is laying on the grass.,0.915837109089,-0.275913238525
A small girl in a blue shirt with a posy pattern brushes her teeth with a red and yellow toothbrush.,The girl is cleaning her teeth with a colorful toothbrush,She punches through the wall,0.980104088783,-0.868156313896
A man drawing pictures of individuals sits under an umbrella with previous works such as justin beiber around him.,a man is drawing,a dog lies down,0.967501223087,-0.0344855748117
"A man and woman stand facing each other, the man holding an instrument and the woman holding a piece of paper.",The man and woman are facing one another.,The people are dancing on opposite sides of each other.,0.963512778282,0.0251080729067
A young child is enjoying the water and rock scenery with their dog.,The child and dog are enjoying some fresh air.,The teenage boy is taking his cat for a walk beside the water.,0.942313075066,-0.400833308697
A young boy wearing blue pajamas and yellow glasses leaping into the air.,A boy in pajamas jumping.,A girl looking ready to sleep.,0.859136462212,-0.817208647728
A woman wearing a yellow and white outfit is exiting the vehicle while using city transportation.,A woman in a brightly colored outfit exits the public transportation vehicle.,A man in all black enters a subway car.,0.946862399578,-0.430650770664
"A small dog runs after a red ball, though a leafy outdoor area.",a dog runs around outside.,a dog sleep under a tree.,0.77364474535,-0.881469011307
A race car speeding on the track.,A race car is in movement.,A race car has stalled along the track.,0.937509477139,0.403270214796
"A group of kids listening to their band instructor, and reading music off their papers.",There is a group of kids.,The kids are not reading.,0.555981457233,-0.257032364607
This young girl's eyes are filled with excitement as she swings in her bright yellow dress.,The girl's eyes are open.,The girl is asleep in her car seat.,0.805269777775,-0.559200167656
"Two men, each wearing a white tee-shirt and headphones make adjustments to a machine while shaded by a dark umbrella-like contraption.",Men in matching shirts working on a machine.,Soldiers prepare the umbrella that will deflect the world ending asteroids due to crash into the Earth's surface any moment.,0.952622175217,0.173008397222
A man biting a candle while a woman holds a cake.,a man and woman are together.,Two women gossip on a bench.,0.481079697609,0.416180610657
A dog runs through the woods near a cottage.,the cottage is near where the dog is running,the dog is sleeping on the ground,0.945898115635,-0.539306998253
People are walking along the street.,Humans beings are ambling down a road.,People are skipping down a street.,0.908765971661,-0.0289757177234
Two black dogs are frolicking around the grass together.,Two dogs play in the grass.,Two dogs swim in the lake.,0.949509143829,-0.39149838686
Two men walking their canoe through the woods.,a couple of men walk their canoe,a couple of men eat cheese cake in the woods,0.865081191063,-0.375379621983
A little blond boy throwing a soapy sponge at his moms car.,A small boy throws a sponge at a car.,A small boy is playing at the park.,0.826690614223,0.0439333766699
A group of three people climb a path of wooden stairs up a rocky hill.,The people are outdoors.,The people are sitting.,0.970937609673,-0.443988710642
A lady in a black shirt is standing in a crowd with a rolled up piece of paper in her hands.,The lady has a paper in her hands.,The lady is standing alone.,0.574146568775,-0.502217054367
A young boy swinging on a swing.,A boy swings outside.,Little boy plays a video game.,0.942257940769,0.0693555027246
A man with a cap and brown shirt is standing on a grassy incline by a pile of hay or grass on some kind of wooden sled attached to a horse with chains.,A man is outside next to a sled filled with hay pulled by a horse.,A duck is decorated with the finest jewels known to duck.,0.960612177849,-0.359081804752
"Four people work in a green field, two wearing white and two wearing red, with green bushes and trees in the background.",A group of people are outside.,A group of people are sitting on a couch inside.,0.985197782516,-0.466995477676
A woman is riding a bike as a child rides on the back of the bike.,A woman is riding a bike as a kid rides on the back.,A woman is sitting on a bench.,0.975782454014,0.215704739094
Several men in fluorescent pinnies work on a structure shrouded in a green veil while a cherry picker truck hauls material.,the men are working,the men are building a top secret bomb,0.714572250843,-0.242948234081
"The young girl wearing a pink shirt is putting a box, with a drawn face and bow, on a shelf along with other food.",a young girl putting a box on a shelf,a young girl eats a box,0.888965368271,-0.279096454382
"A man who appears to be homeless, sitting on the ground with a blue jacket on and a bald spot in the middle of his head.",a man is sitted,the man is running through town,0.853098273277,-0.305608183146
Boy with white powder and blue writing on his face,A boy with a painted face.,A boy have no make up on his face.,0.856323361397,-0.74531018734
A group of children enjoy their time on the beach.,Children are at the beach.,A group of adults are swimming at the beach.,0.855928480625,-0.153268873692
One man dressed in a martial arts uniform kicks another man dressed the same way in the groin while an umpire and audience looks on.,One man kicks another in the groin.,The man kicks the umpire.,0.896664500237,0.412456601858
Two women are wet while holding hands with a long building and buses in the background.,Women are holding hands.,Dogs are eating ice cream.,0.822940468788,-0.833629906178
A barefooted adolescent boy in a yellow shirt reaching the top of a small skateboarding ramp.,a boy is barefooted,the boy is flying a helicopter,0.576887845993,-0.592125177383
A group of men are standing in a field with papers.,Men are standing.,Men are riding a cat.,0.871820151806,-0.360002756119
Three children play on the grass under a multicolored umbrella and wearing rainbow colored outfits.,Children play on the grass surrounded by bright colors.,Children sit inside on a rainy day.,0.974440038204,-0.508002638817
Musicians are performing on stage.,A stage has musicians performing on it.,A clown is juggling balls at a circus.,0.981381177902,-0.437904179096
A man on a bike under a large red umbrella gestures at a group of people.,A guy is riding a bike.,A guy is watching the news on TV.,0.468920826912,-0.554418623447
"A man and a woman seated at a table, having drinks and deep in conversation.",Two people are speaking with each other.,A couple are in divorce court.,0.770709633827,0.164880543947
Someone holding a bag of oranges walking outside.,Someone is holding oranges and walking,Someone is juggling oranges,0.92944175005,-0.143359854817
Two men and three women are sitting at a rectangular wooden table drinking beer from glasses of various shapes.,A small group of people having drinks.,A group of people watching a movie at a theater.,0.973511397839,-0.534161031246
People are standing around visiting near a fountain.,People are standing outside.,"People are inside, sitting at a concert.",0.961836218834,-0.617443919182
"Construction workers walking through a construction zone, it looks to be raining.",The people in the photograph often work outside.,Everybody here works as a professional artist.,0.857619643211,-0.421971589327
A person in a blue sweatshirt replaces letters in a theater marquee using a long pole.,A person is working.,A person works on perfecting his golf swing.,0.614442169666,0.296614080667
"A colorful array of motorcyclists gathered outdoors, with Joshua trees in the background and a pair of motorcyclists on a cherry-red cycle in the foreground.",People on vehicles outside.,A group of adults inside of the lobby of a building.,0.9122377038,-0.465170443058
Construction workers using big hooks.,The workers are using hooks,The workers are dead,0.958384752274,-0.790138483047
A small ice cream stand with two people standing near it.,Two people standing outside an ice cream stand.,Two people selling ice cream from a car.,0.960036635399,0.232388541102
"A woman with blond-hair and blue boots walks among a crowd of other pedestrians on a city street, looking up at something.",A woman is walking outside.,A woman is sitting in a cafe eating lunch.,0.805246829987,-0.685116112232
A lady sitting on a bench that is against a building and under a poster of a man in a uniform waving.,A person sitting,Nobody is sitting,0.660925388336,-0.496164023876
Children playing on a playground.,There are children playing outside.,Children are watching tv.,0.941194951534,-0.814069449902
"A woman is standing on the sidewalk, in front of a crosswalk.",A woman on the sidewalk.,A woman chops carrots.,0.732445120811,-0.385659098625
A man in black pants and a white shirt is walking down the sidewalk in front of a building that has graffiti on it.,A man is outside.,A man is indoors.,0.889373064041,-0.302912920713
"Two women in a embrace of greetings, one of them is holding flowers and they are greeting each other of a kiss.",Two people greeting eachother.,Two women yelling at eachother while walking down the street.,0.837051868439,-0.251430153847
A man who has a gray beard and gray hair laughs while wearing a purple shirt.,A man is cheerful.,A bald man is watching tennis.,0.351408541203,-0.680793166161
A man standing in front of a class of Asian students holding a picture of Santa Claus.,A human standing.,Nobody is standing.,0.809963941574,-0.655800461769
A bundled up Asian girl wearing a Camelbak and walking shoes walking her dog in a snowy forest.,A girl is walking outdoors.,A girl is sitting by the campfire.,0.846031725407,-0.598329544067
"Group of casually dressed people, walking towards a large sea vessel.",The people have clothes on.,The people are sitting.,0.869853496552,-0.241244390607
Group of children listening to security guard.,The children are listening to the guard,The children are sleep outside.,0.955937147141,-0.748480856419
A crowd of people are standing against a railing.,The people are all standing next to the railing.,The people are all sitting.,0.776359915733,-0.930822432041
"A classroom full of men, with the teacher up front.",A bunch of men are in class.,A group of men are mud wrestling.,0.446749955416,-0.396136581898
A young boy is in an overgrown field with a toy lawn mower.,A young boy is in a field with a lawn mower.,A young woman is in a field with a cat.,0.920997619629,-0.554831027985
A young boy playing in a bubble playing in water.,A person is getting wet.,The man is shaving.,0.965219736099,-0.0345808193088
A woman in a blue shirt talking to a baby.,A woman is talking to a baby.,A woman is chatting with her best friend over coffee.,0.970024466515,0.462820291519
A man in a beige trench coat is walking in the rain.,A gentleman wearing a beige trench coat is walking in the rain.,A man in a blue shirt is sitting in the rain.,0.994549155235,-0.220057114959
A woman in a colorful outfit sitting on the ground.,There is a woman sitting on the ground.,The woman is knitting a sweater.,0.878549695015,0.277167856693
A boy rides on a camel in a crowded area while talking on his cellphone.,A boy is riding an animal.,A boy is riding on an elephant through the streets.,0.0924205556512,-0.218454778194
"A man with a blue shirt and a woman with a red shirt, the woman smiles.","Two people wearing shirts, one of them smiling.","Two people wearing shirts, none of them smiling.",0.924268960953,-0.257994353771
Street performer with bowler hat and high boots performs outside.,The person is performing.,The child is dancing inside.,0.940968751907,-0.319917500019
A fireman is on a ladder leaning on a charred and smoking house.,a fireman on a ladder,a policeman arresting a hooker,0.81351339817,0.514778614044
A crowd of people are looking at various items for sale on top of a table at an outdoor event.,A group of people are outside.,A crowd of people are watching a movie indoors.,0.958760619164,-0.468351304531
A young man with blond dreadlocks sits on a wall reading a newspaper as a woman and a young girl pass by.,A young male is looking at a newspaper while 2 females walks past him.,The young man is sleeping while the Mom is driving her daughter to the park.,0.628174901009,-0.59553360939
"A man walking into a shadow, holding a sign.",A man holding a sign.,A man running away from people.,0.963510870934,-0.476295113564
"Two young man are getting ready for a game of pool on a purple pool table, with another young man in the background, holding a drink.",a young man sits with two others near a pool table and a drink,two women play basketball,0.807043612003,0.39517802
"Woman is playing with a young girl, by holding her upside down.",Woman is  holding a child upside down.,Woman is cooking dinner.,0.993725597858,-0.127160727978
"Two women behind a net check their cellphones, while two men sitting on a curb chat to each other.",The two women are checking their celluar devices.,"The two women are both asleep, while the two men are driving.",0.558607161045,-0.461823165417
A person in a gray shirt doles a substance into cups on a green tray while a woman in a seafoam green sweater on their left squirts a liquid into a bucket.,a person moves stuff into cups while a lady in green puts something else in a bucket,two men sit in a cafe,0.69162774086,0.436996936798
An older woman carrying two pails on a sunny day.,An old woman is carrying two pails.,The old woman is dancing.,0.903529942036,-0.0790747627616
Two girls on an amusement park ride smiling and laughing.,The two girls were happy at the amusement park,The two girls were home watching television and feeling sad,0.859292864799,-0.937159359455
A large group of people walking down a city street.,group of people walking,a man sits,0.928548336029,-0.416030347347
A small dog wearing a green sweater and a backpack walks through snow.,A dog walks through the snow.,A huge dog wearing nothing runs through the yard.,0.892312288284,-0.542098760605
a surfer is riding the waves whilst another surfer sits on his board waiting.,There are people surfing.,A surfer watches as his friend is eaten by a large shark.,0.570152103901,-0.553989171982
The streets are busy and people contemplate their futures.,People are thinking about futures.,People are screaming,0.975624918938,-0.439959824085
A man wearing a blue sweatshirt and a white hard hat is working on a construction project.,The man is a construction worker.,The man works only in a t-shirt and socks.,0.763180136681,-0.382986843586
A man with black pants on walks by a wall with unique art painted on it.,A man is near a structure.,A man is in outer space.,0.906418144703,-0.635080754757
A man in a blue helmet jumping off of a hill on a dirt bike.,The man is doing a trick on a bike.,The man is skateboarding in a park.,0.878937125206,0.0524901226163
A young man in black and white striped shirt rests on the grass while traffic passes nearby on the road.,A boy is on the grass.,The boy is wearing a dress.,0.742986917496,-0.700255990028
A man and woman are talking in a party atmosphere with a crowd and purple and blue lights behind them.,A man and woman talk at a party.,Two women sit looking bored at a party.,0.477094650269,-0.549077093601
There is a group of three women and one man singing while one of the woman plays a guitar.,People singing,Nobody is singing.,0.773095071316,-0.19336374104
A group of men walks next to train tracks that are covered in snow.,Some men walk near the tracks.,Some men are sitting in a hottub.,0.966859221458,-0.387741267681
A mother pushing a stroller and holding the hand of a toddler.,A mother is walking with a child.,The mother is carrying groceries in both hands.,0.763640522957,-0.313301950693
Two doctors are working on a surgical procedure.,Two doctors are working together,Two men are eating donuts,0.869671225548,-0.119641244411
Taller runner in orange and smaller one in blue run side by side around track in crowded stadium.,Two people are running together in the stadium.,The people are laying in the grass at the park.,0.649358868599,-0.561116576195
A boy in overalls blows bubbles.,A boy is blowing bubbles.,A man is juggling in the park.,0.989892601967,0.205980539322
A little girl in a pink Dora shirt with a pink hat on and a pink lei around her neck is cleaning some rocks with a toothbrush in a white plastic tub.,The girl is under the age of 18 years old.,The girl is asleep at the bottom of the ocean.,0.0284824594855,-0.303049504757
A man wearing an apron is smiling at a plate of food.,The man is happy by the sight of the food before him.,The woman looked at the food plate and frowned.,0.899066329002,-0.723291635513
Five people are in a swimming pool 3 ft. deep while there is a child on the side with blue shorts on and read floaties getting ready to jump in.,People are at a pool.,The pool is 10ft deep.,0.904601335526,0.700193583965
An elderly woman wearing a flower printed apron with a pink colored shirt is cooking inside her kitchen.,A women is cooking,A man is eating food,0.807678520679,0.611680626869
A group of people playing guitars and singing.,"There are several people in this photo, and they are all making music.",The group is watching television and waiting for their lottery numbers to come up.,0.542769014835,-0.527452230453
"A man wearing a hat, glasses and a painted mustache standing in a crowd of Asian people holding up a stick.","Man in a hat and glasses, holding up a stick, standing in a crowd of people.","Man ordering food at a restaurant, sitting with his family.",0.99742770195,0.238976210356
"A family, daughter in the middle, walks down the street.",family walking down a street,the family is seated,0.959375679493,-0.473845779896
One military man executes a combat move on another outside a gated facility.,Two military men are engaged in combat.,Two men are fleeing an enemy camp in a homemade hot air balloon.,0.719270884991,0.187071323395
People shopping at the marketplace.,People are shopping.,A woman is swimming in the ocean.,0.924919724464,-0.573207259178
A man with an open shirt and glasses holding a microphone and another man in a bowler hat and plaid suit using a bow on an instrument.,The singer wears glasses and the man on the stringed instrument is wearing a hat.,The singer and musician are in the bathroom.,0.956341743469,-0.520289838314
Man and woman walking near the ocean.,man and woman walk near water.,The man and woman are in a desert.,0.982598662376,-0.63986158371
A couple are having lunch together.,People are eating.,People are raising the flag.,0.852760314941,-0.482082903385
"Three elephants, each carrying a group of people, walking through the water.",Three elephants carry people through the water.,The elephants are performing in a circus tent.,0.84902381897,0.391345351934
a boy and girl hold hands walking down a railroad track,The boy and girl are outside.,The boy and girl are arguing.,0.735775709152,-0.516346216202
Two dogs sit in front of a man dressed in native American attire.,Dogs are sitting close to the man.,Huskies are pulling the iditarod sled.,0.374380111694,0.22317263484
A man is roller-skating down the wall next to some white steps.,A man is rollerskating.,A woman is paying for lunch.,0.486979007721,-0.849292039871
"A schoolgirl wearing a white dress, blue-striped knee socks, a blue tie, and braids, smiles in front of a line of her classmates.",A smiling schoolgirl leads the her line of classmates.,Children screech in delight and stampede in all directions with no regard for the elderly residents of the nursing home.,0.847403049469,-0.765104532242
A small child playing in a dusty square.,A child is playing.,A teenager is playing in his room.,0.778602361679,-0.499518811703
A young barefoot girl in a pink dress is jumping outside.,A child is playing.,The child sits in a dark room watching television.,0.713874220848,-0.820101201534
A man is navigating a boat.,A man is on a water vehicle.,A man is steering his car down the highway.,0.468927055597,-0.307165384293
"A brown dog is laying on his side on a beige carpet, with a green object in the foreground.",A brown dog is laying on the carpet with a green thing next to it.,The dog is dead.,0.873517930508,-0.297499120235
A slender woman wearing jeans and a colorful purse is standing on a large yellow maneuver.,A woman is standing,The woman is seated,0.703029870987,-0.513875961304
"Three men playing cricket wearing all white, with one man wearing a blue helmet.",Four men are playing cricket.,Four men are walking to the store in New Jersey.,0.870483398438,-0.130359441042
"A woman, whose face can only be seen in a mirror, is applying eyeliner in a dimly lit room.",A woman is applying eyeliner in a dimly lit room.,A man is playing softball.,0.748941659927,-0.264410197735
A dog runs along the shore of a pond with two elegant geese swimming.,A dog runs along the edge of a pond outdoors.,A dog sleeps beneath a tree in the backyard.,0.207756385207,0.244329288602
A skilled calligrapher is working at his art.,a skilled calligrapher is working,the calligrapher is blind and crazy and not skilled,0.989442706108,-0.53834348917
Group of people waiting at the voting booths.,People are waiting at a voting booth.,People are walking away from the voting booths.,0.994764387608,0.425969898701
"Men in dark clothes and women in dark, decorative skirts are looking at books while another man is standing in front of them holding a circular object.",people looking at books,the people are running through fire,0.254065811634,-0.457546710968
A woman in black framed glasses peruses a photo album while sitting in a red wicker chair.,There is a lady with a book.,A blind woman sits in a chair.,0.806177020073,-0.000674517825246
A lady rows a canoe filled with things.,A woman rows a small boat loaded with items.,The woman is unpacking items from her boat.,0.908773183823,0.0150174498558
A treat vendor is standing in the sun while others sit in the shade under umbrellas.,A vendor is outside with other people.,A man is soaked from the rain.,0.733403146267,-0.665337443352
A female dancer does a center leap across a stage.,A woman is jumping up in the air.,The woman is sitting in the audience.,0.896612763405,-0.291423141956
a man doing tricks on a motorcycle,A guy does stunts on a motorbike.,A man drives a speedboat.,0.967936992645,0.0508081428707
A man trying to block another man from shooting the ball in.,The man is is near the ball.,The man is playing the guitar at the concert.,0.726665019989,0.185194209218
"A woman dressed as Dorthy from the Wizard of Oz smiling at a baby, standing above her on a table, dressed as an elephant.",Somebody who is depicted is wearing a costume from a movie.,Everybody that is visible is the exact same age.,0.290703773499,0.276386409998
A dark-haired girl in a spotted shirt is pointing at a picture while sitting next to a boy in a purple shirt and jeans.,A girl is pointing at the picture.,The guy broke his keyboard.,0.769832313061,-0.503364562988
A small child in a coat looks out over the lake of a park in the fall.,A child is looking at the lake.,A child is playing with his legos in his warm room.,0.853741526604,-0.059622772038
A man in a denim shirt and pants is smoking a cigarette while playing a cello for money.,A man in a denim shirt is smoking.,A man in a green shirt is playing the piano.,0.923878014088,-0.321379333735
A soccer player in a lime green shirt looks down at a yellow soccer ball.,A person is playing soccer,The shirt is blue,0.978046298027,-0.669146776199
A black woman wearing black walking by a window with a mannequin in it.,A black woman walks by a window.,A black woman dances through her walk in closet.,0.882720708847,-0.417366027832
Two little girls ride an inflatable dinghy down a purple water slide.,Two girls on a water slide.,Barney Fife with his one bullet.,0.706163167953,-0.613229691982
A man standing on a street in the city playing the accordion.,An accordion being played by a man on the street.,A man is sitting on a bench.,0.865917742252,-0.576768279076
"A small child, wearing a big coat and snow boots, is unhappy while she tries to play outside with her playhouse while it is snowing.",A child is unhappy.,Zebras play zydeco.,0.24695417285,-0.637882590294
A man and a woman hug on a grassy hillside overlooking the countryside in the distance.,The man and woman are outdoors.,The man and woman are at a skating rink.,0.939818203449,-0.176457613707
Many women shoppers walking on suburban street.,women are outdoors,people are sleeping on beds,0.852765917778,-0.418419539928
A young girl sits on a blue bench drinking out of a straw.,A girl is drinking through a straw.,A girl is sleeping.,0.757928967476,-0.162231087685
A girl holds onto a rope above the water.,A girl is above some water.,A girl is swimming.,0.982231318951,-0.239958226681
A man in a hard hat and orange safety vest works on a machine in smoky air.,A man is working on a machine.,Two dogs are fighting.,0.95610666275,0.0545209646225
A boy and a girl walk through the city.,A boy and a girl are walking outside.,A boy and girl are fighting with each other.,0.96995228529,-0.196772664785
A young boy playing in the grass.,There is a child in the grass.,The boy is in the sand.,0.91732442379,0.18052816391
A man wearing a white shirt and black shorts in competing in pole vault.,a man is pole vaulting,a nude man is holding a pole,0.91720032692,-0.432506948709
Two guys are on a baseball field and one is about to hit the base.a group,One of the guys is a batter.,The guys are eating together in a restaurant.,0.61483746767,-0.529019415379
A young man and a young women in white lab coats are reading a biology textbook together and looking at a microscope in a laboratory.,Two people are referencing a textbook in a laboratory.,Two students are creating a deadly bomb in order to destroy an entire country.,0.976715624332,-0.198836758733
A band is playing on stage at a concert and the attendants are dancing to the music.,A band is playing while people dance.,No one is dancing.,0.974971294403,0.424403607845
A man in a hat is riding a motorized skateboard.,The guy with a hat is using a skateboard.,The skateboarder is taking a break by sitting on the bench.,0.953569531441,0.237058997154
Two women talking over a glass of wine.,Two women are drinking wine and having a conversation.,A man is building a house.,0.928018629551,-0.0554257147014
Dog standing in grassy sand dune.,A dog stands in sand near grass.,A basset hound runs by a park bench.,0.631560742855,0.918440163136
Young brunette woman smiling in front of bushes.,The woman is outside.,The man looks very upset.,0.812284946442,-0.784392476082
This boy is in deep concentration playing a game of ping-pong.,Boy plays a game so sincerely,The boy slept while playing a game,0.266340345144,-0.247662350535
A mother and her daughter are both wearing heels standing outside in a crowd on a brick pavement looking out at the street in amazement.,There are people on the brick pavement.,It is empty outside.,0.819205522537,-0.476810067892
Two horse riders and three walkers are going down a dusty path.,Five people on a path,Five people are seated,0.765499174595,0.0695780441165
"Two women are standing under an umbrella together, in front of a bandstand.",Women are outside in front of a stand.,The women are holding up shotguns to protect them from the sun.,0.967458724976,-0.690477132797
An older gentleman enjoys a scenic stroll through the countryside.,A man walks the countryside.,A pirate boards the spaceship.,0.573443174362,-0.774204313755
"Two women are posing with the Naked Cowboy in Times Square, New York City.",Three people pose for a picture.,Two women are eating tacos at home.,0.546298265457,-0.450496733189
This land race gets a little wet and wild.,There is a land race.,There are toddlers napping indoors.,0.759657800198,-0.907717347145
"A man with the name tag ""Chris"" who is wearing a blue shirt with blue-white striped tie, presses his hand at his forehead.",A man is named Chris,The name tag says Bill,0.330346226692,0.0684982910752
"A person on a bike is midair, twisting his body around the handlebars, with graffiti behind him.",A person is riding a vehicle.,A person is eating a cheeseburger on a bike.,0.764777541161,-0.367459177971
A group of young men and women are crouched in a circle.,The men and women are young.,There are only men in the picture.,0.194397062063,-0.617331027985
"A snowboarder is grinding on a rail in a snowy, mountainous area.",The snowboarder is outside.,The snowboarder is sitting in the lodge.,0.974613726139,-0.380068451166
The lady wearing a red coat is giving a speech.,Woman is the center of attention.,A woman is eating a meal.,0.777684211731,0.282024681568
Three young indian children play wiffle ball.,Three children play wiffle ball.,Three children are crying.,0.967499136925,-0.365207701921
"A man being shown running in a black suit, running for Haiti.",A man running.,A man sitting and eating steak.,0.984006166458,0.033161945641
People getting ready to cut a birthday cake.,they got ready to cut the cake,they ate dogs for lunch,0.846349954605,0.756519317627
A middle-aged woman pretends to be a DJ as younger people point.,People are pointing at a Middle-aged woman.,A woman is a DJ for a party in a submarine.,0.984385251999,-0.492392987013
A black dog leaps from the water near a wooded shoreline,a dog leaps out of the water,dog is playing baseball,0.925783634186,-0.353104114532
Women standing at a podium with a crowd and building in the background.,woman stands at podium,a man runs mile,0.803516030312,-0.00898203253746
Several men working to repair a McDonald's sign.,Several men are repairing a sign,Several women are eating at McDonalds,0.959213018417,-0.831775069237
Two girls are playing tug-of-war and losing as the girl in front is drug into a muddy puddle of water.,Some girls are competing.,Nobody is falling.,0.166365996003,-0.578881919384
A man juggles flaming objects with a fence and a car in the background.,A risk taking juggler.,A lion at the circus.,0.911108374596,-0.0851585268974
Two young women are standing in the middle of a flower garden with their arms wide open.,There are flowers in the garden.,Two women are having lunch in a cafeteria.,0.621278941631,-0.342823922634
Two people sit facing away in a downtown scene with a motorcycle parked in front of a pool,"There are 2 people in this picture, as well as a two-wheeled vehicle.",The two people run as quickly as they can for shelter as the storm picks up and begins swirling all around them.,0.528625428677,-0.302902281284
A man in a black shirt sits next to an old woman in a pink shirt on a train.,A man is sitting on the train talking to a woman.,A man is driving his car.,0.940224349499,-0.720095992088
"An older man wearing glasses, striped shirt and green jacket carries a bouquet of flowers down a street.",An old man walks outdoors.,An old man with perfect eyesight runs naked down a hallway.,0.736086368561,-0.921392381191
"This is a picture of three young men, dressed in suits with one on a bike, and of a young lady wearing a white dress.",three guys in suits,a dog sleeps,0.476462334394,-0.713867306709
A woman get some food from under a blue tent.,the lady is getting food under the tent,the dog is eating a banana,0.708944261074,0.00165413320065
Sidewalk vendor dressed in white shirt brown pants sells grilled corn.,There is a person in this picture,The corn is chasing the rainbow,0.828763246536,-0.703346252441
"A team in yellow, red, and blue jerseys sit next to a road and watch a tiger mascot.",People watch a tiger mascot.,The tiger mascot is all alone.,0.399581551552,-0.776005506516
A military group in uniform standing together while one of them gets their hat adjusted.,A group of uniformed men having his uniform adjusted to perfection.,A military group is attacking a large SUV to get supplies.,0.655148684978,-0.0898757725954
Two young girls looking at Barbie dolls.,Two girls are watching dolls.,A girl and a boy are running with toys.,0.988051056862,-0.320153236389
"A young female dancer, wearing a pink top and pants, with her hair pulled behind her in a long ponytail, executes a step with one raised leg bent at the knee, and both arms extended and bent at the wrist, while two young people sit on folding chairs and watch.",A dancer wears a pink top.,A dance drives a car.,0.496720343828,-0.632362663746
A man with a gray shirt is rehearsing in front of a empty drum set.,A man practices in front of a drum set.,A man drinks bleach.,0.460716217756,0.412091672421
A construction worker is standing on a crane placing a large arm on top of a stature in progress.,A person standing,Nobody is standing,0.827151119709,-0.66236782074
A woman wearing a brown jacket and brown pants is walking her two dogs along the beach as they follow another person.,A person walks two animals along the beach.,A women loads her dogs in the car.,0.871953427792,-0.446536898613
A lady with a purse on his shoulder reaching upward and putting a crown in a statue's hand.,There is a lady wearing a purse.,There is a lady in her bikini swimming.,0.815886735916,-0.41871291399
Girl plays with colorful letters on the floor.,The girl is having fun learning her letters.,The girl is playing a video game in the bath.,0.73094201088,-0.607063889503
"People go about their daily routines- selling food, cutting hair- on the ghetto streets of Ho Chi Minh City, Vietnam.",People are on the streets in vietnam,People are flying a plane,0.0617984235287,0.210319846869
Three people are standing on a pier between two boats.,Three people are on a pier.,the people are sitting down.,0.920373260975,-0.55210596323
on a snowy day a man with a north face jacket walks through the crowded streets past a garbage truck,A man walks down the street in winter.,The garbage man is handing out icicles.,0.897718191147,-0.139225557446
A man and a woman standing on a sidewalk in between buildings.,People stand on the sidewalk between buildings.,The sidewalk was deserted.,0.979000449181,-0.463698208332
The motorcyclist race on the course.,The man on the motorcycle road across the course while people chase him.,The man is in his car.,0.925360321999,-0.414231777191
A little boy bowls in a carpeted hallway.,A boy is bowling.,A boy is skipping rope.,0.194661915302,-0.662312805653
A man and a woman in blue jog on the sidewalk while a man stretches on a park bench.,Two people jogging while a man stretches on a park bench.,Twelve people jogging while a man sleeps on a park bench.,0.756630122662,-0.497149646282
A man is on the side of a mountain and hiking around huge rocks.,A man is outdoors hiking.,The man takes a nap while hiking.,0.899747014046,-0.509836912155
A man and a woman sit on a deck under a blue sky that is about to be overtaken by tumultuous clouds.,There are many clouds in the blue sky.,The man and woman are sitting at home.,0.675631284714,-0.345751047134
A girl swings high in the air.,A girl is on a swing,A girl is laying in the pool,0.964249312878,-0.81715875864
A group of people are standing on a platform and waiting for the subway train.,People waiting for a train,People in a fight,0.932761788368,-0.0484563186765
A man carrying a bag from a stick is walking down the sidewalk.,There is a man walking.,A person is playing football.,0.96934646368,0.567561626434
A man and a woman are walking in the middle of a street.,People are walking in the street.,People are running down the street.,0.990042805672,-0.142982542515
A man with a large power drill standing next to his daughter with a vacuum cleaner hose.,A man holding a drill stands next to a girl holding a vacuum hose.,The man and girl are painting the walls.,0.9040402174,-0.349788606167
a woman and her dog sitting at an outdoor cafe table,A woman and her pet sit outside at a restaurant.,A woman and her cat walk down the street.,0.975179433823,-0.236752092838
Two men in a black in red vehicle on the beach.,The vehicle is on the beach.,The vehicle is empty.,0.584403991699,-0.499317705631
A man in a black shirt opening his mail.,A man is opening mail.,There is a man holding a remote watching television.,0.986757874489,0.0371756777167
"A person wearing a striped shirt, headphones, and a headscarf watches a street with a large truck driving through.",A large truck drives down a street while a person in a striped shirt watches.,A man rides his bike on an empty path in the woods.,0.987708210945,-0.600739002228
A man in a light pink polo shirt holds a flag splayed out in the air behind him.,a man holds a flag,a man is laying at the beach,0.913448512554,-0.208876371384
A man balances a ball on a Japanese umbrella.,A man holds an umbrella.,A man sits and reads.,0.957436263561,-0.408177524805
women wearing black tank top cutting another woman's shirt while riding a bus.,There's a group of women on a bus.,The group of women are on a single motor bike.,0.91717427969,0.16595184803
Several African American children posing for the camera.,Kids pose for a camera.,three adults take photos in London at a pub.,0.996364235878,0.302703797817
The elderly bus driver opening the door for a passenger who needs to get off.,The elderly driver opens the bus doors.,The bus driver is fast asleep behind the wheel.,0.707973301411,0.000714737921953
A middle-aged man is sitting indian style outside holding a folded paper in his hands.,A middle aged man is outdoors.,A middle aged man is sitting on a stool in a bar.,0.439943939447,0.46221113205
A dog licks his nose.,A dog is licking his nose.,A cat is licking his fur.,0.760893464088,-0.649746119976
An Asian woman stands along a road where 2 buses have passed holding her bags.,There is a Asian woman.,The woman is american.,0.856324672699,0.164960041642
A dog owner is running along side his pet while the pet avoids obstacles on a course.,A man is running beside his dog.,The man is with a cat.,0.618564069271,-0.427079826593
A cement truck pours cement on the street.,The truck is outside,The truck isn't doing anything,0.925465643406,-0.341699272394
Male nun smoking a cigarette.,Male nun is inhaling.,Male nun is on the moon.,0.880131244659,-0.156515195966
A man is playing the guitar while on his right is another man looking at his keyboard.,Two men are sitting close together and one is playing his guitar.,Two men drink coffee.,0.659663915634,-0.0512099862099
"Two men are playing basketball, and one man is making a shot.",Two men are playing basketball.,The men are playing soccer.,0.877763092518,-0.190770894289
"Two brown and white dogs, one jumping over a log while the one behind runs through the grass.",There are two dogs outside.,The dogs are laying on a blanket.,0.915227472782,-0.750802993774
Three dogs racing on racetrack,Three animals move on the ground.,Three cats race on a track.,0.533122777939,-0.282520264387
Construction workers walk towards their next job.,The workers are walking outside,The construction crew is done for the day,0.921407401562,0.749214053154
"A well built black man stands in the subway, listening to headphones.",A man with headphones on is standing in a subway.,A man is dancing for tips on the street.,0.953413128853,0.0400185585022
A party is held and many people mingle and gather for the occasion.,Many people are mingling at a party.,Many friends are having a party on mars.,0.905178725719,-0.370499849319
Guy hitting a baseball in a field of grass outside.,A man is in the grass.,A man sits in the dugout.,0.767532110214,-0.33252286911
"People in a warehouse, with one man kicking a bag.",People inside.,A group of dogs chasing a cat.,-0.00669870572165,-0.538451075554
A girl jumping rope on a sidewalk near a parking garage.,The girl is outside.,The girl is swimming in a pool.,0.852188050747,-0.125246375799
A man walking in front of a black cement wall with a bag on his shoulder.,A man is taking a walk.,A man is in outer space.,0.872204780579,-0.64698946476
3 people walking through a small field.,A group of friends walking outside.,Three people at the mall.,0.929613351822,-0.788225591183
a tan dog jumping over a red and blue toy,A dog playing,A dog eats the food in his dish.,0.74915099144,-0.617347896099
Three glass elevators with people inside of them.,tourists looking out of glass elevators.,A clown washing windows.,0.613775372505,-0.163872599602
A dancer in costumer performs on stage while a man watches.,the dancer is wearing a costume,the man is dancing as the woman watches,0.723521649837,-0.151876300573
"A group of people wearing blue shirts, standing in the grass.",People standing in the grass.,A group of naked people sitting in the grass.,0.98682975769,-0.761250078678
Three people are wading in shallow water near a stone path and spraying fountains.,Three people are wading in the water by the fountains.,Five men are swimming in the deep water.,0.979222536087,-0.0660750046372
A woman walks on a sidewalk wearing a white dress with a blue plaid pattern.,The woman is walking outside.,The woman is wearing jeans.,0.894671142101,-0.143155515194
A man in a green apron smiles behind a food stand.,A man smiles.,A woman in blue buys food.,0.959512114525,0.247263669968
A distant person is climbing up a very sheer mountain.,People are outside climbing.,The mountain is unclimbable for humans.,0.622754991055,-0.11773878336
a shepherd breed dog running on the beach,A dog is running around,A dog is at home sleeping,0.901868700981,-0.163202226162
Two women in bathing suits climb rock piles by the ocean.,Women in bathing suits climb rock piles.,Women in dresses climb lobster piles.,0.971322417259,0.180147483945
"A woman with brown hair, black jacket, large black sunglasses, and pink scarf walking down the street.",a woman is walking,the woman is asleep at home,0.64738368988,-0.710071861744
A group of four people are standing in the ocean next to a jet ski while a man close by fishes.,The group is near water.,The group of people are in the ballroom.,0.69755089283,-0.846000909805
A woman in a poky dot jacket jumping in the snow with shopping bags on both of her wrists a city.,A woman in a jacket is jumping.,The guy is shouting at the dog.,0.781435370445,-0.226736187935
Woman with a basket of candy in her hand.,The woman is holding something.,The woman has nothing in her hands.,0.667938351631,0.106323927641
Two businessmen going to work.,Two men go to work.,A woman drives a limo.,0.800493121147,-0.939052820206
A long-haired brown and white dog carries a snowball in his mouth.,A dog carries a snowball.,A dog carries a bone.,0.659606099129,-0.405917525291
Workers are arranging a window and some lumber along the ground.,The window and lumber on the ground were put there by some workers.,People sit in yoga class.,0.952304363251,-0.0260040201247
Two people are surfing in the ocean.,There are people outside.,These people are in the desert.,0.334050893784,-0.388560503721
The little dog walking on the grass has a red bow in its hair.,The dog is walking on the grass.,The dog is wearing a dress.,0.928760170937,-0.383052229881
Two men pull a fishing net up into their red boat.,Two men are fishing.,Two men are hunting deer.,0.881355285645,-0.391162931919
Elderly woman with green sweater picking out produce in outdoor market.,The elderly lady is at the market,The elderly lady is dead in a coffin,0.480989277363,-0.871138095856
A woman is riding a blue bicycle in a park.,A woman cycling around in the park,A woman jogging around the park,0.993958234787,0.264788389206
An Asian man stands behind a makeshift storefront with a handmade yellow poster advertising watch repair.,There is a person and a sign.,A human is doing jumping jacks.,0.989957094193,0.127023771405
A woman in glittery face-paint and a sequined cap parades with several similarly-dressed individuals in shades of orange and brown.,The woman has one head.,The woman is swimming alone in her indoor pool on the moon.,0.173647269607,-0.910818696022
A man wearing a green shirt is grinning at the computer screen with his hand on the mouse.,a man in green,the man is in a white suit,0.601701855659,0.596044778824
A middle-aged man works under the engine of a train on rail tracks.,A guy is working on a train.,A guy is driving to work.,0.996747136116,-0.381254434586
"A woman in a dark blue, and white sweater, walks with her son, down a street.",A woman and her son walking.,A woman drives her son to soccer practice.,0.619267106056,-0.594438433647
A man jumps onto a skateboard that is sitting on a folding chair.,There is a skateboard on a folding chair.,The man is taking a swim.,0.811692357063,0.234065413475
Three men gathered around a table of pink fish.,A bunch of people are gathered around a piece of furniture.,Three men are gathered in the living room on the couch.,0.686944067478,0.27760964632
A boy wearing orange star glasses is sitting down holding a toy hammer.,A boy wearing glasses is sitting while holding a toy hammer.,A dog and a pig play in some mud.,0.992854714394,0.362515985966
The man wearing jacket is looking at he bike.,A man is watching the bicycle.,The man is looking at the unicycle.,0.921903014183,-0.296243369579
A woman wearing sunglasses is holding a pink cellphone to her ear.,A lady is on her cellphone.,A lady is having surgery.,0.9328738451,-0.173606425524
A man high on a tightrope walks and balances.,A man is balancing.,A is falling.,0.923852443695,-0.669811964035
An old man wearing a hat is working on a project.,An old man is wearing a hat.,An old man is jogging along the street.,0.874507784843,-0.112696275115
Two women walking near a pond.,Two women walking.,Two men running around a pond.,0.904359817505,-0.260834157467
The person in black T-shirt is sitting.,The human is sitting.,The boy is taking a bath.,0.979735136032,0.0264560729265
A man in a black long-sleeved tee-shirt is walking down the street with a cane.,A man walking with a caine.,A cat hanging from a ledge.,0.916196703911,-0.244004160166
Beautiful red car among many at a car show full of excited car enthusiasts held on a tree lined street.,The cars and people are outdoors.,The car is very ugly.,0.700139403343,-0.568488776684
A small child outside in front of a large dirt pile.,The small child will play in the dirt.,The child is indoors.,0.837908029556,-0.618264198303
An old man and a child walk together along a pathway near a building.,Two people are walking together.,There are no people walking.,0.925316691399,-0.502174854279
Two dogs play together on the bed.,Dogs playing on bed.,"Dogs laying down on the floor, motionless.",0.679792165756,0.376264661551
A child rides a unicycle while a crowd watches.,A group of people sees a kid on a unicycle.,A child is riding a bicycle on a sidewalk.,0.933695614338,0.0161002986133
A baby smiles while swinging in a blue infant swing.,a baby smiling,the baby is asleep,0.582069933414,-0.726079940796
Three people on a beach.,The people each have one head.,The people are asleep in their bedroom.,0.438669502735,-0.572311460972
A salt-and-pepper-haired man with beard and glasses wearing black sits on the grass.,An elderly bearded man sitting on the grass.,A man sitting inside a car.,0.911324739456,0.141872793436
A black race car starts up in front of a crowd of people.,A car is running.,A man is driving down a lonely road.,0.234700977802,-0.368236005306
A group of people clap and take pictures of an unseen subject.,A group is clapping.,A group is booing and throwing tomatoes at an unseen object.,-0.155369460583,-0.488340318203
An older man with large patches on his jeans looks on as a young man swings an axe downward toward a tree stump.,Two men are outside.,Two men are indoors playing checkers.,0.885170638561,-0.186616793275
"A man performs in an outdoor space, with a lot of onlookers.",The man is performing.,There is no one watching the man.,0.565354943275,-0.774789810181
A blond woman talking on her cellphone as her hair blows,a woman talking on her cellphone,a woman talking to the TV,0.948134303093,-0.289141833782
A woman in a striped shirt posing for the camera while another woman holding a drink looks on.,The woman looks on as she holds a drink.,Another woman is eating a sandwich.,0.936982631683,-0.383501768112
"A person wearing sunglasses, a visor, and a British flag is carrying 6 Heineken bottles.",the man with sunglasses and a flag has beer bottles.,The person is naked and drunk running with a flag across a field while a soccer match is going on.,0.808540701866,-0.709752440453
"Five children are on a slide, all dressed in different colored clothes.",Children are on a slide.,Children sleeping at night.,0.748135685921,-0.600454568863
Tractor doing construction work.,A tractor is moving.,A tractor is parked doing nothing.,0.684744954109,-0.541007518768
"A man at the beach, building a sand castle.",The sand castle down on the beach was made by that man.,The waves have torn down a sand castle that the man is standing near.,0.981457352638,-0.506961047649
Two children run up the street on the sidewalk near the building.,The children are outside.,The children are inside.,0.891492009163,-0.732632219791
"Music can be created, through winded instruments, by winded instruments, and they are all enjoyed by different peoples, throughout the world.",music is enjoyed by people,the instruments are made of fire,0.872258901596,-0.153362974524
A racing motorcycle rider has fallen off his bike and is sliding on the ground while another rider is driving behind.,There are at least two riders.,The rider is swimming in the middle of the ocean.,0.173818200827,-0.209292769432
Two young children in black clothing and padding perform a martial arts match where they compete against the other.,2 young boys compete in martial arts.,2 boys compete in hide and seek.,0.860105574131,-0.192870497704
"There are four US military soldiers in this photo, only two have their faces in the picture, there is a pack of cigarettes by one of their boots, they appear to be fixing a motorcycle.",A motorcyle being fixed by a group of men.,The 4 soldiers riding in a jeep.,0.775810599327,-0.0288049913943
Sidewalk flower cart vendor.,Flower seller on sidewalk.,Vendor baking a cake.,0.413015663624,-0.446090549231
"A band performs beneath colorful stage lights, the bass player singing into the microphone while the guitarist and drummer play in the background.",a group of musicians mke music on stage,twelve dwarves sing a sogn,0.958694040775,-0.168381720781
A woman with tattoos and a black t-shirt smiles and talks to a man with a partially shaved head wearing shirt with the words' hippie killer' in white letters on it.,A female and a male are talking to each other.,Two guys are yelling at each other.,0.926205039024,-0.72865998745
A dog holding a Frisbee walking in the water.,The dog is wet.,The dog has nothing in its mouth.,0.704769849777,-0.30365100503
A person in a blue shirt and tan shorts getting ready to roll a bowling ball down the alley.,A person is bowling.,A person is napping on the couch.,0.581600308418,-0.360267400742
A woman in a red hat waiting in line.,A woman stands in a line.,The woman is eating a sandwich.,0.824072957039,-0.101053804159
Children participating at a party while looking at the one kid in exuberance over the new toy.,Children are at a party,A child is in the gym playing basketball,0.391224175692,-0.629892468452
A local policeman standing in front of the counter with complete equipments belted to his waist.,A local policeman standing in front of the counter,A local policeman standing in front of the spaceship,0.936977624893,-0.192196190357
Buddhist priest blessing his worshipers.,a priest is blessing his worshippers,a priest is in solitude,0.914321422577,0.53526610136
I think this lady is waiting for a cab.,The lady needs a ride.,The lady is taking a nap.,0.592448115349,-0.073511660099
A girl with a cigarette in hand and a guy with a green hat wave at the camera.,There are multiple people present.,There is only one person present.,0.864210963249,-0.478837937117
A girl is standing and another one is sitting by a tree,There are two girls.,Both girls are sitting by the tree.,0.657279908657,0.226218163967
A young man is standing staring at something.,A young man has his eyes open.,A young man is asleep.,0.896821379662,-0.596409201622
A young child is jumping into the arms of a woman wearing a black swimming suit while in a pool.,Child leaping into arms of a woman wearing swimsuit in a pool.,Mother and daughter shopping for shoes.,0.961800694466,0.313347637653
A man standing a busy European town square with a tall placard sign printed with biblical phrases.,A person holding religious information is in the main location of an urban center.,Devil worshipers place black candles and dark drawings on the floor of an abandoned building.,0.911257505417,-0.453864365816
A man wearing a white jacket and pink hat is speaking into a microphone while raising one arm above his head.,The man is wearing a hat.,The man is sitting down.,0.243298217654,-0.412855565548
A group of people wearing light blue shirts and dark blue pants moving around all together.,A group of people in similar clothing are aware of each other.,A group of people stand perfectly still.,0.870407819748,-0.465994656086
Men and women walking down a sidewalk next to a garden.,They are walking by the garden.,The men and women are running through the forest.,0.860346734524,-0.548462450504
A guy in a laundromat getting his things together.,A guy is in the laundromat,A guy is folding his laundry at home,0.778315186501,0.453539907932
A woman and three children.,A lady and three kids.,A woman by herself.,0.99007922411,0.470087081194
A man holding his shoe on the beach,A man is on the beach.,A man is reading a magazine at the library.,0.928081870079,-0.569226682186
A mom is taking a picture with her two small daughters.,Mom is taking a family photo.,A mom and her two daughters are swimming in the ocean.,0.911280810833,0.394311487675
"Man in green vest directing traffic in snowy conditions, pedestrians standing on the sidelines.",A man is directing traffic,A man is a soldier in a fight,0.951717495918,0.152865856886
"Inside the igloo, the young man gets ready for his overnight stay.",The young man gets ready for his overnight stay.,The young man gets ready to leave.,0.245018750429,-0.49942201376
Three men handling a net on the seashore.,Group of men casting a net.,Group of men knitting gloves.,0.792760848999,0.782756745815
A little girl offers a ball to an upset toddler on a grassy field while a man in bermuda shorts stands behind them.,A man watches two children on a grassy field.,a group of children play tea in a bedroom.,0.949345350266,-0.837765514851
"A man in a brown hooded sweatshirt outdoors with an upright bass, playing the strings with his fingers.",The man is wearing a sweatshirt.,The man isn't wearing anything.,0.247166827321,-0.592969596386
"A gray-haired woman wearing tan pants, a yellow and white jacket and sunglasses is sitting on a bench.",The woman has gray hair.,The woman is running.,0.405693590641,-0.714987933636
A brown dog is about to catch a treat.,A brown dog is given a treat.,A cat is licking itself.,0.962965190411,-0.524424433708
Two kids standing beside a snowman.,Some children play in the snow.,Two children lie by a pool in summer.,0.980708062649,-0.505649805069
Two construction workers complete a task near the ground while a third worker looks on.,Workers pull together to get the project completed.,Workers are on their way home.,0.89914804697,-0.560772418976
A man in a black jacket plays a black electric guitar and sings.,A man is playing on an electric guitar.,A man is playing the drums.,0.945296406746,-0.0127157140523
"A bald, white man, talks with an old, black man, on a bench.",Two old guys are talking while sitting down.,The two old men was ice skating at the ice rink.,0.763301372528,-0.202462345362
"Two men, both have glasses, are wearing striped shirts are in the kitchen preparing a meal and washing up.",Two guys are fixing a meal in the kitchen.,Two men are talking as their wives make dinner in the kitchen.,0.739992976189,0.516169428825
A young blond girl with a red and blue mark on her cheek.,a young girl,a man punching a girl,0.893014013767,-0.689340889454
A brunette woman is standing in front of a wall with graffiti.,A woman is near a graffiti-ed wall.,A blonde man is near a clean concrete wall.,0.845360100269,-0.671313822269
Two men dressed in white robes and red capes ride bicycles while carrying staffs topped with skulls.,Two men are in white robes and red capes riding bicycles.,The men in robes and capes are bike riding zombies.,0.888738155365,-0.494465231895
"Older Asian man, wearing orange robes in urban area.",The man is in a city.,The man is in a baseball uniform.,0.838560521603,-0.165210545063
An older man sitting on a stool on the sidewalk playing a violin.,An old man plays the violin on the sidewalk.,A woman performs a comedy routine in a club.,0.550918340683,-0.0855184048414
Young man with a beard is sitting on the edge of the bed reading a manual.,He is learning something.,He is standing on his head.,0.60009175539,-0.696241855621
A child in a baseball park who has just hit a baseball off a tee with a blue bat and is about to run to first base.,A child plays teeball.,A child plays at a soccer game.,0.341128706932,0.406713098288
A girl in a white dress dancing in a field.,The girl is wearing white.,The girl is swimming in water.,0.47190669179,0.270351886749
A man with a gray beard and an apron smiles.,A man smiling.,A man eating a cow.,0.967495501041,-0.509305477142
"Woman standing on a ladder fixing letters on a theater sign, while one woman watches and one man stands nearby.",woman stands on ladder,woman sleeps on a couch,0.872064352036,-0.592158436775
A red jeep hangs from the edge of a rocky cliff as a girl looks on.,The vehicle is red.,The girl is inside her room.,0.241806015372,-0.608556270599
One man stops to give a sweet kiss to a cow near a train on an overpass.,the man is outside,the man was sick in bed all day,0.434878915548,-0.802245855331
"A couple dancing alfresco dressed in turquoise tops, the lady is held up in the air with her hands stretched upwards.",People dancing,Nobody is dancing,0.505844473839,-0.40384799242
Two females and one male looking at various merchandise.,Two girls and one man are browsing the store.,Two girls and one man are destroying merchandise.,0.676818847656,-0.843358159065
Two girls and one women stand in the pouring rain.,People are standing outside in the rain.,The women are playing tennis.,0.750225782394,0.0793751478195
"AN older woman appears to read from a children's book in an indoor setting, while a seated gentleman in a service uniform looks on.",A woman reads from a book while a man watches.,A young woman stands alone looking in the bathroom mirror.,0.836060583591,-0.586137533188
A group of kids sitting around a table while another person holds a circle blocking out light.,The kids are sitting at a table.,The kids are standing single file.,0.430492281914,-0.873039007187
A man holding a large swordfish.,There is a person with a fish.,A little boy smiles at his pet iguana.,0.416300356388,-0.537587881088
A woman and a man are sword fighting.,Two people are opposing each other in a sword fight.,Two people have engaged in a sword fight and both are dead.,0.902080118656,0.834809720516
"Two guys are examining the front brakes on a bike, while one guy with a wrench is working on them.",A person with a wrench,Nobody has a wrench,0.788015007973,-0.597835421562
A group at an outdoor party includes a man wearing camouflage pants with neon orange boots and suspenders.,The group at the party is outside.,The group is inside the recording studio.,0.275108516216,-0.61665225029
A group of construction workers are walking.,the workers are walking,the flies are eating shark,0.909590244293,-0.823520123959
"A man wearing a tan hat and shirt, an orange safety vest, and dark glasses gestures towards a nearby car.",He gestures towards a nearby car.,The man is not wearing glasses.,0.879354536533,-0.414400726557
A police officer is standing with his arms crossed.,A cop is standing up.,"A police officer is sitting in his police car, racing towards a criminal.",0.956041753292,-0.448925167322
A man riding a dirt bike on a racetrack.,A man is riding a dirt bike in a race at a track.,A man is riding a four-wheeler on his farm.,0.984127163887,0.791862905025
"Several people are sitting down playing volleyball with a sign that reads ""WheelPower"" in the background.",many people sit playing a game,two men play on a basketball court,0.949802279472,0.0458891391754
a girl at a wedding holding some orange flowers,A girl is holding some orange flowers at a wedding.,A man is painting a house blue.,0.997503697872,-0.284901082516
A young girl plays with a neon-colored Slinky in a crowd of people on a street lined with flags.,A girl is playing with a Slinky.,The Slinky is black.,0.310747057199,-0.447228699923
"A group of grimacing males is running on green grass, several of them are wearing Nike sneakers.",Several people are outside moving quickly.,The men are all wearing sandals.,0.558155238628,0.0175695754588
Two women looking at the camera and a man looking away.,A group of people.,No one is looking at the camera.,0.738366723061,-0.640738844872
A child dressed in blue jeans with rolled cuffs and a pink hoodie waits outdoors at the foot of the stairs with an axe.,A child waits by some stairs.,A child in a green hoodie waits on the couch.,0.943981826305,-0.331523835659
A man holding his two adorable babies.,A man has more than one child.,A man is childless.,0.545975804329,-0.0973566621542
A man is taking pictures hanging outside of a red rally car.,The man is near the car.,The man is alone in the bathroom.,0.307578384876,-0.437690198421
A little girl with a hat sits between a woman's feet in the sand in front of a pair of colorful tents.,The girl is wearing a hat.,The girl and woman are inside.,0.131973862648,-0.124482654035
A woman watches a child play near a small pool.,A woman watches a child play.,A woman snatches a child before the car hits her.,0.623077750206,-0.395998597145
A goalie tries to catch a ball during a soccer game.,a goalie is doing his job as a goalie.,the goalie quit during the game.,0.60751926899,-0.426516115665
"A man in a black shirt is working out in a gym, while a woman behind him is on a treadmill.",Two people exercise indoors.,This women's-only gym is packed with numerous customers.,-0.31598970294,-0.00792983546853
A woman huge a fluffy white dog.,The dog is embraced by the woman,The cat is eating pizza,0.907683730125,-0.0885700955987
A man walking towards the open sea.,Man is walk towards the sea.,Man is swimming.,0.977720856667,0.202282756567
Two little kids laugh on a blue swing.,Two children are playing on the swings.,A child slides down the slide by himself.,0.617019116879,-0.803767800331
A view of the back of a woman having a beverage.,woman has a drink,woman dumps the drink on a man,0.775471806526,0.0654647648335
Snowboarder sails in the air.,A snowboarder is out snowboarding.,A young snowboarder sips hot chocolate in the cabin.,0.908403754234,-0.557313144207
"Male volleyball players in red attempt to score on the other team, lighter red.",Guys are playing volleyball.,Women are rollerblading.,0.431430667639,0.186743363738
A man stands on the sidewalk near a lamp post as well as a pillar forming part of an edifice.,The man is on a sidewalk.,The man is on a ship.,0.810258328915,-0.274254620075
A group of 5 girls in school uniforms are standing together and waiting to cross the street while one girl takes a picture.,Five girls are standing together.,The girls are wearing hockey jerseys.,0.835575222969,-0.19399137795
Woman wearing jeans and white shirt watches as her bowling ball rolls down the lane to the pins.,A woman bowls.,I eat spaghetti with my elbows.,0.699038922787,0.668189525604
A group of children playing and having a good time.,The kids are together.,The children are reading books.,0.853660106659,-0.38308763504
A little boy in green is kicking a soccer ball and 6 boys in referee shirts are following him.,There are many children around.,The girls are putting on makeup in the room.,0.665223300457,-0.810683369637
"A young man, without apparent protective gear, is on a bicycle jumping over small hills of sand or gravel, with a long bridge and tall buildings in the background.",A young male is riding his bicycle over small hills.,A young man is swimming in the ocean.,0.778824329376,-0.182907104492
Women are standing outside,There are muliple women outdoors.,The women are seated in a bistro eating lunch.,0.749217927456,-0.543569207191
"A young woman dressed as a princess is waving to others from inside a ride where the carriage is a large replica of the Disney character, Dumbo.","A female with clothes on is on a moving vehicle, waving her hands left to right in the air.",The young woman is sleeping in bed.,0.629034280777,-0.283480346203
Two men in uniforms are in soccer field behind a line waiting to play.,two men waiting to play soccer,two men waiting for the bus,0.968608379364,-0.5808365345
Two children feeding horses through a fence.,Children attending to a animals needs.,Children are throwing rocks at small sheep.,0.190229564905,-0.329296827316
A man is sitting in on the side of the street with brass pots.,A man is sitting.,a man does not have brass pots,0.746768772602,-0.228988721967
Long-haired man in blue jeans carrying red bass drum above his head while talking on the phone.,A man is carrying a drum while on the phone.,A man is walking not on the phone.,0.931920051575,-0.275189399719
The pets play in the apartment.,The animals are playing.,The animals are playing outside.,0.476697891951,-0.332357525826
Four people stand next to some bikes while one of them points.,Four people are standing.,Two people are sitting on the ground.,0.48034080863,0.0847119018435
A man in a wetsuit surfing.,The man near the water.,The man in a wetsuit is eating a hamburger on the beach.,0.83259087801,-0.396903276443
"A young woman in a green ""Aeropostale"" shirt and a green bracelet with a black purse, looking down with pursed lips.",A girl wears a green shirt.,The shirt is white.,0.703865885735,-0.349967688322
A waitress with a pink shirt and black pants walking through a restaurant carrying bowls of soup.,A person with pants,Nobody has pants,0.568474173546,-0.470333755016
Two children playing on the floor with toy trains.,The children played on the floor.,The girls slept on the floor next to the toys.,-0.0574860982597,-0.845377445221
A left-handed pitcher wearing the number 40 is throwing a ball to a catcher.,person pitches ball,a dog sleeps,0.421727031469,0.179855167866
a maintenance worker at the airport carries a small girl.,A person carries a child.,A girl follows her father through the airport.,0.796652436256,-0.0440107136965
A lady and a man are on stage dancing with flexibility.,Two people are dancing on a stage.,"Two men are laying, motionless, on stage.",0.957654356956,-0.310354053974
Two young people in jeans looking at each other.,the two people were together,the young man read a book on the bench,0.982017397881,-0.0799587219954
A man in a suit and tie is opening a door.,There is one man in this picture.,The man is baking a cake for his wife's birthday party.,0.76474905014,-0.629255771637
A blond-hair boy holding a toy airplane is in front of what looks like a colorful toy monster.,A fair headed child has a replica flying vehicle and an another toy mythical creature.,"People hike through a California desert with towering cactus, wild cats and spiny lizards.",0.800447165966,-0.702749609947
Two men are shopping for orange juice.,two men are at the store,two men are shopping for pie,0.600862622261,0.770948886871
a man with a blue jacket look at items.,A man looks at things.,A woman shops at Tiffany's.,0.969308137894,0.232543200254
A middle-aged man in a bicycle race trying his hardest on the sand surrounded by watching crowd.,A man is riding a bicycle.,A small girl bounces on a pogo stick.,0.619221568108,-0.638745903969
A crowd of people are sitting in seats in a sports ground bleachers.,The crowd of people are sitting.,The crowd of people standing and cheering.,0.92663449049,-0.754392743111
2 people in blue and purple costumes are looking at each other with a hill in the background.,2 people looking at one another,2 men drive a golf cart,0.975667178631,-0.404866814613
A group of young soccer players run down the field after the ball.,A group of people play soccer.,A baseball player strikes out.,0.878660202026,0.463764488697
A group of people standing in the street.,A group of people in the street.,A man drives a snowcat.,0.816993713379,0.324235439301
A crowd gathers along the handrail of a boardwalk to watch young men leap into the air on the beach sand.,A number of boys are airborne at the beach.,A group of young men lay on their bellies at the beach.,0.849386334419,0.108135007322
A man in hat and apron flipping over his pancake by tossing it in the air back to the pan.,The male is cooking food.,The male is surfing on his day off.,0.771750450134,-0.234192937613
A waitress is serving customers at a restaurant.,A waitress is doing her job at the restaurant.,The waitress is sitting in a chair ignoring the customers around her.,0.933449149132,-0.279063105583
Two girls play with origami.,The girls hold paper,The girls eat the paper,0.500494718552,0.138998314738
"Four construction workers, wearing neon vests, stand at a construction site along with some equipment.",The construction workers are at work.,The four construction workers are taking the day off and are having a latte at a cafe.,0.94204634428,-0.438280940056
A man does a jump trick on a bike.,The man is doing a bike trick.,The boy fell off his bike.,0.830216884613,-0.212118625641
One boy is driving a play tractor while the other boy jumps off the back of the play tractor.,The two boys are playing.,There is only one boy present.,0.89561021328,0.524863183498
Guy playing the guitar on a bench with another man watching him.,Someone plays a guitar.,The guitar is on fire.,0.796110093594,0.184986412525
A teenage boy is standing in front of a game machine in an arcade hall ready to put a token into a coin slot.,A teenage boy is standing in from if a game machine and putting coins in the slot.,A teenage boy is standing in front of a television and is about to play on a xbox.,0.36356562376,0.812138915062
Several men in protective suits are rolling a man on a gurnee.,A man is on a gurney,Zombies are leaving the hospital,0.934791326523,-0.220399260521
A young woman rides by herself on a swinging carnival ride.,A woman is enjoying herself.,A woman broke her toe.,0.497224509716,-0.203008145094
A boy toddler play outside on a clothes rack full of tied dye shirts.,A toddler is playing outside.,A toddler is playing inside the house.,0.851868033409,-0.573227882385
A baby with star shades on.,A baby wearing glasses.,A baby without glasses.,0.906101822853,-0.224499106407
Black greyhound dog racing down a track.,The dog is on the track.,The dog is asleep in the park.,0.924501419067,-0.269174933434
"A young boy carries a green, white, and red flag and walks next to a woman.",The woman is walking next to the boy carrying the flag.,The woman is carrying the flag.,0.871109843254,0.146267727017
The wrestler in white shorts is preparing to body slam his opponent in black shorts while the referee prepares to jump in.,The athletes are wrestling.,The boxers are pounding on each other as the ref watches.,0.55053126812,-0.0107714869082
A boy in dark blue clothes is kneeling while holding a toy.,The boy in dark clothes is playing with his toy on the floor.,The boy is eating a pie.,0.88368588686,-0.656324267387
A woman is captured midair into her leap with pyramids in the background.,A woman is captured midair when she leaps with the pyramids nearby,A woman is capturing a man who is running away from her,0.978923618793,0.418681323528
"A city street performer with long gray hair sits on a green bucket, two woman look on behind the man.",The city street performer sits on a green bucket.,Two women sit down for coffee.,0.714794099331,-0.179946810007
A boy and dog are on the lawn outside of the house and in front of the flower bed.,A boy and dog play outside.,A girl and her mother walk to the car.,0.83499288559,-0.58325612545
"Bald man in white and black shorts, punching man with black hair, and red, orange and blue shorts.",A man punches another man.,Two men sit peacefully on a park bench.,0.7589417696,-0.784241080284
A baby is in an activity chair in a child's playroom.,A baby is playing in the playroom.,The baby is asleep in the crib.,0.82935488224,-0.210448279977
"A man in a white button up shirt, and a man in a brown button up shirt discussing something over a table of food.",Two guys having a conversation.,Two men playing a game of darts at a bar.,0.968458652496,-0.244597867131
"People and cars are on a parking lot surrounded by multiple building, one of which has the word PROLOGy above it.",There is a parking lot with people and cars on it.,The building has collapsed on top of a bicycle,0.911938130856,-0.5218937397
Two Asian women talking and having drinks at a small round table.,Two ladies are sitting together at the table.,Two ladies are sitting at the bar.,0.653887808323,0.252260804176
A woman in orange performs with puppets while a little boy in a monkey costume walks by.,A boy wearing a monkey costume passes by a puppeteer.,The boy and the woman are stargazing through a telescope.,0.640069782734,0.557270765305
People work diligently on there computers at their desks.,Several persons were at their desks working diligently at their computers,The desk chairs were empty as the people lazily wasted the day away drinking.,0.995785832405,-0.26859536767
Two people on scooters in a field of flowers.,The people are on the scooters outside.,The two people are walking through a museum.,0.874851584435,0.124923095107
A person wearing a yellow shirt stands between two waterfalls.,The person in a yellow shirt is outdoors.,A person is going out into space.,0.94733607769,-0.668002903461
"Many people are listening to a concert, and TV crew is recording the audience reaction.",People are listening to a concert.,A band is practicing in front of an empty room.,0.538620769978,-0.474388509989
A man wearing a pink shirt and wearing glasses crouching down in front of a basket of clothing at the laundromat.,A man is wearing a pink shirt.,He wears contact lens.,0.387513697147,0.32859775424
A girl is posing outside.,A girl is outside.,A girl is inside taking a picture.,0.955212235451,-0.209792107344
Gymnast photographed in mid flip.,Gymnast does a flip.,gymnast takes a nap on balance beam,0.643422544003,-0.568667531013
A couple of travelers in a train station.,Some travelers are at a train station.,Several dogs are waiting for a ride home from the dog park.,0.99914085865,-0.446540385485
a dog chases another dog.,Two dogs are running.,Two dogs are running after a cat.,0.441308170557,-0.572646856308
A man standing in a stairwell with a green strip on the wall.,A man is standing in a stairwell.,A man is running down the sidewalk.,0.980517745018,0.107797279954
A group of people are taking a fun train ride.,People ride the train.,People are on a bus.,0.934317469597,-0.120522737503
a redheaded lady is reading a book while waiting for the train.,a woman is reading a book.,a woman is napping on her ride home.,0.888581395149,0.205907478929
A boy in a baseball cap jumps over a flight of stairs.,A boy jumping through the air.,A guy swimming in the pool.,0.812069654465,-0.505604505539
A person is wearing a helmet and protective clothing while riding a four-wheeled vehicle.,The person has a helmet on.,The person is riding a bicycle.,0.9686871171,0.157990127802
A swimmer is getting out of a pool where people are swimming laps and is having her picture taken as a crowd looks on from the edge of the pool.,A swimmer is getting out of a pool,A bike rider is splashing around,0.968604624271,0.0790146365762
There are two men standing beside a market of fruits and vegetables.,Two men are standing beside produce.,two men are playing football with each other.,0.949967443943,0.398761123419
A woman with an umbrella listens on a mobile phone on the street in front of a graffiti-tagged wall.,A person is on the phone outside in the rain.,A woman is calling for a cab so she wont have to walk in the rain.,0.753417611122,-0.248885422945
A dog leaps into the air in a grassy field surrounded by trees.,A dog is in a grassy field filled with trees.,A dog is sleeping in a grassy field surrounded by trees.,0.938265264034,-0.573058485985
A little blond girl runs through orange cones.,A little girl runs.,A little girl is in an airplane.,0.756753325462,0.227056547999
Football players playing in mud.,Football players are dirty.,Football players are playing chess.,0.83700054884,0.053562309593
Asian man giving thumbs up on street.,An Asian man is giving a thumbs up.,An Asian man is eating soup in an art gallery.,0.980955064297,-0.0380878075957
This lady had a lot of freckles.,There is a woman.,The woman's face has a flawless alabaster complexion.,0.388888597488,0.284285455942
A girl in a green jersey top and blue shorts is getting ready to kick the soccer ball near the goal.,a girl gets ready to kick a ball,a girl sits in a chair,0.945025980473,-0.450523853302
A guy is standing in front of a toilet with a coffee cup in one hand and a toilet brush in the other.,A guy is standing in a bathroom.,A man is attempting to brew coffee.,0.936120271683,-0.394083410501
"The small girl is sitting in a harness, strapped to a tether, while others watch.",There is a girl in a harness.,A little girl is riding a bicycle on a tightrope.,0.676340460777,0.662833571434
"Two little boys eat McDonald's while sitting at a table and chairs outside, where others are also eating.",Two kids eat food at an outside table.,Two kids eat pizza inside a restaurant.,0.796100616455,0.158126473427
A woman in a red and white jacket riding a bicycle.,a woman rides a bike,a woman is sleeping on a chair,0.959457755089,-0.234574154019
Several people stopped by the side of the road are watching what is happening in the woods.,People stopped by the side of the road,Women are gossiping about a blowfish,0.839969098568,-0.317735791206
Two people one in a brown shirt wearing a backpack and the other wearing a pick sweater and bike helmet are kneeling at a bicycle tire.,A person in a shirt,Nobody has a shirt on,0.837691068649,-0.635563254356
Two police officers are sitting on motorcycles in the road.,the police are sitting,the police are sleep.,0.839116632938,-0.060892470181
A man is on the back of his friend.,A man is holding his friend.,A woman carries her young son on her back.,0.981308817863,0.0972476601601
"A man in a green, black, and white spandex sports uniform is riding a bike.",A person dressed up colorful for sport today.,A guy isn't afraid to fall down and spoiled his bright uniform.,0.811242818832,-0.296329349279
"People mingling in the foreground and background, two of them are walking towards those in the background that are positioned nearby of a building that is overshadowed by a large number of trees, while the two in the foreground are tending to a horse drawn carriage.","There are a bunch of people, some near a building, others walking and others are doing something to a carriage.",A bus pulls into the station.,0.993108153343,-0.219188302755
A young woman with colorful clothes on.,Her clothes are bright.,She is naked.,0.94735199213,-0.79080092907
A person performs a snowboarding trick on a rail as a man crouches down to get a better view.,The person snowboards well.,The two men are skiing down the slope.,0.840221047401,-0.358357131481
"A man on a bicycle, wearing an all black outfit, looks as though he's hanging in midair over a bridge.",a man on a bike in all black hangs appears to hang in the air over a bridge,a man walking down the road watches birds,0.976424574852,0.314019382
A swimming dog with a small branch in its mouth.,A dog is swimming with a branch in its mouth.,A dog is ice skating.,0.970231413841,-0.198669314384
A young girl with long brown hair is brushing her teeth.,A girl is holding a toothbrush.,A girl has short blonde hair.,0.976575314999,-0.244495511055
a man in a tan shirt is standing at the kitchen counter looking at food.,A man standing at a kitchen counter looking at food.,A man standing at a dinner table looking at his family.,0.972047865391,0.827907204628
A man sitting on the ground carving a green coconut with a large knife.,A man is sitting down.,The man is standing.,0.645030736923,-0.399218738079
A brown dog runs through a field.,A brown dog running outside.,Two dogs on a bus.,0.990014076233,-0.346148729324
"A taxi SUV drives past an urban construction site, as a man walks down the street in the other direction.",An SUV and a man are going in opposite directions.,A man is chasing an SUV that is going in the same direction as him.,0.964109480381,0.354073703289
An old woman drinking water in a yellow room,An old woman is in a yellow room.,An old woman is eating lunch in a blue room.,0.740925550461,0.333050906658
Grading and pricing fish in an open air fish market.,Fresh fish are for sale at an outdoor marketplace.,A child stares at a fish tank as guppies and goldfish swim by.,0.852427780628,-0.1658218503
Scientists sit in a laboratory in sterile clothing while looking at microscopes.,Scientists are looking at microscopes,A group of children are sitting in a science class,0.80123758316,0.882582962513
A woman wearing a black shirt is standing next to an old rusted vehicle.,A woman standing next to an old vehicle.,A woman is jogging on the bike trail.,0.975666880608,-0.138011559844
"A man painting in front of a storefront, his paintings are displayed.",A man has made some paintings.,A man is painting in his living room.,0.929012298584,0.169989600778
"Two young girls are playing large stringed instruments behind music stands, with a window in the background.",The girls are musicians.,The girls are writing an essay.,-0.0517581216991,-0.357729256153
Bikers talking in the road.,People talking outside.,Bikers riding their bikes inside.,0.738861382008,0.201739981771
Elderly man painting a picture with a small paintbrush.,An old man is creating art.,A baby is smearing food all over his high chair tray.,0.732162952423,-0.418187528849
"A man wearing a top-hat, blue plaid pajama pants, a white shirt, and gold embroidered vest stands in front of an American Flag under a colorfully painted street-front, and speaks to a crowd from a microphone.",A man has on a top hat,A man has on a sombrero,0.961516559124,0.241863965988
A track sprinter takes off after he hears the starting horn.,The man is a runner,The man is swimming.,0.336908459663,-0.746707201004
Three young girls in uniforms stand in front of a whiteboard looking at one another with one girl holding her arm out to another girl while another girl sits in her uniform in front of classroom posters and maps.,Girls standing at a whiteboard in front of class.,Girls in line for the bathroom.,0.661387324333,-0.032128598541
A mother peacefully works on making a beautiful and colorful mat while her son admires her skills.,A mother works peacefully on making a beautiful and colorful mat while her son admires her skills.,A father beats his kid.,1,-0.849924564362
Three people walking down a hallway at the train station.,A group of people are walking through an area of public transportation.,A few people are sitting in a dining car of a train drinking coffee.,0.799791276455,-0.012231182307
Two men inside a tent are examining the floor.,men looking at the floor,a woman playing cards,0.54535472393,-0.247652485967
A marching band of kids while at a rodeo.,There is a group of kids.,Adults make up the band.,0.749132335186,0.133816897869
"Six men, all wearing identifying number plaques, are participating in an outdoor race.",a number of guys wearing numbers race outside,a man sits in a chair printing running bib numbers,0.971390843391,-0.175791710615
A man in a suit and tie and a woman with luggage join others in waiting in the London Underground.,A couple are in the Underground.,People are on a double decker bus in London.,0.281333357096,0.0360570214689
A man wearing a black T-shirt and a tan jacket wrapped around his waist pulls a wheeled gray and black bag as he walks next to a building that has large glass windows.,A person walking outside.,A man sitting in a lounge chair.,0.83620518446,-0.225333720446
Brown dog running through shallow water.,A dog is running.,A dog is sleeping on a blanket.,0.802672326565,-0.292605906725
"The Rockettes perform on the street in front of Radio City Music Hall, as well as next to a cop car.",The Rockettes are near a cop car.,The car is a food truck.,0.354671299458,-0.496366500854
A male musician is playing guitar for a show on stage.,Man playing music,Man playing the piano,0.93104660511,-0.254737406969
A woman is sitting and staring on a red bench near a building.,A woman is sitting outside.,A woman is standing in line.,0.933055877686,-0.321963489056
A child is reaching up to the counter using a step stool.,The child is using a step stool.,The child is sitting on the floor.,0.954521894455,-0.0460861586034
A person writing something on a newspaper.,A person is writing.,A person is driving a fire truck.,0.674028456211,-0.67408823967
A girl with a balloon animal in her left hand looks up as a person on stilts leans down to show the girl something.,A girl is holding a balloon animal while a person is showing her something.,A girl is swimming in a pool.,0.991604447365,-0.282681792974
A motorcycle rider is making a sharp turn.,The motorcyclist is turning.,The motorcycle ride is on a straight road.,0.882344007492,-0.135661900043
Children are playing a game outside.,Children are playing a game,Children are not a game,0.972519278526,-0.192302495241
Various people shop at a street clothing sale.,People shop at a clothing sale.,Various cats shop at a street clothing sale.,0.973282396793,-0.207963839173
A cyclist rides down a rocky mountain.,He is riding a bike.,The mountain is on Mars.,0.508224070072,-0.52085518837
One of the hockey players just tried to score,There are a bunch of people on the ice.,There is a lion on the ice,0.619661033154,0.666889965534
A couple sit on a park bench with purple balloons tied to it.,people at the park.,A couple watching television,0.294297456741,-0.295764267445
A woman in a blue star printed dress stands next to a grill with food on it.,A woman in a starry dress is near a grill that is cooking.,The woman has her husband hog tied and cooking on the barbecue.,0.90343272686,0.276403546333
A man in a black jacket and blue jeans carries a bouquet of red roses along a city sidewalk past a bus stop.,man carries flowers,cow eats berries,0.520331919193,-0.403473824263
A man with stubble on his face is holding a baby.,The baby is being held by the man with the stubble on his face,the boy is crying while being held back his mother,0.997276902199,-0.0666654929519
"Four young people stand in a circle conversing, while a man in white button-down shirt, coral colored pants and green hand bandage stands to the side.",The man is excluded from the conversation,The four old men talk about grapes,-0.300974845886,-0.0223857145756
A guitarist performs on stage.,A guitarist performs.,The drummer performs.,0.99314391613,0.539811193943
People walking through dirt.,People are outside.,People are swimming.,0.802826166153,-0.0178912580013
A man in a white hat and a woman in a light blue jacket have stopped on a busy street to look at something.,The man and woman are outside.,A man walks by himself down an empty road.,0.768335819244,-0.458520412445
A blond singer wearing a black shirt is singing into the microphone.,A person is singing into a microphone.,The crossdresser is giving a speech on equality.,0.991683125496,0.351244151592
A girl sits on a bench holding an inflatable tiger next to another girl in a colorful outfit.,The girl sitting on the bench is next to another girl.,The girl is standing on a bench.,0.696528553963,-0.155874714255
A group of men are searching for something.,A group of men are trying to find something.,A group of men found treasure.,0.988372683525,-0.60443598032
Two brown-haired men wearing short-sleeved shirts and shorts are climbing stairs.,The men are together.,The men have blonde hair.,0.407337665558,-0.319134056568
"A man in a blue shirt, jumping down a hill in a park.",A man is down a park,A man is sleeping.,0.687153577805,-0.565578937531
A baby wearing a bib makes a funny face at the camera.,A baby in a bib is making funny faces at the camera.,A baby spits up all over his bib.,0.998973846436,0.309138655663
A woman in a jacket and scarf looking a table that a man in a black shirt is cooking something on.,A lady is watching a man cook.,A man and woman are swimming in the ocean.,0.463572651148,-0.627077579498
Woman wearing a white donkey costume while talking to a man.,A woman is wearing strange clothing.,A woman is dancing near a fire.,0.853892087936,-0.339597016573
A soccer game in a large area with 8 yellow players and 4 black players.,There is a soccer game with 12 players.,There is a basketball game in a cramped space.,0.927255094051,-0.375189900398
A man standing on a boat in a yellow jumpsuit helping another man in a yellow jumpsuit climb up a ladder on a bigger ship.,Two men dressed in yellow on a boat.,Two men riding jet skis on a lake.,0.641723871231,0.0882342532277
A chef is giving a sample of food to a customer.,A chef gives a sample.,A man rides a bike.,0.944581389427,0.260977804661
A young woman sits crosslegged beside her purse on the grass among a crowd of dogs.,The dogs are standing around a crosslegged woman on the grass.,The woman is on the couch with the dogs.,0.413845479488,-0.466233998537
Three young women pose for the camera at a parade.,A trio of women get their picture taken.,The women went to the parade but no one took their picture.,0.960696697235,-0.245286107063
A young woman standing on a tall ladder is changing the display title on the front of an old movie theater.,The young woman is in front of the old movie theater.,The young woman works in an ice cream shop.,0.246670335531,0.387633115053
Men walk in line carrying things.,"While carrying their load, the men walked one behind the other.","The men set lazily beside the river, resting on the bank.",0.971253573895,-0.372709572315
A woman in a wheelchair is talking to her friend while surrounded by other people walking in the park.,The woman is outdoors.,The woman is eating a hotdog in the middle of her bedroom.,0.5565122962,-0.31464740634
A woman building herself a sand castle.,a women is making a sand castle,the women is playing in the snow,0.922156393528,0.0694520696998
Man is chopping wood and is about to be pushed over by another person.,A man is chopping wood.,Two dogs are on an airplane.,0.189718917012,-0.0383273437619
A crowd of people walking on a pavement at night.,It is the evening.,The crowd of people are running.,0.897753119469,-0.155882745981
A person in a green coat looks upwards while leaning against a fixture in front of a tree.,A person is standing outdoors.,A person is looking at the worms on the ground.,0.826260089874,-0.54471540451
Two young boys in swimming trunks are in the water looking at each other.,The boys look at each other,The girls look at the pant suit,0.124679528177,-0.417361855507
A dog catching a Frisbee.,A dog playing with a toy.,A dog eating food.,0.645310521126,-0.264094024897
A balding man with a checkered shirt and khaki pants naps on his recliner with his keys on his lap.,A old man recliner with his keys,A man run in playground.,0.927447199821,-0.347904086113
"A young boy with blue shorts, at an indoor pool jumping into the water.",a young kid jumps into the water,a young kid eats a bagel in the pool,0.651023745537,0.344457179308
Three children are in the process of jumping into a pool in what appears to be a suburban backyard.,The children are in motion.,The backyard is in the front of the house.,0.821679830551,-0.853135228157
A man drags a young boy in swim trunks into the surf at what appears to be a beach in a tropical location.,A man and boy are in a body of water.,A man is baking a loaf of bread.,0.636561632156,-0.0676789805293
Water polo swimmers competing for a loose ball.,A group of water polo swimmers having a water polo match.,A group of basketball players swimming together.,0.836773276329,0.640065670013
Three people in traditional garb play bamboo instruments.,Three humans are holding objects.,Three men are working in a bakery.,0.966722130775,0.468909293413
A woman walking in front of a yellow building.,The woman is walking.,The woman is running down the street.,0.68995308876,-0.358110666275
Two children standing in the grass being sprayed by a hose.,Children are getting hosed down on the grass,Children are playing tag in the grass,0.785180389881,0.723577857018
Two yellow dogs are running side by side down a road.,the yellow dogs run on the road,the 2 dogs cook pizza,0.88208347559,-0.134925216436
There are people walking down a busy nighttime street with signs lighting the way.,People are walking down a busy street.,People are walking down an empty road.,0.951628684998,-0.167074233294
A lady with bright orange hair walking in a crowd.,A woman is near a group of people.,The woman is asleep.,0.876588225365,-0.263220757246
Several people are wading in a river in a deep gorge.,Several people are playing in the water.,A dog and a pig play in some mud.,0.812691926956,0.419593393803
Six workers are working on the train tracks.,Six people are employed.,Sex workers are on strike at the train tracks.,0.972607135773,0.824269533157
A woman is using Frisbees to play with a dog in front of a stadium crowd and a group of baseball players.,A woman is playing with a dog.,The woman is standing in line to buy a hot dog.,0.595775723457,-0.0470444001257
A town worker working on electrical equipment.,The worker is working.,The worker is off work for the day.,0.97928571701,0.101542137563
People are working with some white pipes.,People working on white pipes.,People are ruining the red pipes.,0.993084847927,-0.23249694705
A young blond woman with braided pigtails and wearing blue biking gear is bicycle racing along a dirt track.,A young blond girl is riding a bike.,A young blond girl is laying in bed.,0.857586622238,-0.415519952774
Middle-aged man in jeans and dark blue t-shirt carrying a black item and walking across a lawn.,Man in dark clothing walks across a lawn.,Man burying his dead dog.,0.983644545078,-0.391331553459
Two brown dogs with green harnesses play tug-of-war.,There are dogs playing together,Some dogs are swimming in a river,0.954072475433,-0.583788514137
"Two women in costume, one dressed as a mermaid, the other as a fairy, are handing out brochures.",People are wearing costumes.,The women are dressed as bears.,0.536434054375,-0.0359712615609
A group of uniformed men carrying a cross adorned with a white ribbon in formation walking down the street on Easter.,Several service men are carrying a cross on Easter.,Several women are painting eggs on Easter.,0.814059734344,-0.815160751343
A white dog is chasing a stuffed animal being pulled on a string.,the animal is running,the animal is sleeping,0.60338306427,-0.690785467625
"A police officer, wearing his helmet, standing next to his motorcycle, standing next to a taller, bald, black male, wearing brown pants, his leather jacket across his shoulder.",a police officer stands next to his motorcycle with another man in leather nearby,a man impersonating a police officer flies with a jetpack,0.957221865654,0.67851805687
A family stands in a paved courtyard in an park in fall.,Humans standing,Nobody is standing,0.806282401085,-0.413243114948
A man in a leather jacket with the collar popped kisses the neck of a woman in a gray coat wearing a white scarf.,a guy with a jacket kisses a woman with a scarf,two men smooch,0.958167731762,-0.0332221798599
One man watching another man operate heavy machinery doing road construction.,A man watches another do construction work.,Two friends are fighting at a construction site.,0.934321165085,0.420118957758
A black dog walking through water.,The water has a black dog walking through it.,A man throws a ball to a boy.,0.99190723896,0.0497595742345
"A family holding hands in the snow are behind a man and his son, whom is wearing a blue jacket.",A family holds hands in the snow.,A family enjoy the beach on a summer day.,0.945912718773,-0.254102528095
Man with dreadlocks on a skateboard in the middle of the street.,The man is outside.,The man with a buzz cut falls off the skateboard.,0.723633527756,0.152403861284
A man in a red shirt plays his guitar while looking down.,A man playing an instrument,A man playing the drums,0.894802331924,-0.284711122513
Many people are watching street performers dancing.,people watching street preformers,People rioting in the streets,0.482574880123,-0.0976190268993
3 women and 2 men waiting by a wall in the park talking,The people were waiting by the wall.,The people were not waiting.,0.776038706303,-0.336409926414
An extremely wet woman is wading in front of a waterfall.,A woman dripping with water walks in front of a waterfall.,A woman is sitting in the desert with a flat tire.,0.871381163597,-0.58256405592
An Asian man in a t-shirt and sandals is smoking a pipe while sitting on a rock in front of a body of water.,The man is asian.,The man is drinking a beer in a pub.,0.336985051632,-0.32511511445
Two men kayaking on the ocean near the shore while they fish.,There are two men in kayaks.,Two women are on surfboards far from shore.,0.877790689468,0.222791731358
A black dog and a goose swim in the water.,There are two animals in the water.,The animals are not in the water.,0.27951169014,0.851692259312
The young girl cools off by sliding on the water slide.,The girl goes down a water slide.,No one is sliding down a water slide.,0.899656295776,0.291060298681
This football team wears red shirts and red helmets.,They are playing football.,They are throwing ice cream at homeless people.,0.823960065842,-0.2332649827
A man in an orange hat and brown jacket and pants running on snow in snowshoes.,a man running with snowshoes on the snow,a man running on the track,0.92552626133,0.662624537945
A cute puppy fetches a yellow ring chew toy in the yard.,A puppy plays fetch.,An old dog sleeps at his owners feet.,0.508172690868,-0.425887137651
There is a large group of people in front of Papa John's restaurant.,The people are outside of the restaurant.,The group of friends are sitting inside the restaurant.,0.890498638153,-0.0829498916864
two golden dogs are chewing a white cushion on a wooden patio.,There are dogs outside.,"Two golden dogs are at the vet, getting an x-ray.",0.309213578701,0.680108547211
A guy on a roof working on terracotta roof tiles.,A guy on a roof working on roof tiles.,A guy watering his garden.,0.995209157467,-0.153500795364
Two boys standing on top of a diving platform and one captured midair.,Two boys standing bravely on top of a diving platform,Two boys standing on top of a spaceship,0.910268545151,-0.00858942046762
Two girls smile for the camera.,People are smiling.,Three men are smoking cigars.,0.858462572098,-0.148134291172
A woman is tugging on a white sheet and laughing,The person is amused.,The woman is trying on a new dress.,0.963142871857,0.551206231117
Two older men standing in front of a store of sorts.,two older men stand,two young men play baseball,0.923071742058,0.282681435347
A standing crowd of people watches a musical performance on a lighted stage.,Some music is being performed on stage.,People are burning others alive on stage.,0.857393503189,0.605994462967
Boys on a field playing flag football with one boy wearing the red flag clutching the football while a boy with a yellow flag dives to get his red flag.,A boy attempts to tackle an opposing player in a game of flag football,A boy dives in soccer to prevent the winning goal,0.959500730038,0.378260493279
An asian woman sitting outside an outdoor market stall.,A woman sits outdoors.,A woman sitting in an indoor market.,0.738743662834,0.105450369418
A young man is riding a dirt bike while standing up.,The young man stands on the pedals of his dirt bike.,A young man takes a helicopter to work.,0.911269187927,0.394887804985
A man wearing a suit with a name tag stands reading in front of a microphone as a screen behind him displays a presentation.,"A man with a name tag that reads ""Ben"" is standing in front of a screen.",A man wearing a zombie costume is at a party holding a brown beer bottle.,0.942061901093,-0.147135719657
"A man in a green safety jacket and pants stands, facing away, near bags of trash while people stand on the curb across the street.",A person in a jacket,Nobody has a jacket,0.859902262688,-0.63008505106
A man in a beanie doing a bike trick.,The man is riding a bike.,The man is drinking.,0.66791164875,-0.266474664211
Two girls slide down the air-filled slide.,The people are sliding.,The boys are swimming in the pool.,0.551004290581,0.474309295416
A busy street full of shops and people holding hands and walking.,People walking passed shops on a street.,People sitting in a restaurant.,0.949478268623,-0.15358504653
Three girls are sitting at desks and appear to be working intently.,Three young people are seated.,Several boys are standing in a field.,0.937579751015,-0.451310575008
A fisherman with his friend is setting up his pole.,Two guys get ready to fish.,A woman makes a low country boil.,0.584919989109,-0.285205334425
A woman and man are cutting a large cake.,People are cutting a cake.,A newly wed couple are watching a movie.,0.943450808525,-0.0785104706883
"One woman walking across the street, another on sidewalk.",Women are walking.,Men are napping.,0.745965123177,-0.357005387545
"Young people sit in plastic chairs arranged around a set of stairs in a covered concrete area, wearing swim clothes, resting, and waiting.",People rest on plastic chairs.,People are standing angrily in line.,0.868990302086,-0.547452151775
A black dog is running through a wooded area.,A dog outside.,A napping puppy.,0.475316464901,-0.0421483665705
A man uses stereo equipment.,A man is using some audio equipment.,The man is hammering a,0.952009379864,0.0014055641368
A small girl is unwrapping a green present with toys strewn around.,A girl is surrounded by toys,The girl is climbing a mountain,0.742002487183,-0.432215631008
"A topless man with tattoos, black pants, and black boots is standing on a platform in front of a mirror.",a man is standing,the man is lying on the roof,0.769695878029,-0.216264471412
girl with helmet riding a brown horse,The girl is on top of a horse.,The girl is riding in the go kart,0.957338750362,0.152668893337
A colorfully dressed young man with visible skin lesions is sitting and smoking a cigarette.,a dressed man sits,a man is sleeping,0.801648855209,-0.619700908661
A man rows a small dingy laden with green plants on a river.,A man rows a small dingy.,A woman is rowing.,0.914252758026,0.0543487817049
A black and white dog jumping over a red and white bar.,The dog is in the air.,The dog is sleeping.,0.818423807621,-0.749527573586
images are missing images are missing images are missing images are missing images are missing images are missing,There are no images.,You can see all the images just fine.,0.480846375227,-0.8100938797
A group of people walking in a line through the snow toward a mountain.,group of people walking  the snow toward a mountain,people running .,0.993584990501,0.0276194773614
Toddler walking along path.,toddler is walking,toddler is asleep,0.954197525978,-0.176883369684
A girl lays on a wooden deck with a piece of clothing covering her face.,A person is laying on a deck.,A person is running around the yard chasing a stick.,0.702068209648,-0.707787156105
A woman wearing a black shirt with a cigarette in her right hand is smiling at the camera.,A female is smoking while having her picture taken.,The woman is wearing a red shirt.,0.968174815178,0.28213211894
A woman holds a little girl next to a large wooden carving of a bear.,A woman is holding a child.,The father and his son are playing in the pool.,0.730223119259,-0.622109949589
A man on a small 4 wheeled vehicle is flying through the air.,The man is in the air.,The man is on a bike.,0.870720744133,0.279200553894
two puppies playing around in the grass,two puppies outdoors.,two puppies scratching at the door to go out.,0.970527768135,0.352922260761
Man in overalls with two horses.,a man in overalls with two horses,a man in overalls with two cows,0.984649777412,0.3221308887
Three men excavating what appears to be a mountainside.,Three men excavating a mountainside outdoors.,Three men playing a game of poker at a table.,0.977512776852,-0.587945282459
A white dog with long hair jumps to catch a red and green toy.,An animal is jumping to catch an object.,A white dog with long hair is swimming underwater.,0.921343564987,-0.444537341595
A man and woman running side by side down a tree-lined street casting long shadows.,A man and woman are running.,A lazy man sits alone on his couch.,0.549537181854,-0.833537459373
"A four piece male band which includes two saxophone players, a trumpet player and a trombone player are playing on a stage while two other males are dancing in front of the band.",Some people are performing.,An all-girl band is performing at the jazz fest tonight.,0.823498547077,-0.0587507374585
People in orange robes line up behind a man wearing sunglasses.,People line up behind a one other person.,People are playing basketball.,0.978184580803,-0.0582326352596
A redheaded woman walking across the street.,A woman is outside.,The redheaded woman is at the salon dying her hair brunette.,0.632854700089,-0.303271770477
Two dogs play,The dogs are playing.,Two cats are playing.,0.386935800314,-0.810963630676
A man is holding a very long leash attached to a very large dog who is smelling the grass.,A man is walking a dog,A man is running away,0.490495026112,-0.278806656599
"a large house with three stories and 3 matching balconies, with one person standing on each balcony overlooking onlookers.",The house has balconies.,The house is single storied.,-0.655190825462,-0.847937583923
Greyhounds race on a sandy track with the dog in green taking the lead.,Dog in green is winning Greyhound race at track,Dog is sleeping on a blanket,0.380221694708,-0.908983886242
Two families on a picnic with green grass.,People are having a picnic.,People are water skiing.,0.727010369301,0.0371010042727
"There is a woman here in a children's room, wearing a red vest, with her hand in a fake sharks mouth.",There is a fake shark mouth in the children's room which the woman in the red vest has her hand in.,The children's room is empty.,0.932387888432,0.326420426369
A nurse examines equipment in the operating room.,A nurse at work.,A nurse is cooking dinner.,0.500451207161,0.257983565331
A young boy with sandy blond-hair and white and black soccer uniform kicking for the goal while parents look on.,The boy has blond hair.,The boy's parents are not present.,0.891932964325,-0.422531068325
Young male in blue shirt and tan pants rollerblading.,The young man is moving.,The young man is doing yoga.,0.803510189056,-0.480882287025
A man curls up in an orange blanket on the street.,A man is holding a blanket outdoors.,A man is folding his blanket inside.,0.695951461792,-0.107405774295
An older woman sits at a table in a tank top and skirt.,An older woman is sitting at a table,A woman is twerking in the club,0.868839859962,0.138546511531
A toddler in a denim hats plays in a tire.,A toddler playing in a tire outside.,A toddler eating mushy food in a high chair.,0.987619996071,-0.53124165535
a large group of people standing behind a podium on the stairs of a congress building.,Many people stand outside a building.,A group of people sleep outside a building.,0.950027883053,-0.518390774727
Two boys wearing colorful winter hats and dark coats are riding bikes and smiling at each other.,Two boys are riding bikes.,Two boys are sitting at home.,0.197972401977,-0.421322643757
A smiling costumed woman is holding an umbrella.,A happy woman holds an umbrella.,A sad woman who is naked holds a bag of garbage.,0.931485891342,-0.703895807266
A boy in a blue life jacket jumps off a board into the lake.,A boy jumps in the water,The life jacket is red,0.958124279976,0.00735120102763
"Two basketball players in black and white outfits are standing on a basketball court, talking.",The two basketball players are conversating.,The two basketball players are sitting on the bench.,0.896446704865,0.414284110069
An old women in a purple skirt is gardening with a old tool.,There is a woman wearing purple outside.,A woman is cooking in the kitchen.,0.727609276772,0.0136883305386
A young woman wearing a black shirt and black shorts jumps in the air at the beach.,A women in black at the beach.,A women taking a nap at the lake.,0.566952586174,-0.47511523962
Here is a picture of someone doing diagnostics on a vehicle in the dark.,Someone is looking at a vehicle.,They are driving the vehicle over a bridge.,0.967016875744,-0.493319898844
"Two women, one wearing a red, white and blue bikini pose for a picture on a city's street.",Two women are in the city.,A group of people in the office prepare for the snowstorm.,0.653279423714,-0.302275836468
Several young African Americans giving an outdoor dance performance,A group of young people dances.,A woman drinks poison.,0.850172758102,-0.750044226646
A little girl looking at a large boulder,A girl sees a rock formation.,A girl closes her eyes.,0.986377000809,-0.393108546734
Two doctors perform surgery on patient.,Doctors are performing surgery.,Two surgeons are having lunch.,0.993451535702,0.00595958903432
Two men on bicycles competing in a race.,People are riding bikes.,A few people are catching fish.,0.700014531612,-0.00108828302473
A blond girl with a graphic t-shirt wheeling a wheelbarrow across a lawn.,The female is wearing a t-shirt.,The blond girl is sleeping in bed.,0.305408626795,-0.793530106544
A skateboarder does a trick at a skate park.,The skateboarder is performing a heelie kick flip.,The skateboarder is at a concert with his girlfriend.,0.860184192657,0.550012230873
Two men are in a boxing match where a man in the red boxing trunks is hitting the man in the purple trunks.,The two men are involved in a physical activity.,The two men are wrestling.,0.712475657463,0.868128657341
A boy in a blue shirt is sitting on a couch with other people.,A boy in the company of other people,A boy in solitude,0.236721158028,0.0904982984066
A man and woman sit on a park bench with a set of newlyweds behind.,People outside.,A pack of ninja turtles fighting crime.,0.400131940842,-0.658650696278
Rugby player lifted to attempt a score against a red team defending.,sports team attempts to score,chess match turns violent,0.813216090202,0.0123019423336
A woman wearing a red dress and head covering is standing outside of a building.,A woman is outside.,A woman is in an airport.,0.842993974686,0.323647886515
Man plays electronic drum set in band.,The man knows how to play an instrument.,The man is playing a guitar.,0.854087412357,0.196323186159
Two dogs shaking themselves dry on the sand.,Two dogs shake off water to get dry.,Dogs swim in the ocean.,0.54480111599,-0.594742894173
A Korean gentlemen kicks up his leg.,A person is kicking.,A person stands on two feet.,0.620597839355,0.827783226967
three girls take cover under their umbrellas.,Girls taking cover.,Nobody has umbrellas.,0.41075950861,-0.473239779472
A young boy kissing an old man on the forehead.,There is a boy showing affection to an old man.,The young boy is eating pie.,0.748426377773,-0.479719042778
An Asian young man is drinking out of a metal cup.,The young man is drinking a liquid.,The young man is sleeping.,0.657961249352,-0.581427276134
A skateboarder is performing a trick in the air.,The skateboarder has experience riding a skateboard,The skateboarder is riding a bicycle.,0.698843955994,0.283721119165
A thin man in a maroon shirt standing next to a pay phone.,A man is standing next to a payphone wearing a maroon shirt.,A man in a maroon shirt is sitting on the train.,0.938808679581,-0.0503930151463
Children and adults swim in large pool with red staircase.,A group of people are swimming.,Children and adults are standing outside of a gym.,0.898004949093,-0.216064974666
City workers in bright yellow and green safety suits haul a stack of traffic cones through the snow and past the tree trunk.,City workers are moving traffic cones through the snow.,"The city workers are sitting under a tree, taking a break.",0.961609423161,-0.476141184568
A child climbing a rock.,A child is climbing on a rock.,An old woman sits on a rock.,0.998970031738,-0.311320751905
This wildly dressed couple are walking past a poster.,The couple are walking.,The couple are normally dressed.,0.606383562088,-0.53356128931
A black and brown dog walks in the shallows of a large body of water.,The dog is in the water.,The dog is wearing a clown suit.,0.398633599281,-0.821068167686
Black dog with orange ball approaches camera across dead leaves.,An animal is playing with toys.,A white dog is sleeping inside.,0.426483035088,-0.416747689247
A little girl in a pink jacket is walking.,The little girl can walk.,The girl is wearing a white jacket.,0.983945012093,0.801703631878
A man in a black shirt is playing golf outside.,The man wearing the black shirt plays a game of golf.,The man in the black shirt trades Pokemon cards with his girlfriend.,0.779646754265,0.184818744659
Two men in uniform hold up sign with young children.,Two men are holding up something with young kids.,Two men are destroying signs that kids created.,0.99509125948,-0.502360105515
A busy street scene on a rainy day full of umbrella toting walkers.,A bunch of people holding umbrellas on a rainy day.,A bunch of people sitting on the beach on a cloudless day.,0.987031757832,-0.632453501225
People are gathered by a tree beside a line of white tents.,People are gathered near a tree in proximity of white tents.,People are gathered in the middle of the atlantic after a plane chrased.,0.992313504219,-0.427487969398
A person in orange climbs a sheer cliff face covered in snow and ice.,He is climbing the cliff,He is shopping at walmart,0.430421054363,-0.307027071714
Four men in red vests with crosses on them ski on a mountain.,Four people are skiing,The friends are sitting in a coffee shop.,0.558763802052,-0.697384476662
A little brown-haired girl up in a tree.,There is a girl playing on the tree.,The boy jumped from the tree.,0.755552828312,-0.148534014821
A man and a woman repairing something.,A male and female work together to repair something.,A couple work together to make dinner in the kitchen.,0.975202858448,-0.325603663921
Soldier watches as a train zooms by.,Soldier is watching the train.,Soldier is sleeping in his bunk.,0.742810368538,-0.653541386127
A Man in a blue shirt and jeans is walking across the street.,There is a man outside.,A woman is running on a dirt track.,0.833170294762,-0.143743366003
Runners are competing on a track in front of a stadium full of people.,There are runners on a track.,Two women are jogging in the park.,0.953139901161,0.380792498589
"Male in brown leather jacket and black slacks, looking down at his phone, leaning against a brown painted box.","Male in brown leather jacket and black slacks, looking down at his phone","Male in brown leather jacket and black slacks, looking down at his giraffe",0.940075337887,0.348681926727
Four girls in shorts walk down the street.,There are some girls in this picture,They are sitting by the pool sipping on margaritas,0.724071025848,-0.09287327528
Men playing football.,Some men are playing a game.,Some men sleep.,0.193712323904,0.351462841034
A young girl jumping in front of the White House.,Someone is outside.,Someone is visiting the statue of Liberty.,0.732863545418,0.883488416672
Two women stop between a red smart car and a group of photographers to examine their items in hand.,Two women were walking but they stopped.,Everyone pictured is male.,0.596621453762,-0.453088641167
Three Little boys hold hands and jump into a pool together.,The little boys are jumping.,The little boys are playing at an arcade.,0.673195242882,-0.478334069252
A man with a striped shirt looks at a load of green and yellow vegetables on the back of a truck.,A man looks at a pile of colored vegetables on a car outside.,A man swimming in vegetables in a truck.,0.888090133667,-0.523176431656
"A man wearing a black jacket plays on his smartphone, while the little girl next to him wearing a scarf and blue jacket reads a book.",The man is using his phone.,The person is playing on his tablet.,0.682600736618,-0.165930390358
A man lying on the ground as vehicles pass by on the road.,A man is laying near cars.,A man is standing on the road to catch a ride.,0.760839402676,-0.25245270133
"A guy with long hair, a ball cap, and a blue shirt is smiling as he walks along the boardwalk",the man is walking,the man is sitting at home,0.384764641523,-0.705281019211
A man wearing an orange hard hat is being lowered down the side of a building.,The man is wearing a orange hat.,The man is breaking into the building.,0.746443748474,0.203106433153
"a group of men are fighting in front of a bar in a European city, one of them hitting another with a stick.",Group of men fighting each other outside of European bar.,People praying inside a church.,0.856300771236,-0.366981685162
A large crowd gathered in front of McDonald's.,A group of people assembled in front of a fast food restaurant.,A couple went to KFC for dinner.,0.858383774757,-0.557406783104
"A blond woman wearing a blue and pink floral tie-front bikini on a beach, readying to put a flagpole in the sand.",A person in a bikini,The beach is empty,0.652982354164,-0.0957489162683
A football player in a blue and yellow uniform is tackling another player in a white and gold uniform.,A football player is wearing blue and yellow.,The football player is drinking water on the bench.,0.841668963432,0.432724505663
a dog carries a large stick through the field.,The dog is carrying a stick,The dog is indoors,0.919303357601,-0.573351979256
A man and a woman is walking with a dog across a beach,The dog is walking.,The man and woman are alone.,0.324227452278,-0.418176919222
A dog runs along the ocean surf.,A canine is running on the seaside.,A cat is running in the waves.,0.840232253075,-0.107572391629
Two ladies looking for bread to purchase.,Two women are looking at bread.,The women are eating bread.,0.928666651249,0.588368535042
A man and a woman are boxing in a park with flowering trees.,The man and woman are doing physical activity.,The man and woman are hugging and kissing.,0.427396267653,0.738073706627
A person is kneeling between two horses,There is a person and two horses.,A person is standing between two cows.,0.904813706875,-0.0249531529844
People wait in line at bus stop.,The bus already has people waiting on it.,The people ride their bikes around town.,0.759074807167,-0.330653905869
A man and woman are sitting at a restaurant table holding hands.,a man and woman are at the table together,a man and a dog are eating ham,0.501294493675,0.387478888035
The police officer riding a horse is talking to a man riding a bike.,The police officer talking to a man.,The police officer riding a horse is talking to a man driving a car,0.462610304356,0.454193621874
A bride wearing her bridal gown is taking pictures with her colorful wedding bouquet in front of cows.,A bride is taking wedding pictures.,A groom is riding a horse.,0.847244024277,0.239732950926
A person wearing a robe and a pointed hat is holding a basket of bananas.,A person has some fruit.,A person is wearing a flat hat.,0.733500897884,-0.311801582575
The Raiders complete the pass while the Dolphin defense scrambles to catch him.,There are at least 2 players.,The player is alone asleep in the bathtub.,0.17137208581,-0.433381229639
Man walking with tall buildings with reflections behind him.,The man was walking.,The man was running through the park.,0.617624461651,-0.408517152071
Blue race car raises dust cloud on road as spectators take photos.,People watching a car.,A car parked on a ferry boat.,0.467856109142,-0.661232590675
This child is feeding a male deer.,The child gives food to a deer.,A child is sleeping in a bed.,0.662946462631,-0.011901108548
A young Asian woman wearing modern clothing leans against a cast iron fence in front of a brick building.,Some people who are visible are not African American.,Every person shown has extremely traditional ethnic dress on.,0.253705739975,-0.11712487042
A van with writing on it driving in front of a store.,A vehicle driving down the street.,A broken-down van in front of a shopping mall.,0.138340801001,0.386070668697
"A man in a pink shirt is stealing an old couples bike, the possibility he is a loan shark collecting his dues are high.",A couple is having there bike stolen.,A couple is giving a man a bike as a gift.,0.78462100029,-0.417511314154
There is not an image here.,No image can be seen.,There is an image here.,0.501171112061,-0.143987387419
A woman hanging out her laundry on the line.,A lady does her laundry.,A man fixes a dryer.,0.793966770172,0.0928688943386
People dancing and being watched by a man wearing a shirt that says security.,The man works security for the venue.,The club is not being guarded.,0.389873981476,-0.3778860569
A group of people looking at menus in a white restaurant.,The people are inside.,The people are sleeping in their beds.,0.539839982986,-0.319570600986
A man in a white lab coat is looking through a microscope.,There is a man examining items through a scope,There is a man purchasing a scope,0.216887563467,0.193197101355
A woman dressed as Snow White walks with other girls in costume down a street.,A woman is dressed as a fairy tale character.,A girl is taking a spelling test.,0.458662450314,0.621997356415
A young boy in a field of flowers carrying a ball,boy in field,dog in pool,0.538528203964,-0.275652587414
"A man with an orange jacket, takes the photo of four women, and a man in a greenish yellow suite.",A man is photographing five people.,A man takes pictures of twelve zebras.,0.92120629549,0.212484627962
A well dressed man and woman wearing floral dress dancing.,the man is well dressed.,the man is actually a woman.,0.139550805092,0.215868651867
A girl in a child's swimming pool.,A girl in a small swimming pool.,A girl playing in the sand.,0.997862935066,0.0750483721495
A woman prays while a young girl lights a fire,The woman is praying.,The woman and girl are sleeping.,-0.132423892617,-0.276908636093
The brown German shepherd dog is playing with a stick.,The dog is playing.,A dog is sleeping in a dog bed.,0.535187721252,-0.403051882982
Skiiers are walking through the snow near the mountains.,There are people in the snow.,People are at the beach.,0.970747470856,-0.341981470585
A child holds a football and runs from other children.,There is more than one child.,The children are all sitting down.,0.603948950768,-0.77314966917
A group of schoolgirls are standing together while one is taking pictures.,The group of schoolgirls want to be in a picture.,Nobody is using the camera.,0.713338255882,-0.41232329607
A young boy falls off his skateboard into a pile of brown leaves in the road.,A young boy falls down in Autumn.,The leaves are green.,0.738079667091,0.0504401810467
People riding on a tour bus in a parade wave to the bystanders.,The people are waving.,The people are riding horses down the street.,0.630475759506,-0.0583761408925
A graying man with glasses is standing in back of a barber's chair in a seemingly empty barber shop.,A man is standing in a barber shop.,A man is sitting in a barber's chair inside an empty barber shop.,0.26611918211,0.609021186829
A woman dressed in a blue tennis outfit is returning a hit with her tennis racket,A woman is playing sports.,A woman is picking flowers.,0.191982090473,0.372869133949
"The people driving the tiny white car were nearly hit by the train, but it had fortunately stopped just in time.",The car was nearly hit by a train.,The people driving the van were tailgating at the stadium.,0.457022130489,-0.457379460335
The little boy in jean shorts kicks the soccer ball.,A little boy is kicking a ball.,A little boy is shooting a basketball.,0.907342791557,-0.447790592909
Boy jumps in desert while others watch and take photo.,Someone is photographing a boy in motion.,A group of people without cameras are watching a boy.,0.84196382761,-0.160125255585
"A uniformed competitor in motocross has crossed a jump in the course and is astride his motorcycle in midair, with several young men looking on.",A man is performing motorcycle jump across the finish line while his friends cheer him on.,A man is riding a bicycle in the park.,0.877907037735,0.347716629505
A man is sitting outside wearing blue pants.,There is a person wearing pants.,The person is inside.,0.386681348085,0.132344350219
Lady standing outside a building talking on her cellphone.,the lady is standing,the lady is sitting,0.395255148411,-0.400476753712
A girl with brown hair and a brown shirt is building a gingerbread house.,The girl has brown hair.,The girl has blonde hair.,0.829160451889,-0.208449751139
A male construction worker hammers a nail.,A construction worker drives into a nail.,A construction worker is eating a sandwich during his lunch break.,0.351730912924,0.0201708283275
"Brunette man play saxophone in a busy outdoor shopping center as people look on, he wears a camouflage jacket and saxophone is gold.",A man playing a gold saxophone.,A man playing a guitar on a desolate street corner.,0.627538204193,0.0450011789799
brown dogs are running down a trail,Brown dogs are outside.,Brown dogs are laying on a trail.,0.305097341537,-0.387462735176
A girl in sunglasses smiles.,Smiling girl wearing sunglasses.,Girl wearing a hat crying.,0.966159760952,-0.730617463589
A group of people on the beach with cameras.,People are on a beach.,People are standing in a rain forest.,0.935941696167,-0.350368916988
A man walking by a cement column next to the sea.,There is a person near some water.,A man is sitting near the sea.,0.837886691093,0.0625653117895
A young man wearing black jumps off a height while people clap.,The man is jumping off something.,The man is wearing yellow.,0.970523118973,0.0424536652863
Three young men are cleaning up a classroom.,Three young men clean up their class.,Three women walk about coffee in class.,0.726508975029,-0.0174409896135
A well safety equipment biker racing on the trail in a wooded area with number 569 on his bike,A biker races on the trail,A snowboarder falls,0.676054358482,-0.443189769983
The people ride down the road on sleds.,The sleds carry the people along the road,The people are on the bus going to the museum,0.897776484489,-0.526149153709
Two hockey players battling for the puck after a face off.,Some people are playing sports.,Nobody has a hockey stick.,-0.082810908556,-0.0167616847903
Masked actors perform traditional Japanese theater.,There are multiple people present.,There is only one person present.,0.654008150101,-0.277486652136
A light colored dog splashes through the water.,The dog is having fun in the water.,The dog is running through the grass.,0.84312492609,0.0922924503684
A man speaking to a woman with a stroller in a room with several dinners.,a man speaks to a woman,the man is black,0.887207865715,-0.532894134521
A group of people standing in front of a club.,A group of people in front of a club.,There are seven people leaving the club.,0.883843660355,0.66914910078
A man holds wooden boards together as a young boy drives a nail into them.,An adult male holds wooden boards together as a boy hammers a nail into them.,A father and son watch television together.,0.884783506393,0.0104900719598
A curly-haired man and a woman in a black tank top both play guitars and sing at a festival.,Two people are singing.,A man and his daughter are dancing at the festival.,0.841346085072,0.67135488987
"Man on bike, with bike clothing and helmet on, having trouble maneuvering through sand from beach.",The man is riding a bike in sand.,The man is sailing a boat.,0.586630582809,0.264144361019
Two monks are visiting a big city.,The monks are dressed in their robes enjoying the big city.,The monks are running down the dirt trail.,0.950810313225,-0.352712661028
A woman holding a red cup with a straw in it sits in front of a man and a woman looking at a book.,A woman sits.,Cabbage makes a lovely cumberbund.,0.556896150112,0.049887560308
"Three people on bicycles, pedaling down the side of a road, with a jeep following them.",People are on the street.,Three people on bicycles are chasing a jeep.,0.814616262913,0.365344941616
Two girls with long brown hair sit on the floor with a view from the window behind them showing a town.,Two girls with long brown hair sit on the floor,Two girls with long brown hair sit on the spaceship,0.781357765198,-0.218232512474
Man biking in half pipe with graffiti on cement.,Man biking in half pipe.,Man skateboarding by himself on a half-wall with graffiti on cement.,0.927242875099,0.318764925003
A cricket batsman plays at the ball while the wicketkeeper behind him gestures as if making a catch.,Two people playing cricket.,A man throwing a frisbee to a dog.,0.84874022007,0.550376057625
A woman with a blue shirt is reading to her son.,a woman is reading,a woman is sitting in a blizzard with her son,0.959247589111,0.377829879522
A person in a yellow slicker is driving a motorboat next to the beach.,A person in a boat.,A whale eating a fisherman.,0.841504454613,-0.0775057077408
A man in goggle swimming.,A man swimming in the water with goggles.,A man on the beach.,0.921981930733,0.0149704366922
The little boy is jumping into a puddle on the street.,The boy is outside.,The boy is walking across the field with his dog.,0.870477020741,0.723318576813
"Two young boys of opposing teams play football, while wearing full protection uniforms and helmets.",boys play football,dog eats out of bowl,0.55944788456,-0.794303536415
A woman sitting down working with what looks like a kite.,A woman has a kite.,A woman is standing by the fountain.,0.594178438187,-0.109707176685
"Two men, one with a black shirt and the other with a white shirt, are kicking each other without making contact.",Two men are kicking at each other,Two men are punching at each other,0.572281062603,-0.182605564594
A man in a red Vegas shirt sits a table playing with his camera.,A man is playing with his camera.,The man is standing and taking pictures.,0.222704261541,-0.264502048492
A group of men are seated around a table and eating.,Men eating,Men taking a nap,0.703176677227,0.151889294386
Two men play a game of chess in the park while two others eagerly await their chance,People play chess while others watch.,Two men are shopping in the grocery store.,0.859534502029,0.257226526737
"Numerous people sitting in a dim lit room talking, drinking coffee and using computers.",People are in a dimly lit room drinking coffee.,A man sits alone drinking scotch in the sunlight on the beach where there is no internet connection.,0.885833621025,-0.0902288034558
A woman holding roses while she waits.,this lady has roses while she is waiting,this lady is flying a jet pack,0.994978845119,-0.330523014069
Indian women playing musical chairs with white woman.,indian women playing musical chairs with white woman in out door,indain woman playing cricket with white woman,0.97438710928,0.291824728251
A child does a handstand in a pool.,A small boy is in a pool.,An adult dives into a pool.,0.831548571587,0.773398816586
A man is scrapping paint off a window.,A man is removing paint.,A man is drawing a face on a window.,0.891492784023,0.389814287424
"A male and a female with a black hat, and sunglasses stop and talk.",Man and woman stop and chat with each other.,Man steals hat from woman in sunglasses.,0.932505488396,-0.658286094666
Professional women at the registration table of an event while men in suits look on.,People gather for an event.,People are partying.,0.859925031662,-0.0340421497822
"On the sidewalk, near the store's entrance, a local entertains all, by playing the accordion.",A local is playing an accordion.,The man is playing a guitar.,0.897261083126,0.291358023882
A group of people are walking down a sidewalk beside the beach.,There are people near a beach.,There is no beach nearby.,0.860626220703,-0.170837849379
A rescue diver just getting out of the dirty water.,The rescue diver is emerging from the dirty water.,The rescue diver is diving into the clear water.,0.99631601572,0.446335613728
A smiling man wearing a football jersey is carrying a stack of video games.,The man totes the video games,The man holds nothing,0.171582132578,-0.464246869087
"A small group of children are standing in a classroom and one of them has a foot in a trashcan, which also has a rope leading out of it.",There is a child with their foot in a garbage can near some other kids in a classroom.,A man looks at his watch at a bus stop.,0.863824367523,-0.0829459428787
A person wearing a suit is walking through an airport.,A person is in the airport.,A woman sits in the lobby waiting on the doctor.,0.720065534115,-0.199444100261
A woman shielding her face from the sun with a colorful umbrella.,A person is outdoors on a sunny day.,The woman is avoiding the rain by using an umbrella.,0.894347548485,0.0594977103174
People dressed in costumes walking down a street.,Humans wearing clothes on the street.,A naked man walking down the street.,0.943442940712,-0.385434865952
Hiker in blue shirt and red shorts stands on hill near mountain.,The hiker has shorts on.,The hiker is in a cave.,0.7386521101,-0.758178114891
Race team in black t-shirt service their red and white car.,The race team is working on the car.,The race is full of monkeys.,0.933020412922,-0.0874683558941
A young boy and his dog play at the edge of a public beach.,the kid plays with his dog at the beach,the pig eats cows,0.629603147507,-0.579628288746
Two dogs run around inside a fence.,Two dogs are inside a fence.,Two dogs sleep inside a fence.,0.683416008949,0.220727398992
A man in swimming trunks kicking a ball at the beach.,A man wearing swimming trunks plays around at the beach.,A man dressed in a suit throws a frisbee at the lake.,0.954255282879,0.167455777526
Interior scene of fairly full tour bus.,There are many people on the bus.,The bus is empty.,0.943287611008,0.0477700009942
Two women and a younger girl laugh and converse in front of a green tent and blue microphone.,Two women and a younger girl laugh,Two women and a younger girl don't laugh,0.891228199005,0.218387812376
"A lone red, white, and black race car is being driven by a single driver on a racetrack.",a car running down on racetrack,car parked in the ground,0.91547036171,0.241742491722
Sheep farmers are crouching and preparing to feed their animals as the sheepdog watches closely by.,Farmers prepare to feed their animals in a large field.,Farmers plant their corn as a scarecrow watches closely by.,0.813876330853,0.528664648533
"A gentleman cooks multiple dishes while preparing extra ingredients in his kitchen, windows open behind him.",A man inside of a building.,The adult is sculpting a piece out of lumber.,0.447959333658,0.565014064312
Attractive military man with weapons and ammunition sitting on top of a netted armed vehicle.,Military man sits on an armed vehicle.,A military man lounges by a pool sipping a drink.,0.752211332321,-0.00175092089921
Teens doing there best at a jump photo.,People are in the process of jumping.,Adults are sitting at a table.,0.872693896294,-0.576141417027
"A young boy in a Cookie Monster t-shirt sits on the ground on a fall day, holding a fallen leaf in his hand as an expression of joy lights up on his face.",A young boy is sitting outdoors.,A young boy is standing indoors.,0.6936647892,0.136191904545
A parade of people is marching in Santa costumes on a city street.,A group is in christmas themed suits.,A group is playing hide and go seek,0.278438359499,-0.441558539867
Military troops are gathered together and some are using tongs to turn over a variety of food on grill racks over coals.,Troops are together,Troops are marching,0.850611507893,-0.0752453655005
A man wearing yellow sneakers and a black vest is on a water board and hangs onto a waterski line that appears to be towed by a boat.,A man is moving on the water.,A dog is swimming towards a stick.,0.861117005348,-0.148862659931
Two children in a bag race competing against each other while another boy watches on.,There are three children.,The children are sitting in a field.,0.891336202621,-0.202770531178
A group of people engaged in some sort of outdoor gathering or ritual.,People gathering outdoors for a ceremony.,People hiding in bushes to scare little children.,0.982020676136,0.0430898293853
A black and a white dog are going after a tennis ball.,The dogs are chasing a ball.,The dogs are eating their dinner.,-0.296720504761,-0.574295639992
A man and woman are sitting at a table in front of a sign that reads IL PORTO and two wine bottles and two wineglasses are on the table.,Two people are ingesting alcohol.,Two teetotalers prepare for dinner.,0.837909340858,0.0945345014334
Two women with badges are watching something.,Two people are looking at something.,Two men are eating outside.,0.85670953989,-0.149491250515
A trainer runs next to his dog as it jumps through multiple hoops.,A trainer and his pooch.,A cat on the kitchen counter.,0.277627289295,-0.717473864555
A band performing with a girl singing and a guy next to her singing as well while playing the guitar,A band is performing.,They are an all-guy band.,0.961436569691,0.196084260941
A girl in a striped black and white sweater holds on to her friend who is bent over wearing a hooded black sweater and torn blue jeans.,The girl is touching her friend.,The girl is alone in her bedroom asleep.,-0.0895988196135,-0.622132599354
An athlete executes a judo throw while a judge watches.,The athlete competes in front of the judges.,The athlete is performing a karate toss.,0.682484209538,0.890369951725
This car is leaving a dust trail as it travels along a dirt road in a wooded area.,A car is traveling along a dirt road.,"A car is sitting in the shop, waiting for a mechanic to fix a part.",0.832581877708,-0.088285766542
Two young women are crossing a street just after a yellow school bus has passed by.,Two women crossing the street outside.,Two women riding in the school bus.,0.632129192352,0.539977192879
The dog is catching a treat.,the dog is looking at the treat,the cat is not catching a treat,0.929716587067,-0.362023025751
An Asian man attempting to repair a green bicycle outdoors while two other Asian men stand by.,Some humans,The man is riding the bike.,0.905387282372,0.0340112634003
A woman in a brown shirt and a man in a hat cross the street.,A man and woman are walking in the street.,A man and woman are walking down the hallway of their house.,0.749701976776,-0.328053474426
A man wearing chuck taylor shoes and a tan shirt attempts to break free from a straitjacket in front of a crowd,a man performs a magic trick,a dog jumps over a fence,0.316090941429,0.491452783346
A smiling woman is playing the violin in front of a turquoise background.,A woman is sitting and playing the violin.,a woman is playing a piano.,0.20654720068,-0.328006893396
A woman wearing a red tank top is preparing food while a man and a woman sit on the other side of the kitchen counter watching her.,A woman prepares food while two people sit on the other side,A woman throws food at a couple,0.850945413113,-0.0961802229285
"Three young men in blue jeans are gathered inside a wood-paneled room, one of them handling a crossbow.",three young men are gathered in a room made of wood panels while one holds a crossbow,four young men get ready to go hunting in a wooden room,0.79562664032,0.299959421158
A child slides down a colorful slide while another child watches,A child goes down a slide.,Two children chicken fight on the monkeybars.,0.593431591988,-0.879586994648
A young puppy suckles from his mother.,A young puppy lays at it's mothers stomach.,A bunch of puppies race around the house.,0.651748657227,0.663869261742
A man in a brightly colored vest performs on stage.,There is someone on the stage.,The guy is killing people.,0.964436888695,-0.421676695347
Two children in swimming trunks are standing under a water sprinkler while a crowd looks on.,The crowd watches the children play in the sprinkler,They play x-box in the sprinkler,0.606205224991,0.0507310405374
The skier is doing a flip through some trees,A skier is doing tricks.,The man is water skiing.,0.653674244881,0.119442254305
A white-haired man in a white shirt looks at information in an orange-red binder.,The man looks at a binder.,A man is a secret agent orange peeler.,0.78502124548,0.180995047092
A girl is playing the keyboard with her band.,A young girl is playing in a band.,A woman is watching a concert.,0.252894639969,0.494486033916
Two children are with a dog on leash who is standing against a tree.,Two people are with a dog on leash who is standing against a tree.,Two children are with a cat on leash who is standing against a tree.,0.998846054077,-0.216673001647
Several smiling people of varying ages sitting around a table with glasses of beer in front of them.,A groupe of people are sitting at a table.,Several people are sitting together inside a hot tub.,0.673458576202,0.303170740604
a group of people are wearing costumes,People are wearing costumes.,A person is sitting in a chair.,0.998897910118,-0.164006248116
A man speaking or singing into a microphone while playing the piano.,An entertainer is tickling the ivories.,A man is performing surgery on a giraffe while singing.,0.51764947176,0.338820338249
Black man singing with microphone,This is a singer,The man is whispering to his son,0.760073781013,0.0775269418955
People standing near trash bags outside.,People stand near the trash.,People walk down a pristine street.,0.953058302402,-0.184660255909
Two girls wading through hip deep mud.,The two people are in deep muddy water.,The two girls are in deep water.,0.849335432053,0.212357416749
A girl runs in a lake while the sun sets.,A girl is getting wet.,A girl is playing in the snow.,0.438060581684,-0.041605733335
A young man takes a walk carrying a backpack and camera.,A man is walking,The man is sitting on a rock,0.788543701172,-0.141811788082
A woman on vacation enjoying a vanilla ice cream cone.,A woman is eating cold ice cream.,A woman is putting ice cream in her shoe.,0.891984462738,0.928695857525
Two boys in green and white uniforms play basketball with two boys in blue and white uniforms.,Boys are playing basketball.,Eight girls in dresses are playing basketball.,0.647520005703,0.10200086236
A woman dangles from a blue fabric connected to a tree.,A woman is hanging from a tree.,A woman is walking through town.,0.732395529747,0.485991239548
little boy running in the street.,There is a street with a boy running,A boy is riding a bicycle on the sidewalk.,0.962682425976,0.0644728466868
A man is standing next to a bin overflowing with garbage.,The garbage bin is full.,A man is driving away from an empty garbage bin.,-0.473001092672,-0.449051916599
An athlete on the Slough Jets hockey team is skating on an ice rink with a hockey stick equipped.,A person ice skating.,Olympic hopefuls perform their swim routines.,0.818503260612,-0.0896295011044
A man in swimming trunks plays in the ocean's waves.,A man is outdoors.,A man is sitting on a beach.,-0.0339637324214,-0.0811311602592
People stand on boat dock waiting for their boat to arrive.,People are waiting.,People are sitting in their cars on the highway.,0.466352939606,-0.331416040659
Several children in full riding gear are on horseback in a grassy field carrying polo equipment.,There are children on horseback.,The children are swinging on swings at the playground.,0.829779446125,0.127376571298
A man running a marathon talks to his friend.,There is a man running.,There are people canoeing down a river.,0.979267239571,-0.384683251381
A boy and a girl in jackets gaze in a clothing store window.,Two kids are looking in a store window.,Two kids are flying on a hovercraft.,0.966534495354,-0.148455783725
Several children are standing in a house looking out the window.,kids stare out the window,some kids are sitting around playing videogames,0.835395097733,-0.15646609664
Several men are sitting around a parking lot.,There is people outside.,The people are standing up.,0.21279835701,-0.43862760067
A surfer is surfing catches a wave.,A surfer catches a wave.,A surfer walks to the hot dog truck.,0.958317279816,0.263920336962
A man is holding a bus pole in front of a building.,The man is outside,The woman is finishing her work as a hair stylist,0.17317943275,0.54786580801
A young man moving aside to let a young woman pass by.,A man lets a woman pass him.,A man pushes a woman and runs past her.,0.868149280548,0.374930262566
A man in a bicycle is passing through a house with blue doors.,A man is on a bike.,A man is looking at a painting.,0.880990564823,0.42019289732
"Three men; one pedaling while playing drums, one playing piano and one both pedaling and steering, move a type of mobile band down a street.",Three men are playing outside,Three men are at a table playing cards,0.772335648537,-0.0467186570168
A girl with a purple sweater and a green headband is doing classwork in a classroom.,A girl is doing work in a classroom.,A boy is scratching his name into his desk.,0.826661586761,0.145255446434
"An Asian badminton player at the Olympics is sprawled on the court, face down with his racket at his side.","A sports contestant in an international competition, is on the ground still holding onto his sporting equipment.","A dog at the dog groomers, gets a bath, a blow dry, and a nice brushing.",0.374655514956,-0.0877426490188
A girl standing by a decorated structural beam poses for a picture.,A girl poses for a picture.,A man tries on a new tie.,0.884128570557,0.284904718399
A gentlemen dressed in a purple shirt with a red apron selling items to eat at a sport event held during the day in the summer time.,There is a person and food.,There is a person selling food inside a fancy restaurant.,0.782640099525,0.387998223305
A woman standing on one hand in an empty pool.,The pool is not full of water.,The woman treads water after diving into the lake from a wooden dock.,0.946750104427,0.746609330177
The pitcher wearing black heaves the ball toward the catcher.,People are playing a game.,The Seahawks win the Super Bowl.,0.785340547562,0.351874709129
People walking down a busy city street in the winter.,The street has a lot of people.,People are running down a busy city street in summer.,0.795843243599,-0.136702552438
A lumberjack cuts down a pine tree in a snowy area.,A lumberjack is chopping wood outside.,A lumberjack cuts down a tree in a desert.,0.604907870293,0.09158860147
A person is climbing and has nearly reached the sign at the top,a person outside,a man fishing,0.918101668358,-0.129277616739
A boy is outside jumping over a flower bush on a skateboard.,a boy on his skateboard,a boy on his bike,0.588989853859,0.189834013581
A group of men are playing rugby in a field with houses visible in the distance.,The men are playing rugby,The men are at a sports bar,0.283388316631,-0.590370774269
A man in a blue uniform jumps in the air to shoot a basketball.,The man is shooting a basketball.,The man is playing football.,0.263884395361,0.744462132454
Two women with long hair are walking on a sidewalk under an overpass.,Two ladies are by a road.,The women are enjoying the breeze on their freshly-shaved buzzcuts.,0.834618806839,-0.424461603165
"These two poodles, one black and one brown, are playing.",The dogs are playing.,The cats are brown and red.,-0.357980966568,-0.647433519363
Three women wearing belly dancing costumes are pictured in color while the background of the shot is in black and white.,three women dance in belly dancing costumes,three women in snowsuits eat a racoon,0.565644085407,-0.274048745632
A person dressed in red and black outside a cracked wall.,A person in red and black near a wall.,A person in red and black falling through the ionosphere.,0.987400770187,-0.319131284952
"Two male curling players are on ice sweeping the path in front of polished rock, a small crowd watches.",Several male curling players sweeping their path on ice in front of a rock as a small crowd watches.,Three gentlemen driving too fast just got pulled up by the police woman who is very cute,0.988660514355,0.465120851994
A lady looks to her right and holds a mini camera.,A lady is holding a device.,A lady is looking to her left.,0.977635324001,0.308873713017
The girls in the red shirts are doing flips in the air.,There are girls wearing red.,The girls have blue shirts.,0.636619091034,0.583589732647
Three indoor track cyclist are being held balanced in place at the starting line by three attendants.,Three cyclists are preparing to race.,These three cyclists rest their feet on the floor.,0.412880152464,0.245026543736
A man swims in the pool with a child in a life jacket.,The man is in the water.,The man is praying inside the church confessional.,0.788639605045,-0.194063276052
Two people work construction on the inside of a house.,Two people work inside.,The people are outside,0.98500674963,-0.524170815945
A girl in uniform running through the water fountain gushing water from the tiles.,A girl is running through the water,A man is dancing,0.786722779274,0.291300535202
A football player tackles an member of the opposing team.,People playing football.,People playing basketball.,0.99096596241,0.936629593372
A snowboarder in a white coat in the air after a jump.,A snowboarder is in the air.,A snowboarder is sitting on a chair.,0.938879072666,-0.368799209595
"Four people sit on a subway two read books, one looks at a cellphone and is wearing knee high boots.","Multiple people are on a subway together, with each of them doing their own thing.",People are using the bus to get to work.,0.752965211868,0.0371060445905
A mom and son enjoying a day in the park.,A mom and son enjoying a day,A mom and son enjoying a day on mars,0.887807369232,-0.174500629306
"A young man with a blue hoodie sweatshirt that says New York across the front, sings into a microphone in front of a crowd of people.",The young man sings to the crowd.,The young man is playing the drums.,0.213929057121,-0.117751516402
A middle-aged man in a gray t-shirt and brown pants sitting on his bed reading a flyer-like paper.,A man is sitting on his bed reading.,A man is sleeping on his bed.,0.692608118057,-0.36647605896
Two people in winter clothing sliding down a snow-covered hill.,People are sledding down a hill.,Kids are playing in the swimming pool.,0.697739243507,-0.35714033246
A young boy and girl playing Pokemon.,Two children are playing.,The adults are fighting.,0.609132885933,0.299021542072
Trucks racing,Four trucks are racing against each other in the relay.,The trucks are stationary in the parking lot.,0.380973160267,-0.856399834156
"Young boy with tongue out hula hooping with two hula hoops in a crowded area, man in blue shirt stands behind him.",A boy is hula hooping while a man is behind him.,A boy is playing a clarinet.,0.920175671577,-0.390874624252
Two young men in black tank tops playing on a set of drums.,Some guys in black beat their drums.,Old men are playing guitars.,0.895800113678,0.114321812987
The kids watched as the soda bottle launched into the air.,There is a soda bottle flying.,There are people sleeping,0.619937956333,-0.0710874199867
A woman in a purple shirt buying food from a street vendor.,A woman makes a purchase from a vendor outside.,A man buys a tv at Best Buy.,0.840778052807,-0.665987730026
A soccer game with multiple males playing.,Some men are playing a sport.,A group of men playing a baseball game.,0.94658267498,0.466440886259
A couple of friends have a drink.,Two people are drinking.,Two women are swimming underwater.,0.828132033348,-0.406968921423
A person throwing a yellow ball in the air.,The ball sails through the air,The person throws a square,0.781230807304,0.70672416687
a group of four people conversing next to a bus,A group of people are talking near a vehicle.,A woman mounts a motorcycle and starts the engine.,0.701623141766,0.70435655117
Making something tasty hope you like lemons!,Preparing food with lemons,A lady is sewing up a hole in a dress.,0.915351688862,0.38950997591
Three dogs drinking water at a public spigot.,Dogs drink water in public.,Three dogs run through the arctic.,0.654751777649,-0.570694684982
A little blond girl is wrapped up in a Care Bears blanket with Christmas paper behind her.,A little blonde girl has a blanket around her.,A little blonde girl wrapped in blanket is holding Easter eggs.,0.271533370018,-0.229074805975
A man is sitting with his brown and white dog.,A man is sitting with his dog,A man is standing with his dog,0.857928216457,-0.219619721174
Four girls and a lady learning how to do some crafts.,Crafts are being done.,Two men spin so fast they take flight.,0.346926689148,-0.216575324535
A man cooks a large amount of shellfish in a wok outdoors.,He made the  shellfish  outside.,the water  looks  cold  to swim in.,0.294274330139,-0.19448530674
"Two orthodox Jews, one male, one female, are shown in traditional dress in a sidewalk scene.",Two jews are shown in a sidewalk scene.,Two jews celebrate the jewish holiday indoors.,0.868247151375,0.00201448705047
A woman runs by in the foreground as other competitors stand on the sideline.,A lady is running.,A girl is playing with her cat.,0.418037474155,-0.574341952801
A policeman is directing a crowd of people walking.,A policeman is herding pedestrians.,There are no crowds walking around.,0.0509846881032,-0.113215006888
The person is standing in the doorway beneath the tree.,A person is under a doorway where there is a tree.,"In a wide open, treeless field, an elephant is being chased by a mouse.",0.749423503876,-0.227483183146
"In a field of tall grass, a small girl feeds a larger boy a bite of some type of food.",One child feeds another.,Two children are playing inside.,0.811351418495,-0.115072116256
A boy in a blue bathing suit jumps with his arms in the air in a backyard setting.,A boy jumps.,A boy falls down on the grass.,0.875454425812,-0.159417405725
Four boys are shown in a house playing and all wear t-shirts.,The boys are playing together.,A boy stands all alone at the bus stop.,0.34804084897,0.161373049021
A team of people on a bike race.,The people are riding bikes.,The people are in a unicycle race.,0.59237164259,-0.614009737968
The woman is holding up the line with the fish that she caught in the lake with her bamboo fishing pole.,The woman is fishing.,The woman is hunting for elk.,0.55854177475,-0.534534335136
A guy waxing a wooden floor with wax.,a guy is waxing,the guy is dead,0.975475370884,0.562201499939
A white dog bounding through snow,A mammal is running.,A white dog swimming in a lake,-0.0487857349217,-0.74913829565
A group of men dancing outside.,There are people outside.,The men sit on the ground and talk.,0.303221642971,-0.478236526251
"Three cheerful ladies sitting at a table doing a yarn work in a room, at the background are similar groups of ladies doing similar work.",Many women sitting in a room.,The men sit in the room watching sports.,0.718855202198,0.023845564574
A dog looks content sitting on a bed after ripping up some paper,a dog sitting on a bed after ripping up paper.,a dog runs through the backyard.,0.965772807598,0.0363131053746
a blond girl and brunette brown hanging by gymnastic ropes,A girl is hanging by gymnastic ropes.,Some girls are playing volley ball.,0.976709008217,0.351250827312
A black dog in front of a waterfall.,A dog is in front of a waterfall.,A dog is dancing while it rains.,0.996824264526,0.395704776049
children are playing with a mortar and pistil,THe children are playing.,The kids are playing football,0.443931460381,-0.435017257929
"A woman smiling as she hold two white dishes of food up, there is also a table full of food on the table.",A woman is surrounded by lots of food.,This woman becomes violently nauseous at the sight of food.,0.948082923889,-0.455352067947
A woman in a pink shirt is holding a hot air balloon with an American flag on it.,A woman is holding a hot air balloon.,A girl is flying a kite.,0.914955019951,0.327865719795
Children walk in the city.,Kids are walking around,The kids are riding bikes,0.985649466515,-0.454753160477
There is a teen boy and a younger boy with the same shirts on in a room full of people.,People are in a room.,People are walking along the beach.,0.500516533852,0.122241593897
"Many people take pictures as a blond woman wearing a cover-up only costume holds a sign proclaiming ""Photographers Not Predators"" on a pier.",Some peoples take a photo,Some cricketers are playing cricket in ground,0.684330165386,-0.247517183423
Young boy in swimsuit plays in sprinklers outside,A child outside in water.,A boy drying himself by a pool.,0.837172627449,0.278151929379
A man with a tattoo on his left arm flips his food into the air with his frying pan.,a man using a frying pan,a kid cooking lunch,0.785750150681,0.561791479588
A woman in the street with a black shirt and stars with her mouth open.,There is someone outside.,The woman is getting her hair done.,0.86657834053,-0.0589200258255
"Two women kickboxing, the woman wearing red is blocking a kick from the other smirking woman wearing blue.",A woman is wearing red.,The women are all wearing blue.,0.83629822731,0.223740115762
An old man is sitting in a chair outside a colorfully painted building.,A man is sitting on a chair,A man is driving a car.,0.842116177082,-0.482459753752
A basketball player making a slam dunk during a game.,a basketball player slam dunking the ball,a basketball player slam dunking his doughnut in his coffee,0.984358429909,0.857042193413
A group of people are posing as though flung back by the shock wave of someone punching the ground.,People pose.,Wild Bill Hickock wrote the Iliad.,0.523286700249,-0.322674185038
a person holding a picture of a face in front of their own face sitting on a bench.,The picture is of a face.,The person was standing on a roof.,0.784619688988,-0.165238857269
A few people walking in the distance of a small town.,People are in the vicinity of a town,There are people bombing the town,0.849918246269,-0.348151743412
A woman is walking down the street with a brown bookbag on her back.,she is walking with a bag,she has black book bag,0.897395133972,0.34994199872
"There is a woman throwing daggers at a target, which is a carrot.",A person is throwing things.,A woman is skiing.,0.639287650585,0.783203721046
A man with a checkered shirt on is giving a powerpoint presentation to people.,the man is talking,the man is wearing a green shirt,0.857078909874,0.712314248085
5 women sitting around a table doing some crafts.,Five women sit at a table.,Five men stand on chairs.,0.912495970726,-0.108539953828
Two female workers sit on some steps during work.,Two friends sitting on step at their job.,Two women sitting at their workplace desks.,0.831545710564,0.313280642033
A gentleman overlooking a neighborhood situation.,A man looks at something in a neighborhood.,A woman takes her dog for a walk.,0.993075489998,0.104581542313
"A person wearing jeans, a blue shirt and a helmet is riding a four-wheeler in a sandy area.",A person is riding outside.,A woman is riding a motorcycle down the road.,0.922921895981,-0.122804485261
"The crew shells are passing under marker 7, with the nearest shell in front by a good margin.",some shells pass under a marker marked 7,two men walk on a beach,0.75494068861,0.0838337466121
A man reading the paper at a cafe.,A man reading the paper while drinking cafe.,A man playing ice hockey.,0.984501421452,0.256206840277
A woman walks next to a subway exit.,A woman walks next to a subway exit.,A woman runs next to a subway exit.,1,0.270380109549
A group of people standing in the snow with a mountain in the background.,People are outside.,People are lounging outside on the scalding beach.,0.661953628063,-0.59029507637
Indian people dressed in magnificent bright colors conduct a ritual.,Indian people having a ritual,Indian people hunting animals,0.681844830513,-0.20498496294
A man spiking the ball at a volleyball game.,The teams play against one another during a volleyball game.,The man misses the volleyball.,0.820205390453,0.111012682319
There are three ladies dress in blue stand cheering.,The women are wearing blue.,The women are making pizza.,0.382323801517,0.393670201302
Group sweeping away leakage while bystanders look on.,A group sweeps in front of bystanders.,A single man sweeps in a lonely alley.,0.808361649513,0.414824754
A man holding a child is looking at toys in a store.,A man is looking at toys in a store.,A man is pushing a baby stroller walking down the street.,0.978838026524,0.605489075184
Two people in a field looking off-camera.,Two people are outside.,Two people are jumping into a pool to go swimming.,0.988722443581,-0.163233652711
Three people are standing on the dock of a boat looking at something off-camera.,three people are standing on a dock,A ghost is holding the camera.,0.852898180485,-0.522475242615
A large busted woman in a yellow shirt has a pink shoulder bag on her shoulder.,A woman with large breasts is carrying a pink bag.,A man is working out in a gym.,0.759738266468,-0.385491460562
A young man dressed in black dress clothes lies down with his head resting in the lap of an older man in plain clothes.,An older and younger man are together.,Two men sit on a bench with their backs together.,0.288572728634,0.939075231552
"On stage, the innards of a piano are shown next to a man at a desk who is working on electronics, while a long-haired man is looking at a screen which shows ""53:11"".",There are two men.,The men are shopping at the market.,0.74528491497,0.645401000977
"A frightened boy is carrying a hammer, ready to defend himself.",The boy is holding a hammer.,The boy is swimming in the ocean.,0.716454267502,-0.310852169991
A woman is sitting in a man's lap in a brown armchair.,The woman and man are resting together in an armchair.,"The man and woman are seated separately, facing each other.",0.933960735798,0.960554242134
A man with a mustache who is wearing white and beige carefully sculpts a sand castle.,A man building a sand castle,A man sun bathing,0.333854854107,-0.265480160713
"Two men one in orange shirt, who is ahead, and one in green shirt running a race.",Two men running in a race.,Two men playing soccer in the park.,0.738208413124,0.622740745544
Men are running and jumping and twisting in the air as a crowd of people watches.,People engage in physical activity in front of other people.,Two men are sitting on a bench as a crowd watches.,0.796773910522,-0.437464177608
A person is out in the water at the beach while the sun sets.,A person is at the beach.,A person is laying on the shore.,0.93594032526,0.488261252642
One woman with a dark coat on walking by herself in a city.,The woman is outdoors.,The woman is standing in a building.,0.707870364189,0.705102443695
Two guys dressed for hockey and are raising there arms in the air.,Two guys are dressed for hockey.,Two men are dressed in bikini's.,0.618376076221,0.0649448782206
A man and child working on a puzzle.,An adult and a kid are engaged in an activity.,The two kids fight over puzzle pieces.,0.882508516312,0.34018266201
Two woman are walking up to a brightly painted fire hydrant.,Two women are walking.,Two women are sleeping in the street.,0.550026059151,-0.320561766624
An old woman in a green and blue plaid shirt is standing on a crowded sidewalk smiling.,A woman in a plaid shirt smiling on a crowded sidewalk,A woman having a cavity removed.,0.957454741001,-0.481986701488
Two young males playing basketball on a basketball court.,A pair of boys are taking part in a sporting activity.,One of the sons is holding a baseball bat.,0.258177369833,-0.57235211134
There are two workers one is bent over with his butt to the camera,One worker is bending over.,Both workers are standing upright.,0.990346252918,0.182256966829
Performers sing together on stage,The people are singing.,The performers are singing solo.,0.930598258972,0.801076948643
"Colorfully dressed man dancing in the streets, while balancing something on his head.",There is a man outside.,"There is a man inside, doing the dishes.",0.795570254326,-0.383063554764
Small boys in sports jerseys play with a yellow ball.,Small boys playing.,A man riding a bike.,0.801283061504,0.316972643137
A guy on inline skates with a white hat is on a yellow rail.,The guy is using inline skates.,The guy with inline skates is sitting down.,0.142826676369,-0.626606225967
A man in glasses and a striped shirt walks down the street with one hand in his pocket.,A man is walking somewhere,A man is riding his bicycle,0.930535018444,-0.0781054273248
A cowboy struggling to maintain control on a horse at a rodeo.,a cowboy is at a rodeo,cheese is made from water,0.732380032539,-0.473827123642
A man and his two sons purchase food.,They are shopping.,They are playing basketball.,-0.137787103653,-0.551107287407
A bulldog is running through a grassy park while people stand in the background.,A bulldog running outdoors.,A bulldog laying in the shade of a large oak tree.,0.902555584908,-0.312140107155
a couple is walking down the sidewalk with their dog.,A couple is outside with their dog.,A couple is walking their cat to the vet.,0.735007762909,-0.320731818676
A girl is getting ready to dive into a pool.,A girl is diving into a pool.,The girl is watching t.v.,0.99229323864,0.395904481411
A man in a blue shirt leans on a wall beside a road with a blue van and red car with water in the background.,The man is wearing a blue shirt.,The man in the blue shirt is sitting on a bench,0.330979019403,-0.273373216391
"Three teenagers, two without shoes having a water gun fight with various types of guns trying to spray each other.",Three people have a water fight.,Three old women wearing boots are dancing.,0.863420009613,-0.189021021128
"A young girl sitting on a white comforter on a bed covered with clothing, holding a yellow stuffed duck.",A yellow duck being held by a girl.,The young girls plays with her cell phone.,0.490109980106,0.526663899422
A woman singer holding a microphone singing at a concert.,a woman singer is singing,2pac is singing at home,0.926091790199,0.260753959417
Two people sitting on a bench by the water with a dog.,Two people are sitting on a bench,Two people are doing squats,0.867544233799,0.91945952177
A couple being romantic under the sunset.,People are enjoying sundown.,A couple having fight.,-0.531268358231,-0.62607395649
Young women on a retreat.,There are women relaxing.,The women are running in a marathon.,0.364549160004,-0.304402530193
An african american woman with 2 young girls.,There is a woman with two girls.,There is a man with his daughters.,0.94660782814,0.609131395817
Three children run on a sidewalk with a river on one side and a wall on the other.,There are children outside.,Three children are swimming next to the sidewalk.,0.968111515045,-0.20598512888
Friends running a race hand in hand.,people running holding hands,People punching each other,0.995567500591,0.613516449928
"There is one person lying in a large, green field.",There is a person alone in a field outdoors.,There is someone running through a forest.,-0.10626578331,-0.523519337177
A woman with blond-hair is sitting at a table and talking to a man with glasses.,Two people converse at a table.,Two men read the paper at a cafe.,0.965479373932,0.669649243355
"A woman wearing gray pants, a white blouse and a black vest is jumping with one hand in the air as she goes through an indoor stadium.",The jumping lady in slacks also has her hand raised.,The girl wearing a dress skips down the sidewalk.,0.702695429325,-0.154721096158
"Two hikers crossing a snowy field, with mountainous terrain behind them.",Two hikers are out in the snow.,Two hikers are walking through the sand dunes in a desert.,0.916384994984,-0.504714012146
An overweight man riding a bicycle to work,The man is riding a bicycle.,The man is underweight.,0.830264925957,0.362504422665
A person dressed in all black throwing a ball down a bowling alley.,A person is bowling.,A person is playing basketball.,0.730076253414,-0.327623903751
A man and woman sit at a cluttered table.,There are people at a table.,The table is neat and clean.,0.723039150238,0.452157974243
A young boy wearing crocs tries to hit yellow golf balls into a large lawn overlooking a town.,A kid was hitting golf balls.,The adult was running in the mountains.,0.176449179649,0.310778439045
A couple in bathing suits walk on a beach.,there is a couple,the couple are sitting inside,0.039080593735,-0.376595467329
A man in a canoe throwing a yellow net into the water.,A man is in a boat,The net is purple,0.329977750778,0.362990826368
Three women and a man interacting on the street.,A group of people are standing on the street.,A group of people running in a gym.,0.754734516144,-0.31059589982
"A drummer plays the drums, while wearing a black dress shirt, and black and gray striped tie.",A darkly dressed drummer bangs on the drums.,A woman in a black dress plays the piano.,0.737471699715,-0.540933728218
People standing around a busy outdoor market.,People are outside.,The man is walking his dog on the sidewalk.,0.934585690498,0.695053219795
A young girls with red-hair who is wearing jeans and a black vest jumps up in the air over a sandy hill.,A person jumping outside.,A young girl sitting at the kitchen table.,0.932051539421,-0.533571481705
A young man in a white and pink striped shirt is riding in a horse and buggy down a paved road.,A man is riding a horse,A woman is riding a car,0.678076982498,-0.730661392212
A young boy wearing a military sunhat catches a Frisbee outdoors.,a boy acthes frisbee,the boy is hiding under his bed,0.567094087601,-0.733044147491
Two boys sitting and eating ice cream.,The boys are eating.,The boys are asleep in their beds.,0.802687346935,0.445405215025
People are waiting in line by a food vendor.,People stand in line for food.,People sit and wait for their orders at a nice sit down restaurant.,0.840960800648,0.337100446224
A group of people wearing skydiving outfits.,There are people dressed in outfits ready to go skydiving.,A group of people are wearing business suits.,0.906073331833,-0.00935736484826
a skateboard performs a trick off a quarter pipe.,A skateboard does a trick.,A skateboard does a trick without a skateboarder.,0.914871692657,0.638166666031
A man cutting a Woman's hair.,A guy snipping a ladys hair.,A guy cooking a grilled cheese.,0.0867946967483,-0.034456178546
A woman on a racing horse.,The woman is on top of the horse.,The woman is standing on the ground petting her horse.,0.964908480644,0.895171046257
"At a little league baseball game, an umpire calls ""safe"" as a player crosses home.",A player crosses home at a little league baseball game.,A football player scores a touchdown.,0.681869626045,-0.768787801266
"A woman with dark hair wearing a dark shirt, jeans, and glasses is talking into a microphone.",A woman is speaking into a device.,The woman is talking on a telephone.,0.793081521988,0.811597824097
Two men playing baseball with the one in the black and red jersey running toward base.,There is a baseball game going on.,The man in black and red is sitting in the bleachers.,0.945573925972,-0.627637147903
"Several toddlers in a room with many toys, a yellow lamp, a window, gray carpeting and paintings.",Toddlers are in the room with toys.,Two giraffes sing a song together.,0.488447844982,-0.166609823704
Four black teenagers are playing basketball inside a gymnasium while another one watches.,Four teenagers playing inside a gym.,Four teenagers playing chess.,0.559490084648,0.44382160902
A little baby is sitting on the ground with his hands in a cup.,The baby is sitting on the ground.,The baby is standing all on its own.,0.896781563759,-0.75480055809
Five people are sitting on horses at a rodeo.,A group of people are sitting on horses.,Bandits are sitting on horses as they prepare for a robbery.,0.996141731739,0.765697002411
A city street with people in front of a mountain back drop.,People are in a street.,Some people are riding bikes down a country lane.,0.984835267067,0.110011279583
Two women and a man are in a sporty red convertible in front of a large group of people on the sidewalk.,Two women are in a car with a man.,The three women are in a car.,0.250924617052,-0.168606027961
"Two children, standing among grass, are putting their arms out and are smiling.",Two kids in the park smiling.,Two dogs playing catch.,0.846817851067,0.263774245977
A youngster exploring the branches of a tree.,There is a child near a tree.,There is a young boy riding his bike.,0.971476972103,0.425229132175
Man juggling apples while sitting on a couch with another man on one side and a woman on the other.,Two men sitting near a woman.,Two men drop off their friend at her house.,0.429164677858,0.328243464231
A couple of peace corp workers are helping a black kid dig.,There are people helping a child.,The peace corp workers are sitting in a hostel.,0.514709532261,0.800008714199
Riot police are standing in the background while a young man with a red scarf covering his face is walking.,there are police,a dog sleeps on a pillow,0.334714084864,-0.484724372625
Little kids enjoy sprinklers by running through them outdoors.,Children are getting wet on purpose.,A child slowly diess of thirst.,0.704019844532,-0.421703845263
A woman in an red tracksuit squeezing lemons in a press.,A woman squeezing lemons.,A woman reading a book.,0.656024575233,-0.151033625007
A girl in green is running behind a boy in red in a sports arena whilst a girl in pink is running in the background.,Some kids are running in an arena.,Some kids sit on a rollercoaster.,0.918127715588,-0.147180080414
Young woman celebrates getting a strike during a bowling game.,The young women is bowling.,The young women is outside.,0.645160198212,0.501232624054
Three men converse in a crowd.,Three men are in a crowd,Three men talk while laying down,0.908933162689,0.371619284153
A man wearing a white shirt and an orange shirt jumped into the air.,A man's feet are not touching the ground.,A man is laying down on the sofa.,-0.199554681778,-0.82648062706
Three hockey players are in the middle of a play.,the players are playing a game,the bird is red,-0.140224829316,-0.360058069229
Two players are on a wet field and one is on the ground.,There are people in a field.,Both people are standing up.,0.862284362316,0.0242429636419
Woman with headscarf and girl in red costume dress walk through urban area.,The woman has a scarf on her head.,The woman is out in a field.,0.789128482342,0.502287209034
A dread-locked photographer in a suit takes pictures of a group of young children sitting on the ground.,The children are being photographed.,The photographer has a bald head.,0.465053260326,0.364042401314
A crowd of people with a lady with a bright orange shirt and another lady in black have their backs to the camera.,There are people facing away from the camera.,Three girls try to buy candy in a grocery store.,-0.0793192759156,-0.101491563022
A man skateboarding at a skateboarding park which is covered in graffiti.,A man is skateboarding.,A man is rollerblading.,0.920854568481,-0.390901982784
A boy plays in the surf.,A boy is playing on the beach.,The boy is building a tent.,0.514931440353,-0.00418380647898
A balding man is getting his shoes cleaned on a street corner.,A man outside.,A boy delivering newspapers.,0.211252123117,0.633595168591
The man and the lady are wearing glasses and sitting in red chairs talking to John McCain.,Two people are talking to John McCain.,Five people are in a meeting.,0.77489978075,0.962741613388
"A black dog is drinking next to a brown and white dog that is looking at an orange ball in the lake, whilst a horse and rider passes behind.","Two dogs near a lake, while a person rides by on a horse.","Two dogs run together through a park, chasing toys as they are thrown.",0.977881193161,0.0194384362549
A group of people are standing inside an office,Some people are seen inside a room.,The couple is taking a picture.,0.895501494408,-0.288150310516
Two ice fishers watch on as a third attempts to cut out a portion of ice with a chainsaw.,Ice fisherman gain access to the water.,These Hawaiins are demonstrating deep free diving in August.,0.191775918007,-0.776322960854
Two blond people are sitting in a park having a conversation.,Two people are outside.,Two brunettes are sitting in a park.,0.549896538258,0.775386095047
Three people each lead one camel with riders in a silhouetted line across sand dunes and a gray sky.,People walking across the sand.,A group of people getting ready to go for a swim in a lake.,0.819189071655,-0.144651129842
Children use crayons to color sheets of paper.,Kids color paper with crayon.,An old lady marks tests with her pen.,0.975841522217,0.600234806538
A man is throwing a big stick into the water so his two dogs and go fetch it.,Two large dogs are fetching for their master.,A squirrel is eating an alligator.,0.313874363899,-0.262710034847
A gentleman in a striped shirt gesturing with a stick-like object in his hand while passersby stare at him.,A gentleman in a striped shirt gesturing,A gentleman in a striped shirt not gesturing,0.981306135654,0.00651074433699
A black dog runs along the green grass carrying a toy in its mouth.,A black dog runs through the grass carrying its toy.,A white dog is sitting under a tree.,0.981142640114,-0.250955969095
A large tan dog is running with a green item in its mouth,A large dog has something green.,A small terrier is running with a bone in its mouth.,0.652224838734,0.433936536312
"A guy on a skateboard, jumping off some steps.",a guy with a skateboard making a jump,a guy on a bike,0.982327878475,0.34866926074
Seven people ride motorbikes through a sand course.,Seven people are riding motorbikes.,Seven people are racing in the parking lot at the grocery store.,0.800169289112,-0.417886912823
An older man in a blue shirt planting seed in pots with potting soil.,A man planting.,Nobody is planting.,0.695125460625,-0.0251341685653
"A black man, wearing a cap, is sitting in a bus.",A man is traveling on public transportation.,A guy fastens his seatbelt before he starts his car.,0.313907116652,-0.407731682062
A football team getting ready for the coin toss in a half empty stadium.,The stadium is not full.,The stadium was packed with people.,0.908146083355,-0.428069651127
A man and woman and two small children are sitting in the floor with wrapped Christmas presents.,A man and woman are sitting around Christmas presents.,The presents have all been opened.,0.873678684235,0.373915165663
A girl in blue rides a horse over a tall jump.,A girl is riding a horse.,A girl is walking her dog down the street.,0.66094315052,0.425801962614
Women and children sitting outside in the shade while a group of younger children sitting inside in the shade.,The woman and kids and sitting down.,The woman is running.,0.839794516563,-0.655473589897
A man tumbles as spectators watch at the University of Michigan.,Spectators watch a man tumble.,The man is running around on the field as people watch.,0.801191449165,0.249054282904
A group of men with cowboy hats are watching a rodeo.,There is a rodeo event taking place,A group of women are watching a horse race,0.895388126373,-0.207537055016
A man in a staff shirt break-dancing.,A man is moving around.,A man is drinking a soda.,0.289363145828,0.299332618713
Three woman prepare a meal in a kitchen with salmon colored walls and bamboo cabinetry.,The ladies are cooking.,The men are jumping rope.,0.780058860779,-0.687992453575
Ample dark-skinned man looks back at camera from behind buffet.,A man looks from behind a buffet.,A thin woman glares at you over her salad.,0.857365250587,-0.374152094126
Four guys with guns and army gear.,The guys have guns.,The four guys are playing hopscotch.,0.537072658539,0.0760145485401
A man in a club addressing other people and holding his index finger up with a woman standing behind him.,A group of people are indoors.,The man has his fists clenched tight.,-0.207591325045,-0.134291380644
A female dancer works on striking a pose.,The woman is practicing modeling.,The woman is in the bathroom.,0.725021779537,-0.297334223986
A blond woman is holding 2 golf balls while reaching down into a golf hole.,A blonde female is reaching into a golf hole while holding two golf balls.,THe blond woman is sitting down.,0.92160141468,-0.460432827473
Two men wearing brown hats are doing work on a yellow house.,Two guys are doing work on a dwelling.,Two men are hitchhiking to New York.,0.745987772942,0.239601910114
Two people look at two red motorcycles in a place where there are religious murals on the wall.,The two people are looking at motorcycles.,The two people are looking at cars.,0.855202019215,0.4380402565
A young female wearing a red sweater is sitting on a swing set in a park,A girl is sitting on the swings outside.,The girl is standing at the edge of her driveway.,0.739187538624,0.117541983724
People standing in line of a beer and curry line.,People standing in line,People not standing in line,0.82790273428,-0.0363977812231
The exhaustion in the woman's face while she continues to ride her bicycle in the competition.,A person on a bike,Nobody is on a bike,0.686191439629,-0.0834260806441
Three young men are watching a tennis match on a large screen outdoors.,Young men watch a tennis match on a screen outdoors.,Three men enjoy a football game on a plasma indoors.,0.992544233799,-0.121045105159
"Three boys in a wooden-paneled room, one inspecting a bow.",Three boys are inspecting a bow.,Three men are singing in the streets.,0.918161273003,0.153600275517
A man and woman showing a small child how to use a gun.,A couple teaching a kid on firearm use,Parents teaching their child the alphabet with crayons,0.664103150368,0.301788628101
A little asian girl in pigtails is building with wood and painting with colored markers.,a young oriental girl is building and painting,a bird is flying through a tunnel,0.886065483093,-0.637312293053
Three women in dress suits walk by a building.,Three women are traveling by foot.,The woman are wearing bikinis.,0.874067723751,0.190168708563
A woman is smiling at a baby in a stroller in a meadow.,A woman is outdoors.,A woman is angry at the baby.,0.831306517124,-0.746937990189
"Colorfully dressed people walk down the center of the road, with onlookers behind a barricade.",A group of people walking down a road.,A group of people in a motorcade driving past an audience.,0.880379974842,0.687633514404
The baby in a blue jean hat and sunglasses looks at the camera while being held.,A baby looks at the camera.,The fully grown man in a blue jean hat looks at the camera while holding his wife's hand.,0.958756327629,0.479554653168
A skateboarder glides down a railing of some stairs.,The skateboarder goes down the railing.,A girl rides her tricycle through the neighborhood.,0.791098356247,-0.00544375739992
A man is putting on a yellow necktie while another man stands to his right side watching him.,a man puts on a tie,two men sleep in a tent,0.690779447556,-0.64981430769
A woman is eating what appears to be a mussel.,The woman is about to ingest food,The woman is running in a marathon,0.807300806046,-0.260249555111
A young boy with his mum going home after playing toy games.,A boy is with his mum.,A boy is in the water playing with his mum.,0.469323188066,-0.0922994464636
A group of women are standing in front of a building.,Some ladies are near a building.,Some girls are modeling in a runway show.,0.662803351879,0.65770983696
Four people in a kitchen,Four people in a kitchen cooking.,Four people in a barn working on a car.,0.965909898281,0.629595339298
Several black children sit at a table with colorful laptops in front of them.,A group black children sit at a table with their new colorful laptops.,A white dog running in the snow.,0.897846400738,-0.334425330162
"A man in a blue windbreaker jacket, laying face down on a park bench, with a liquor bottle nestled by one of the bench's legs.",A man lays face down on a park bench.,A man is dancing at the club popping bottles.,0.695763528347,-0.643941998482
A child poses his head through a hole in a painted wall.,The child is putting his head through a hole in the wall.,The child is sitting in his mother's lap behaving.,0.85614657402,-0.372375011444
A man wearing a light blue robe-style jacket is sitting on a street corner playing a musical instrument.,The man in the jacket sat on the street playing an instrument.,The man was wearing a red robe.,0.73807477951,-0.130621299148
An Asian woman mixing cucumbers.,A woman is cooking.,A man is making sushi.,0.635654091835,0.147995129228
A group of people are watching something.,A group of people look onward.,A group of people are smoking cigarettes while sitting on a bench in the park.,0.778281152248,0.260889232159
"A football player in a blue ""Rams"" jersey runs with a football on a field, as another player in a white jersey falls in an attempt to tackle him.",The football players are on a field,The football players are walking slowly,0.618662595749,0.246344327927
A boy with a board strapped to his feet does a trick while holding onto some kind of rope.,A boy is showing off for his friends.,A boy holding a rope is sleeping.,0.709408044815,-0.684393584728
A downtown shot of a man on his cellphone under an awning.,A man talks on a phone in a city.,A golfer swings his club at the ball while his friends laugh.,0.980210781097,0.0434763208032
Boy standing in line in a grocery store with his items on the conveyor belt.,He is waiting to pay.,He is running playing basketball.,0.325084388256,-0.329584538937
A policeman is leaning on his motorcycle while people are watching.,A policeman is leaning on his motorcyle.,A policeman is leaning on his car,0.994937300682,0.0443728789687
Five men are standing in front of a red curtain.,fivem men are standing,the men are seated and getting lapdances,0.963335514069,-0.503044962883
An older South American woman is knitting colorful hand warmers and enjoying herself.,A human knitting.,Nobody is knitting.,0.789241194725,-0.395249158144
"Two horses, one black and one brown, are pulling a man outside.",A man is with two animals.,A man is being chased by two horses.,0.708094120026,0.00586539693177
A crowd of people are watching hot air balloons inflate.,People watching hot air balloons inflating.,One person watching a plane prepare for a sky diving trip.,0.892420828342,-0.725136637688
"A young boy, toddler age, wearing a blue shirt plays with a yellow dump truck in a family living room.",A young boy plays with a yellow dump truck in the living room.,A young boy swings from a tire swing hung from a chandelier.,0.663102328777,0.230418697
Boy reading book with company of a rolled over dog.,The kid is with his dog.,The child is attending the circus.,0.00589238107204,-0.070049777627
"A man in a black, white, and red uniform is holding yellow ski poles and racing or preparing to race.",A man is holding yellow ski poles.,"A man is revving his dirt bike, ready for his race.",0.713526844978,0.533337056637
A person in a blue and yellow snowsuit is snowboarding and snow is coming up in the air around the board.,A person is snowboarding.,A person is biking down the hill.,0.897513508797,-0.213987261057
Multiple people starting to pack their parachutes after a successful skydive.,people going skydiving,cat chased by tiger,0.593629360199,0.47905755043
Three people are taking a photograph of a young woman sitting in the middle of the street.,A woman having her photo taken.,Hundreds of squirrels working together to imitate human photographers tap dance for a woman they believe is actually a pile of acorns wearing a wig.,0.643362402916,-0.0684371218085
Blond woman wearing a red shirt and white pants stands on a garbage can as she holds a camera.,A blond woman stands on a garbage can.,A homeless girl uses both hands to eat garbage from a garbage can.,0.852544903755,-0.650263845921
A baby at the end of a slip and slide at a party,The baby is wet.,The man is at the end of the slip and slide,0.605884194374,0.484228789806
Group of men sitting at a table turn to have their picture taken.,The group of men are posing for a picture.,The group of men are running around the street in different directions.,0.637457251549,-0.350219517946
People are gathered around the table filled with food.,A group sits down for a meal.,A family rides a roller coaster.,0.291473388672,-0.488010346889
A curly-haired child is blowing away dandelion seeds while laying in a field of lush green grass.,A child is laying down outside.,The child is swinging on a swing set.,0.609070539474,-0.0761537775397
Two older males sitting together on a river boat tour.,Two males sitting together on a boat,young ladies are riding a boat.,0.985799491405,0.025634303689
"A smiling young girl with blond-hair, blue eyes, and a pink shirt, is holding a yellow flower towards the viewer outside.",A joyously smiling young girl with blond-hair,A not smiling young girl with blond-hair,0.852613925934,0.191191002727
This man is trying to make his wife laugh by blowing bubbles in the bathtub.,There is a man and woman in the bathroom.,"There is a man outside, hanging up laundry.",0.727696657181,-0.0529168434441
A woman reaching for candy bars that are on a shelf.,There are candy bars on the shelf.,The woman is on a motor boat.,0.934399902821,0.514746725559
A line of people waiting outside The Magpie cafe during the day.,A group of people wait outside.,A man makes a sandwich.,0.68790769577,-0.102450206876
"A young girl with a white vest, pink sleeves and pink knit hat with flower is looking at the flower blossoms on a tree.",A small person dressed up is standing next to a tree.,The girl is wearing a blue baseball cap.,0.612470149994,-0.24110865593
Two race car drivers smile on a stage next to a female spokes model wearing a white dress and white and blue boots.,Two race car drivers are on stage,Two race car drivers are swimming on a beach,-0.108161211014,-0.624320030212
A woman in a blue sweatshirt is shearing the wool off of a lamb.,A woman is wearing a sweatshirt,The sweatshirt is green,0.546416342258,-0.224000886083
A horse and rider are in midair as they leap over an obstacle in a wooded area with another photographer snapping pictures.,A person is riding a horse.,A person is riding a donkey through the sands of the desert.,0.216500535607,-0.762507259846
A kid with his head shaved sitting and holding a lit cigarette.,Child sits with a cigarette.,Child eating a bowl of noodles.,0.914091587067,-0.310278445482
"A young boy plays in the sprinklers, allowing the water to spray completely over his right arm.",A boy is playing in the water sprinkler.,The boy is playing baseball at school with his friends.,0.790845632553,-0.369603008032
Man on cellphone walking in front of silver car next to green grass.,The man is talking on the cell phone.,The man is running in snow.,0.468421876431,0.00671368837357
Woman in light blue knit hat and light blue zippered jacket kneels in front of a bowl of liquid and small bottle.,A woman in a jacket kneels by a bowl and small bottle.,A woman in shorts smears dirt on the wall.,0.915273487568,0.755482435226
"A man in a blue uniform tries to shoot a basket during a basketball game, while surrounded by three men in white uniforms, and as another blue-uniformed player looks on.",A group of men are playing basketball.,A group of men are playing poker around the kitchen table.,0.222341060638,-0.587085127831
A woman in a light blue jacket is riding a bike.,A woman in a jacket riding a bike.,A woman with no jacket freezes in the street.,0.974622964859,-0.448550581932
A young boy looking at a picture book.,A boy looking at pictures in a book.,A girl reading a novel.,0.980426669121,0.250665217638
The blond-haired and blue eyed child holds the wooden airplane in his hands.,A child is playing with a toy airplane.,A child is playing with a puppy.,0.658284783363,0.47021907568
"Two women stand on a beach and perform stretches or yoga together, facing towards the water and away from the camera.",Two people are exercising outside.,Two people are jogging on a path through a tunnel.,0.745987355709,0.00255405344069
A boy wearing a black shirt is playing a game at the arcade.,A young man is in the game room.,A kid is in the field.,0.574578464031,0.0127164963633
"A man and a woman wearing costume glasses (with attached eyebrows, nose, and moustache) and holding cigars.",A few people are displaying something on their face.,Two people are scuba diving while holding onto their cameras.,0.969891309738,0.559718251228
A man is wearing blue button down shirt talking to media during a crowded protest.,A man is giving an interview.,The man is Abraham Lincoln.,0.987798035145,0.434807598591
A man in red and black about to strike a tennis ball.,A man is playing tennis.,A man is playing golf.,0.781273901463,-0.237487703562
"Man donned in jeans and football jersey prepares a meal complete with mean and beer, at his kitchen counter as the sunlight pours in from the kitchen window.",A person is prepaing a meal during the day.,A man is taking a nap on the couch.,0.800230562687,0.129364460707
a group of people walking down road heading away from the camera.,"Several people walk down the road, backs facing the camera.",A group of guys play football in a grassy field.,0.53385424614,0.684731245041
A black dog running in the snow by some trees.,a dog running in the snow,a dog sitting at the beach,0.960320830345,-0.567547142506
A woman observes a rusted antique car.,A woman looks at an old car.,A woman is driving off a cliff.,0.760816156864,-0.14530479908
A batsman is about to swing for a baseball whilst the catcher and referee wait behind him.,People are playing a game,Men are playing professional cricket,0.701702058315,0.85864418745
A train is being worked on buy three men.,The men are near the train.,The men are working on the boat.,0.959622859955,0.345818579197
A man uses a projector to give a presentation.,A man is giving a presentation.,A man is using a projector to watch television.,0.950836837292,0.486310571432
They are sitting on the edge of a fountain,Persons are seated on the fountain's edge.,The persons are smoking cigarettes at the local bar.,0.976710617542,-0.0962890461087
"A man with a hat, boots, and brown pants, is playing the violin outside in front of a black structure.",A man is playing the violin.,A homeless man has stolen a child's violin in order to fulfill his fantasy of joining the London Symphony Orchestra.,0.0297279767692,-0.497217655182
A woman in a long-sleeved shirt checks her phone as a man in a leather jacket passes behind her.,She checks her phone.,A woman in a short-sleeved shirt.,0.74177467823,0.280007958412
People working together to plant flowers.,People are planting flowers.,One person is alone in his garden planting flowers.,0.48933660984,-0.495014071465
A black dog is running through a snow covered area while holding something green in his mouth.,The dog runs along outdoors,The dog flies through the air,0.76150983572,0.463751256466
"Three men in white, black and blue shirts with jeans standing on a cliff over the ocean.",People stand by a rocky cliff with water below.,Three people are buried under the sand.,0.927449166775,-0.376146942377
A lady dances in a polka dot dress and a head of flowers with a fan clasped in her hand while others are looking in a different direction with two men holding onto a ladder and others discussing.,A woman dances with a fan.,A woman works on a new porch.,0.234708622098,0.171931803226
"3 people sitting in a boat, rowing in a large body of water surrounded by greenery.",3 people are seated,the people standing in a train,0.418062388897,-0.166251718998
A rather tall man and a woman wearing a red top and blue jeans waiting at on the sidewalk.,The man and woman are standing next to a road.,The man and woman are walking to the pharmacy.,0.860924005508,0.477111935616
Two kids begin to make a snowman on a sunny winter day.,Two kids making a snowman.,Two penguins making a snowman.,0.967750430107,0.293237328529
Two men wrestle on the floor in front of an group of young men.,Two men are wrestling on the floor.,Two men walk to their favorite casino.,0.666420102119,-0.643218755722
A woman in a blue and black jacket looking at a sign by railroad tracks.,a woman is wearing clothes,a woman is playing soccer,0.755619168282,0.334695219994
People crowd around a street filled with colorful buses.,There are people next to buses.,The couple is about to jump off a building.,0.917869627476,0.182616770267
Golfer celebrates after a shot he has made.,An athlete has just made a shot with his golf club.,A man is washing his hair.,0.097235865891,-0.617724180222
A person wearing orange pants in playing in the mud.,Someone is playing in mud.,A young girl is standing next the sandbox.,0.983107447624,-0.610620737076
A bridal party assembles outside a stone building.,A bridal party is bathering outside a stone building.,A farmer takes a cow through a wooden gate.,0.966421842575,-0.0287961121649
Two boys are swimming underwater in a pool and a girl is swimming in the background.,There are some kids in this picture,They are playing in a sand box,-0.423833966255,-0.479190051556
"A woman is looking into a mirror, brushing her hair.",A woman is brushing her hair.,The woman is taking a shower.,0.800430417061,-0.0771817564964
Dirt biker number 52 making a high jump while riding his trail,The person is riding a bike.,The person is sailing a boat.,0.310918420553,0.00251860171556
A man in a green Celtics hat and a woman wearing a black sweater display identical tattoos on their right wrists.,A man and woman display identical tattoos,Two men show off identical tats,0.686824142933,-0.428493440151
"man in mid stride suspended in air, about to swing a tennis racket on a tennis court.",Man about to swing a tennis racket.,A man in mid pose about to shoot and score the winning basketball game on the court.,0.967811822891,0.239377588034
A man wearing all white is using an orange chainsaw to cut down a thick tree next to his house.,A person in white is cutting down a tree near his home with a saw.,A man is using an ax to chop wood outside of his home.,0.805542469025,0.683055758476
"A man dressed entirely orange is taking a photo of a man sitting, there is a big group of people sitting nearby.",A man is sitting.,The man is wearing red.,0.89606410265,-0.437098324299
A large elderly woman in a green stripy dress is carrying shopping bags along a cobbled street.,a woman in green walks along a street,two women drive home,0.725311160088,-0.269523084164
Three girls fell on top of one another and are laughing histerically.,Three girls falling and laughing.,Three girls crying over a sad movie.,0.592061579227,-0.572446107864
A man is jumping over a rock.,A man jumped.,A woman is hiking.,0.896068334579,0.24210678041
"A girl wearing a red shirt and jeans is sitting in a rocking chair at a cluttered desk, while another girl wearing a black t-shirt and jogging pants is sitting on the floor writing on a piece of paper with other papers arranged around her.",two girls in a room,two girls flying a kite in the park,0.593886196613,-0.333525240421
The greyhounds are running quickly in this race.,The dogs are running quickly in this race.,The cats are running quickly in this race.,0.996254384518,0.334810465574
A bald man in a white t-shirt is standing at a bar next to a white leashed dog.,a man in a white shirt,the man is naked at work,0.573514342308,0.048177421093
a woman applies makeup to a woman in black.,The woman is putting makeup on the woman in black.,The woman is putting tanner on herself.,0.744159936905,0.380200564861
the shadow silhouette of a woman standing near the water looking at a large attraction on the other side.,A woman is casting a shadow.,She is in the water.,0.82685482502,0.645144760609
A brown a dog and a black dog in the edge of the ocean with a wave under them boats are on the water in the background.,The dogs are swimming among the boats.,The pets are sleeping on the grass.,-0.175804585218,-0.579274535179
A shirtless man is singing into a microphone while a woman next to him plays an accordion.,A man is singing into a microphone.,He is playing a saxophone.,0.824005246162,0.175182253122
A hispanic fruit market with many different fruits and vegetables in view on a city street with a man passing the store dressed in dark pants and a hoodie.,A fruit market is selling vegetables,A fish market is on the docks,0.695645213127,0.0338705256581
A man without a shirt walking towards a gas station.,A shirtless man is walking to a gas station.,A shirtless man is entering a Wendy's.,0.98896241188,0.825589179993
Three Indian boys in shorts play with one another.,Three boys.,three girls painting their toenails.,0.671421170235,-0.298046171665
Couple watching the moon on a bridge.,A couple is watching the moon.,The couple is watching the sun.,0.993114292622,-0.106456138194
"A man wearing a green shirt and a leaf on his head, runs in a race with a bottle of water in his hand and his eyes closed.",A man is running a race,A woman is eating dinner,0.190697446465,-0.839767575264
Person doing a trick on a skateboard in a skate park while people watch.,There is a person on a skateboard.,There is a person doing leg presses at the local gym.,0.946418046951,-0.565116763115
A white dog is walking on a rocky hillside.,A dog walks outside.,A dog runs through a grassy field.,0.990756809711,0.282116949558
Two people riding bikes in the rain at skate park.,Two are riding bikes.,Two people are walking.,0.55641245842,0.201678752899
"A woman sitting outside weaving a long piece of red, white, and blue cloth.",She is working with cloth,He is jumping over a house,0.7843054533,-0.34491121769
"A japanese person with bleached blond-hair set in a design with spikes, wearing a black leather jacket.",The Japanese person with spiky blond hair wearing a jacket.,The Japanese man in a denim jacket has straight black hair.,0.895996332169,-0.337694615126
An audience cheers at a concert.,An audience making noise at a concert.,An audience sitting in a room quietly listening to poetry.,0.587675988674,-0.532940387726
A Latin American weaving fabric.,The person is making fabic,The person is from Italy,0.579815149307,0.137645870447
A group of women observe as two men attempt to fix their bikes.,Several women watch as two men work on bikes.,The women fix bikes as men watch.,0.957833409309,0.68040984869
A line of rollerbladers crouch down aerodynamically,A group of rollerbladers are crouching.,A group of bicyclists round the corner simultaneously.,0.862395584583,0.189136967063
A man smiles while he holds a newborn in a church pew.,Someone holding their baby is smiling while sitting down.,A woman sitting at church and holding a baby.,0.954276680946,0.575378060341
A little girl in a red and white shirt stands next to some caricatures of celebrities at an art fair.,a child with a skirt and red stands in an art fair,two women paint in a field,0.9580052495,0.758415818214
"Two men sitting on horses one wearing a cowboy hat, the other in a baseball cap, with a big tree behind them.",Two men are on horses.,"The two men are running around the corral, trying to catch the horses.",0.706792354584,0.0355971641839
Two men clutch each other as they stumble backwards while looking up in front of a store.,Two men are looking at a store.,The people are walking past a cemetery.,0.809422254562,0.51412498951
Chef's working in a kitchen.,"There is one person in this picture, and they are inside and working.","The chef is running out of the kitchen as flames engulf his kitchen, smoke alarms sounding.",0.625561594963,0.567687571049
A group of young Asian men who are sans shirts and wearing identical black and white plaid pants with red belts are dancing and waving their arms in the air around a fire.,The men are close to fire.,The men are underwater.,-0.455020904541,-0.522879242897
"Two women, one wearing a scarf and the other wearing a broad brim hat, pound what may be food, on a primitive table with wooden mallets",Two women with wooden mallets are preparing what looks like food on a simple table.,Two girls are on a mountain hike.,0.62087225914,-0.0367068760097
"These two dogs are outside, with one on the ground and one jumping in the air to get a ball.","Two dogs are outside, with one on the ground and one jumping for a ball.",Two little dogs are going for a walk.,0.999122083187,0.764955997467
A blond-haired lady with a gray tank top and jeans is holding her phone while she puts her other hand through her hair while a dark-haired lady walks next to her.,There are two women.,Two people are sliding down a hill on their bottoms.,0.505678534508,0.570026874542
A Person in a dark shirt and shorts and a white helmet is jumping a bicycle over a mound of dirt.,Someone rides a bicycle while wearing a helmet.,A person rides a bike on a sidewalk without a helmet.,0.856313884258,0.350777238607
A lady in a blue shirt and hat dancing with a man in sunglasses.,People are dancing,A dog is chasing a car,0.774114370346,-0.411123216152
"Two black dogs on a snow covered ground, the ground appears blue in the background, one dog is jumping with feet off the ground.",The dogs are black.,The dogs are resting indoors.,-0.311614215374,-0.671290516853
"Two men on a basketball court one in white and red the other in blue, the player in white is throwing the ball in while teammates look on.",The men are playing basketball.,The men are surfing in the nude.,0.557495474815,0.218720719218
A woman with a red and white piece of clothing draped over her arm rides a pink cruiser-style bicycle down a boardwalk.,A woman sits on bicycle seat.,A woman is sitting by the beach.,0.248474657536,0.103984832764
"A young girl with blue and pink ribbons in her braids, without a top and a woman with a white t-shirt and a zebra skirt wading in a public water fountain.",People in a water fountain,A young girl knits a sweater,0.895237982273,0.727971434593
A woman in a yellow shirt seated at a table.,A person is waiting at a table.,A woman is standing on top of the table dancing around.,0.614203095436,-0.403756976128
A man wearing a black t-shirt is preparing a meal following directions from a recipe book.,There is a t-shirt.,The t-shirt is blue.,0.216622829437,0.259471029043
Two women wearing white bathrobes relax on a couch with their feet kicked up on a coffee table.,two women sit on a couch,two women jump for joy,0.858400583267,-0.196125417948
A large amount of persons flying kites in a park.,a lot of people are flying kites.,one person is flying his kite.,0.933619201183,0.679471075535
Brown-haired woman talking to man with backpack.,A woman is talking to a man,A man is swinging from a tree,0.963587343693,-0.0594236180186
A man in a red uniform is playing backset ball with a man in a white uniform blocking his shot.,Two men in different uniforms play basketball.,Two men eat ice cream.,0.368223547935,-0.540878534317
An older couple is resting on a bench.,Two people are sitting next to each other.,A couple is walking in the park.,0.882247626781,-0.373650401831
Two young men play trumpet in traditional mariachi dress.,Two humans are playing instruments.,Two old men play cards in traditional African dress.,0.836264967918,0.250691115856
A woman is using clothespins to hang up laundry outside on a laundry line.,A woman is taking care of her laundry.,A woman is folding her washed laundry.,-0.050997145474,-0.0307045709342
A man in a dark floral shirt and black jeans walks buy a brightly colored wall painted with a woman with bright green eyes.,A man walks past a newly painted mural of a woman.,A man walks past a blank wall dressed in shorts and a white t-shirt.,0.954902172089,0.75871026516
Two asian men in a wood shop.,There are two asian men in that wood shop.,The two asian men are at the park.,0.989722788334,-0.00854535587132
A small girl wearing a pink jacket is riding on a carousel.,The carousel is moving.,The girl is moving at the speed of light.,0.593788444996,0.568347215652
"As a referee looks on, a Los Angeles baseball player is falling over the top of a rival player who is just sliding into base.",People are playing baseball.,The people are playing basketball.,0.56140434742,-0.181432336569
"There are three men in this picture, two are on motorbikes, one of the men has a large piece of furniture on the back of his bike, the other is about to be handed a piece of paper by a man in a white shirt.",A man is receiving a piece of paper.,Three men are on motorcycles.,0.946121752262,0.735035657883
There are three policemen on bikes making sure that the streets are cleared for the president.,Three policeman ride on bikes,Three girls sit on bikes,0.830954611301,0.432216882706
A young girl jumps high with the help of her bungie harness device and a safety spotter.,"A child jumps high, assisted by a spotter and a harness.",A child sits on a trampoline.,0.987088501453,-0.126076385379
Two men selling fruit at a fruit market.,Two men are selling fruit at the market.,Two men are walking through the market.,0.974136829376,0.705624341965
The kid is wearing a blue jacket and standing in shallow beach water.,The kid is at the beach.,The kid is swimming in the deep ocean.,0.42329543829,0.070828564465
Some young boys ride bikes in the street.,These boys are on bikes,There are girls and boys,0.893501162529,0.377524852753
two cheerleaders in red an black are standing on the shoulders of other cheerleaders in front of a red curtain.,Cheerleaders stands on other cheerleaders,The cheerleaders makeout in the pool,0.947311997414,0.324491679668
Three women and one man are sitting on a ledge facing away towards a large window.,Some people are sitting on a ledge.,People are swimming in the ocean.,0.931794524193,-0.452941536903
A cabin shot of a very crowded airplane,The airplane is quite crowded.,The airplane is empty.,0.91075694561,0.690563738346
"The group is working with microscopes and wearing clean white scrubs, hairnets and face masks.",Some people are looking at something through microscopes.,The group of delinquents are spray painting the side of a building.,0.961162924767,0.348904550076
A woman with red dyed hair standing and walking with her purse among a group of seated people.,The woman is making her way by the group of seated people.,A natural red haired woman is sitting on a couch.,0.159720987082,-0.155324950814
A surfer wearing a red shirt takes on a huge blue wave.,Surfer in red catches a wave.,Surfer wipes out on large wave.,0.895217657089,0.0922287255526
Two women on the dance floor with other people dancing.,Two women are dancing on the dance floor.,No one is dancing on the dance floor with the two women.,0.990695118904,0.831402361393
"Two people, one in light jeans and a striped shirt, are playing pool.",The people play pool,the people are running,0.418978512287,-0.473842740059
A teacher wearing a red and black striped shirt is conducting a class of about 20 playing music.,A class of people play music as a red and black wearing teacher conducts them.,Some birds land on a telephone wire.,0.992303192616,0.659823596478
people walking to a special place.,People are walking.,A dog and a pig play in some mud.,0.938964366913,0.368394076824
A girl in a red top is holding slips of paper.,A girl is wearing a red top.,The girl is wearing a black shirt and pants.,0.602136135101,0.678484916687
Three people in coats stand in front of a blue building.,Three people in coats are standing in front of a building.,People are sitting down outside.,0.975732862949,0.0727125704288
A woman in a college t-shirt walking quickly carrying two shopping bags.,A woman is carrying bags.,A shirtless woman is carrying bags.,0.773217737675,0.264525771141
A woman is exercising in a tropical setting.,A woman is doing an exercise outside in a warm location.,A woman is resting in a hammock outside.,0.706235647202,-0.213462680578
A little boy is eating a red Popsicle.,A little boy eats a red popsicle,Little boy is sleeping.,0.899270355701,0.300215244293
two women walking in an area of destitution.,"There are two woman in this picture, and they are outside.","The two woman and digging in the garden, preparing it for the tomato plants.",-0.0375843420625,-0.231300592422
A little girl wearing a cardboard diner hat is finishing off some onion rings at a restaurant.,There is a girl eating at a restaurant whilst wearing a hat.,There is a little girl blowing bubbles outside.,0.939475536346,-0.253742933273
A person crouches under a yellow umbrella on the beach.,There is an umbrella and a person on a beach.,There is a person sitting under a large tree.,0.952127695084,0.47127571702
A young child sits on some pillows with a green tray of chopped-up food in front of him.,A young child sits near a tray of food.,A young man competes in a tennis championship.,0.951571464539,0.0179445985705
A young girl is swimming in a pool.,There is a girl in a pool.,The girl is drying off outside of the pool.,0.873255431652,0.738604903221
Two children are diving side by side into a river.,Two humans are about to enter a river.,Two children are driving side by side in cars.,0.80480492115,-0.177326753736
Two little girls and one little boy are running on the grass.,Three kids are running.,The kids are sitting down.,0.783211886883,-0.603702127934
A crowd watching a soccer match.,A crowd enjoys a soccer match.,A small group of people head to their cars.,0.947497963905,0.0186900813133
A young boy wearing a red coat eats a chocolate bar.,The boy is wearing clothing and eating.,The boy has no clothes on.,0.754887759686,0.298599779606
Little girl eating cake outside.,A Little girl is enjoying cake outside.,A little girl is playing in the basement.,0.807966351509,0.237593263388
"A father sitting on an exercise ball holding his newborn, while his toddler son hangs on to his back.",The father has a son.,The father is giving his children a bath.,0.00122567033395,-0.304746329784
A girl is using an apple laptop with her headphones in her ears.,with headphones on the girl used a computer,Working at her Dell Window 7 computer the girl talked on speaker phone with her friend,0.681881308556,0.671261310577
Two girls are walking in car wash parking lot.,Two girls walk in a parking lot.,A girl drives a jet ski.,0.490803718567,0.1299610883
A little boy in a blue shirt holding a toy.,Boy dressed in blue holds a toy.,Boy dressed in red lighting things on fire.,0.997386693954,0.671999812126
"This man holds a teddy bear by the nostrils with one hand, and a microphone in the other.",A man is holding a microphone,A man is juggling a teddy bear and a microphone in the air,0.795757174492,0.742640972137
A shirtless man is cooking on an outdoor grill.,Someone is grilling.,Someone is using a microwave.,0.451821327209,0.0440201945603
Two men pause on a rock while hiking in barren terrain.,Two men are hiking outdoors.,Two men are in a kayak.,0.737526416779,0.69683265686
Three children dressed in winter clothes are walking through the woods while pushing cargo along.,Three children are dressed in warm winter clothes.,Three childre are dressed in summer clothes.,0.76578527689,-0.176352545619
A man with a black shirt holds a baby while a blue shirted individual faces them.,One person faces another person who's holding a baby.,A darkly dressed man passes a crying baby to a man in light colored clothes.,0.97934281826,0.537864983082
A young female toddler wearing a yellow dress is seated in a swing.,A toddler is wearing a yellow dress.,A toddler is going down a slide.,0.776025652885,-0.169257223606
"A man holds a baby, which is chewing on eyeglasses.",There is something in the baby's mouth.,The baby is sucking on a pacifier,0.858180642128,0.0888225212693
Two women are riding motorized bicycles through a street.,Women are riding motorized bikes.,Women are laying next to motorized bikes.,0.945940613747,0.605206727982
A girl in a purple sweatshirt bends over backwards.,A girl bends over backwards.,A boy bends over backwards and breaks his back.,0.99428164959,0.394499778748
A girl in black shorts pushing a bike down the street.,A female in dark shorts is pushing her mode of transportation down the road.,A female in dark shorts is taking a nap at her Grannys house.,0.596660554409,-0.443656861782
A woman is riding a horse along a track.,A woman is riding a horse.,A woman is playing tennis.,0.942026376724,0.892894268036
A person in red playing football on the beach.,There is someone playing on a beach.,There is someone surfing at the beach.,0.538919210434,0.926065146923
"A group of black children, huddled around a white soldier, they are all clapping.",There are children by an adult.,The children throw rocks at the militant threatening their safety.,0.944966614246,0.226297900081
"Small boy hugged by person in bee costume, blurry urban background.",The boy is giving a hug.,The boy is hugged by a person in a bear costume.,-0.087633267045,0.256292045116
A man in a black shirt is standing behind a blue SUV.,A person is next to a car,A woman is next to a red compact car.,0.673708319664,-0.264329433441
Man sliding down stair handrails on a bike.,A biker glides down handrails.,A woman riding a bike in the park.,0.84780061245,0.0890636965632
A young child sits on the floor and leans against a map to eat.,The child is indoors .,The child is sleeping.,0.307534754276,-0.264971554279
A woman is doing a cartwheel while wearing a bikini in the sand next to the beach.,A woman is doing a cartwheel.,A woman is fixing her home.,0.260868787766,-0.290220201015
A group of rollerskaters skate on a patch of cement with palm trees in the background.,A group of people are rollerskating.,A boy is walking around on the grass.,0.209359273314,0.911206126213
The boy wearing the blue hooded top is holding a baby goat in his arms.,A boy is holding an animal.,A boy ran from a goat.,0.927005290985,0.489609360695
A group of people wearing hats and using walking sticks are walking through a wooded area on a trail.,A bunch of people outdoors.,A group of people riding on donkeys.,0.893537759781,-0.146422743797
Seven children all jump as the photo is taken.,Children are getting their picture taken.,Seven children stand still as the photo is taken.,0.519471883774,0.777379333973
One little toddler wearing blue pajamas and a little girl wearing red pajamas opening presents on christmas day.,Two small children open presents.,A grown man sits and weeps.,0.871145248413,0.58106482029
A person in a striped gray and white shirt moves his bicycle past another man in a yellow shirt and blue pants.,The person is riding around on his bicycle.,A person is driving a go-kart around the streets of Honolulu.,0.333799123764,-0.352645218372
"Scene from a life show with man singing in the center, there are two women one on each side of him.",A man is singing on stage.,A man is sitting in an audience.,0.529768645763,0.162616550922
A woman is holding a cake frosted with chocolate-colored frosting and decorated with orange and yellow stars in front of a boy with blond-hair.,A woman carries a delicious looking decorated cake.,A woman is holding a fresh baked cherry pie in front of a girl in a party dress.,0.739164471626,0.682134270668
A female figure skater in costume is executing a routine.,A skater is on the ice.,A man is roller skating on a street.,0.248199179769,0.301879823208
"Two older men speak into microphones on a stage, while a projector screen displays a vintage photo of a young man behind them.",Two men are speaking on a stage with a picture being displayed on a screen behind them.,Two men are sitting handcuffed in a police station.,0.989655077457,0.357926309109
an middle eastern man in a white robe is sitting on a wooden bench with his shoes off.,a guy relaxing outdoors,a woman goes for a walk,0.870182037354,-0.381614476442
A baseball player is sliding into a base while the baseman is catching an incoming ball during a major league baseball game.,A baseball player slides into a base.,A man plays tennis.,0.913568019867,-0.0431023016572
People are pulling a big green tractor.,There are people pulling a tractor.,The tractor is small and red.,0.934734523296,0.0631462782621
A man with a shopping cart is studying the shelves in a supermarket aisle.,There is a man inside a supermarket.,A man is watching a movie in a theater.,0.96935659647,0.198130443692
"Two men, one wearing a white hockey jersey and the other a red hockey jersey, playing hockey on an ice rink.",A hockey game is happening.,Two soccer players are sliding.,0.956947922707,-0.711746573448
A boy in an innertube in the pool splashing and smiling.,A boy in a pool.,A boy gets a sunburn.,0.516845583916,0.0607678629458
Several men on stage having a discussion.,They are men on stage.,The men are playing baseball.,0.350275993347,-0.413449823856
Woman reaching for food at the supermarket.,Woman is doing groceries at the store.,Woman is singing karaoke.,0.989006876945,0.246566802263
Two cars parked on the side of a street with seven people doing different tasks on the sidewalk.,there are 2 cars on the street and people on the sidewalk.,seven people are trying to move a car off the sidewalk.,0.957971215248,0.638745069504
A man and woman in a dark room with lights behind them holding drinks while a bright green light shines in their faces.,A man and woman are in a dark room,Two men are in a light room,0.495565652847,0.569271922112
The dog is walking in the snow.,The snow is outside,The snow is hot,0.833461642265,-0.385302960873
People walk amongst a traffic jam in a crowded city.,The traffic is halted and people are walking between the cars.,The cars are zooming past the people.,-0.278007864952,0.559444010258
"A golden-colored dog, with his eyes alert, holds a brightly colored tennis ball in his mouth.",The dog is light colored,the Dog is black,0.637717366219,-0.486475765705
A man rides a kicking bull in a bullpen.,The man is riding a bull.,The man is riding a sheep.,0.902349114418,0.70648419857
A gathering of young African males under a thatched roof.,A group of men are under a roof.,A group of men are standing on a roof.,0.945575475693,0.732277393341
A man in a yellow shirt does East Asian calligraphy.,A man does calligraphy.,A man does graffiti.,0.83400374651,0.62658059597
A girl and a guy biking down a long strip of road with people jogging in the distance.,The boy and girl are riding bikes.,A woman jogs by herself on the beach.,0.381754457951,0.276871979237
Two men in animal print pajama bottoms sleep on a bed.,Men are sleeping.,Men are dancing in the club.,0.901473283768,-0.0245794374496
a group of people riding bikes in a marathon as people line the street.,There are people riding bikes in a marathon.,The people riding bikes are running from the police.,0.829640448093,0.384506076574
Football player jumping to catch the ball with an empty stand behind him.,The football player catches the ball.,The football player is sitting down.,0.802665889263,-0.0908511728048
A blond child is hiding behind a wooden post.,The person depicted is not an adult.,The child is a brunette.,-0.331461369991,0.460010588169
A small boy purchases vegetables from an older man.,A boy buys food.,A girl buys sandwiches from a vendor.,0.574937343597,-0.656666874886
A older gentleman finds it humorous that he is getting his picture taken while doing his laundry.,a guy laughs while doing laundry,two ladies pin clothes to dry,0.671705842018,-0.178430333734
Three men sit on a bench outside.,Three men are sitting outside.,Three man run from the police.,0.992414474487,-0.30470508337
"Two men not wearing any pants are sitting next to each other, both reading, on public transportation.",Two pantless men are reading next to each other while on public transportation.,The two men step off the bus.,0.701169848442,0.203977152705
A group of people are gathered in the woods around trees and a ladder.,People gathered in woods.,Miners work hard at gathering coal.,0.981611847878,0.595687329769
A boy walking away from two Camden tents with a group of people behind him.,A person walking away from a tent,A person building a tent,0.461172431707,0.743944048882
"Four women in front of Odeon wear similar black, pink and white superman type shirts and jean skirts.",Four women are wearing jean skirts outside of a cinema.,Four women in dresses are standing near a cocktail table at a rooftop party.,0.788468122482,0.599093794823
A person rides his bicycle in the sand beside the ocean.,A person is on a beach.,A person is falling off his bike.,0.784991681576,-0.0259589627385
Young man engraves Arabic writing into a stone.,Young man is engraving into a stone.,Young man skis down the mountain.,0.914901375771,-0.283245384693
A child slides into a wading pool full of water while an adult tosses a bucket of water on them.,An adult and child are playing in the water.,A father is trying to teach his toddler how to ride a bike.,0.930817961693,0.223159298301
"Three women on a stage, one wearing red shoes, black pants, and a gray shirt is sitting on a prop, another is sitting on the floor, and the third wearing a black shirt and pants is standing, as a gentleman in the back tunes an instrument.",The man tuning the instrument is near three women,There are two women standing on the stage,0.688304305077,0.125497609377
A person in a blue plaid shirt is writing on a chalkboard.,The person is writing on the chalk board.,The person is reading a book.,0.735296010971,0.269645035267
Two people are walking down the street holding hands in the fall.,A couple is outside walking.,A couple is waiting to go outside.,0.870049357414,0.773883163929
Four people wearing street clothes work on the scalp of a woman in an improvised medical treatment.,Four people are working on a woman's scalp.,The woman is getting a haircut.,0.704964697361,-0.142157047987
A dog chasing a deer in a field with yellow flowers.,A dog is running outside.,A dog is tearing at the deers' throat.,0.837220668793,0.669404745102
A green bike is parked next to a door.,The bike is outside.,The bike has a jet pack.,0.779030025005,0.0214512385428
A bundled boy sleds down the slope.,A boy is sledding,A boy is surfing,0.636484861374,-0.16033488512
"A squatting couple outdoors, engaged with a kneeling street performer or vendor reading from a book of manga.",Some people are squatting on a street.,Some people walk quickly.,0.847452759743,0.0949386209249
A small colorful race car on the track with people in the background in a roped off area.,A small car rides around,The car is in a show room,0.0840204954147,-0.542599737644
A young boy is on a patio crowded with metal tables and chairs and 2 yellow umbrellas.,A young boy is on a patio with lots of funiture.,A young boy is at the park.,0.921013951302,0.294759780169
A woman crossing a busy downtown street.,A lady is walking down a busy street.,A woman starred out the window while thinking about her day.,0.941234827042,0.676753640175
A young indian boy sitting down thinking about his future.,A boy thinks.,A man teaches his daughter to ride a horse.,0.385085821152,-0.0320361480117
"A young man and woman lay on a bed, the woman makes a goofy face.",The man and woman are relaxing together.,The couple on the bed are angry.,0.865811824799,-0.0875273048878
"Two competitors in the last leg of a race, strong legs, long strides to the end.",Races can be long and tiring.,The race has just started.,0.823920547962,0.625500559807
four men are wearing red baseball caps and orange and yellow shirts.,There is a group of men.,A group of little girls are dancing.,0.832812547684,-0.510671019554
"A person, surrounded by trash bags and wearing a conical shaped hat, is eating while sitting on purple and yellow colored steps.",A person on steps.,A person is standing.,0.773482680321,-0.078367382288
Two Olympic martial arts competitors go after each other in an international martial arts spectacle.,Two people are competing in the Olympics.,A man is cleaning and polishing a large candy dish.,0.914669334888,-0.140125483274
A dog reaches to catch a ball with its mouth.,The dog is playing with a ball.,The dog is playing with a rope.,0.881453454494,0.922263026237
Police officer with riot shield stands in front of crowd.,A police officer stands in front of a crowd.,A police officer teaches two children something.,0.84744143486,0.53745675087
A woman walks down the road in all black as she holds a red umbrella over her head in the rain.,The woman in black is walking through a rainstorm with her umbrella.,The woman in black is dancing in the rain without an umbrella.,0.915360450745,0.213964551687
older men talking and standing around.,The older men are visiting with each other.,The men are walking to their cars in silence.,0.877054929733,-0.268698513508
"A little girl wearing a pink, yellow and white bathing suit, gets wet from a splash of water.",A girl gets wet from a splash of water.,A girl wears a suit to work.,0.978556573391,-0.206821650267
An asian man wearing a blue shirt is kicking up water.,An asian man is getting his shoes or feet wet.,The man is kicking up dirt.,0.911038041115,0.691317141056
A mountain biker rides up a hill on a red bicycle.,The biker rode up the hill.,The biker rode down the hill.,0.96731710434,0.738132894039
A jockey in blue gallops a chestnut horse on a dirt track past a wooden fence.,A jockey rides a horse,A jockey brushing his horse,0.713434994221,-0.0695751681924
A woman closes her eyes as she plays her cello.,A woman is making music.,The woman has her eyes open.,0.0506833605468,0.0477779135108
A snow activity enthusiast flips around on a snowy mountain.,A person enjoying the snow on a mountain,A lone child makes a snow angel in the snow,0.96506524086,0.840891957283
Two women eating lunch in a cafe smile at the photographer.,Two women are enjoying a meal at a cafe.,Two men are shopping at home depot.,0.929909467697,-0.0607301071286
A group of people in white sports outfits are gathered together while one of them performs a dance.,The group of people has a person doing a dance performance.,A group of people are gathered to cook chicken on the grill.,0.793350458145,-0.179986476898
A woman sits in a chair under a tree and plays an acoustic guitar.,A woman plays an acoustic guitar under a tree.,A woman is climbing a tree.,0.725738823414,0.0646307170391
Two women in bathing suit on large rocks at the ocean.,two women are outside,two women sit on a mountaintop,0.620350241661,-0.12420207262
A person in gray snowboarding down a hill.,There is snow on the hill.,The snowboarder is wearing white.,0.912566781044,0.924254953861
"A woman soaks her feet in a natural pool in a landscape of rocks, with green covered tents in the background.",A lady is outdoors,A lady is swimming in a natural pool next to red covered tents,0.855899572372,0.431179851294
A little girl in a blue dress is sitting on a red you tractor.,A girl sits on a vehicle.,The girl is riding on a truck.,0.976984500885,0.174843102694
A man in a plaid shirt and brown pants walking around town with one hand in his pocket.,The man is going for a walk.,The man has a white dress shirt on.,0.749615848064,0.933210730553
A man and a woman are walking next to a flower display case and an escalator.,Two people are walking.,Two women are standing still talking.,0.871498584747,0.431716680527
An elderly saxophonist performing at an outdoor event.,An elder performs an intrumental piece at an event.,A young violinist plays an violin indoors.,0.968546748161,-0.169656723738
A snowboarder in green pants boards down a snowy mountain.,A snowboard rides down the mountain.,A pantsless snowboarder rides down the mountain.,0.884703040123,0.393064081669
A construction worker peeking out of a manhole while his coworker sits on the sidewalk smiling.,A worker is looking out of a manhole.,The workers are both inside the manhole.,0.823396742344,0.160626202822
"Guy in a dark suit, with a cigarette in his right hand while talking on the phone.",The guy has on a suit smoking a cig and talking on the phone.,A women in a bright suite with a cig is talking on the phone.,0.971661984921,0.733289182186
A group of men in fatigues eat at a fast food restaurant.,There is a group of men.,There is a group of women.,0.330212503672,-0.670712828636
The little girl in yellow is touching the dad who has shaving cream on his face.,A girl and her father spend time together as he shaves,A little girl is shaving her fathers head,0.535834550858,0.619385957718
A man in a white shirt riding a bike down the pavement.,A man is in a white shirt.,The man is in a black shirt.,0.581550955772,0.444041907787
A group of girls ride an ATV.,Girls ride ATVs.,Girls ride their skateboards to the store.,0.918573617935,0.404758036137
A young boy in a red jacket and a child in a blue jacket sitting on the bank next to water.,Two children are outside.,Two boys are going for a swim in the water.,0.677549600601,0.0178668126464
Three people and a white dog are sitting in the sand on a beach.,People sitting on the beach.,Three dogs and a person are sitting in the snow.,0.965635538101,0.532581210136
A little girl and lady wearing face paint and costumes are among others holding orange balloons and an event.,A party atmosphere is present where two females have their faces decorated with paint with others holding balloons.,A man and his son put camouflage greasepaint on their faces before they go hunting.,0.983352780342,0.244433701038
A man wearing a white and blue shirt cooking corn on the cob while a different man buys a piece of corn.,A man is holding to some vegetables near another man.,A group of people are watching some ducks at the pond.,0.369327425957,-0.247373640537
A woman sits at a table outdoors with magazines on her table.,A woman sits outside.,A woman stands near her husband.,0.904153704643,0.103710904717
Several runners compete in a road race.,Several runners compete in a race.,Several runners compete in a bike race.,0.993392169476,0.815004348755
A man holding a sleeping child walks with a woman.,A man and woman walk while carrying a sleeping child,Two men carry their sleeping dog down the road,0.99936401844,0.96539157629
A large tan dog is rolling around on its back in a yard of grass.,A dog is rolling in the grass.,A small dog is sitting in the rain.,0.872139811516,-0.0231486763805
Soccer players dressed in bright blue and white uniforms are jumping in the air.,Soccer players are jumping.,Soccer players are running down the field.,0.940120220184,0.424150198698
A man wearing a blue shirt with black stripes and a woman who is wearing a white jacket are walking down a narrow pathway,A man in blue and a woman in white are walking down a path.,A man and a woman are seated on a blanket underneath a large oak tree.,0.907403230667,0.485646367073
A young boy reaches for and touches the propeller of a vintage aircraft.,A young boy and an airplane.,A young boy swims in his pool.,0.64866399765,-0.630550444126
"Young boys playing indoor basketball, one team has black and white uniforms, the other has orange and white.",Several boys are playing basketball inside against each other.,Some girls are playing a game of baseball.,0.751845955849,-0.649359226227
A group of Asian men pose around a large table after enjoying a meal together.,A group of Asian men pose for a picture.,A group of Asian men are playing soccer.,0.814012885094,0.520582079887
Dog running down paved walkway near a Japanese maple tree.,A dog running outside.,"A dog sits, waiting for his owner.",0.823831319809,-0.776522636414
Reflections of people walking in a big city.,Several folks stroll through the city.,Musicians play a concert on a busy street.,0.963922560215,0.56088167429
People sit around a circular bar.,people sit at a bar,people sit around a bus stop,0.948295772076,0.596903800964
A man is wearing a hard hat and orange jacket standing in front of a red ladder.,A man stands in front of a ladder.,A man floats up a ladder.,0.980550408363,0.952189326286
A woman is holding a baby while standing in the middle of a room.,A woman holds a young child indoors.,A woman holds a sack of rice in the middle of the line at the supermarket.,0.38004976511,0.0847135931253
A man and woman are pictured from behind sitting close together on a couch while they play Nintendo DS,A pair of people play video games together on a couch.,A pair of people walk the dog on the sidewalk.,0.623205780983,-0.119483649731
Several people wait to checkout inside a store with a warehouse looking ceiling.,many people are waiting in a store,an elevator being serviced,0.640207827091,-0.223920509219
A man standing up in a rowboat with a bird perched on the boat.,A rowboat is out on the water with a man standing in it.,The man is pedaling a bicycle along the pier.,0.700143516064,0.500188648701
A young child is being held by another child looking straight at us.,The child is looking at us.,The child is forty years old.,0.963583827019,0.304635614157
A crowd standing in a room with their backs to the camera.,There are people standing in a room.,The crowd in the room is smiling at the camera man.,0.9436814785,0.6229185462
A man is leaning out of a window to paint some decorative iron white.,A man is painting.,A woman paints.,0.359823614359,-0.14104911685
"In a Little League baseball game, the batter watches as the ball he has just hit flies off toward right field, with the catcher looking on.",The batter watches the ball fly towards right field,The catcher hits the batter,0.894119560719,0.600157916546
A clown making a balloon animal for a pretty lady.,A clown making balloon shapes for a lady.,An acrobat performing for a handsome man.,0.934504628181,0.427629739046
"A cyclist in neon yellow uniform rides past spectators behind a yellow banner reading ""Lotos.""",A cyclist is biking past spectators.,A cyclist is taking a water break.,0.589058876038,-0.0308163389564
A man about to smash something with a very large sledgehammer.,the sledgehammer is large,the sledgehammer is small,0.888105392456,0.685747504234
A woman in a blue jacket is drinking tea from a cup.,A woman wearing a blue jacket is drinking tea.,A woman is eating a donut.,0.997384369373,0.947975158691
A man is walking away from tents with the word Camden on them.,The man is walking.,The tents do not have anything written on them.,0.802521169186,-0.016592990607
A little girl with blond pigtails is being held upside down by a blond woman with a ponytail.,Two blond females are together.,Two blond females are swimming.,0.974923670292,0.00766479922459
These children are romping around on the leaf covered ground.,There are children outdoors.,Children are playing in the snow.,0.972222507,0.568211197853
A woman in a blue shirt stands with her hands on her hips.,The woman in the blue shirt is touching herself.,The woman is sitting down.,0.617968678474,-0.451704114676
A surgeon is performing an open surgery.,A doctor is doing some kind of medical operation.,A doctor is performing a simple check up.,0.742706418037,0.372803717852
A woman is sitting outside while holding two cats.,A person is sitting and holding cats.,The women is holding a dog.,0.981163859367,-0.0675956457853
A shirtless man is being filmed in the middle of a soccer field.,A topless male is being recorded on a sports field.,A man is wearing a designer shirt on camera.,0.848407864571,0.321557998657
An orange car is driving across a steel bridge in a city.,A car is driving across a bridge.,A car is driving on the highway towards the country-side.,0.887745261192,0.921916723251
A woman in a green shirt and jeans throws a spear toward a target in the background painted with a carrot across a parking lot,A woman throwing a spear towards a target.,A woman shooting a bow at a painted pumpkin target.,0.598063588142,0.295541226864
A little girl is sitting on a bench in a park.,The little girl is at a park.,The little girl is sitting at home on the couch.,0.317535787821,0.499196738005
A US Air-force member is handing off a little girl and her toy unicorn to a local citizen.,A person is taking a little girl with a toy from an Airman.,A marine is dancing with kids and their toys.,0.190546989441,0.531983971596
There are people at the train station waiting for their trains and other trains are whizzing by them.,The people are waiting at the station.,The train has stopped and they are boarding it.,0.576445519924,0.434339940548
A man and woman dance together.,A man and woman dance.,A man and woman fight.,0.986827731133,0.0160268098116
A man in a black and blue jacket and a white helmet skiing down a hill swiftly.,A man skiing down a hill.,A man walks down a snowy hill.,0.617644131184,0.646373271942
A rodeo clown finds it's way in the action.,The rodeo clown is performing physical activity.,The rodeo clown is in the corner by himself.,0.802253961563,0.694955825806
An accordion player with a cowboy hat plays his instrument as he looks off into the distance.,An accordion player is making music.,A man playing a violin serenades a lover.,0.860633254051,-0.00942016206682
A costume worn by this little boy is making him feel a little insecure.,An insecure boy.,A boy blowing up a baloon.,0.552719414234,0.392399668694
"A woman seated indoors wearing glasses, an orange shirt, jeans and sandals is eating from a container in her hand.",A woman is eating while sitting down.,A woman wearing a green shirt eats at the table.,0.795171141624,0.4716617167
A woman at a campground.,A woman outside.,A tree eating a taco.,0.85247194767,-0.291167616844
Two hikers rest on a snow-covered mountain.,The hikers sit in the snow.,People sunbathe on a beach.,0.657586812973,-0.210124790668
"This mother and her daughter and granddaughter are having car trouble, and the poor little girl looks hot out in the heat.",The car that belongs to the family is having issues.,The family is driving safe and sound while the little girl is asleep.,-0.12266895175,0.0356048941612
A man in a green jersey and rollerskates stumbles as a man in a black jersey appears to collide with him.,The man stumbles stumbles in rollerskates.,They are driving cars.,0.379123628139,0.00588454864919
"A young woman with red hear and wearing a bikini top is standing with her hands together above her head, while three other people stand directly behind her with their arms in different positions, making the woman in front look as if she has many arms.","Four young people are lined up  behind another and they are holding their arms out so it looks like the arms all belong to the first person, a red haired woman in a bikini top.",Some people are holding hands and walking away.,0.949012041092,0.523139119148
A girl is jumping off of a swing and landing on her feet.,A girl is flying through the air off of the swing.,A boy is barely swinging on the swing.,0.820493161678,0.54055583477
A woman holding a camera.,A woman holds a camera in her hands.,A man cuts his hair.,0.995430827141,-0.567419230938
Rugby player in blue dives to tackle the ball carrier in white.,A rugby player is playing in a match.,Two rugby players are running through a store.,0.422537356615,0.457076668739
"At a convention, a man takes a phone call behind the booth where he is selling things while others examine his merchandise.",A man is at a booth.,The man is walking outside.,0.864661157131,0.59183293581
A street vendor selling his art.,A man is selling things on the street.,A man is hanging artwork inside a museum.,0.841325104237,0.250695168972
A man with a hooded sweatshirt bows his head in a cathedral.,A man in a hoodie bows.,A man in a hoodie is at the strip club.,0.881956398487,0.264087826014
A baby in a bathrobe waits for his shower.,A baby is dressed in a bathrobe waiting for a shower.,A baby is having his diaper changed.,0.986072063446,-0.106156267226
A man in a green Celtic sleeveless jersey shirt and short stone washed jean shorts sitting and eating.,The man is having a meal.,The man is wearing a Cowboys jersey.,0.224147811532,0.229681611061
A protest with a person wearing a black dress holding a red umbrella.,People are protesting.,People are making candles.,0.676901936531,-0.19843070209
A band on stage playing a song with a banner in the background that says Screaming Orphans.,A band is playing on a stage.,The band is unloading their equipment from their van.,0.949733376503,-0.350777775049
"A worker in a striped orange, gray, and white t-shirt hovers over a stand that is displaying different kinds of flat bread.",A worker stands over a bread display.,A butcher stands over his freshly cut meat.,0.656025111675,0.0174497365952
A group of people in white uniforms doing a show in the middle of the street.,People are wearing white uniforms.,Dogs in costumes are juggling in the street.,0.990247249603,0.210035696626
A butterfly costumed girl waves at the crowd.,A girl is waving at a crowd of people.,The crowd is staring up at the man on the stage.,0.708894848824,-0.180500984192
Members of the military gather around some vehicles at night.,the military surrounds some vehicles.,military surrounds cars during the day.,0.976710796356,0.892388105392
A man is flexing his biceps while standing on a rooftop with multiple chimneys in the background.,A man is flexing.,The man is climbing a ladder.,0.883235871792,0.823209941387
A white dog with brown ears runs down a gravel path with a ball in its mouth.,A dog runs down a path.,A dog runs down a dirt path with a bone in its mouth.,0.587796866894,0.484817355871
"A toddler in a blue one-piece plays with a stack of plastic tubs, while toys are scattered on the floor behind him.",The baby is playing with things on the floor.,The baby is playing with glass in the middle of the street.,0.714077293873,0.671163439751
Young girl sitting on bleachers.,A girl is sitting.,A girl is cheerleading.,0.970019578934,-0.314546108246
"Three women, two wearing red shirts and one wearing a purple shirt, and a man, wearing a light blue shirt, jump on a basketball court with balls in their hands.",Some people's are playing basketball in basketball court,Three people's are eating in hotel.,0.286529451609,-0.616656064987
A football coach guiding one of his players on what he should do.,The coach knows how to play football.,The player already knew what he was doing.,0.928047418594,-0.846394538879
A guy tries to climb a stone cliff while his friend helps him.,A person is helping pull someone else up a cliff.,Two men are standing on a beach looking up at a cliff.,0.980195701122,0.918353140354
Two women in colorful swimming suits are leaping above a pool while two other women in the pool watch.,Two women are wearing swimming suits.,All four women are drinking lemonade.,0.710988163948,0.0166112780571
An elder bearded man having a rest in a dilapidated building.,An old bearded man is in an old building.,The old man is shouting something to the camera.,0.740538239479,-0.141310155392
Three people are canoeing in a stream.,There are people outdoors,There are people indoors watching others canoe,0.816383421421,-0.135146677494
Two women wearing black t-shirts are sitting in the grass.,women wearing t-shirts hang out on the grass,a girl talk on the phone,0.34432554245,0.352590471506
A group of women are trying to sell their vegetable harvest.,A group of women are selling their wares,A group of women are fishing,0.640938401222,0.369468390942
A man in a blue polo raises his wineglass to toast.,A man holds a wineglass.,A man drinks from his wineglass.,0.771917462349,0.843061089516
A pale dog runs down a path.,A dog is outside.,A dog is laying down inside.,0.32416793704,-0.466297119856
A man and a woman are talking in a park,A pair of people are talking outdoors.,A man and woman are talking in the aquarium.,0.825996339321,-0.19146412611
"A person in a white t-shirt, military print cap and red bandanna with a skeleton on it covering most of the person's face.",The t-shirt is white.,The bandanna is blue.,0.0367320999503,0.387168198824
A young boy wearing blue shorts is splashing is a blue kiddie pool.,The young boy is wet.,The young boy is wearing red shorts.,0.91323530674,0.585878968239
A man carrying a hard hat is running down the street.,A man running down the street is carrying a hard hat.,A man is performing in a parade with dogs.,0.999999940395,0.586012542248
Number 916 is hoping that he is going to win the race.,A person is competing in a race.,A person is is playing baseball.,0.868961513042,0.251466929913
A brown dog is trying to retrive his orange ball that has fallen in a dirt hole.,A dog is trying to get his toy back.,A brown dog is eating meow mix from a hole.,0.667533755302,0.12108900398
A man reclining with his feet up on the desk.,A man is leaning back in his chair.,A man is standing next to his desk.,0.706098437309,0.0728955045342
a skateboarder ollies.,Someone is on a board with four wheels.,A skateboarder tailwhips his bicycle.,0.246338099241,0.35224032402
"A group of six people, men and women, hold up a pole in the middle of a forest while another woman monitors this action.",The group of people hold up a pole.,The group of people hold up a tire.,0.976890683174,0.820512771606
A group of people walking across the street some carrying large black and red flags.,Some people carrying flags are walking on a street.,Some people holding flags are riding motorbikes.,0.988335609436,0.744358778
A man with shoulder length dark hair sits near the rocks of a waterfront while holding a cigarette in his right hand.,A man holding a cigarette.,A bald man holds a cigarette.,0.840064525604,0.0755573660135
A person in an orange kayak navigates white water rapids.,A PERSON IS KAYAKING IN ROUGH WATERS.,A PERSON IS DRIVING A CAR.,0.886398434639,-0.415442705154
A man in a white t-shirt and blue shorts is rock climbing up a sheer face,A man in a t-shirt and shorts is rock climbing.,A man in a dress is snow boarding.,0.993816792965,0.494689434767
Male and female performers stand on stage holding microphones up to their lips and raising their hands in the sky.,Male and female performers stand on stage.,Male and female performers sit on stage.,0.980023503304,0.125573337078
Very large group of old people riding in boats down a river.,Mob of elderly riding water crafts.,A bunch of older people enjoy tea time.,0.602239251137,0.146065458655
Two women both dressed in white tops and dark-colored shorts are standing in front of some motorcycles on a city street,Two women wearing tops and shorts stand by some motorcycle in the street.,One woman and one man stand in front of a new car while wearing green sweaters.,0.976498067379,0.770400464535
Two young men splitting wood with a axe in the snow.,The men are young,The weather is hot,0.66165804863,-0.735625863075
Two women are embracing while holding to go packages.,Two woman are holding packages.,The men are fighting outside a deli.,0.868430256844,-0.686769247055
A group of people are running in the cold.,A bunch of people moving briskly on a cold day,A single person strolling on a hot summer day,0.648074626923,-0.562995254993
A inside view of an apartment showing 2 couches and a coffee table.,There is a room with furniture in it.,A man is feeding some birds some bread.,0.96244764328,0.473236173391
two young children on a skateboard going across a sidewalk,Two kids are playing outside.,Two young children riding on a bike.,0.779252529144,0.30248260498
Two pedestrians walking past a sidewalk cafe on a cobblestone street.,two pedestrians walk on a cobblestone road past a cafe,two pedestrians walk on a cobblestone road a long way away from a cafe,0.988117337227,0.897423565388
A soldier is handing a picture to a woman holding a Donald Duck bag.,A soldier hands a woman a picture.,A man loads a gun.,0.369778990746,-0.322462558746
A young blond girl dressed in pink is lying on the floor next to some brown dominoes.,a girls lays next to dominos,a bird eats a frog,0.602995991707,-0.41549295187
Five adults are sitting on stone steps.,There are five grownups sitting on stone steps.,Three adults are sitting on stone steps while 2 are sitting on the railings.,0.941014647484,0.95149987936
"Two dogs, one lying down, play in a yard.",They are outdoors.,They are going to run away together.,0.304722607136,-0.323331356049
"A white-haired man reclines in a seat pad on a boat's deck, reading a book.","a man reclines in a seat on a boat, reading.",A man drives a boat through the ocean.,0.9817892313,-0.048289142549
A young girl holding a stuffed pig smiles.,A young child holds a stuffed pig.,A young girl holds her stuffed bear.,0.860581040382,0.641775071621
A bride adjust her husbands flower on his coat as she holds her own bouquet of flowers.,A bride tidies her groom.,The bride fixes her husband's tie.,0.457782268524,0.148285076022
A man talks on his cellphone in private.,A man is on his cellphone.,A man throws his cellphone to the ground.,0.993425726891,0.293752759695
A woman wearing a large bandanna around her neck is sitting at a table putting poker chips into a plastic bag.,a woman is wearing fashion accessories while sitting at a table.,a woman is standing at a table playing poker.,0.215890735388,0.607788562775
"Five Women, wearing beautiful, colorful saris, in a circle, dancing with their hands raised and touching.",There are five women close to each other.,The women have their hands by their side.,0.662510633469,0.622697591782
Two cyclist a man and a woman enjoy a leisurely bike ride on the cobblestone path.,The two cyclists are outdoors.,The two people are taking a stroll through a museum.,0.903491079807,0.394240498543
A man wearing a red bicycle helmet talking on a cellphone with other people in the background.,A man talks on a cellphone.,A man talks on his walky talky.,0.887680053711,0.809299230576
"Woman driving in a red convertible with another girl in the passenger seat and a guy in a suit in the backseat, driving past a group of people.",There are three people driving in a convertible past other people.,"A woman, girl and man are watching television.",0.644744753838,0.671106278896
A man in a gray sweatshirt and blue jeans is pulling on a rope while a guy in a white shirt and black jeans watches him.,the man in the ray sweatshirt was pulling on a rope,the two men were pulling on the rope,0.872484385967,0.877894759178
A man is standing on a rooftop looking at his camera.,A man is on the roof with a camera.,A man is standing in front of the house with a wrench.,0.896321594715,0.580308675766
Men stand on steps leading out of a body of water,Men are standing on some steps near some water.,Men are sitting outside near a golf course.,0.981557369232,0.334216594696
A black dog plays with a white and blue colored stuffed animal.,A dog is playing with a stuffed animal.,A white dog is begging for food.,0.98837018013,0.758038043976
"A woman dressed in a light yellow tank top, white pants, and sunglasses looks to her right as she is drinking a bottle of water.",A woman looks to the side.,A woman is in a winter coat.,0.735430240631,0.319019734859
A woman in a black coat is riding her bike on a street as a man in shorts and a striped top looks at her as he passes her.,A man is checking out a woman as she rides by on her red bike.,A ship fires off its canons to celebrate its launch.,0.918675243855,-0.24195754528
Three boys wearing life jackets are on top of innertube in the water.,Three boys are swimming.,Three boys are drowning.,-0.5056848526,-0.606446146965
Backside view of a South America street vendor tending to her upright oven with a second woman looking away.,Backside view of a South America street vendor tending to her oven.,Backside view of a South America street vendor tending to her car.,0.915675759315,0.925581753254
A girl in a blue shirt leaps into the air.,The girl is jumping.,The girl has a green shirt.,0.863303720951,0.500313520432
A biker wearing a white t-shirt is jumping over dirt hills.,A biker jumps over dirt hills in a white shirt.,A biker climbs a tree in a shirt.,0.993901968002,0.880029797554
People are camping in a group.,They are camping.,The people are staying in their house.,0.131062269211,-0.432504236698
Female in a pink tutu and pink boxing gloves performing in a chained off area.,A female in a chained off area.,A man wearing a tutu.,0.763024806976,0.352285683155
An African American man getting his haircut by another man.,A Black man is getting his hair cut.,A White man is getting his hair cut.,0.830628395081,0.651968479156
"Two young girls have fun on a trampoline, one of which appears to be falling down onto her back while the other poses with a smile behind her.","Two young girls have fun on a trampoline, one of which appears to be falling down onto her back while the other poses with a smile behind her.",Two young girls are sitting on a trampoline talking.,1,0.351744800806
Two firemen beside their fire engine.,Two men are outside.,The lady makes a cake.,0.437340050936,-0.63306671381
"A man is signing a guitar, whose owner is smiling and has a hat with lights attached to it.",Two people are next to a guitar.,A man is signing a book for a fan.,0.898201823235,0.376295894384
"A young man attempts to pole vault over a bar, barely inches away from it mid flight.",A young man is pole vaulting.,A young man throws a shotput.,0.333431184292,0.635170578957
An old man and lady in a white uniform is standing next to a man in black playing an instrument.,A man in black is playing an instrument.,"A lady in a white uniform is sitting on a bench outside a hospital, taking a break from work.",0.878924429417,-0.217927366495
A female swimmer getting out of the pool still dripping wet.,A woman gets out of the pool.,A boy reads a comic.,0.966855168343,-0.531095147133
One kid is running across a field carrying a football while another is close behind grabbing for his flags.,Two children play outdoors.,Two children run in different directions.,0.92686855793,0.831880331039
Five children of Indian origin are smiling and posing on a slide.,Children are on a slide.,Children are playing soccer in the grass.,0.621006906033,0.592550396919
"3 people, one man playing a guitar while sitting on the floor and two people playing a game on a sofa.",Several people are gathered inside.,Several people are sitting on the beach.,0.554764688015,0.713839590549
Two men making dance moves as a woman films the event in the living room of a house or apartment.,The men are moving.,The men are swimming in the middle of the ocean.,-0.0156311579049,-0.119924232364
Two people kiss on a street blindly-lit in bright white sun while several silhouetted pedestrians walk behind them.,Two people are kissing each other.,Two people hug as the sun shines down on them.,0.607168674469,0.289569377899
A young man wearing a gray shirt standing outside a wooden structure smiling and making a fist with his right hand.,A young man is standing outside a wooden structure.,A young man is sitting in a field.,0.923086941242,-0.0045631788671
"A young man wearing a blue shirt with white words, black jeans, and inline skates is sitting on a concrete seat looking forward while a group are people are in the background.",A young man in inline skates sits on a concrete seat.,A young man in a red shirt sits in his ice skates.,0.410428583622,0.0975244939327
A man is creating a sand painting on the floor.,A man is making art.,A woman destroys a sand painting.,0.391511619091,0.190090432763
A young man in black pants and a gray shirt holds a skateboard with colorful decals upright while sitting on a gray stone block.,The person is seated on a rock.,The person is walking through a crowd.,0.38634288311,0.666293621063
"Three men in a science lab watch one of them hold a burning object, one man on the side is reaching for the ground.",Three men are in a laboratory doing a scientific study.,There are three men on a fishing boat trying to catch bass.,0.765230178833,0.432865262032
Two men look down at another man standing on an unfinished walkway.,Two people look down at a man working on a walkway.,Two women look down at a finished walkway.,0.905500590801,0.358602702618
A runner in a yellow shirt is running a race.,A person is running.,A runner is watching people run.,0.982026696205,0.97482585907
A little girl planting her first flower in the sand.,The little girl is planting her first flower.,The little boy is planting his first worm.,0.90449911356,-0.0992365181446
Man in leather jacket reading a book.,A man is reading,The jacket is fleece,0.936795115471,-0.602991223335
Four females wearing helments are riding on an ATV.,Four women are driving an all terrain vehicle.,Three men are driving motor scooters.,0.305884242058,-0.394962996244
Man relaxing on a bench at the bus stop.,The man relaxes on a bench.,The man stood next to the bench.,0.846996426582,-0.0605499520898
Woman sitting at a park bench reading a book.,the woman is sitting in the park.,the woman is driving down the road.,0.900644421577,0.0943708717823
"A crowd is watching 2 shirtless men, one in yellow pants and one in black shorts perfom.",A crowd watches two shirtless men perform together.,A crowd watches two men dressed in suits play guitars.,0.968583762646,0.315082877874
Two women playing field hockey on AstroTurf.,Women playing a game of field hockey.,Women re-sod a field hockey field.,0.857688307762,0.761857748032
A group of people are sitting at a table having a meal.,A group of people are sitting.,A group of people are standing around waiting to be seated at a restaurant.,0.880097270012,0.564544022083
A forest scene graces a curving wall as someone sits to the rear of the picture where there is a break in the design.,There is artwork with trees.,A man completes a crossword puzzle.,0.662659525871,0.647572696209
A group of people sit before a campfire.,People are around a fire,The elephant sits on a dog,0.332431286573,0.392929911613
A goalie in a yellow field is protecting the goal.,A goalie is protecting the goal.,A goalie is sitting on the grass.,0.972526550293,0.237708687782
A girl in red dividing colored tabs.,Girl in red dividing colored tabs.,Girl in blue chewing on paper.,0.971305906773,0.562132000923
Two dogs swimming.,Two dogs in water.,Two dog are sitting in the dirt.,-0.0228059086949,-0.360213577747
A man jumps on another man while a crowd looks on.,a man jumps on top of another man,a man plays guitar while a crowd watches,0.969442844391,0.825267910957
Man sitting down in a asian custom and styled room.,A man sitting down indoors in a room.,A couple kissing passionately in an asian room.,0.75477463007,0.203341946006
A boy in a red shirt with arms outstretched on the side of hill.,A child is outdoors on a hillside.,A girl is singing on a hillside.,0.886418104172,0.237177327275
A man in a hat and jacket standing on the sidewalk with a pile of trash in front of him.,A man standing on the sidewalk.,The man in the hat is standing in the middle of the street.,0.889057099819,0.785026907921
A little girl in a pink shirt about to cry,A child is upset.,A child is sleeping in her bed.,0.769837737083,-0.277951717377
"A man is using a long lens on a camera to take a closeup of a colorful, chubby man on a bicycle with a large maroon and white umbrella attached to it.",A man taking a picture of someone.,A man painting a picture of a sunset.,0.921752631664,0.790386557579
A group of women are sitting and knitting together in a cafe.,the women are in the cafe,the women are helping make pies,0.48803460598,0.502107143402
Two men are in a bare room sweeping the floor.,two men clean,two woman talking,0.976766586304,-0.268569469452
An indian man walks past a temple on his way to pray.,A man is heading to his house of worship.,A man fell into the swimming pool.,0.231628954411,0.259455502033
Woman is sewing in order to make a living in her country.,A woman's job is sewing.,A woman is baking cakes.,0.972645103931,0.369738936424
Four people are bandaging a head wound.,People are bandaging an injured head.,Five people are bandaging a leg wound.,0.8893019557,0.997605800629
A man and woman look like they are having their picture taken in front of a famous building in France.,A man and woman look like they are having their picture taken.,A man and woman look like they are running.,0.917689204216,0.0906067192554
A dalmatian runs through the woods.,a dog runs through the woods.,the dog was shot,0.99142318964,0.816309630871
"A man is standing on the sidewalk, playing a guitar and singing, with a container of tips by him.",A man is performing outside.,A man is playing his guitar and singing on a stage in a bar.,0.94076114893,0.60067653656
A group packs food into boxes in a cold field.,The group is packing food.,The group is standing in the hot field.,0.255909055471,-0.128436461091
A man parasailing in rough waters.,A man hangs from a parachute.,A man is drowining.,0.873727917671,0.188445806503
Two men in shorts walking in front of a trashcan.,Two men walk by a trash can.,Two girls are jumping rope.,0.963864445686,0.214731127024
A skydiving instructor with a student strapped together while skydiving.,People are jumping from a plane.,Two man are sitting down inside.,0.440261483192,-0.020605109632
School kids all in blue backpacks.,Young students all carry blue book bags.,Businessmen all in suits carrying black briefcases.,0.305331349373,-0.0285002384335
This is a man in a photo booth.,A man in a photo booth.,A man at a restaurant.,0.997463643551,0.486820071936
There's an invisible man holding a rainbow umbrella.,the man is invisible,The man is holding a black umbrella,0.204057112336,0.915265738964
A group of woman wearing scarves on their heads crowd together next to a building.,A group of humans standing outside,A group of bald men outside,0.699223220348,-0.266117662191
A man riding a red motorbike near a large crowd of people by some tents.,A man is on a motorbike.,A man is on a skateboard.,0.738473415375,0.226015433669
A group of people are watching a band play music while one lady tries to take a picture of them.,A group of people are watching a band play music.,Some people are fishing in a river.,0.866961121559,0.454368472099
A man on a bicycle stops for a rest with his leashed dogs.,The man is taking a rest.,The man is walking his pet dinosaur.,0.656440854073,-0.609462738037
A smiling young man is standing indoors with his left foot on a blue-wheeled child's scooter and his right foot on a yellow-wheeled child's scooter.,A young man is standing on two scooters.,The young man is lying in bed with a cold.,0.451927930117,-0.755303382874
The boy in the black and red swimsuit is jumping into the water.,The boy in the black and red swimsuit is about to go swimming,The boy in the black and red swimsuit is lounging on the boat,0.576297163963,0.140445768833
a bearded man takes a nap.,A person taking a nap.,a bearded man sits on a bench watching squirrels.,0.992108941078,0.684560775757
A man in a black coat eats a doughnut while other men look out of frame.,A man in a black coat eats a doughnut.,A naked man eats a doughnut.,0.658900380135,0.0621459931135
A red-haired clown cries streams of tears in a white hat on stage.,The clown is very upset.,A clown is riding in a small car outside.,0.968433916569,0.677608013153
A young man rolling up the sleeves on his sweater.,The teenager touches his sweater.,A young man is sweeping his sweater with a brush.,0.0532496795058,0.83056974411
A woman with a beautiful dress and matching umbrella is walking down the street carrying a purse on her arm.,The woman is walking down the street.,The woman is not carrying an umbrella.,0.638328909874,0.248248174787
"Four men are playing soccer, two in white jerseys, one in a red jersey and a goalie in the background.",Two opposing teams that are playing soccer have colorful jerseys.,Four men dressed in various colors are playing basketball in the court outside.,0.96202725172,0.565960168839
"A woman with a bright red umbrella is jumping high in the air, she has on a knit hat and black shirt and colorful boots.",A woman in black is jumping in the air with a red umbrella.,A woman in black high heels is walking down a large staircase.,0.924345850945,0.791980445385
"A man walks away from a bright yellow, red and blue bounce house.",A man leaves a brightly colored bounce house.,A man enters a black bounce house with his child.,-0.113973222673,-0.278470754623
A boy looks surly as his father looks at the camera.,a boy looks at his farther,a girl looks at her father,0.943907499313,-0.146227627993
Two people ride yellow motorcycles.,Two people are on motorcycles.,Two people are riding horses.,0.986010730267,0.512011289597
A man waving at the camera holding a stick with a pile of wood.,The man waved at the camera.,The man hit the camera.,0.188446372747,0.626916885376
A man wearing a cap and a black wetsuit on a rocky coast lifts a large sack with three sacks in front of him with another man and a small yellow boat in the background.,A man standing by a body of water.,A man carrying a surfboard walking towards the ocean.,0.802141070366,0.511278808117
A charity walk happening with balloons.,People are walking with balloons.,None of the balloons would blow up because they had holes in them.,0.962656915188,-0.215094938874
Woman reading a book in a laundry room,A woman is reading a book.,The woman is singing.,0.981327831745,-0.0402459949255
Two dogs play with tennis ball in field.,The dogs are romping across the field.,Dogs are watching a tennis match.,0.522246360779,0.390782445669
A blond woman shows her profile in front of a white luxury car.,A woman shows her profile in front of a white luxury car.,A brunette woman shows her profile in front of a white luxury car.,0.978178024292,0.966509699821
A little girl plays with a faucet.,A girl plays with a faucet.,A girl plays with her doll at the pool.,0.972965061665,0.794711589813
"A blond guitarist, dressed all in black, performs.",A person is playing the guitar.,A blond is pulling a book off the shelf at the library.,0.689279079437,-0.674847483635
A dirt bike rider riding through the woods over logs.,The dirt bike rider is riding a dirt bike.,The dirt bike rider is on the beach.,0.819332242012,0.54251229763
"A young girl wearing a blue, flowered, spaghetti strap dress is eating marshmallows on a stick while sitting in a bucket of water.",a girl wearing a dress eats marshmallows,a man makes smores alone,0.55706012249,-0.45593637228
A large competition sailboat is surrounded by three small boats in the middle of the water.,There are four boats in the middle of the water.,Three large boats and one smaller boat are docked at a pier.,0.96194845438,0.704328656197
"Two fencers dressed in the sport's traditional white suit and protective mask, practice their dueling.",a pair of fencers practice together,two women play water polo,0.945229649544,-0.289335221052
People are talking to a camera crew with video and microphone.,People are talking to others.,People are talking to the choir.,0.755447030067,0.734707951546
"An African-American football player, wearing jersey number 12 for the University of Oklahoma, throws a football to his left.",A man throws a football.,The player throws the baseball to the umpire.,0.781436443329,-0.143928319216
Two men trying to hoist themselves up from the water on to a walkway made of tires.,two men are climbing out of the water,two men are at a ball game,0.878362953663,0.878637671471
A young boy wearing safety swimming gear and goggles is in a pool.,A kid uses eye protection while in the water.,A family of four plays in the surf.,0.123584404588,0.494349777699
People are throwing tomatoes at each other.,The people are having a food fight.,The people are sitting and eating their food.,0.675419986248,-0.207753479481
"Two people in leather jackets and jeans stand outside large, red, metal doors.",People are outside.,Three people are sitting outside red doors.,0.925334334373,0.433765470982
"An older man wearing a winter coat and jeans stands in front of a large, wheeled flower cart.",The older man has a heavy coat on.,The older man has a tank top on.,0.811509430408,0.913225591183
Man wearing a mask of an old man.,A man wears a mask.,A man wears a green mask that turns him into a superhero.,0.967186570168,0.661291003227
Four children are dressed as clowns and dancers on a stage while another two children dressed as clowns are suspended from ropes.,Six children are putting on a clown show.,Six children are eating a Thanksgiving meal.,0.751255810261,-0.597238659859
A young boy in a striped shirt is leaning against a tree while another child sits at a picnic table.,A young boy is leaning against a tree outside.,Two children are eating together at a fantasy fair.,0.630912303925,-0.0180049259216
Closeup of an elderly woman walking across a street with her male companion.,People are outside.,People are walking along the beach.,0.892704486847,0.61463111639
A lady wearing a red and white polka dot swim cap is swimming in a pool.,Woman swims in a pool.,Woman sits on the sidelines of a basketball game.,0.971162736416,0.622152924538
A man in an orange kayak and a man in a blue kayak paddle around a beautiful lake.,Two men are at the lake,Two men are sitting in front of a fire,0.321813285351,-0.0180754307657
A chef speaks into a microphone about a mixed salad contained in a bowl with a decorative lid.,a chef speaks into a microphone near a bowl,A chef jumps,0.847719848156,0.0561406500638
"Dinner and decisions, with the crew.",the crew was having dinner,the crew all ate lunch alone,-0.714317023754,-0.918507456779
An older man is standing outside in front of a truck.,A man is on his feet.,A disabled man is in a wheelchair.,0.8339163661,-0.199275881052
The brown dog next to the swimming pool has a ball in its mouth.,A dog is at the pool,A dog died,0.95860773325,-0.0907232314348
Two men dressed in black practicing martial arts on a gym floor.,Two men are doing martial arts.,Two men are dancing.,0.85098361969,-0.143573820591
Two wrestlers jump in a ring while an official watches.,Two wrestlers were just tagged in on a tag team match.,Sea turtles are hatching and racing for the surf.,0.478294223547,-0.302135825157
Mountain biking in a forest during the early fall.,Bicycling through the woods while the leaves are falling.,Riding a unicycle through a lumber mill.,0.25265994668,-0.183700874448
A girl is working on some sort of lab experiment while another girl watches with a bored expression.,A girl is working on a lab experiment.,A girl is eating some sort of lab experiment while another girls watches in horror.,0.50891160965,-0.0584605298936
An airplane flying over a fence with a few bystanders watching it as it approaches its landing.,The airplane is heavy,The airplane is flapping its wings on final approach.,0.297115683556,0.356488078833
There are two people sitting and eating ice cream while others in the background are walking.,People are sitting and eating ice cream.,There are two people eating pizza.,0.58573281765,0.00616151047871
Two men boxing a ring while one boxer is hitting the other.,They are in a boxing match.,They are playing ring around the rosy.,0.689406633377,0.296764731407
"Three people in t-shirt, yellow helmets and harnesses begin to climb ladder.",Three people climb a ladder.,Three people walk up the stairs.,0.963486075401,0.764921367168
a man with a black hat and jacket is loading two horses with cargo.,The man is not naked.,The man is naked.,-0.652168631554,-0.653723537922
"Two men sitting on a subway are reading, with coats and scarves on, but have seemed to have lost their pants.",There are people on the subway.,There are women on the subway.,0.851077198982,0.274713277817
A man pushing a food cart stands in front of a stone building and holds onto the bars covering a window.,A man with his food cart.,A man adjusts his hat before a meeting.,0.795261979103,0.721522808075
Weekend barbecue with some fish.,Weekend barbecue with some fish,Kids playing on the water,0.999928414822,-0.181814268231
A woman hanging the laundry outside.,A woman is putting her clothes out to dry.,A woman is in the kitchen cooking dinner.,0.0792121887207,-0.550747334957
"A worried blond-haired baby is sitting inside a large, shiny metal cooking pot that is on top of an electric stove.",A baby in a pot on the stove.,A baby in his stroller outside.,0.762813687325,0.059492174536
A football coach is walking on a football field.,a football coach walks on the field,a baseball player walks on the field,0.96003484726,0.274934351444
"A woman lies on a bed with a red, orange, and blue striped comforter crumpled up next to her.",A woman is resting.,A woman is cooking dinner.,0.557444214821,-0.344368159771
A man with a plaid shirt and green hat mows the lawn near the sidewalk.,A man mowing a lawn by the sidewalk.,A man doing snow angels in the grass.,0.936857581139,0.270942151546
A group of people plays a game on the floor of a living room while a TV plays in the background.,A group of people plays a fun game on the floor of a living room.,A group of friends are playing the xbox while other friends wait for their turn.,0.830225408077,-0.0414790213108
Balding man in gray sweater plays with his dog.,A man is with an animal.,A man puts the sweater he knitted on a dog.,0.834955573082,0.790829479694
Show dancers performing in sync with purple background lights.,There are a group of people dancing.,The dancers are waiting for their turn to perform.,0.448279291391,0.96218007803
A boy in an orange shirt sells fruit from a street cart.,A boy is a street vendor.,A boy wears a blue shirt and sings in the rain.,0.931656837463,0.178636595607
A woman walking across an old rope and driftrood bridge between mountains.,A woman walking on an old bridge near a mountain.,A woman walking on the street downtown.,0.915156841278,0.94282323122
A man in a white shirt is standing in a T-shirt booth.,A man standing in a booth.,A man in a black shirt getting a tattoo.,0.948304057121,0.878367245197
A man with a bald head and wearing eyeglasses is carving a turkey.,A man is carving a bird.,A man is slicing a cake.,0.891473889351,-0.373756825924
A young boy and girl playing baseball in a grassy field.,kids play baseball,dog running up hill,0.401460468769,0.557002782822
Ski equipment sits alone on a snowy mountain,Some skis are sitting in the snow.,Water skis are sitting on a pier.,0.0166608821601,0.249553784728
A man with a blue and gray shirt is standing in front of a metal fence while taking a picture of the landscape.,A man uses a camera.,A man gets his picture taken.,0.936264753342,0.911179244518
The couple are wearing glasses intended for 3D movies.,A couple are both wearing accessories.,A couple are wearing sunglasses.,0.506008625031,0.597119569778
Seven men wearing bright orange reflective vests are looking inside the door of a red train.,A group of men are looking in a train.,A group of men wearing business suits are ready to board the train.,0.753363013268,0.653653025627
A group of young men are raking lives in front of a home.,Men are doing yard work,The men are watering roses,0.31630307436,-0.392958968878
A woman in a yellow dress transporting picked food from the fields to wherever it may need to go.,A woman transports her crops from the fields,A man transports his crops from the field,0.917110085487,0.579298853874
Tourists enjoying mother nature.,People enjoying the outdoors.,Tourist standing in the middle of a busy intersection.,0.62510663271,0.361292183399
Some people standing outside next to a flower vendor and across the street from a McDonald's on a rainy day.,It is raining.,It is sunny,0.33964034915,-0.465422958136
A shirtless man wearing a black hat and a scarf works on an anvil.,A man works with an anvil.,A woman falls over an anvil.,0.784395158291,0.105378940701
A group of 9 men and women walking upstairs.,The group is in a building.,The group is invading Mars.,-0.0429707095027,-0.501433134079
Four men are standing outside near a white truck bed.,men standing outside,three men near a truck,0.907117784023,0.882724761963
A group of people gather on a outdoor patio.,People are outside.,People are cooking a barbecue at the beach.,0.996364712715,0.247162505984
A blond woman in a white cutoff shirt and jeans is walking.,A blond woman walks in light clothing.,A man walks to a park.,0.898292660713,0.671615839005
A man is playing with a baby on a deck.,A man plays with a baby.,A man plays with a dog.,0.96989428997,0.824257969856
A person surfs through a wave as it crashes down.,A person is outdoors.,A person is lying on the beach.,-0.223017558455,0.298325389624
"Nine women in white robes with hoods walk on plush, green grass.",The women each have one head.,The woman is alone and asleep in her bedroom.,0.34049487114,-0.687600493431
There is a blue bowl and a fruit platter on the table which is covered with a white tablecloth.,Food is on a table.,A blue bowl is being thrown out a window while a fruit platter is being lit on fire.,0.628920674324,0.625513851643
A man in a blue suit reached towards a seated women in an office.,There are people in the office.,The man is wearing an orange suit.,0.848624706268,0.536912560463
An artist dressed in a gray sweatshirt is working on a brightly colored painting of a town.,A painter is dressed in gray and working on a painting of a town.,A person is holding a baseball bat and standing at the plate awaiting an oncoming pitch.,0.975878357887,0.138710439205
A snowboarder jumps high into the air off of a snowy ramp.,Snowboarder performs jump off a ramp.,Snowboarder decides to put snowshoes on and hop around in the snow.,0.937349975109,0.78475522995
A lady watching kids play on a tree.,Some kids are outdoors.,There is a group of people marching in the streets.,0.583018183708,0.430055677891
A woman in a red shirt and blue jeans is walking outside while a man in a khaki jacket is right behind her.,A man and a woman are walking outside.,A man in an army jacket is  following a woman in a pink dress.,0.956494808197,0.693054199219
The two farmers are working on a piece of John Deere equipment.,Men are working on John Deere equipment,2 Men are making a pool together,0.918842554092,0.235761314631
Group of guys sitting in a circle.,The group is made up of guys.,The guys are sitting in a square.,0.157031148672,0.977207064629
A group of people prepare hot air balloons for takeoff.,A group of people are outside.,A group of people prepare cars for racing.,0.756155490875,0.167008191347
Two dogs playing on snow covered ground,Dogs are playing on snow.,The dogs are playing in grass.,0.669057965279,0.472086191177
A man tries to get himself into shape on a treadmill.,A man exercising.,A woman outside,0.191838085651,-0.50380730629
A man is rock climbing with protective rope.,A man is being secured.,The man is climbing without a harness,0.711889028549,-0.0884029492736
"A woman, wearing a white shirt and green shorts, sitting on a rock in a beautiful body of water.",The woman is not standing up.,The woman is going iceskating.,-0.301795780659,-0.0154077000916
Two young men in unusual clothing are jumping in a gym.,Two people are in the gym,The young men are lying in the sand,0.256295740604,-0.422206878662
A man sits on a bench beside his bike while viewing the scenery around him overlooking a busy city.,The man is sitting on a bench.,The man is riding his bike in the country.,0.250787198544,0.0119309294969
"Photographed from below, a somewhat husky man wearing a white and black windowpane-plaid shirt and dark trousers is holding a little boy who is wearing orange pants and a navy-blue shirt.",The man is kinda husky.,The man is holding his daughter.,0.445787906647,-0.696649909019
Two people watch TV from over a white ledge.,Two people are watching TV.,A large family is watching a movie.,0.693292737007,0.527357697487
A child in green winter clothes is holding his or her hand up while two other children look at him or her.,A child is raising his or her hand.,A child plays with a dog in a field.,0.940156936646,0.808892846107
A reson is in a blue canoe in front of some plants.,a blue canoe in front of some plants,a blue canoe inside of some plants,0.980339109898,0.182435274124
A person in a hooded shirt is photographing a tree near some mountains and a lake.,A person in a hoodie takes pictures of a tree.,A person in a hooded shirt runs through a field with guns in both hands.,0.975359678268,0.598923206329
A doctor is performing surgery.,A doctor is performing surgery.,A doctor is cooking dinner.,0.999999940395,0.310552626848
A large man dressed in black on a street corner by a red brick building.,A man is on the street corner.,A man got shot on the street corner.,0.930385291576,0.931639432907
Man playing golf indoors with coat on.,A man is playing indoors.,A man is playing football indoors.,0.922246038914,0.559988498688
Middle-aged man in casual clothes looking off-camera.,The man is not wearing a tuxedo.,The man is nude.,-0.164377108216,-0.463738381863
Several bicycles parked and a couple walking together.,Two people are near some bicycles.,Several bicycles lie smashed on the ground and a couple stands holding sledgehammers.,0.911755681038,0.214606791735
A baseball player sliding into home as the opposing team's catcher awaits the baseball for the out.,A player is hoping to score a run.,The catcher is holding a bat.,0.388395488262,0.720188260078
"A person on a brown horse wearing jeans, a plaid shirt, and a cowboy hat attempts to lasso a running calf.",A person is trying to catch a calf,A person on a white horse and red shirt and baseball hat attempts to lasso a running calf,0.971781253815,0.76875525713
A woman sitting on a bright blue bench looks up from her book.,A woman is sitting.,The woman is running around.,0.984882235527,-0.426495730877
"A woman, viewed through a window, sits at a restaurant table and puts down a red shopping bag.",A woman in a restaurant.,A woman trying on a pair of black knee high stiletto boots.,0.594280838966,0.61120814085
A little child is looking towards someone while their head is in a painting designed like a bean.,A child looks at someone else.,A child has fallen at an art museum as a man helps him up.,0.951687097549,0.690192520618
"A man with white tennis shoes and an orange jacket, is sitting in a lawn chair.",a man is sitting in a lawn chair,a woman is sitting in a lawn chair,0.794476985931,0.605269670486
A large group of people are gathered outside of a brick building lit with spotlights.,The building is brick.,The building is made of logs.,-0.707065701485,-0.567536354065
"An entertainer in a black shirt with a red tie and red suspenders, in Toronto, is playing with fire.",Someone is playing with fire.,Two dogs play around with a yellow tennis ball.,0.674842953682,0.389139205217
A young boy is dumping a bag of Lego's onto a glass table.,A boy has some legos.,A boy is playing with some crayons.,0.308925658464,0.27385866642
A young girl wearing a pink coat plays with a yellow toy golf club.,A girl is playing.,A girl is wearing a blue jacket.,0.791480600834,0.663420200348
A race car driver leaps from a burning car.,A race car driver escaping danger.,A race car driver parallel parking his car.,0.929637432098,0.904802680016
"Three sisters, barefoot in pink dresses and who range in age from preschool to teenager are pictured on a beach as they look out at the Ocean.","Three sisters, barefoot in pretty pink dresses and who range in age from preschool to teenager","Three sisters, barefoot in pink dresses and who range in age from preschool to 90",0.905552148819,0.86450356245
A man in a long-sleeved blue shirt and blue jeans has set up some name trains on the ground looking to sell his wares.,A man is wearing a blue shirt.,A woman is wearing a blue shirt.,0.890506505966,0.0446930751204
A young boy in a cowboy hat and holding some food sits in the back of a small vehicle while an adult leans over in the background next to a large blue device displaying the words 99% Angel.,A young boy in a cowboy hat is holding some food.,A young boy in a cowboy hat is throwing a ball,0.947630822659,-0.374360084534
A baby crying about getting their diaper changed.,a baby cries while getting their diaper changed,the baby is eating,0.973003864288,-0.198399305344
A young girl in a pretty pink and white blouse and shorts is participating in a soccer game with other children.,Kids are playing a soccer game.,A man is making a candy sculpture out of peppermints.,0.798199653625,0.663164615631
A girls sports team putting their hands in a circle to do a bonding cheer.,Girls doing athletics,Male cheerleaders talking,0.717861115932,0.0082516875118
A person is surfing on a large wave.,A person is surfing.,The dog is surfing on the wave.,0.94940841198,0.82392013073
An Indian woman is washing and cleaning dirty laundry at a lake and in the background is a kid who appears to have jumped into the lake.,An Indian woman is doing her laundry in a lake.,An Indian woman is putting her laundry into the machine.,0.359588265419,0.328338682652
"A guy singing on stage with a cool black shirt, while turning his microphone to the audience so they can sing along.",A guy is singing on stage along with the audience.,A guy is telling a joke on stage.,0.951748490334,0.755087196827
A man in a gray long-sleeved shirt is making a transaction with another person from his street market.,A man is wearing a gray shirt,A man is wearing a black shirt,0.922979831696,0.7570104599
This is the image of two Asian men squatting near a mop-pad.,This picture is of two Asian men.,Two italian girls are squatting.,0.948055267334,-0.0570102110505
A hockey fight.,players fighting,players sitting on the bench,0.710172772408,-0.0555770583451
A dog running in the sand.,A dog is running outside at the beach.,The dog is sitting patiently.,0.921940982342,-0.290642797947
A boy wearing a yellow jersey is accepting the baton from a female wearing a yellow jersey in a relay race.,A boy accepting a baton in a race.,A girl is handed a baton by a man in a race.,0.714964747429,0.701015353203
"A young couple sit on the couch, the woman wearing a blue work shirt, her eyes half closed, while the man sits with his arm around her, looking towards the camera, in a gray shirt.",A couple sit on the couch,Two brothers sit on the couch,0.35441672802,0.246424630284
A woman in a white dress walking down the street with a woman in a purple shirt crossing the street.,The dress is white.,The women are indoors.,-0.101675994694,-0.357348054647
A girl wearing makeup playing a bass.,A girl is musical.,A girl is playing the violin.,0.706109166145,0.163811698556
a shoeless toddler sleeps in his car seat holding his pacifier.,A toddler is asleep.,An adult is asleep.,0.971302509308,0.961490750313
A model is standing next too a blue jeep.,The jeep is blue.,The woman is driving the jeep.,-0.24655084312,-0.478680253029
"Two teams of children, one green the other red, play each other in a game of Rugby while it rains.","The childrens rugby teams, red versus green are playing in the rain.",The children are wearing red and green to practice thier Christmas show.,0.736219465733,0.29139059782
A man and a woman in a crowd of people on a street at night.,A man and a woman stand in the street at night,A man and a woman walk into a building,0.915634036064,0.856308579445
"Several people, including a boy in a striped shirt walk on a concrete path away from a body of water.",People are walking outside.,People are walking on a dirt path.,0.916592121124,0.920074224472
A chef mixes batter while showing a student instructions.,People are prepping food.,The chef mixes batter while a student stands on their head.,0.577661514282,0.885309517384
Child inside of large snow fort.,A child within a snowy structure.,A boy sweating in the sun.,0.543616652489,-0.566780924797
A man in a red shirt is curled up on pavement outdoors.,a man curled on the pavement,a man curling weights at the gym,0.75877314806,-0.442798614502
The little blond-haired child is walking up the slope.,A child is walking.,A little girl is walking down the stairs.,0.893060207367,0.70887118578
Three women are sitting on a wharf and kicking their feet in the water.,More than one person is touching a liquid.,Everyone is jumping up and down.,0.432294815779,0.0271511990577
A diver is swimming with a turtle.,A turtle has a diver swimming with it.,A lion is eating raw meat at the zoo.,0.995341598988,0.451269924641
A man in a yellow and blue jeans is running through water.,A man in yellow and blue jeans is running through water.,A man in red and green jeans is running through water.,0.997229099274,0.979838252068
A man in a blue shirt climbs a rock while people behind him in red shirts watch.,A man climbs rocks while other watch him.,A man watches others climbing a rock.,0.988099634647,0.949241936207
A person is climbing a cliff wall that overlooks water.,A person is climbing.,A person is walking on the beach.,0.7893871665,0.779470860958
"A bridge with green supports leads to a sidewalk lining a row of houses with slanted roofs, a person is visible in the background walking towards the photographer past a bicycle.",The photographer is outside.,The photographer is at a photo shoot in a building.,0.922189950943,0.884029388428
A balding older man in a yard is striking a pose similar to what one would see in Tai Chi.,A man is outside.,A young boy playing with a dog.,0.969247877598,0.941232562065
A young woman is singing into a microphone.,The woman is singing.,The woman playing the trumpet.,0.63833463192,0.00191639736295
A man in a red hat and blue jacket in a protest is holding up a tablet that talks about God and judgement.,The man is holding something up.,The man is holding up a cross.,0.870697021484,0.798076987267
"A crowd of people are surrounding a street performance, there are buildings in the background.",A crowd of people are on a street,A crowd of people are riding a train,0.995723128319,0.984199821949
Five little boys are playing baseball.,A few little boys playing baseball outside.,A group of boys playing basketball.,0.660769820213,-0.212323457003
A crowd of interested people surrounds a man swinging a sledgehammer.,A man swinging a sledgehammer.,A man shows a group of people how to blow glass.,0.813779592514,0.680848121643
"Two women, one walking her dog the other pushing a stroller.",The two women are outside.,There is a snowstorm.,0.872520983219,0.358921766281
Children play on a sit-and-spin at the local playground while others slide in the background.,children are at a playground,Children are enjoying the church service,0.584875524044,-0.248062819242
a man with a tattoo on his arm cooking something in a frying pan.,A man cooks food.,A man is making ice cream.,0.88733536005,0.290176510811
"A woman is standing near the water, looks to be throwing something.",A woman is close to the water.,The man is standing near the water.,0.585060596466,0.897256493568
A lady with red-hair peeking into the back of a car.,A lady is looking in a car.,A lady is looking at a fire truck.,0.839400470257,0.814987123013
A young boy slides into home plate while playing little league baseball.,Boy playing baseball.,Children at waterpark splashing on hot day.,0.947998166084,-0.408064067364
People working digging a hole.,People are outside digging a hole.,There are people covering up a hole that someone is stuck inside of.,0.963002204895,0.713917732239
Man in a blue shirt practicing karate.,There is someone doing martial arts.,There is a man in a pink shirt.,0.927011668682,0.678504109383
A band playing with fans watching.,Fans watch a band play,A band watches the fans play,0.907539963722,0.984307646751
"Three people are playing a game, wearing white clothes, somewhere tropical.",A few people playing a game in the tropics.,A group of people in the winter tundra playing a game.,0.923036456108,0.55409014225
Man with dark shirt in work gloves and a helmet that has a yellow flashlight attached.,A man with gloves and a flashlight.,A woman handing out water.,0.859029471874,-0.0143001964316
Four girls are dancing in matching outfits at a street festival.,The four girls are attending the street festival.,The four girls are playing card games at the table.,0.689649701118,-0.0336523726583
There is a street with buildings and one man in black walking on the side of the road.,The man is using his feet.,The buildings are walking on the street.,0.647156238556,0.827312350273
People are getting money our of an ATM.,People are getting money from an ATM.,People are in the check out line.,0.983530521393,0.901844739914
A lady reading a story book.,A story book is open.,A lady reads a science textbook.,0.711929619312,0.989888966084
A man in a white button-up shirt looks to the side while sitting at a table by the street.,The man is sitting at the table.,A man is standing by himself outside of an office building.,0.363469004631,-0.115496784449
kids drawing something on paper,There are kids drawing.,The kids are cutting ribbons.,0.997777462006,0.659088611603
"A man dressed in a bronze suit, wearing bronze colored glasses, is accompanied with a bronze old fashion movie camera, motions taking a movie.",A man is wearing a suit and glasses.,A man is wearing a purple suit and using a purple digital camera.,0.810345172882,0.908817827702
A man in a lab coat looking into a microscope with containers in the background.,A man in a lab coat.,A man in a lab coat takes a lady's blood.,0.828407168388,0.493816524744
A man is sitting beside a bunch of material while sewing.,A man is sewing.,A man is painting on a canvas.,0.753173470497,0.661837697029
Someone is taking a brown canoe down to the lake.,A person is carrying a canoe.,A person is in the hospital.,0.804326534271,0.16557854414
"Two black little boys hanging over an upside down bicycle, one examining the pedal.",Children were looking at a bike.,Someone is riding a bike.,0.915258407593,0.727133333683
"Two men, one in a gray tattered suit and the other in a brown shirt, are looking down.",Two people are looking from above.,Two men are looking up at the sky.,0.834457814693,0.760058224201
Two dogs biting each other playfully while jumping,Two dogs are playing.,Two dogs are biting each other while fighting and growling,0.874967873096,0.474850863218
Two girls are sitting outside on the ground in front of a lake.,two girls sit by a lake,a girl jumps for joy,0.806791543961,0.268044054508
A black woman balancing a large platter on her head that has many bagged items on it.,A woman carrying things on her head.,A woman lugging things over her back,0.847649693489,0.913949966431
View of a soccer ball being kicked into a goal net,A soccer ball is going into the net.,A soccer ball bounces in a mud puddle on the street.,0.971907615662,0.909574747086
A skateboarder goes down a railing.,A skateboarder slides down a railing.,A skateboarder goes up the hill.,0.99772888422,0.980705142021
A man in a gray wife beater grilling.,The man is cooking.,The shirtless man is cutting the grass.,0.115220226347,-0.652741551399
Boy on a skateboard in midair at a skate park,A boy skateboarding.,A man on a horse.,0.837874412537,-0.188456386328
The man in the blue pants is doing a trick with his skateboard.,A man rides a skateboard.,A woman rides a skateboard.,0.976323127747,0.6593978405
Woman helps bride into dress.,A woman helps a bride dress herself.,A man brushes his hair.,0.919737935066,-0.295400351286
"A man in a bear suit, holding the head of the costume in his hand, stands at the back of a crowd.",man in bear suit,fish in bowl,-0.0121330656111,-0.714228391647
A man is cooking pies in the oven.,The oven has pies in it.,The oven has turkeys in it.,0.987776875496,0.935370743275
They are sitting with clothes on.,Clothed people are sitting.,Some woman are running through the halls.,0.967045128345,-0.534847915173
"People in a grocery store crowd around to watch a Tv, except one man who walks toward the camera.",There is a man walking towards a camera.,The people are crowded around a street performer.,0.941156387329,0.823022782803
A man wearing large snowshoes runs inside of a seemingly crowded ski resort.,A man is running.,A man is skiing.,0.316268384457,0.470409631729
The brown and black dog has his mouth open.,a dog has his mouth open,a person jumps high,0.992557048798,0.772233843803
An elderly woman wearing sunglasses stands and looks at something.,Elderly woman peers at an object.,Young woman stomps on her sunglasses.,0.949951052666,0.872838973999
A woman wearing sunglasses holds two newspapers.,A person is wearing glasses.,A woman squints at the sun and wishes she had her sunglasses.,0.896425008774,0.773189067841
Two children plus two dachshunds get ready for a sleepover.,The dachshunds are dogs,The children are feeding the dogs,0.111370623112,0.0274314880371
A man in a blue t-shirt is watching two women sitting at a table in the kitchen baking.,A man watches to women  in the kitchen,A woman watches two men in the kitchen,0.745318114758,0.710895180702
Adults with their kids are riding on a small red train.,There are people on the train.,Some adults without children are on the bus.,0.543962180614,-0.425550431013
Man dog sledding with his child in the icy snow.,People with a dog sled in the snow.,A man takes his child for a walk with their dogs.,0.937731802464,0.750190615654
A person is folding laundry on the floor.,A man is folding his laundry while sitting on the floor.,A person is shampooing the carpet.,0.965742826462,0.803799808025
Five people wear name tags on a necklace and pose together.,People with name tags taking a picture together.,The people are on the subway.,0.986431956291,0.503148913383
well dressed man and woman dancing in the street,A couple is dancing on the street.,Two man is dancing on the street.,0.96694535017,0.941972970963
A man is looking over a small cliff.,A man is looking,A woman is looking,0.881542086601,0.27083954215
A shirtless man in shorts is fishing while standing on some rocks.,A man is fishing.,A man is swimming in the lake.,0.241446748376,0.00351151265204
"A man in an apron sits at a table in front of a restaurant, while another man crosses the street with a purple gift bag and rolling luggage.",One person sits at a restaurant table while another pulls luggage across the street while holding a gift bag.,"Two men pull luggage across the street, while wearing aprons.",0.988411307335,0.816471219063
A man in red pants skiing down a slope.,A man outside.,A man in blue pants throwing snowballs.,-0.15090149641,0.950141489506
A young boy is hanging onto a clothing rack.,A boy hangs from a rack.,"A girl stands near a clothing rack,",0.843647003174,0.792276024818
A female is looking through a microscope.,A lady is observing something,A lady poked her eye with needles,0.463321715593,0.193840324879
A small dark-haired boy climbing in a large tree.,A human is climbing outdoors.,A small dark-haired boy is climbing over a car seat.,0.980535149574,0.845564842224
Man looking at a woman that is smoking on the sidewalk.,Two people are outside on the side of the street.,Two people on a date stop by the side of the road to look in a store front window.,0.972934246063,0.909308671951
A black limousine in front of a marble building with a crowd of people on the buildings steps.,A black limousine is in front of a marble building.,A black limousine is behind a marble building.,0.976299345493,0.854041337967
"A brown, black, and white dog barking up a tree.",Dogs are barking up a tree.,The dogs are chewing on delicious bones.,0.333768606186,-0.107289299369
A crowd watches a group of people dressed in yellow shirts perform.,Spectators watching a performance.,Spectators watching a group of dolphins perform.,0.989692687988,0.233221083879
Skateboarder jumps a gap while being photographed,a skateboarder does tricks while being photographed,an artist does tricks on the street,0.93422627449,0.94362282753
"Children with painted red faces being sprayed with water, on grass.",Children have painted faces.,The children have blue faces.,0.932794332504,0.936051666737
A child in winter gear is hiding inside a cave made of snow while it is snowing.,A kid is playing in the snow.,A child in shorts is playing with stones.,0.405739098787,-0.191860705614
A group of onlookers glance at a person doing a strange trick on her head.,People watch another person do a trick.,A boy does a card trick.,0.971494793892,0.308394014835
"A man is taking a scenic photo of mountains while framing the foreground with low-growth, colorful brush.",There is a person taking a picture.,There is a person taking a close-up self portrait.,0.990019202232,0.874001502991
Three men look on as two other men carve up a freshly barbecued hog in the backyard.,There are men watching others prepare food,Other look while a man carves beef,0.494584798813,0.521534621716
two women in lab coats looking on a image projected on the wall,Some women are in a lab setting.,Men are watching soap operas.,0.423939526081,-0.659745812416
There is a baseball player in a yellow shirt running midfield.,The baseball player is on the field.,The baseball player is playing hockey.,0.934074878693,0.340982764959
Three people getting out a van.,A group of people exit the vehicle.,Three people get into their van.,0.823764801025,0.99265486002
Several young people standing next to ten-speed bikes.,There are several people standing.,Several young people are standing next to motorcycles.,0.715780556202,0.870480179787
A man in a white shirt waves his hand under a white and blue umbrella.,A man wearing a white shirt under an umbrella is waving.,A man is standing on his head under water.,0.980265617371,0.856552004814
One boy sitting off to the side all alone.,A boy is sitting by himself.,A boy is playing baseball with his friends.,0.732952475548,0.199998855591
A girl carries large sacks across a backdrop of foliage.,a girl carrying sacks,a girl with a sack also known as a he she,0.904717564583,0.926014125347
"Two women both in sandals, one in a green hat is tying the other woman's dress strap.",One person fixes anothers dress.,Two men are getting dressed.,0.622662186623,0.0269381925464
The girl is swinging on a rope over a small pond.,A girl is swinging.,A girl is swinging on a tire swing.,0.787295103073,0.820642352104
A man with a blue shirt and red scarf on his head holds a piece of fruit in front of a wood container full of fruit while a boy bicycles behind him.,A boy bicycles behind a man holding fruit.,A boy skateboards behind a man holding fruit.,0.807004332542,0.502195715904
Male crowd surfing at a concert.,A man is at a concert.,A man is at a football game.,0.691421329975,0.377014011145
A man sits on the edge of a cliff overlooking a deep valley.,A man is not standing.,A flat plain is visible in all directions.,-0.411984264851,-0.63854944706
A singer is performing before a small crowd outside.,A performer has a small audience outdoors.,A heavy metal band plays an arena show.,0.985291481018,0.564240336418
A woman in a white skirt and training bra dances over a pile of leaves as a crowd of spectators looks on.,A group of people look at a woman.,A bunch of drivers in a parking lot.,0.72766405344,0.182562857866
A girl wearing blue and brown holding bags standing in the end of a tunnel.,A girls holding bags and wearing blue and brown is standing at the end of a tunnel.,A policeman looks in a deep hole using a flashlight.,0.999772310257,0.266973555088
A man and a woman are looking at produce on display.,A man and woman are looking at produce.,Two men throw produce at each other for fun.,0.98199647665,0.327430963516
A group of people dressed in formal wear pose for a picture.,People posing for a portrait.,Firefighters posing in front of fire.,0.961299359798,0.388951033354
A referee is talking with a couple of soccer players in red jerseys.,There is a soccer game today.,The soccer players are casually kicking the ball down the street.,0.517399966717,0.480486273766
A little girl wearing a tan sundress with a bow in the back holds a bouquet of flowers on the sidewalk.,A girl wearing a dress holds flowers on the sidewalk,A boy holds flowers for his mother on the sidewalk,0.956035614014,0.932923972607
A person climbs a cliff face in the woods while others watch.,A person climbs a cliff face  in the woods.,A person climbs a tree in the woods.,0.937826514244,0.946417927742
Three children in swimsuites are having fun outside near a white building.,Three kids playing outside by a building.,Kids in casual clothing are playing at a park.,0.806869506836,0.689881324768
A group of people in costumes are holding their arms in the air in the manner of the finale of a musical number.,There are some humans wearing outfits.,A group of soldiers do pull-ups.,0.921386599541,0.590601682663
Man working behind a watch repair booth on the street.,A man is working behind the small business on the street.,A lady is selling jewelry at the flea market.,0.959510982037,0.433088392019
Three motor-cross bike racers in a competition.,Three people are racing bikes.,Two women are walking down the sidewalk.,0.940230607986,-0.0455310642719
A man walks down the alley talking on his cellphone.,A man is holding a cell phone and walking.,A man is walking down a wooded path and talking on the phone.,0.974620878696,0.983770370483
A group of Asian children are gathered around in a circle listening to an older male in a white shirt.,A male is in a white shirt,A man is wearing a black shirt,0.838332414627,0.83426451683
Old man with gray blanket on squatting against a wall,Old man squats against a wall.,Old man stands with a blanket on his shoulder.,0.890081763268,0.792521119118
A man standing in front of a chalkboard points at a drawing.,A man points out a drawing on the chalkboard,A kid washes a chalkboard,0.915538311005,0.511000037193
A little girl in a purple cap blows soap bubbles.,There are soap bubbles being blown.,The brown cap flew off the head of the girl while she was jumping rope.,0.912024378777,-0.000768534839153
Spray obscures the face and torso of the paddle wielding man in the red kayak.,A man is using a red kayak.,A woman is using a red kayak.,0.964866161346,0.442717850208
A person floating on a river near a metropolitan area.,A person on a river near a metropolitan area.,A dog floating on a river near a metropolitan area.,0.958953976631,0.995482981205
Several men in front of a white building.,Several guys in front of a building.,Several women behind of a white truck.,0.998607039452,0.536010861397
A white race dog wearing the number eight runs on the track.,A dog is running.,A white race dog runs around his yard.,0.836841583252,0.935782492161
A young man in a blue checkered dress shirt sits with a young woman in a black and white striped shirt and another young woman in a white shirt as they sit on each of his legs in a park.,People are sitting in a public area.,Old men are smoking pipes on their front porch.,0.851256012917,0.265969753265
A man just roaming on the streets during night.,A person is roaming the streets.,A kid is roaming the streets looking for his dog.,0.835600018501,0.78296238184
three people posing for the picture with big smiles and blood on the faces of two people,Three people smiling for the camera.,Seven people posing for a photo dressed as baseball players.,0.910254299641,0.964305996895
An older woman wearing blue and a rag on her head holding a young child.,The older woman is holding something.,The older woman is carrying a heavy boulder.,0.942379355431,0.800209999084
Two small children are gathering water from a large container.,Two kids are getting water.,Two kids are collecting water from a stream.,0.949202656746,0.989274561405
A red bi-plane leaves a white trail in a blue sky.,The airplane is flying in the sky.,The red plane is landing on the ground.,0.30989548564,0.108351349831
Man observes a wavelength given off by an electronic device.,The man is examining what wavelength is given off by the device.,The man is yodeling in a gondula.,0.941594004631,0.906939029694
Two people are walking up a mountain.,People are walking up a mountain.,Two dogs are walking up a mountain.,0.999057412148,0.969584882259
A man doing maintenance on the railroad tracks,There is a man working on the railroad tracks.,There is a woman doing work on the railroad tracks.,0.976702034473,0.592367470264
"A young boy in a Boy Scout shirt sits in a folding camp chair indoors, with other similar chairs around him, and a green tent behind him.",A young boy with clothes on is indoors with chairs.,The young boy scout is cleaning up the aftermath of an awesome party.,0.937028765678,0.376275867224
A female acrobat wearing a red and white striped shirt and blue pants performs on a pole.,A female acrobat performs on a pole.,A male pole dancer performs at a club.,0.955225586891,0.536179304123
A group of people are sitting under umbrellas on the beach.,People are onthe beac,A man is talking to a dog on thebeach,0.613380551338,0.458021700382
A woman with red-hair and wearing a black tank top and short jeans shorts appears to be yelling.,A woman with red-hair screams.,A woman with red-hair hold her hand over her mouth in absolute silence.,0.753060460091,-0.203843846917
A photographer snaps a midair action shot of a snowboarder.,The photographer has a camera.,The midair shot snaps at a boarder of snow.,0.798489689827,0.927706182003
Young people in uniform are playing in a rugby game.,People are playing a rugby game.,Young people are playing tennis.,0.961895346642,0.50685441494
A black dog holding an orange object in the water.,A dog holds an object in the water.,A dog is trying to peel an orange in the water.,0.993097662926,0.981062591076
A man with glasses in a brown shirt talking while a man with glasses in a gray shirt listens.,Two people are wearing glasses.,Two men in a canoe are about to tip it over.,0.980150401592,0.94591397047
A man in a green and black coat is leaning on trashcan.,The man in the coat is next to the trash can.,The man in a shirt is leaning on a post.,0.762570261955,0.901452422142
"A young women, in a black shirt, is holding a bike, while a young boy is holding a skateboard.",A young woman is holding a bike while a young man is holding a skateboard.,A young woman and young boy are holding hands.,0.975307285786,0.940394580364
An old bearded man plays a hand flute on the side of a sidewalk.,An old bearded man plays an instrument on the side of a sidewalk.,An old bearded lady plays an instrument on the side of a river.,0.846154332161,0.622920393944
Two black dogs running,The two dogs are black.,The two dogs are white.,0.829305291176,0.700859308243
Two female basketball teams watch suspenseful as the basketball nears the basket.,Two teams are following the movement of a basketball.,Two female teams are leaving the court after a basketball game.,0.956736207008,0.800287544727
A young girl washing a lime-green car.,A young girl washing a car.,An old man washing a lime-green car.,0.953849613667,0.742816507816
A volleyball player hitting a ball on the beach.,A volleyball player is hitting a ball.,A soccer player is kicking a ball.,0.864145040512,0.884755373001
A person is standing on top of a snow covered mountain.,A person stands on a mountain.,A person stands on a beach in Hawaii,0.98354279995,0.0996884927154
Number 13 kicks a soccer ball towards the goal during children's soccer game.,A player trying to score in a soccer game.,A player passing the ball in a soccer game.,0.952820658684,0.961773395538
A man in a light colored uniform is outside an Asian restaurant cleaning the display window which features exotic foods hanging on hooks.,A man has a light colored uniform.,A man has a dark colored uniform.,0.907984673977,0.844500005245
A man is rock crawling up a rock wall,A man is going up a rock wall.,A man is jumping off a rock.,0.277814358473,0.138226673007
A boy in a blue shirt looks away from the camera as a girl in a pink and orange bathing suit stares into the camera in front of an RV.,A boy looks away from the camera while a girl looks into the camera.,A boy looks into the camera while a girl looks away from he camera.,0.889419615269,0.887863636017
A man in a hat is working with golden colored flowers.,"A man in a hat is working with flowers,",Women are working with flowers.,0.97694337368,0.676104068756
Two Children playing baseball at the park.,Children playing baseball.,Two children lighting matches in their room.,0.751086711884,-0.201606035233
A man on stage wearing a red shirt is zipping up his pants.,A man on stage wearing a shirt is zipping up his pants.,A woman on stage wearing a red shirt is zipping up his pants.,0.965910434723,0.270002067089
A large black dog and a small brown dog are playing in the house.,The dogs are playing.,The dogs are playing in the yard.,-0.0620983913541,0.109183222055
Here is a picture of a woman and her husband in their car smiling and waving.,Here is a picture of a woman and her husband',Here ia picture of that dog.,0.949469327927,0.802492976189
a girl in a pumpkin dress sitting at a table.,There is a girl in a pumpkin dress sitting at a table.,There is a boy in a pumpkin dress sitting at a table.,0.999181509018,0.893016219139
A man wearing glasses and a dark coat looks at something to the left of the picture.,A man in a dark coat looks to his side.,A man in a dark coat takes a photo.,0.979290246964,0.980352640152
A young girl in a white summer dress walks the outer edges of a large park fountain.,The girl is wearing a white dress.,The girl is sitting by the fountain.,0.309820711613,0.125501662493
The elaborate Jesus shrine is being carried in a parade.,A Jesus shrine is in the parade.,A bhudda shrine is being lifted through a crowd of people.,0.897684574127,0.676628947258
A man is doing a handstand in a park on a sunny day.,A person is doing a handstand in a park on a sunny day.,A woman is doing a handstand in a park on a sunny day.,0.986239135265,0.885365664959
A street performer reads an angry passage from his book to two attentive recipients.,Two people are watching a street performer read from a book.,The street performer is acting as a mime.,0.649833142757,-0.238775521517
A girl in green looks at the camera and stands in front of a huge crowd of indescript faces.,A girl looks at a camera,A boy looks at a camera,0.828503966331,0.59951621294
A man cutting metal with a tool.,A man is cutting metal.,A man is cutting metal with his mind.,0.963666796684,0.997860729694
Two girls bump into each other while they are rollerskating.,two girls bumped while rollerskating,two girls were watching a ryan gosling flick.,0.921847581863,0.674440860748
"A man standing in the road wearing a black jacket, red shirt and jeans on a cold, snowy day.",A man is standing in the road wearing a black jacket.,A man is standing in the road wearing a white jacket.,0.981490969658,0.981639266014
A man and a woman are out walking their dogs.,The couple are out walking their dogs.,A man and a woman are out walking their pigs.,0.861881732941,0.968282938004
A boy in a black swimsuit playing near the water.,A boy is playing near the water.,A girl is playing near the water.,0.75430816412,0.648862719536
Man in a military outfit handing something in a plastic bag to a group of children outside near a brown building.,A man is handing a plastic bag to a group of children.,A man in civilian clothes hands a bag to a group of children.,0.997184157372,0.99516493082
A brown dog with a blue muzzle is running on green grass.,A brown dog is wearing a muzzle.,A dog is wearing a green muzzle on blue grass.,0.838742017746,0.925043463707
man in white shirt and striped shorts playing organ being observed by man wearing yellow shirt,Someone in clothings is doing something in front of a person.,A flower grows in front of a lawm.,0.954214274883,0.584451675415
Two women having drinks and smoking cigarettes at the bar.,Two women are at a bar.,Three women are at a bar.,0.74419426918,0.713048517704
"Two men sleeping on a park bench, slumped over each other.",Two men are sleeping.,Two women are sleeping.,0.96461558342,0.941650509834
young female in striped shirt holding baby boy with red striped outfit,Young woman holding baby boy.,Young woman holding a fruit basket.,0.909329891205,0.907085776329
A group of people sitting in a grassy area under a pink and white blossoming tree.,there is a group of people outdoors.,People are running in a grassy area.,0.635076761246,0.0207688845694
A group of young men in sports uniforms from two opposing teams are in vigorous play on a grassy field.,Men in a sports team play on the field,Women play sports in the field,0.897509098053,0.595882236958
A little girl in brown is playing with two hula-hoops.,The girl has several toys.,The person playing with hula-hoops is male.,0.912698924541,0.539275407791
Military woman using a microscope.,A woman using a microscope.,A military man looking throu a microscope.,0.99672794342,0.76695650816
Two men are listening to music through headphones.,Two men listen to music.,Two men play with yo-yos.,0.98199313879,0.624611318111
An African American wearing a red backpack looks the photographer as he walks past a concrete wall covered in graffiti.,a person wears a backpack,an asian wears a red backpack,0.927060067654,0.916452109814
Two men are sitting on a grassy hillside wearing bike helmets.,Two people are sitting on a grassy hillside wearing bike helmets.,Two women are sitting on a grassy hillside wearing bike helmets.,0.9838078022,0.892742931843
Muzzled greyhounds are racing along a dog track.,The dogs are outside on the race track.,The dogs are in a shelter after being used.,0.941536188126,0.280006110668
Two teenagers in green and brown coats pose for a picture while out shopping.,Two teenagers pose for a picture.,Two adult college students pose for a picture.,0.978600084782,0.917102634907
A man is standing in coconuts while trying to open one.,A person is standing in coconuts while trying to open one.,A woman is standing in coconuts while trying to open one.,0.981076478958,0.822687089443
a climber in a red shirt is scaling a rock face whilst being watched by another man in a white shirt.,The climber is wearing a red shirt.,The climber is wearing a pink shirt.,0.757451713085,0.307902723551
A man wearing a U.S. Navy uniform and a woman in a uniform are watching an even with worried expressions on their faces.,Two people watching an event,Two people excitedly watch an event,0.960789859295,0.661479175091
A person on a motorcycle.,a person on a motorcycle,a couple on a motorcycle,0.995015501976,0.99647217989
A young boy in a black tee-shirt stands on the corner as two men parallel to him are engaged in some activity.,A boy is wearing a black shirt,A boy is wearing a blue shirt,0.865748643875,0.865675806999
A man in a kitchen leaning over a table sharpening a knife.,A guy sharpening his knife.,A guy shines his shoes.,0.933162927628,0.465510100126
Rear view of woman walking along side of building.,A woman walks near a building.,A man stands on a corner.,0.988211214542,0.714306712151
Two people are walking down an isolated road.,People are walking outside.,Two people are jumping on a trampoline on a isolated road.,0.36184412241,0.146129608154
Two elder women have a conversation outdoors in front of a house.,Two women have a conversation outdoors in front of a house.,Two elder men have a conversation outdoors in front of a house.,0.993348121643,0.880987167358
"A girl in a green knit cap stands ready to push a sled, with a little boy behind her.","A person in a green knit cap stands ready to push a sled, with a little boy behind her.","A boy in a green knit cap stands ready to push a sled, with a little boy behind him.",0.968228936195,0.899102091789
An Asian man in a black robe is holding up a small fan by a bush with smoke coming out of it.,An Asian man in a robe.,An Asian man in a white robe.,0.960435986519,0.967426776886
Big hairy dog chews on a bone while lying on a furry toy.,The dog is laying on an object,The dog is laying on a pointy object,0.879002928734,0.89982187748
A child is looking at some colorful dresses.,A person is looking at some colorful dresses.,A man is looking at some colorful dresses.,0.996911168098,0.975057959557
Man in red shirt about to have a barbecue,Person in red shirt about to have a barbecue,Woman in red shirt about to have a barbecue,0.948118984699,0.644835650921
"a child is playing with a green, white and red spinning toy that turning on the ground.","a kid is playing with a green, white and red spinning toy that turning on the ground.","a man is playing with a green, white and red spinning toy that turning on the ground.",0.999687492847,0.99055981636
A young woman with a ponytail and her back to the camera is taking a picture of what seems to be some sort of procession.,A girl is taking a picture of others,A girl has time-traveled to the past to take pictures of the first Macy's Thanksgiving Day parade.,0.91781103611,0.803017795086
A man in a striped shirt and lady in a black hat are watching a young band perform on stage.,A lady has a black hat.,A lady has a white hat.,0.709344565868,0.70912528038
"A man in a black cap and black coat looks down while standing next to a woman wearing a blue scarf and gray coat, whose hair is in her eyes.",A man has a black cap.,A man has a white cap.,0.797594189644,0.847745418549
A group of boy scouts are standing in an alert position.,Boy scouts are standing in an alert position.,A group of girl scouts are standing in an alert position.,0.999070346355,0.862270414829
The view of a man with a shaved head and blue shirt through a chain-linked fence.,A man with a shaved head behind a chain-linked fence.,A woman with a shaved head and a beard behind a chain-linked fence.,0.995690226555,0.932820558548
A man with a tattoo is wearing sunglasses while holding a small boy.,There is a man with body art who is holding a young person.,A man in sunglasses holding a small boy waits to get his first tattoo.,0.974469363689,0.986811459064
A man wearing glasses and black clothing is sitting while a man in a vest drinks in the background.,A man is wearing glasses and black clothing.,A man is wearing glasses and white clothing.,0.793377518654,0.81601703167
"An Asian man in colorful robes holds a bell and leans toward a small table, with Buddhist or Hindu decorations on the table and the walls.",An Asian man in colorful light robes holds a bell.,An Asian man in colorful robes holds a gun.,0.947653472424,0.885769307613
Four girls look at objects under a microscope.,Four people look at objects under a microscope.,Four boys look at objects under a microscope.,0.937266349792,0.821459531784
A woman sitting eating a sandwich.,A woman is eating a sandwich,A woman eats a salad,0.911922574043,0.927749752998
An elderly man is posing in front of some rock formations.,An older man posing by a rock.,A young girl posing for a picture.,0.994923710823,0.787933468819
A man in a black hoodie watching a man in a red cap.,There is a man watching another man.,There is a man in a white hoodie watching a man in a blue cap.,0.988270282745,0.979776501656
Man builds detailed sand castle on the beach.,The creation is near the water.,The man is in the middle of a busy street.,0.415677189827,0.119968444109
A man in a blue shirt and a man helps the cyclist while the man in the gray jacket watches.,A man is wearing a blue shirt,A man is wearing a black shirt,0.947035849094,0.899939537048
"A little girl, wearing a yellow, zip-front outfit is holding a flower and a basket and pointing upwards.",A girl is pointing.,A girl is pointing towards the ground.,0.844719171524,0.952576398849
A woman in a blue shirt and black workout pants practicing martial arts in front of a house.,A woman has a blue shirt.,A woman has a white shirt.,0.487180441618,0.550633013248
A man in a blue shirt standing in front of a garage-like structure painted with geometric designs.,A man is wearing a blue shirt,A man is wearing a black shirt,0.807171583176,0.723537266254
A child holds sparklers in the dark.,A child holds fireworks in the dark.,A man holds sparklers in the dark.,0.738218545914,0.968075037003
Two men help an injured player on the field.,Two men help an injured player.,Two women help an injured player on the field.,0.982250988483,0.874019980431
A couple bows their head as a man in a decorative robe reads from a scroll in Asia with a black late model station wagon in the background.,A black late model station wagon is in the background.,A white late model station wagon is in the background.,0.630944132805,0.72954928875
several people standing below a clock tower with two clock faces.,several people are outdoors,several people are surfing,0.874581098557,0.596473097801
A young girl wearing a pink shirt and jeans is running through a flowered field.,A girl is in the field.,A girl is running across the busy street.,0.654663085938,0.927949309349
Two guys sitting in a room with green and white curtain.,Two men are in a room.,Two guys are playing golf.,0.816943764687,-0.274252474308
a blue and gray race car driving on a dirt track.,A race car is driving on a dirt track.,A race car is is driving on a paved road.,0.873518109322,0.772352814674
A dog running on grass,A dog is on the grass.,A dog is digging in the snow.,0.556963562965,0.159059926867
"Two blond girls in white dresses, one much smaller than the other, stand on the bank of a large body of water.",The girls are wearing white dresses,The girls are sleeping.,-0.145503118634,-0.572738468647
A boy in s striped shirt is jumping in front of a water fountain.,A boy jumps in front of a water fountain.,A boy jumps next to a tractor.,0.993584096432,0.796805679798
A woman in black pants is looking at her cellphone.,a woman is looking at her phone,a man is looking at his phone,0.947892904282,0.736508905888
Two children throw dead leaves into the air around them.,The children are outside.,The banana fell off of the tree.,0.117241591215,0.259165406227
"Two young men sitting at the end of a long table eating; there are 3 plates full of food, two glasses with a yellow colored drink and a small orange case on the table.",A small orange case is on the table.,A small white case is on the table.,0.824162125587,0.830086350441
A white cat sits on a wall.,The cat is white.,The cat is on its bed.,0.968884587288,0.972376465797
A boy in red slides down an inflatable ride.,A boy is playing on an inflatable ride.,A boy pierces a knife through an inflatable ride.,0.93833732605,0.496366679668
A man wearing lime green pants and shirt working on a sign.,A man wearing pants and shirt working on a sign.,A woman wearing lime green pants and shirt working on a sign.,0.992613136768,0.823906540871
A man with a beard skateboarding and a boy with a blue and black backpack riding a green bike in the background.,There is a man and a boy outside.,There is a kid skateboarding and a bearded man on a bike.,0.913525402546,0.973768591881
Two men exchange conversation in a crowded place.,Two men exchange conversation in a crowded arena.,Two women exchange conversation in a crowded place.,0.983073472977,0.871910750866
Two women wearing boots and holding bags are talking to each other.,People are holding bags and talking.,Two men wearing boots and holding bags are talking to each other.,0.903654277325,0.751987397671
People of another country are gathered at the farmer's market.,Foreigners are assembled at a market.,Foreigners assembled at a clothing store.,0.970986902714,0.916494190693
"The horses pull the carriage, holding people and a dog, through the rain.",Group of people traveling in the rain by horse-drawn carriage.,Horses ride in a carriage pulled by a dog.,0.946956574917,0.787523806095
Man standing on a tricycle riding in front of a crowd.,A man is on a bike.,A woman is pushing a bicycle.,0.380155563354,0.14982663095
A man wearing glasses is vacuuming an architects model.,There is a man vaucuming,There is a man watching someone vacuumming,0.655538439751,0.931665658951
A group of people play a game in the road.,people playing a game,a boat out of the water,0.983514726162,0.399624437094
A man standing at the front of the room is pointing up while several people who are seated look towards him.,A man standing in a room is pointing up.,A man is sitting outside.,0.832152843475,0.514102458954
A boy falls off of his scooter during an obstacle course.,A person falls off of his scooter during an obstacle course.,A girl falls off of her scooter during an obstacle course.,0.994270682335,0.911907672882
A woman in a blue tank-top rides a blue bicycle in front of a crowd of meandering pedestrians.,A woman rides a bike in front of a crowd,A man rides a bike in front of a crowd,0.927953720093,0.894446671009
A husky and a black cat nuzzling.,A dog and cat are friendly.,A cat attacks a dog.,0.910447716713,0.961707651615
A man is reading a newspaper in a car dealership.,A man is at a car dealership.,A man is reading a magazine at the hospital.,0.720641314983,0.6525349617
Two people standing in front of a waterfall scenery.,Two people are in front of some scenery.,Two people are standing in front of an train.,0.878849685192,0.932953238487
An older and younger man smiling.,Two men are smiling.,Two young girls are smiling at themselves in the mirror.,0.989954590797,0.826280355453
A man is standing at a machine.,A man is standing by a machine.,A woman is standing at a machine.,0.98353022337,0.613025009632
"A young man wearing goggles, is jumping out of a pool, splashing water everywhere.",Man jumping out of a pool.,An old man jumping into a pool.,0.957002997398,0.897931158543
Rival female basketball teams are playing a game in front of an audience at an indoor arena.,Two female basketball teams are both trying to win the game.,Two female basketball teams are sitting at a restaurant after a game.,0.641409575939,0.727956235409
"A woman with a pink tank top and two different shoes poses for a picture with another woman wearing a purple wig, black cowboy hat, american flag bikini and high heeled boots.",A woman with a pink tank top poses for a picture.,A woman with a black tank top poses for a picture.,0.942249298096,0.954795479774
A chef prepares roasted corn.,The chef is preparing roasted corn.,A chef prepares creamed corn.,0.986499071121,0.950299978256
A young man plays a racing video game.,a young man is staring at a screen,a young man is running outside,0.166884362698,0.362627387047
A nun is taking a picture outside.,A woman is outside,A man is taking a picture outside.,0.939141750336,0.712016582489
Three individuals are wearing tight blue nylon suits with one instructor in all black with a ponytail assisting them with putting on harnesses.,Three individuals are wearing tight blue nylon suits.,Three individuals are wearing loose brown nylon suits with one instructor in all black with a ponytail assisting them with putting on harnesses.,0.773244380951,0.961766064167
Thick clouds masked the sky for the Braun sponsored event as the crowd looked up at the raised platform while a small group of bike stunt riders watched one rider land on his feet while his bike was still in the air.,A group of bike stunt riders are at an event.,"There are a group of people standing by ATV's, waiting for a race to start.",0.936683416367,0.776687860489
"A man in a blue shirt, khaki shorts, ball cap and white socks and loafers walking behind a group of people walking down a stone walkway with a water bottle in his left hand.",A man is walking behind a group of people.,"A man in a blue shirt, khaki shorts, ball cap and blue socks and loafers walking behind a group of people walking down a stone walkway with a water bottle in his left hand.",0.953997373581,0.999957919121
Two kickboxers compete in front of a live audience.,there is a competetion still going on,there was a kickboxer waiting for other one to come,0.736935853958,0.838543593884
A woman wearing a white shirt and jeans crosses a rope bridge in a wooded area.,A woman wearing a white shirt crosses a bridge in a wooded area.,A woman wearing a black shirt and khakis crosses a rope bridge in a wooded area.,0.991487681866,0.993634998798
A woman in a green blouse and black skirt sitting on a bench in front of an elephant model.,A woman is wearing a blouse.,The woman is wading into the water.,0.548361420631,-0.0105372592807
A man in a white t-shirt takes a picture in the middle of the street with two public buses in the background.,A man is wearing a white shirt,A man is wearing a black shirt,0.780760765076,0.653889596462
A woman in a pink shirt is painting the last two stars on a painting of the American flag.,The woman is painting,The woman is sewing,0.800391793251,0.403978317976
A baby wearing yellow is pretending to be a doctor while inside a stroller.,A baby is role playing as a professional,The baby is wearing red pretending to be a fire fighter.,0.320997267962,-0.345360577106
two bicyclists in spandex and helmets in a race pedaling uphill.,"A pair of humans are riding their bicycle with tight clothing, competing with each other.","The two bicyclists cross each and give each a high five as one pedals uphill, and the other downhill.",0.896564126015,0.99304163456
A scientist with a checkered shirt on is looking into a microscope to learn more about the world.,A scientist is using a microscope.,A scientist is talking on a cellphone.,0.847644984722,0.870598912239
Cyclist participating in an organized event cross a large suspension bridge and two women riders have stopped to pose for a picture.,some cyclists cross a bridge,some cyclists jump,0.75314104557,0.50832003355
Skier wearing red walking up a snowy hillside.,Skier in red suit walking up the hill.,Skier walking up the hill to the water slide.,0.810866653919,0.611666977406
Two little Asian kids are dressed warmly in colorful jackets while standing on the playground.,The children are dressed in warm clothing.,The children are wearing tank tops.,0.694292724133,0.842681288719
Two girls are in line about to order at a Mexican eatery.,Two people are in line about to order at a Mexican eatery.,Two boys are in line about to order at a Mexican eatery.,0.85393178463,0.525656461716
"These two people in hats are standing on rocky terrain, with their arms around each other.",There are two people outdoors.,Two people on rocky terrain waving at each other with both arms.,0.952306628227,0.981827318668
a person cooking on a fire while a small child watches.,There is a child watching a person cooking on a fire.,A person sews while a small child runs.,0.805332839489,0.405272483826
A man in a restaurant having lunch.,the man is eating.,The man is eating stardust.,0.910880208015,0.878899633884
"Two men, one rowing and one sitting, in a canoe surrounded by a body of water.",People are in a canoe.,"Three men, one rowing and two sitting, in a canoe surrounded by a body of water.",0.960996031761,0.999550879002
A woman playing with her cats while taking pictures.,A woman is spending time with her cats.,A woman is playing with her dolls.,0.989007771015,0.422093361616
A woman nibbles at a food item in her hands.,a woman nibbles food from her hand,a man nibbles food from the table,0.99740844965,0.733236670494
The quarterback of the UTEP football team is about to be tackled by a member of the Wisconsin defensive team.,The quarterback is about to be tackled by the opposing team.,The quarterback is a taking photos of the defensive team.,0.952077925205,0.858061492443
A little girl is jumping over a yellow rope.,A girl jumps rope.,A girl jumps under a purple rope.,0.893856108189,0.952191114426
A man sits on the grass trying to get a hole of a fish.,Man sitting in grass near fishing area.,Fish catches man.,0.950346946716,0.408918440342
A man in a small kayak is floating down the river.,A man is in a boat.,A man is waiting in traffic.,0.691033959389,0.178393572569
Two construction workers in a truck having a conversation.,Two people are talking.,Two people are outside a truck.,0.980814814568,0.925368785858
Group of women in red swimsuits perform a dance routine in the sand at 2008 beijing olympics.,Women wearing red dancing.,The men enjoy dancing in the sand.,0.86414629221,0.789824664593
A man in a green shirt playing drums.,The man plays a percussive instrument.,This man plays the tuba while Sousa instructs.,0.318375855684,0.109352856874
Two people in a dense jungle area with trees and grass everywhere.,Two people are outside.,A man is holding a microphone on stage.,0.915406346321,0.831571102142
A woman is holding one young children with another standing next to her while a man is sitting by a small campfire.,A woman is holding one young children with another standing next to her,A woman is holding one young chimp with another standing next to her,0.731321573257,0.543110728264
Black dog with white puppies laying on the floor.,A black dog surrounded by puppies.,A dog next to some kittens.,0.102188937366,0.0771172195673
A man is standing in front of a building holding heart shaped balloons and a woman is crossing the street.,Someone is holding something outside.,Someone is holding something heavy outside.,0.861134648323,0.861101210117
A crowd of people in colorful dresses.,The dresses vary in color in this photo.,These people are wearing pants and shirts.,0.891665935516,0.906240224838
A dark-skinned man smoking a cigarette near a green trashcan.,Near the trashcan the man stood and smoked,While in the swimming pool the albino boy was cautious of too much sun,0.899260044098,-0.0179964676499
Man in white shirt and blue jeans looking to the side while walking down a busy sidewalk.,The man's shirt is a different color from his jeans.,Man has a blue shirt on.,0.790856957436,0.918017625809
A man bakes in a kitchen while wearing gloves and a hat.,The man is using the oven.,The man is throwing food everywhere.,0.449828028679,-0.260505020618
"A man in his 30's is sitting on a curb of a busy sidewalk, dressed in a furry green costume.",A costumed figure is sitting on the curb.,The man really has furry green skin.,0.649514138699,0.470393776894
Worker sawing a large fish with a band saw.,Workers are using a tool,Workers are doing construction,0.945174813271,0.804257631302
Small red airplane flies over mountaintop dropping red substance over fire.,the airplane is flying.,the plane is crashing,0.891039133072,0.850965440273
A medium sized brown dog jumping,The brown dog jumps up and down.,A small dog crouches under a porch.,0.964382469654,0.261187851429
Several women with long hair and mini-dresses walk together.,A group of women with long hair.,A group of men on a bass boat.,0.763710856438,-0.0616783499718
A float depicting religious imagery.,A float with icons.,A float depicting a computer.,0.583218693733,0.814074337482
a cat sits alone in dry grass.,A solitary cat.,A cat running after a mouse.,0.961957216263,0.883550643921
A little girl in a red flowered dress with a tennis racket.,A little girl in red.,A man in red.,0.467993825674,0.0418983176351
A woman has just completed her release in a game of bowling.,A woman is bowling at a bowling alley.,A woman completing her backswing at a golf course.,0.969179868698,0.671121954918
One young boy is sitting outside on a cool day blowing bubbles.,A little boy blows bubbles outdoors.,A girl in a red coat sits blowing bubbles.,0.788573205471,0.765968263149
A cute couple at a club,The couple is at a club.,The couple is at a restaurant.,0.26000726223,-0.55678743124
"A man is holding a pile of newspapers in a lobby, and a woman next to him has taken one of the newspapers and is smiling.",A man is holding newspapers.,The man is carrying a box of tools in both arms.,0.804365932941,0.806622385979
Three people are outside walking up a set of wooden stairs.,Three people are walking outside.,Three people are walking outside down a set of stairs.,0.984855890274,0.991039037704
Two men holding their mouths open.,Two men with mouths agape.,Two men with gritted teeth.,0.949132144451,0.831138551235
Two black dogs run along the green grass.,Two dogs run along the lawn.,Two dogs sit in their pen.,0.97008562088,-0.344759851694
A man cooking kabobs on a barbecue in his backyard.,The man is have a cookout.,The man is cooking fish on the grill in his backyard.,0.690213084221,0.852345168591
Two men in white suits cheer,The two men is white suits are acting excited.,The two men are wearing black dresses.,0.781910121441,0.349903613329
Young friends in a park relaxing and enjoying conversation with each other.,The friends are vocal and using words.,The park is conversing with the young others.,0.57556784153,0.818399488926
Man walking barefoot on the beach on what seems to be a very cloudy day.,There are clouds in the sky.,The man is wearing high heels.,0.385058581829,0.143688932061
A Asian man in a red and yellow uniform diving for the birdie in a game,A uniformed individual of asian descent retrieves a birdie,A birdie retrieves its uniform from a person,0.846303403378,0.869920730591
A girl in a red dress and white sneakers bouncing a tennis ball with a tennis racket.,A girl is playing tennis.,A boy is playing tennis.,0.809446811676,0.682110369205
A woman using a large camera while standing in the street.,A woman is outdoors.,A woman is holding an umbrella with both hands.,0.791621565819,0.926353871822
The side of a building next to a church is painted with a brightly colored Coca-Cola sign.,There is a Coca-Cola sign on a building.,There is a Coca-Cola sign on a church next to a building.,0.905697703362,0.943458676338
"An old woman in a sunlit room winds rough yarn into balls, the finished yarn balls placed in a pile to her right.",A woman winds yarn into a balls next to a pile of balls,A man winds yarn into balls,0.747820317745,0.583032011986
One man in all black in a bowling ally who just bowled with an orange ball.,A man is bowling.,The man is playing with a blue ball.,0.37591034174,0.493206858635
Three adult bystanders and one child looking up toward the sky while standing on the sidewalk.,Four people are looking at the sky.,A man and his three children watch the helium balloons float higher in the air.,0.944076657295,0.803158283234
The surfer crouches low and rides the wave.,A person surfs.,The surfer stands tall and does a flip.,0.802347362041,0.0269459821284
Two men stand in an electric outdoor lift.,"There are two men in this picture, and they are outside.",The men kick the soccer ball back and forth on the soccer field.,0.93965280056,0.683127880096
The man with the bag is standing on the corner.,The man is standing outside,The man with the bag is walking across the street,0.961968123913,0.909549891949
"As part of a manicure, a person has their nails filed to the proper length and shape.",Nails are filed during a manicure.,People fishing.,0.673351287842,0.543971478939
A group of young women wearing black dresses stand in a row with three of them holding bouquets.,A group of women with flowers.,A group of women with flowers standing in a circle.,0.697935819626,0.899477243423
"Nine women in blue and purple dresses and one man wearing a purple shirt and black pants, clap while a man dressed in black dances.",There are people clapping.,People are protesting against the sexual dancing of gothic man.,0.6555300951,0.543537914753
"A woman in a blue shirt, white apron and yellow kerchief is placing an ingredient from a glass jar in to her dish.",A woman is near a glass jar.,A woman in a red apron is preparing a meal.,0.440519809723,0.508390069008
A woman sits in a blue chair outside a brick house.,The woman is sitting down.,The woman is sitting in her kitchen.,0.94438970089,0.865186095238
A man and a woman stare at the skyline.,The two people are looking outside.,The man and woman are staring into each others' eyes.,0.915059387684,0.889346599579
a young girl in red lifting a girl in blue to the top of a wall and lighting.,The girl is lifting the other girl.,The girl is wearing green and purple.,0.625280380249,0.58647274971
"Lonely woman eats alone again, chatting with her internet boyfriend at a diner.",A woman is eating at a diner.,A man is eating alone at home.,0.771075725555,0.905437886715
"A man holds a sign outside a hotel that reads ""Ok Ok Ok, I need money for beer, pot and a hooker.""",A man is holding up a humorous sign.,The man is appealing to morality.,0.846183359623,0.79365080595
"An outdoor rodeo, with a cowboy in a red shirt riding a bucking horse while others watch from the sidelines.",A cowboy is wearing a red shirt,A cowboy is wearing a blue shirt,0.810687303543,0.853436589241
A woman wearing a hat and a man covering his eyes sit on benches on a boat.,A women and a man are sitting on a boat,A women and a man are dancing on the boat together.,0.926704406738,0.0233607795089
A man in a black suit and tie is walking in front of a fancy building with the word grace written on it,A man walks in front of a building with the word grace,A woman walks in front of a newly establishes building,0.848331451416,0.844669103622
man smiling outside in blue shirt.,The man with the shirt is smiling.,The woman with the skirt outside is smiling.,0.960412621498,0.791729807854
"A girl all in black and white, and carrying an umbrella, walks down the street, as others watch.",A girl has all black and white.,A young girl walking inside her house.,0.127831608057,-0.301713943481
A young girl who is barefoot and with a scarf over her head dips her pen in ink and writes in a notebook.,girl is writing,dog chases squirrel,0.159738987684,-0.647725939751
"There are two men playing college basketball, one in light blue and one in white, and fans are looking on.",Two men are playing a game,Women are talking,0.419368833303,0.342553257942
A woman in a blue dress is sweeping the floor in a cobblestone road,A woman wears a dress while she sweeps.,A man mops the road.,0.931015014648,-0.313986510038
Two women in bathing suits are together in a two-seat kayak in water with trees in the background.,People enjoying a day with nature in their kayak.,A family of beavers working to re-dam the river they've made their home in.,0.848614990711,-0.0690968930721
A little boy is sitting next to a bed while wearing orange sunglasses and playing with a toy hammer,A boy is playing with a toy,A little boy is jumping on his bed while playing with a toy hammer,0.515450000763,0.546355128288
A balding man wearing a brown jacket with his hands crossed and his head tilted down.,A man wearing a brown jacket with his hands crossed and his head tilted down.,A balding woman wearing a brown jacket with his hands crossed and his head tilted down.,0.865296661854,0.89891988039
A man wearing a blue jacket is looking at a glass bottle while the person next to him enjoys his food.,The jacket is blue.,The man is looking at a painting.,0.255099147558,0.550286352634
There is a man wearing a red shirt and brown shorts jumping up to hit a tennis ball with a racket.,A man is wearing a red shirt,A man is wearing a black shirt,0.622688412666,0.571548521519
The brown dog has a hold of the other dogs cheek with its teeth.,The dog grabbed the other dog with his teeth.,The black dog licked the other dog's rear.,0.888975381851,0.586985111237
A baseball player sliding toward second base.,A player sliding toward second base.,A baseball player sliding toward first base.,0.69256156683,0.817806661129
"Six children at a table with a green tablecloth, five female, one male, looking at the camera, plates and condiments at the table, two empty chairs, and red roses in the background",Kids are sitting in six of the eight chairs.,Half of the children are male.,0.706153333187,0.446106612682
"A Jockey in a blue helmet, red shirt and white pants is riding a race horse with ""sparkasse"" signs in the background.",There is a jockey riding a horse.,A man is riding a bicycle with signs in the background.,0.363602995872,0.876466393471
"Several people are walking on a street and there is a large, blue crane towering and leaning against a building.",Several people are walking on a street.,"Several people are sitting on the grass, watching a crane move heavy blocks.",0.969856619835,0.800581216812
The restaurant employee is preparing sandwiches in the highly decorated kitchen.,A service worker is making food in a nice kitchen.,A homeless man steals a sandwich from a cheap restaurant.,0.810392856598,0.139476597309
A girl in a red and white uniform tagging out a girl in a black uniform and helmet during a competitive game of softball.,Two girls are playing softball.,Two girls in softball uniforms are sitting on the ground.,0.224332943559,-0.334662675858
A guy wearing a black shirt and gray pants pushing his shopping cart past a candy aisle of a Walmart.,A man is inside a store.,A man is inside a Target.,0.293670237064,0.176055118442
The lady carrying the big bag is walking under the trees in bloom.,A lady is carrying a big bag.,A man is sweeping his driveway.,0.890328764915,-0.0297682117671
A woman in sunglasses making a pouting face while eating seafood.,A woman is eating seafood.,A woman in sunglasses is taking a stroll in the park.,0.396608352661,0.334136843681
"A woman in white and a man in black, with an earring, are kissing.",Two people kissing.,A man brushes his teeth.,0.744841516018,0.20242986083
Man dressed in business casual attire playing the saxophone with the rest of a band.,Man plays a woodwind instrument.,Man dressed in business casual attire playing the oboe with the rest of a band.,0.479704707861,0.844939470291
A little girl at a museum.,A person at a museum.,A little girl on the beach.,0.662916779518,0.401227414608
"The tops of a large number of balloons are visible behind a wall, with a large high rise building in the background.",The balloons are outside.,A man and woman watch the sun set over the ocean.,0.833286225796,0.0668226927519
"A young lady walking down the street wearing a black jacket, sunglasses, sneakers, jeans, & gloves.",A young lady is walking down the street.,A woman is having her wisdom teeth pulled.,0.770857572556,0.615198969841
A girl is throwing a football on the beach.,A girl is playing with a football.,A girl is trying to swim on the beach.,0.608044147491,0.870232701302
"His back facing us, a young man photographs a lovely mountain lake scene under a hazy sky.",A young man photographs a mountain lake scene.,A young woman photgraphs the ocean .,0.802425384521,0.670189619064
A man wearing padded arm protection is being bitten by a German shepherd dog.,A man is bitten by a dog while training the dog.,A man bit a dog.,0.976525843143,0.699976801872
An older gentleman in a blue sports jacket and glasses is talking to a woman in an off-white jacket.,The older man is wearing a blue jacket.,The older man is talking to another man.,0.801272749901,0.833924293518
A girl in a pink sundress rides a bike next to a white picket fence.,A girl rides a bike.,A girl surfing.,0.87789785862,0.135347932577
"A woman in black, seen from behind, sits next to a body of water.",A woman sits outside.,A woman leaps from a balcony to the ground below.,0.760040283203,0.249901384115
A taxi is trying to drive on a street amidst a crowd of people.,The taxi is driving slow.,The taxi is in the garage.,-0.717401325703,-0.748690068722
A little boy sitting on the ground looking up at some men dressed up like an alien creature or machine.,The little boy is sitting down.,The little boy is running.,0.499385297298,0.126112550497
A middle-aged man's shaving his beard in a room with white walls which does n't look like a bathroom.,a man is shaving,a man sleeps,0.704090833664,0.723863601685
A kid in a red and black coat is laying on his back in the snow with his arm in the air and a red sled is next to him.,It is a cold day.,The sled is blue.,0.223024189472,0.10737927258
A man jogs on green grass with bare feet.,A man is jogging.,The man is jogging on sand.,0.86355048418,0.860612273216
Couple walking on the beach.,A couple is at the beach.,The couple are laying in the sand.,0.610930323601,-0.167930826545
"The baseball player wearing the ""Irish"" uniform prepares to throw the ball to his teammate as the umpire watches closely.",Baseball players playing a game.,Two people are playing catch with a football while a priest watches.,0.795415997505,-0.197068929672
A young man standing on a plank of wood and using a large saw to cut it.,A young man saws wood.,A young girl is cutting wood.,0.87980556488,0.374318897724
A child wearing a green t-shirt takes his first steps across a playground bridge.,A child at a playground.,A child playing in the sand.,0.991347432137,0.730443656445
Young child is falling through the air from a swing.,the child is on a swing,a man is on the swing,0.812051415443,0.86373847723
Two people are in the ocean.,The two ocean goers are human.,The two people are in a placid lake.,0.838302671909,0.650123536587
Two men are cooking food together on the corner of the street.,The men are making something to eat.,The two men are running in a race.,0.500268578529,-0.0266059823334
Three workers are trimming down trees.,There are three workers,There are three business men,0.903564214706,0.368083357811
A baseball pitcher wearing a purple and white uniform throwing a baseball from the mound.,A pitcher is throwing a baseball.,A guy is chilling at home.,0.943394601345,-0.297365248203
A young boy in a gray and white striped shirt is playing guitar.,A kid is playing the guitar.,A boy is talking on the phone.,0.744603335857,0.728084445
Three women in festive dresses are dancing in a large city street while a large crowd is behind them holding up a banner.,Three women dance in front of a large crowd,Three men tapdance in front of people,0.762732326984,0.672482728958
A little boy kisses a little girl as they sit on a hay bale with pumpkins and a Halloween display in the background.,a young boy and girl kiss near hay and autumn display,a boy kisses another boy,0.720787405968,0.659687280655
A dog with big ears holds a ball in his mouth.,The dog has big ears.,The dog has small ears.,0.872209072113,0.591287136078
A little boy learning to swim in a pool with his arm floaties.,The little boy is in the water.,The little boy is diving off the diving board because he is an excellent swimmer.,0.641742706299,0.764365434647
A lady is standing up holing a lamp that is turned on.,A lady is holding a lit lamp.,The lamp has a busted bulb.,0.848479926586,0.0820001810789
Two ladies are sitting in the restaurant talking and laughing.,Women are indoors.,A pair of women go bowling.,0.621113538742,0.1160768345
A girl in a red polka dot bikini is jumping off a sand dune.,A girl in a bikini jumps.,A girl in a bikini is buried in the sand.,0.950385987759,0.554398417473
Chevrolet car on display at a convention,At a convention there is a Chevrolet car on display.,A car is driving itself off the cliff.,0.913029193878,0.581761300564
A hot-air balloon getting filled.,A hot-air balloon is being operated on.,A hot-air balloon is flying over a mountain range.,0.979026913643,0.65940117836
A man is looking affected by results from his poker game.,The man plays poker,The man swimming,0.938164949417,0.86003613472
"A woman watching six televisions, while sitting on a hardwood floor in a beautiful room made of bricks with large windows, while a dark-haired man leaning on a windowsill is watching her.",The woman is inside.,The woman is dancing with the man.,-0.119401611388,-0.689125239849
"With the sun rising, a person is gliding with a huge parachute attached to them.",The person is falling to saftey with the parachute,The person is swimming in the ocean,-0.683442950249,-0.539828896523
A girl in a flower dress is running on sand.,The girl is running.,The girl is wearing a green striped dress.,0.790020346642,0.33268225193
bicycles stationed while a group of people socialize.,People get together near a stand of bicycles.,People talk near a bunch of parked motorcycles.,0.896812558174,0.973238945007
A man in a gray shirt sorts through Hawaiian style shirts in a department store.,The man is shopping at the department store.,The man is shopping at the hardware store.,-0.396412491798,-0.459880411625
Young girls are running along in a park.,Girls run outside in a park.,Several girls sit at their desks and study.,0.944090843201,-0.549230098724
A lady siting on the ground cutting decorating out a white sheet.,The woman is decorating something.,The woman has a black sheet,0.511988043785,0.39963516593
Three boys are standing on the ledge outside of a building.,Three boys are standing.,There are 2 boys.,0.843192279339,0.547031760216
Two oriental lizards are fighting for dominance in a small pond,Two lizards are fighting for dominance in a small pond,Two oriental lizards are fighting for dominance in a big pond,0.970673382282,0.898585319519
"The two people are on the end of the dock with a boat behind them, and they are surrounded by water.",Two people standing on a boat dock next to the water.,Two people jumping off a dock into the water.,0.910694301128,0.74320012331
two people playing baseball one running and one throwing a ball.,two are people playing ball.,Two guys playing cards.,0.28876632452,0.565024137497
"A woman is looking at a pamphlet talking to someone, while a guy takes photos in the background.",Discussing a pamphlet.,Three people take pictures.,0.856032967567,0.971264541149
"Two men, and one girl are wearing life jackets and swimming in the water.",Three people in life jackets are swimming.,Three people in life jackets pose next to the lifeguard stand.,0.887048006058,0.0976270437241
A small group of adults and children stand on a cobblestone street outside of an Irish pub.,The small group stands outside on a stone street,A large group of adults and children stand on a cobblestone street.,0.863288342953,0.880303382874
A man punting a football as fans from the opposing team watch in the background,A man punts a football,A man catches a football,0.935028910637,0.922827422619
Two people are sitting next to a wood-stacked campfire at night.,People are sitting outside at night.,The sun is shining brightly on the people.,0.613105237484,-0.0668637156487
A young man in jogging slacks is checking information on his mobile devise while listening to something on a crowded commuter rail car.,The young man is looking at his mobile device.,a man on a boat,0.355237573385,0.0390933901072
A baseball player catching a ball as it comes to him.,A sports player is playing a sport.,A baseball player is on a stretcher after being injured by a ball.,0.854789018631,0.621240735054
"Eight women in bright dresses, embracing themselves, dance on stage while looking up at the camera.",Eight women look to the camera.,The women are wearing dark coats.,0.710068762302,0.42320561409
"A little boy wearing glasses and a t-shirt that says, ""I'm a Pepper and Dr. Pepper,"" stands looking at an older boy sitting in the grass.","Boy wearing Dr, Pepper shirt watches another boy sitting in grass.",Two kids riding a see-saw.,0.82126635313,0.988067626953
A jockey wearing a blue jacket is riding a dark brown horse in a gallop.,A jockey is riding a horse in a gallop.,jockey wearing a green jacket is riding a dark grey horse in a trot.,0.758501648903,0.863406896591
A woman sits on a bed and puts on her red socks.,A woman is sitting on a bed.,"A woman is sitting on a bed, taking her socks off",0.988283634186,0.962398290634
"Cheerleader on top of a cheerleading pyramid, girls are looking up at her one is in the background doing the same cheer.",There are some people.,"A group of girls pile on the head cheerleader, trying to squash her.",0.308274924755,0.846987068653
A black dog running through the forest.,A dog playing outside.,A grey dog sniffing a mushroom outside.,0.194100677967,-0.0226185321808
Two girls and a guy are involved in a pie eating contest.,Three people are stuffing their faces.,Three people are drinking beer on a boat.,0.54349142313,-0.0643894076347
A man playing a unique violin while looking up at the ceiling.,The man is playing the violin.,The man is sitting on Santa's lap.,-0.191256970167,-0.128894001245
A man under a running shower with shampoo in his hair.,A man is taking a shower.,A woman is washing her hair in a running shower.,0.899958968163,0.887094020844
An old man looks at an unknown contraption from MakerBot Industries.,A gadget is being examined.,A young man is blindfolded.,0.111240684986,0.673689842224
A running back running with the football.,Someone is playing football.,The running back is in class.,-0.0798310041428,0.906872749329
A woman in a white dress with one leg stops to read a poster.,A lady wearing white who only has one leg has stopped to read a poster.,A lady in a white dress runs past a poster.,0.303894907236,0.092368029058
A young man trying to buy a car from his dealer after his old car was towed away by police.,A man attempting to purchase another car.,A person renting a vehicle.,0.348132431507,0.572990298271
A group of children sit on a blue mat while they eat out of bowls.,Kids eating.,Kids playing at the beach.,0.554185807705,0.131294831634
The man in the black and white shirt is running with a ball.,A human wearing clothes is holding an object.,The man in the black and white shirt is sitting with a book.,0.17913916707,-0.594176650047
A group of people are sitting at a table which has glasses of beer on it.,People are sitting down,PEople are running,0.850110709667,-0.577901780605
A man in a navy polo shirt snaps photos at a golf course while a crowd of spectators looks on in the background.,A man is taking pictures at a golf course.,A man in black is singing on stage.,0.699512481689,0.105762347579
Asian workers assembling a wood project.,Workers are using wood for their project.,Asian workers are building with metal.,0.931024312973,0.983841061592
The white dog with brown spots is walking through shallow water.,The dog is wading through shallow water.,The white and brown dog is standing on the edge of the water.,0.863019645214,0.932707905769
A young asian woman stands with her luggage.,A young woman with luggage.,An older woman stands with her luggage.,0.958849191666,0.981702685356
A man in a blue jacket riding a bike,A man is on his bike.,A man is walking his dog.,0.974579036236,-0.0199041962624
A group of people are at a conference watching a slideshow.,A group of people are at a conference watching something.,A group of dogs are at a conference watching a slideshow.,0.657976925373,0.973229289055
There are two people running around a track in lane three and the one wearing a blue shirt with a green thing over the eyes is just barely ahead of the guy wearing an orange shirt and sunglasses.,Two people run around a track.,Two people drive around a track.,0.54772156477,0.356637060642
"Two young children in blue jerseys, one with the number 9 and one with the number 2 are standing on wooden steps in a bathroom and washing their hands in a sink.",Two kids in numbered jerseys wash their hands.,Two kids in jackets walk to school.,0.593876004219,0.533221065998
"A woman wearing a vertical striped top, sitting on a bench beside a telephone booth in a train station.",A woman is at a train station on a bench.,A woman gets on a train.,0.720692276955,0.549167513847
"Very young boy standing in front of a bride and groom, wearing a suit and holding a ring-bearer's pillow.",A human standing,A funny standing,0.62026566267,0.777177333832
"A boy in jeans, black t-shirt, and blue cap on a bike, leaps over steps.",A child is riding a bike.,A boy is playing on a skateboard.,0.592111945152,0.20759087801
A young child is washing his hands with soap in the kitchen.,The child uses soap to wash his hands.,The young child makes faces at his teacher.,0.857309818268,-0.19588086009
Three woman are standing in a room.,Three people are standing in a room.,Three man are standing in a room.,0.726779162884,0.45631763339
An older gentleman standing in front of a washer and dryer with his hand getting ready to push a button and a black basket of clothes sitting on top of the dryer next to him.,A man washes laundry,The man is having sex on top of the washer,0.137098252773,0.350068897009
A participant in a dog sled race passes onlookers.,People are watching a dog race,It's a motorcycle race,0.865435600281,0.528635680676
A black and white dog playing with a broken volleyball,Two dogs are playing with a ball.,Two dogs are walking down the road.,0.300493389368,-0.0355521291494
A silhouette at the bottom of an escalator.,The silhoutte is inside.,The group of people are running in a race.,-0.110318332911,-0.538098275661
"A young boy is bowling for one pin with a ball outside, while 3 other people are in the background.",A young boy is bowling.,A young boy is playing hockey.,-0.0153496507555,0.170050740242
Two young girls dressed in pink reach into wishing fountain at mall.,Girls are dressed in the same color.,Girls dive into a pool.,0.222089275718,0.24904486537
A brown-haired lady dressed all in blue denim sits in a group of pigeons.,A lady in blue has birds around her.,A  brown-haired lady is riding a horse.,0.655827760696,0.590353369713
A group of constructions workers lifting a bathtub.,Humans working,Nobody is working,-0.244306832552,0.438120782375
A horse and rider on a steeplechase course.,A jockey is riding a horse.,Three horses are playing in a field together.,0.331419229507,0.863102138042
Four speed skaters representing different countries are racing across ice in front of camera people.,Four skaters race each other.,Jake is talking on the phone.,0.815489649773,0.342694878578
woman with not a whole lot of clothes on playing on phone,A woman is on her phone.,The woman wearing multiple layers of winter clothing is texting her friend.,0.307987809181,0.000273278448731
A woman prepares ingredients for a bowl of soup.,A woman is cooking.,A soup bowl prepares a woman.,0.836347460747,0.978378772736
"A young oriental girl receives help on a science project from an adult, not completely seen in the image.",A girl is next to another person.,The girl is sitting on a wooden horse on a merry-go-round.,-0.198795557022,0.0506230965257
This is man standing by a fruit or vegetable cart peeling a piece of fruit.,A man peels fruit.,This is woman standing by a fruit or vegetable cart peeling a piece of fruit.,0.435874462128,0.906103312969
"A sunny street with a red building, parked cars, and a man walking down the road.",The sun is shining.,A man is sitting on a park bench.,-0.218880757689,-0.133206471801
A man in a bar drinks from a pitcher while a man in a green hat looks on and a woman in a black shirt drink from a glass.,A women in black drinks.,A child is sitting on a bar stool.,0.133886441588,0.445342540741
Two indian men are dancing in suits with an indian woman in a colorful dress behind them by a brick wall.,The people are Indian.,The two indian men are wearing sports gear.,0.501092195511,0.451200127602
A person walking uphill from a construction zone.,A hill is near a construction site.,The person is walking down stairs.,0.848135709763,0.630957722664
A small girl learning to fold some clothes.,A girl is folding clothes.,A boy is playing with a toy trick.,0.751954078674,0.434440433979
"Two professional soccer players compete in a stadium on AstroTurf during a soccer match, and one player is controlling the ball while the other is running after him trying to defend it.",The defending player is doing his best to prevent the offensive player from scoring a goal.,The soccer players are getting a drink of water.,0.498755097389,0.563300609589
A woman riding a bicycle past a car and a group of people on a sidewalk.,A woman riding a bicycle on the street.,A woman going for a walk near a car and some other people.,0.787919640541,0.534093916416
A white and blue car is on the street.,A vehicle is on the street.,A car is driving off a cliff.,0.667756915092,0.192846029997
A little blond girl is running near a little blond boy.,A sister and brother are playing in their yard.,Two kids are taking a ride on a ferris wheel.,0.562819957733,0.00645774183795
A man is walking in the same direction that a model airplane is flying in dried grassland.,A man is walking through the grass.,The man is swimming in a pool.,0.00371199846268,-0.0859990417957
A golfer has just finished swinging his club.,a human outside,a man shoveling snow,-0.0885025113821,0.216542959213
The brightly dressed middle eastern women are conversing in the market.,The women are brightly dressed,The men are brightly dressed,0.734641075134,0.549381613731
A gentleman on the phone at his desk while a child sits on his lap and draws on a sheet of paper,A man is by a child.,A woman is on a phone and her kit is playing with a sheet of paper.,0.539146959782,0.542105436325
"Woman wearing a red sweater, brown slacks and a white hat, rollerblading on the street in front of a yellow building.",A woman is moving across the pavement.,A woman is protesting something.,0.690383255482,0.749904155731
"A single runner, clothed in appropriate attire, jogging on a sidewalk next to a body of water, with buildings in the backdrop on the other side of the water.","A jogger, dressed for jogging, jogs on a sidewalk near water.",A person sits on some grass.,0.659011423588,0.172982782125
"A man drives a motorcycle, with a woman in an orange sari and a young girl in a blue dress riding in the backseat.",A woman in an orange sari is a passenger on a motor cycle.,A young girl in a pink tutu is driving a motorcycle.,0.839649319649,0.226082310081
Two elderly men are sitting on a boat that appears to be traveling down a river in the middle of the forest.,Two men are sitting on a boat,Two woman are drinking alcohol and getting twisted,0.921978890896,0.68779706955
A male bartender dressed in all black with his sleeves rolled up to elbow height making a drink in a martini glass.,A person in black,Nobody is in black,-0.353050023317,0.0114741548896
"A man walking in a crowd, draped in a Canadian flag.",A man is wearing a Canadian flag in the crowd.,A girl in a long dress is walking through the crowd.,0.889740228653,0.565546214581
A girl prepares herself for the swim meet.,The girl has swam before.,The girls is asleep at home,0.892434597015,0.652828991413
An adult ballerina shows you children how to dance.,A ballerina is teaching kids ballet.,The ballerina is sitting down judging the children's dancing.,0.426135659218,0.659491419792
People protesting ICE raids in front of a school.,A group of people are participating in a protest.,Some men are helping a woman fix her car.,0.719168663025,0.341336786747
Street performers with Santa Clause in the middle and ladies on the sides joining hands.,street performers are with santa holding hands,street performers are with santa in a lake,0.881213545799,0.895145893097
man grilling fish on barbecue,The man is cooking fish.,The man is sailing a boat.,0.716611862183,0.183221250772
The baseball player is running after the ball.,The person is playing a game.,The player is going home.,0.593269765377,0.351644575596
"A cowboy clown wearing a shirt with Tax on it, red suspenders, and a white cowboy hat talks into a wireless microphone.",A clown is talking into a microphone.,A cowboy clown in a bowler hat is talking into a wireless microphone.,0.914678514004,0.716471135616
a woman in green stands with her hands on her hips.,A woman is wearing green clothes.,A woman is raising her hands up.,0.89163184166,0.944393992424
A young woman holding a newborn in her arms while still wearing her hospital bracelet laying on a hospital bed.,A young woman is holding a newborn.,A young woman is holding a gun.,0.275016397238,-0.282476693392
A family sits on a bench near a beach.,A family is sitting.,A family is paddling in a boat.,0.860456824303,0.806846261024
Group of men post on the stairway of an old house.,Men are at an old house.,Men are dancing in the street.,0.679288268089,-0.503805041313
"Three people, a woman and two men ride scooters amongst the pedestrians of a busy city street.",Three people are on scooters.,The three people are walking.,0.828425645828,0.683740854263
A man with wine near a Christmas tree.,A man is drinking.,A man is fishing at the beach.,-0.169843629003,-0.407014042139
a man is swimming inside of a pool,there is a man in a pool.,there is a person drowning.,0.656924724579,0.232071429491
A middle-aged Asian woman is standing behind a counter preparing food.,The lady is making food.,A middle-aged Asian lady is ordering food from behind a counter.,0.179509431124,0.833130300045
A cyclists rides up a hill amid cheering bystanders.,A cyclist goes up a hill.,The person is on a motorcycle.,0.876486003399,0.654870569706
"Elegantly dressed in black, a man and woman embrace in dance.",Two people are dancing.,Two people are sitting.,0.850039839745,-0.279870510101
A woman in a tomato-colored jogging suit carries both a red purse and a navy blue messenger bag.,The woman has 2 bags.,The woman is holding a net.,0.310848623514,0.475350141525
An older man in an apron cleaning.,A man cleans.,A woman is painting her fingernails.,0.752128243446,0.188415259123
"A man in a red shirt is sitting at his desk with one leg on the desk, using a computer with two screens set up side by side.",A male is not sitting outside.,A female is walking to the park.,-0.242990836501,-0.483822703362
A goalie braces himself for the ball that's coming his way.,A soccer player.,A baseball player swinging at a pitch.,0.7833943367,0.3217856884
Jet flying low over a field with a woman in the field.,A jet flies over a woman in a field.,A woman is on top of a jet wrestling a bear.,0.704491734505,0.710797607899
Hockey players play a game on the ice.,People are playing a game of ice hockey.,People are competing in figure skating.,0.850615024567,0.686734139919
A group of women wearing bikinis are playing beach volleyball.,Women play volleyball.,Women play volleyball fully covered.,0.680140376091,0.536549806595
A well dressed man standing in front of an abstract fence painting.,A well dressed man standing in front of piece of artwork.,A homeless man laying around in front of a painting.,0.925002038479,-0.00525724701583
A woman in black clothing runs down the street barefoot next to two people on bicycles and a female runner.,The woman is outdoors.,The woman is walking down the street with high heels.,0.765729725361,0.551589012146
"Two woman talk in the middle of a parking lot, near two cars, as random people wander nearby.",Two women near cars talk in the middle of the lot,Two men talk in the middle of the lot,0.684426009655,0.820135474205
The player from the black team is telling something to the player of the red team.,The teams have black or red uniforms.,The teams have purple and yellow uniforms.,0.988809645176,0.933965086937
An Asian girl writes down something on a notepad in her lap.,An Asian girl is sitting.,The Asian girl is dancing.,0.20252764225,-0.178350433707
Young man running towards a tennis court while another is waiting in the other side of the net.,A young man is running.,A young girl is running to a soccer field.,0.47326028347,0.506484508514
A young man shielding himself from a stream of water from a fire engine by using an umbrella.,A fire engine shoots water at a young man with an umbrella.,A young man gets hit in the face with a frisbee.,0.890677690506,0.453464627266
Three different women having fun with a toy in the living-room.,Three women playing with a toy in a home.,A police officer issues a citation.,0.673852443695,0.734980940819
A race car driver with a red suit and colorful helmet drives a car on the street with the number 12 on the front.,A person is driving a race car.,A race car driver is riding in an 18-wheeler.,0.450703501701,0.645059108734
An Asian man is standing on a rusty dock surrounded by ropes and tires and is sticking a fishing pole into the water in front of him.,A man on a dock is fishing,The smugglers will be coming into port shortly to pillage,0.495423704386,0.71886318922
The woman is holding the hand of the little girl in the red dress with the polka-dotted skirt.,A little girl wearing a red dress holds a woman's hand.,A little girl wearing a white shirt goes down a slide.,0.873524785042,0.625776648521
"The tiny girl dressed in a butterfly ballet costume, waves her wand near a nutcracker statue.",A small girl dances ballet.,A young boy plays baseball.,0.810210227966,-0.340566128492
Three young girls are walking hand in hand in a crowd of people.,The girls are holding hands.,A girl walks by herself through her neighborhood.,0.442978441715,0.711341977119
Four young men sit on the floor close to a television that is showing Elmo from Sesame Street.,Four males are sitting indoors.,Four males are playing out in the yard.,0.960129261017,-0.389913409948
"A young child with dark shoulder length hair, in a yellow shirt and pink pants, is walking eating cheerios out of a ziplock bag.",a child eats cheerios,a child sits in a chair,-0.168130517006,0.0356904082
Here is a little girl drinking her soda at what looks like an aquarium while the dolphin swims in the background.,There is a girl with an animal,The girl is in surgery,-0.515353441238,0.65639770031
A little baby with dirty fingers and smudges on her face points to her blue eye.,The baby is dirty.,A baby points at her green eye.,0.45502269268,0.94842839241
"A man wearing black pants, a black shirt, and an orange hat is using a nail gun to attach tar paper to a roof.",The man is using his nail gun to attach paper tar to his roof.,The man on a merry go round.,0.408255815506,0.0357974432409
A man in a green shirt is singing karaoke while a young woman with long brownish hair stands by and listens.,A man is singing a song.,A man playing a guitar for a small crowd.,0.257619202137,0.775346517563
"A volleyball match, with players in primarily red uniforms, being played in front of a large crowd.",A volleyball match is being held.,"A man searches for a clock, wondering what time it is.",0.785199224949,0.618087291718
"A man with a cowboy hat green plaid shirt, jeans, and red boots and chaps rides a bay horse next to a young boy with a cowboy hat and blue shirt, jeans and chaps rides a pony next to him.",People are riding horses and ponies outside.,A man is riding a motorcycle next to a boy on a bicycle.,0.0891297981143,0.740037381649
A man with a white towel wrapped around the lower part of his face and neck.,The man is covering his neck,The towel is pink and blue striped,0.693901956081,0.129923731089
A Seattle firefighter standing in front of his truck.,The firefighter is standing.,The man is standing in front of the ambulance.,0.72464132309,0.906565189362
A man in a black shirt is playing a guitar.,He is playing a song.,The man is wearing a blue shirt.,0.546856880188,0.514297187328
A woman pulls a small child in a sled through the snow.,A woman pulls a child.,A child makes a snowman.,0.783679485321,0.846096396446
A young man is pushing a lawn mower to mow the grass.,A guy pushes a machine through the grass.,A guy rides a lawn mower in the grass.,0.741326451302,0.981611907482
"A woman is at an art studio, painting a mural from her art supplies.",The woman is indoors.,The is pass out on the floor.,0.567444562912,-0.383688777685
A group of children of varying ages are sitting at large tables eating.,The children are all sitting down.,The children are playing tag.,0.618100881577,-0.338215589523
A group of men are on scaffolds painting a wall.,The men are painting.,The men are sitting at the table.,0.565673112869,0.442451536655
A man riding a bicycle on pavement with graffiti.,A man is outside,The man is walking,0.603625655174,-0.0181786008179
"Three Oklahoma Sooners playing football against another team, one of the sooners with the ball in their possession.",College football players are playing a football game.,A group of bears are playing a football game.,0.538675427437,0.106755189598
"A man sitting at a desk, repairing antique typewriters.",a repair man works,a man jumps,0.262597680092,-0.746744811535
A woman is pulling a child on a sled in the snow.,A child is sitting on a sled.,A mother and child row a canoe.,-0.167738467455,0.409597605467
Five young boys in swim trunks jump into a swimming pool at the same time.,Kids leaping into a swimming pool,A group of young boys studying at the library,0.97726213932,-0.18403545022
People cheer as a bicyclist rides his bike off a ramp,People celebrate while an athlete performs tricks.,People boo while a bike rider stands around motionless.,0.453668653965,-0.0235267095268
A man in black reading a book for a group of people.,The man is reading.,The man is talking to himself in the mirror.,0.891446471214,0.382379233837
A youth is kicking a soccer ball in an empty brick area.,A human kicking.,Nobody is kicking.,0.648404598236,0.275914371014
2 woman walking down the street next to graffiti,The woman are by grafitti.,The 2 woman are running.,0.35166311264,-0.362397193909
Excavation of the ruins of a ancient temple.,A ancient temple is evacuated.,People line up at the temple.,0.92229706049,0.651869535446
An elderly woman in a crowd pushing a wheelchair.,There is an elderly woman in a crowd.,There is a young man in a crowd.,0.656276702881,0.191284179688
A girl in a purple tutu dances in the yard.,The girl is outside.,The girl is wearing a red skirt.,0.531520426273,0.541004121304
"Interior of the restaurant chain: Planet Hollywood, various movie memorabilia decorate the space.",The inside of a restaurant.,The inside of a laundromat with new silver machines.,0.530646502972,0.342349529266
A woman runs along a rocky shore.,A woman is running.,A woman sits at a picnic table near the rocky shore.,0.698547303677,-0.0330833569169
A woman with a purple purse sits on the metro with her suitcase.,A woman sitting down.,A woman with a blue purse sitting down.,0.526296496391,0.753614664078
A group of women in white robes walk through the grass.,A group of women are outside,women walk through the sand,0.930192649364,0.78035390377
A fire hydrant with a face painted on it.,A fire hydrant is not just yellow or red.,There isn't a face on the fire hydrant.,0.0209373813123,0.190287336707
"A person playing a drum with only their lower torso, hands, drumsticks, and drum showing in the foreground.",A person is playing a drum.,A person is playing a guitar.,0.729521512985,-0.256821811199
Several horsemen are riding past each other carrying flags.,The men are riding horses.,The horses are in their stables.,0.277853131294,0.379708975554
A woman is standing in a very large produce section of a grocery store.,There is a person in a store.,A Man is standing in a very large produce section of a grocery store.,0.446798324585,0.868517279625
A street filled with people walking and riding bikes.,A street filled with people.,An empty street usually filled with people walking and riding bikes.,0.838219642639,0.385245263577
An elderly gentleman ransacking a waste container.,An old man looks through a garbage can.,A woman knits baby booties.,0.687745809555,0.0515132397413
A teenage girl stands in a large industrial garage with two boys sitting in the background.,A group of teens are hanging out in a garage.,A few kids are going down a slide at the playground.,0.8081356287,0.0418366417289
The girl in yellow shorts and white jacket has a tennis ball in her left pocket.,A girl with a tennis ball in her pocket.,A man wearing yellow shorts and a white jacket,0.949386894703,0.55807030201
A dog digs a hole in a yard.,the dog is digging outside,The dog is taking a nap,0.959914565086,-0.480077296495
Flaming are shooting from the rear of a race car.,A race car with flames.,Flames are shooting from the front of a race car.,0.964518904686,0.896663784981
A man doing a trick in the air on his bike.,The man is on his bike.,The woman is doing bike tricks.,0.609893143177,0.177421480417
Volleyball player showing off her action post during the game.,The star volleyball player shows off,A soccer player shows off,0.706485629082,0.697059512138
Four female athletes play beach volleyball at the London 2012 Olympics.,The women are great at beach volleyball.,They were hurt in a crash on the way to the Olympics.,0.913602590561,-0.657500267029
A long-beaked bird in mid-flight.,A bird flying.,A rat running on a wheel.,-0.137569695711,-0.125920385122
"A man with a beard, curly hair and a beard wearing a green shirt and navy blue jacket standing still looking through his red sunglasses.",A man is on his feet.,A man is crouched down.,0.781105220318,0.399367272854
Female sitting in a chair in front of a hazy field.,A woman is sitting.,A woman runs though a field.,0.846659719944,-0.0938497632742
A woman in an orange shirt is enjoying food in a public setting.,the lady in the orange shirt is eating,the lady is ice skating,0.00140977930278,-0.281521856785
A man wearing a plaid shirt and brown apron is standing in front of an open fire.,The fire is burning near the man.,The man is standing in the rain.,-0.206480115652,0.391531378031
"Two teams, one wearing black and white, one wearing red and white, and a man in yellow and black, play football (soccer) in a stadium.",Two teams are playing soccer,Two teams are playing tennis,0.558316349983,0.220192730427
A person is walking down a cobblestone street.,The cobblestone street is not empty.,The cobblestone street is full of runners.,-0.201145678759,0.579647839069
A woman is sitting in a chair filling out some paperwork.,A person messes with some papers.,A woman runs after a duck.,0.423058867455,-0.460519462824
"A little girl in a blue dress and white shoes is sitting on her red toy tractor, in a dirt road near a fence.",The dress is blue.,The girl is standing.,-0.55203139782,-0.366734325886
"A music conductor is leading his orchestra in a grand hall, where an audience is watching the performance.",A conductor is conducting music in front of an audience.,Two dogs are doing skateboard tricks in the park.,0.473159372807,-0.642564177513
There are a bunch of soccer players standing around the soccer field in the middle of a game.,The soccer players are not running at the moment.,The soccer players are on the ground in a pile.,0.0877817422152,0.550690114498
"Man in gray zippered jacket and red shirt pets a brown dog and holds a young girl in pink shirt, while a woman next to him holds an infant boy and a gray dog.",A man holds a small child while petting his dog with his girlfriend is holding her son and her dog.,A woman and man are selling dogs and children.,0.932558357716,0.98681974411
Many people are smiling as they gather in a room.,People are indoors.,People are leaving a building.,0.263916254044,-0.161616817117
Two people sit on a bench leaned against a building with writing on it.,Tow people are resting their backs against a bench.,Two people stand by a building.,0.851822733879,0.0798920169473
The dude at the party is raging!,A man is angry.,A man is laughing.,0.514991104603,-0.214484333992
A man playing a sport in a green uniform holding a paddle over his head.,A man is wearing green,A man playing a sport in a red uniform holding a paddle over his head.,0.626679420471,0.993658542633
A girl and boy are smiling in a green hallway.,People are standing in a hallway.,A girl and boy are wrestling on the front porch.,0.674309372902,0.160134613514
"A man sits in a dingy stall which says ""Sol Septu"" on the sidewalk while a man poses before the stand but does not look at it.",One man sits in a stall while another stands in front of it staring away.,"A still sits in a dingy man which says ""why"" on the sidewalk while a stall poses before the man but refuses to look in it's direction.",0.65163642168,0.940595626831
Seven people are riding bikes on a sandy track.,The people are riding bikes.,The people are riding bikes on a street.,0.646320223808,0.911524057388
"A boy hits a ball, with a bat, outside, while others in the background watch him.",The kid is hitting a baseball.,The kid is playing soccer.,-0.277458637953,0.445427954197
A child in shorts throws a snowball at a mountain.,The kid is playing outside,The kid is sleeping,0.143136411905,0.0355231948197
Uniformed schoolgirls are walking together on the street.,The girls attend school.,The girls walk separately down the street.,0.253634572029,0.600893497467
"A blue uniformed rollerskater is struggling for the lead against a long-haired, tattooed and red uniformed rollerskater.",Rollerskaters are racing.,The rollerskaters are well informer.,0.393767476082,0.689824581146
A man sits as a man behind him washes a bus.,"One man works, another man works on his sitting.",Mark Twain has convinced Huckleberry Finn to wash the entire bus while Twain outlines his new novel.,0.667577683926,0.647895693779
A man is photographing a small staked camel and a woman is trying to walk past it.,A man is taking a picture.,A man and a woman are riding a camel.,0.566743552685,0.540762901306
A man and a woman smiling at a crying baby.,Two people smile while looking at a baby.,Two people watch a movie together.,-0.116150803864,0.81679213047
The room full of youths reacts emotionally as they spectate.,people geting emotional watching something.,a room of kids dancing.,0.764580965042,-0.453171551228
girl posing against a wall in the city,The girl is standing in front of the wall.,A girl is pulling a wagon along the dirt trail.,0.668014764786,0.731990873814
A little boy in a striped shirt is standing behind a tree.,The boy is hiding outside.,The boy is standing behind a car.,-0.317002624273,0.382467269897
Three men with blue jerseys try to score a goal in soccer against the other team in white jerseys and their goalie in green.,The men are playing soccer.,"Some men with jerseys are in a bar, watching a soccer match.",0.393229782581,0.770465552807
A man is herding horned cows on a horse.,A person is chasing animals.,A man is herding sheep.,-0.251202613115,0.470109522343
Woman being photographed near a bicycle.,Someone is shooting a photo.,Three people are riding bicycles down a lane.,-0.174253463745,0.560956716537
"Groups of people walking different directions, mostly dressed in dark blues and dressed to stay warm.",A group of people diverge from each other.,A prisoner stands in place.,0.637694776058,0.19254937768
A man in his skateboard jumping over a grocery cart as his friends in the back watch.,The man has friends.,The man is riding a motorcycle.,-0.0871530771255,-0.377149105072
A sitting man is spraying a squirt bottle at a pedestrian while holding an umbrella over his head.,A man sits down.,A man reads the paper.,0.163994759321,0.395333528519
The woman in the blue skirt is sleeping on a cardboard box under a picture of Mary and baby Jesus.,A homeless woman sleeps under the protective gaze of the Blessed Mother.,A homeless man suffering from hypothermia in the ruins of a burned building.,0.97490298748,0.0701107382774
Men and women in swimsuits hangout on rocks above water.,The men and women are dressed in clothes for the beach.,The rocks hangout above the water.,0.778642058372,0.874957323074
Young man walking dog,The man is with his dog.,The man is walking his cat.,0.0846583619714,-0.260617762804
A young girl throws sand toward the ocean.,The girl is tossing sand into the ocean,the girl is eating Hershey kisses inside,0.899446368217,-0.164556741714
"a woman siting in a black polka dot bathing suit top, and blue high waist underwear bottoms sitting in the sidewalk with three bags and a green bottle.",A woman in a polka dot swim suit sits with three bags and a bottle.,A man is with sheep on a farm in the forest.,0.679272949696,-0.129112780094
Young girl playing with chocolate milk powder.,There is a girl playing with food,The girl is a grandparent,0.59345293045,0.526317059994
A man wearing a white shirt is playing the drums.,A man is playing a musical instrument.,A man is playing the trumpet with his hands tied behind his back.,0.261533617973,0.639828205109
A football player in a black uniform appears ready to tackle an opponent in a white uniform who is in possession of the ball.,Two football players are playing on a football field.,Two men are playing basketball outdoors.,0.590218126774,0.629777193069
A man in a black shirt painting a duplicate copy of another painting hanging in an art gallery.,The man is painting something.,The man is taking a photograph at the art gallery.,0.952892065048,0.922922790051
man wearing a harmonica playing the guitar and singing,A man playing instruments.,Nobody is making music.,0.64408737421,-0.156445771456
A crowd on a city street watches a man flipping in the air.,The man is doing tricks.,The man is doing stunts in the countryside for farmers.,0.113602593541,-0.106746733189
girl sitting in fire for a show,The girl is a performer for the show.,The girl is sitting in a freezer.,0.210512638092,0.844549655914
in a girls basketball game she is shooting a foul shot,The girl is taking extra shots fro the line.,The girls are dancing.,0.123262152076,-0.157695949078
A man is jumping unto his filthy bed.,The bed is dirty.,The man is on the moon.,0.743366003036,0.616455972195
A farmer gives a tour of his farm to local families,people are outside,A dog jumping through hoops.,0.216604053974,0.236072838306
A young boy is sitting in a green tunnel,The boy is sitting,A girl is sitting,0.852810680866,0.671683430672
"two wrestlers wrestling, the one on the bottom is in submission and could possibly be in pain.",One wrestler wrestles the other onto the bottom in their fight,The good friends eat ice cream together,-0.146740242839,-0.583341360092
A man in a white shirt is sitting on a crate.,There is a white shirt.,The shirt is black.,0.1626765728,-0.254102557898
An infant is in a crib and crying.,A baby is unhappy.,A puppy is eating food.,0.76695227623,0.285700112581
A family day at the beach.,There are only families at the beach today.,No families are allowed at the beach today.,0.337489366531,0.215521425009
"Boy, of age approximately 10 years old, lunging into pristine pool on hot summer day.",The boy is by the pool.,There are no kids allowed at the pristine pool.,0.373794972897,0.703523695469
A man in a red hat and shirt with gray shorts attempts to do the splits.,The man is wearing a red hat.,The man has a blue hat.,0.437590539455,0.801258802414
A line of nine cheerleaders wearing short white skirts and tops with a yellow stripe and blue and white pompoms stand on the center line of a basketball court with spectators in the background.,The women are inside a gymnasium.,The women are outside at football game.,-0.863154768944,0.510421693325
A tan bird stands on a ledge about to eat something.,A bird is about to eat some food.,A black bird stands on a ledge about to eat something.,0.382466554642,0.985864281654
Two grownups are waiting for the bus to arrive on a cold day.,They are outdoors.,The are standing on the tree.,-0.260982364416,0.583223223686
Gymnast does a flip on blue flooring.,A gymnast displays their skills with a flip,An obese person sits on the couch,-0.0945548862219,0.384359955788
A young girl has her hands in a tub of water with leaves in it.,A girl with her hands in a tub.,A girl washes toys outside.,0.647481262684,0.847103476524
A child is jumping off a platform into a pool.,The child is swimming.,The child is running,0.29968932271,0.0688619688153
A father and son kicking a ball at a park.,The father and son kicked the ball.,The mother taught her cousin how to hit the ball.,0.750677227974,-0.142755895853
Two marathon runners running through a forest.,There are people in the forest.,The runners are on the beach.,0.697504878044,0.28641435504
A man wandering in the desert as the clouds roll in.,A man wonders in the desert.,A man fights dead mummy's who magically came alive in the desert.,0.519921183586,0.309528768063
"Two men, two children, and a woman all sitting down near a stand filled with purses.",A group of people are sitting down,People are sitting near a stand filled with candy.,0.410748898983,0.747714340687
A race cars muffler catches on fire.,There is a fire,The car is perfectly fine,0.883148431778,0.168189749122
Trying very hard not to blend any of the yellow paint into the white.,Someone is painting.,Someone is baking a cake.,-0.243366569281,0.350035309792
A nicely dressed woman putting a handful of cotton candy in her mouth in a public square in Europe.,A woman is eating cotton candy.,A woman is putting a handful of peanuts in her mouth.,0.521780371666,0.507126450539
A dune buggy traveling on sand.,A vehicle travels outdoors.,A dune buggy is stuck in traffic on the interstate.,-0.173287570477,0.519667327404
"A group of teenagers are standing in front of some tents, most of them are holding skateboards.",A group of teenagers are holding skateboards,A group of teenagers are jumping,0.759068369865,0.514458417892
A young boy chases away two Canadian geese.,The young boy is outdoors.,The young boy is watching TV.,-0.1500877738,0.801592707634
A little red-haired boy runs down a grassy hill followed behind by two girls.,A little red haired boy running down a hill.,An adult ginger walking up a hill.,0.535093903542,0.46247625351
Some people are playing ping-pong.,Some people play a game,Some people are playing Donkey Kong,0.259901344776,0.778255581856
A man in a wheelchair is being pushed towards a monk.,The person can not walk.,The person is walking towards a monk.,-0.338216751814,0.202258974314
Here are a bunch of people enjoying dinner and chatting.,People are eating dinner.,Our group is enjoying an early brunch.,0.4723072052,0.200234919786
A man sitting in a small shelter with various articles of clothing hanging on the wall.,A guy is inside.,A guy is in a spacious dining room.,0.156471520662,0.438856720924
"A woman with long dark hair is carrying a bag over her shoulder which says ""hot"" in metallic pink letters.","A brunette completes her look with a trendy bag that spells ""HOT"" in flashy pink letters.",A blond has a back pack over her arm with tiny skulls on it.,0.910426139832,0.756694853306
three children are locked in a cage.,Three children are trapped together.,There are only two children in the cage.,0.69584608078,0.298248142004
A girl in a pink shirt is teaching a young man in a striped sweater how to knit.,The girl is teaching someone to knit.,The girl is wearing a yellow shirt.,0.813938498497,0.719784855843
A shopper buys cat food at a Walmart,A person shops for their pet at a store.,An employee at Walmart stocks dog food.,-0.338914245367,0.783648490906
A woman in a green skirt and white tank top singing into a microphone.,A woman sings.,A man sings.,0.272504806519,0.104621499777
A man and woman sit on a dock looking out over the water on an overcast day.,The day is gloomy and poorly lit.,"It is a beautiful blue, cloudless day at the dock.",-0.235147565603,0.165122151375
Two men play basketball.,Men are playing a sport together.,Two men are playing dodge ball.,-0.0240862891078,0.0341088250279
Very young boy in a green shirt laying face down on a white bed.,The young boy is indoors.,The young boy is taking a bath.,0.611613154411,0.441111147404
A band is playing on a stage while a lady sings.,A woman sings.,A woman fires a gun.,0.514716565609,-0.381382286549
Two people are sitting under a tent while another stands.,People are camping.,Two people sitting under a tent while another bakes a cake.,0.366129696369,0.512381076813
A group of teenagers enjoying cooling off in a fountain of water.,The teenagers are playing in a fountain.,The teenagers are skateboard surfing with a van.,0.784013807774,0.256743907928
During this vacation children enjoying their games at the park.,Kids are playing in a park,The kids are home,0.74089384079,-0.429771900177
"While drinking a coupe of Red Stripe beers, a man with a gray t-shirt speaks to another man wearing a blue button up shirt.",A man is drinking beers,While drinking beer a man is dancing with another man,0.341581761837,0.0377536565065
A little girl in pink boots runs down the street.,A human is running outdoors.,A little girl in pink boots is sitting in a chair.,0.67709839344,-0.264549463987
A little boy in a bathrobe sits on a bench near the shower in a bathroom.,The boy is inside of the building.,The boy is in the shower.,0.143813207746,0.478105872869
A boy with a basketballs glowers at the camera.,The boy scowls,The boy is smiling,-0.371861487627,-0.0675010532141
"A white-haired conductor is standing in front of an orchestra which is also standing, instruments in hand.",The conductor and orchestra are not sitting.,The orchestra and conductor are walking down the road.,-0.759943008423,0.0932545140386
Two men practicing a form of martial arts in a wooden-floored studio.,"Few men practicing martial arts in a studio, which is wooden floored",Two men trying to dance for a song,0.341091185808,-0.211068451405
A girl with black hair and a green shirt has taken several bites from a fresh green apple.,The girl is eating in this picture.,"The girl opens an oven door, and checks a meatloaf she is cooking to see how it is coming along.",0.196252584457,0.849279880524
A woman carrying a shopping bag in front of Fisher's Popcorn.,a woman is shopping by fisher's popcorn,a woman is sitting in a cafe,-0.179191187024,0.121367059648
"This crib contains a baby, stuffed animals, a box of matches, a cordless drill, a paperback novel, and a blanket.",The baby is in the crib.,The boy is napping in the highchair.,-0.294078916311,-0.350934416056
A lady in a red sweatshirt opening a present.,The lady is wearing red.,The lady is wearing a blue shirt.,0.230433940887,0.533333897591
Sisters waiting for their dinner to be served at a restaurant while listening to live music.,Two women are getting ready to eat.,A husband and wife are waiting for their meal to be served.,0.727949976921,0.881006836891
Two tanned men wearing shorts are pulling a fishing net along a beach shore.,The men are on the beach.,The men are standing on a mountain top.,0.755887985229,-0.528844714165
"A man in plaid pants and a vest is speaking into a microphone to a group of people, who do n't appear to be looking at him.",The man is wearing plaid.,There in no one speaking.,0.122556179762,-0.100327685475
A senior is waiting at the window of a restaurant that serves sandwiches.,A person waits to be served his food.,A man is waiting in line for the bus.,0.642921626568,0.710821151733
Two girls talk at an ice skating rink.,Two girls are near the ice.,Two women compete in a speed skating race.,0.885482609272,0.526775240898
"A woman in a bathroom, sitting on the sink, is doing her makeup.",A woman puts on makeup.,A woman pees in a toilet.,-0.111482709646,0.638553500175
Leaving the amusement park with lots of prizes.,Leaving the amusment park.,Staying at the amusment park until the cops show up.,0.346848487854,0.624498605728
A blue race car slides off the racetrack and hits white median bumpers with its rear.,The automobile lost control and hit something.,The automobile stayed on the track the whole race.,0.158489316702,-0.29468780756
A man with a white shirt and blue jeans are skating on a skating device.,The man is wearing jeans.,The man has shorts on.,0.0690001994371,0.668227553368
"A young man is washing his hair, brushing his teeth, and shaving his face simultaneously.",The young man is grooming himself.,The young man is singing a song.,0.69731938839,-0.0783291608095
A group of Indian young women and girls are bathing at the edge of a pool with their dry clothes and a building in the background.,A group of women are bathing.,A group of men playfully splash water at each other.,0.631302475929,0.40307366848
"Bicyclists are in the street as a crowd watches them ride by a banner that say ""London 2012"".",There are bikes being ridden.,"The banner says ""Atlantis 2590""",0.638369202614,0.758279204369
"A toddler dressed only in a pamper is sitting on the floor playing with 4 ""car"" pieces to a train set.",A child plays with a train set.,People look for a lost dog.,-0.288823574781,0.902351498604
"A little boy is kneeling on the floor, scribbling with an orange and blue crayon on a paper, at a little table with the arm of a man resting on the table.",a boy coloring,the boy and man are talking among themselves,0.883367955685,0.676104187965
A man plays the french horn as his pianist plays the supporting melody on stage.,Two people are playing an instruments on stage.,Three guys are playing the bongos on stage.,0.15431933105,0.526217460632
A girl is sitting in a chair blowing up a large yellow party balloon.,A child blows up balloons.,Seven men sit in meditation in a Buddhist temple.,-0.0748516172171,0.249975979328
Two children are sitting in the same wooden lawn chair while a green rake is leaning against the same chair.,Two children are on the lawn.,The children are inside playing video games.,-0.0576420612633,0.198772460222
the man in jeans is sitting by the river with large fish.,A person is outside sitting by a body of water.,A man in jeans is sitting by a pond throwing bread to ducks.,0.543779850006,0.427573949099
A lone man sitting in a large decorated area.,A man is sitting.,A woman is fixing her makeup.,0.768074452877,0.0642997771502
Two men and a woman finishing a meal and drinks.,Some people eating a meal.,Two men and a woman playing in a band.,0.549742460251,0.342179775238
A woman with sneakers and a skirt is sweeping out a storage building.,Casually dressed woman cleans out storage building.,Woman sweeping her kitchen floor.,0.300884276628,0.395361721516
Small boy wearing blue shorts sitting on bed.,A boy is wearing shorts.,the boy's shorts are red.,-0.0146432947367,-0.279220789671
"A middle-aged male wearing a baseball cap, a shirt inscribed orange county traders and white towel tucked under his belt and preparing a meal in hibachi style.",The man is cooking.,The man is folding clothing.,-0.0356606319547,0.142021521926
A white man in the shower has fashioned his hair into a mohawk hairstyle using soap suds.,A Caucasian man plays with his hair in the shower.,A man wears a hat while sitting on the sofa.,0.26140370965,0.0683918595314
A clerk at a store is idling a waiting for next customer.,Clerk waits in checkout line.,Clerk is busy ringing up products.,0.707141280174,0.566478490829
The back view of a woman in a colorful shirt sitting next to a woman in a black top.,Two women sitting,Two women exercising,0.495439648628,0.155488356948
The girl is paddling a rusty canoe in the water.,The girl is  in the water.,The girl is splashing in an inner tube in the water.,0.560826539993,0.655052065849
A kid hitting a baseball in a baseball field.,A child is in a field hitting a ball.,A child is hitting cans with a baseball bat.,0.499127209187,0.983088731766
A man in orange and white rides his mountain bike through a forest.,A man is adventuring through the forest outside.,The man is pushing his bike down the road,0.500781774521,0.782966256142
Tall man being stopped by an officer.,There is a tall man.,The man is short.,0.140869155526,0.523239612579
A young man wearing a bandanna is lifting weights with a barbell.,The man is exercising.,The man is wearing a dress.,0.307895213366,-0.609202623367
"A man, dressed in a green shirt with black pants, is transporting luggage strapped to a wheelbarrow, down a cobblestone road.",The shirt is green.,The road is pavement.,-0.858788907528,0.257729649544
People laying in massage chairs,People relaxing in charis.,Women doing jumping jacks.,0.737113595009,-0.741814494133
"A male gymnast from Romania, wearing all red, holding himself vertically while upside-down on rings suspended in the air.",The gymnast wore red.,The gymnast is from Trinidad.,-0.525685608387,0.0554360821843
The person and the dog are sitting on the yellow canoe.,There are at least two figures in the picture.,The man is using the dog as a paddle.,0.160777106881,-0.0705768242478
Three motorcyclists are racing on dirt bikes.,Three people are racing.,People are walking on a street.,0.383599817753,0.134622335434
A man sitting up taking a nap on a park bench with an open umbrella protecting him from the sun.,A man is under an umbrella.,A man walks in the rain.,-0.257778823376,-0.363695800304
The man is walking the bride down the aisle.,A guy is participating in a wedding.,A man is hitting his wife.,0.0902371406555,0.302757918835
"A man wearing sunglasses is sitting on the steps outside, reading a magazine.",The man is sitting.,"The man is reading a spoon with the words ""HELP ME"" on it.",0.60536468029,0.674467563629
A shirtless man is sitting on a chair on the sidewalk reading a book.,A man is reading outdoors.,A man is ice skating.,0.569754838943,-0.39508420229
A photographer with bushy dark hair takes a photo of a skateboarder at an indoor park.,The person with the camera photographs the person skating.,A woman takes pictures of baby chicks.,0.0069641941227,0.470741689205
"A man with a black hat, a pair of glasses, and a long white beard sits next to a painting of himself.",The man is sits next to a painting of himself.,The man is sitting next to a billboard.,0.472143650055,0.85682541132
A man and woman are drinking at a bar.,Two people are having drinks,Two people are slapping each other,0.405508369207,-0.446866989136
Two men in animal print pants sleep on a white bed.,Two men are inside.,A woman watches TV.,0.478926330805,0.64994931221
"Four people, One male in a blue shirt and slacks with three females, one in pink, one in blue, and the other with a white shirt and blue blouse, in line to enter a yellow school bus, while a female in pink hold paper is on the phone.",There are three girls and one boy waiting for the school bus.,"Four people, One male in a blue shirt and slacks with three females, one in pink, one in blue, and the other with a blue shirt and blue blouse, in line to enter a yellow school bus, while a female in pink hold paper is on the phone.",0.359026968479,0.999932706356
A man dressed all in white throws the first pitch at a baseball game.,A man pitches at a baseball game.,A man is caught streaking at a baseball game.,0.86937212944,0.752306222916
A man in a yellow excavator on a construction site.,the guy is on the excavator,the orange is being peeled,0.742701411247,-0.440081596375
A mother and her two children sit down to rest.,Three people are resting.,Three people are running around.,0.912104010582,-0.660040259361
Two dogs running in the dirt,Two dogs runs in unhygenic place.,Two dogs running in school.,0.513056874275,0.891145586967
Two people are in a green forest.,The forest is not dead.,The people are in the arctic.,-0.761397480965,0.329815149307
A poor family is leaving their home with only a few belongings.,A family leaves their home.,A man eats a chalupa.,0.682681679726,0.39563959837
A young dark-haired woman crouches on the banks of a river while washing dishes.,A woman washes dishes.,A man cuts his hair.,0.310534954071,-0.0154963191599
Three people loading or unloading their car.,Three people carrying items from a car.,A person eating during lunch.,0.419542968273,-0.446910858154
A butterfly has lit on the head of this sleeping toddler.,A butterfly is on the head of a toddler.,A butterfly is trying to kill a sleeping toddler.,-0.158290907741,0.98360490799
A man sleeping on the ground in a subway.,There is a man on the ground.,The man is sitting in his warm house.,-0.207177430391,0.183348178864
A woman is writing something on a post-it note which is hanging on a bulletin board with a lot of other post-it notes.,The woman is writing a note.,The woman is talking on the phone.,0.155455693603,0.756476283073
A person with dark hair is standing on the sidewalk in front of an orange and white truck.,The person gets in the white truck.,The man is standing on some grass.,0.779331862926,0.940159082413
A teenage girl in winter clothes slides down a decline in a red sled.,A girl is by herself on a sled.,A girl is on a beach with a blue sled.,-0.100209772587,-0.416900396347
"A man in a backwards baseball cap, black shirt and blue shorts behind the steering wheel of a boat with a flag behind him.",The shirt is black.,The cap is forwards.,-0.342890977859,0.871846795082
Two elderly men and one elderly woman standing on a sidewalk staring to their left.,Three people look to their sides.,People rest on the curb.,0.817931771278,-0.0629570558667
A man sits beside parked cars on a city street.,A man is sitting.,A man is standing in line.,0.625538170338,-0.0711395069957
A group of females are sitting down on a bench.,There are at least 2 females.,The females are flying in the air on their butterflies.,0.311780333519,0.13760048151
A man is playing the trumpet.,A trumpet being played by a man,A man plays the drums,0.872970461845,0.807452321053
The man in black has a condom on his head.,The man is wearing a prophylactic on his head.,The man is wearing the condom on his foot.,0.682133316994,0.40485984087
Five people are playing in a gymnasium.,five people playing,the people are at home,-0.393757492304,0.690923452377
A race car sits in the pits.,The car is not moving.,The car is going fast.,-0.138470977545,0.285899460316
A person is reaching up to touch the middle light fixture hanging from a ceiling.,The person is inside.,She is touching the first light,-0.470179796219,0.92135733366
Two boys laying tile in a bathroom.,Some kids are working.,Some kids are napping.,-0.3096575737,0.861424326897
A woman dressed in a black shirt with purple bikini bottoms is playing volleyball in a fenced in area.,a woman is playing voleyball,a woman with red bikini bottoms is playing volleyball,0.327387958765,0.747685313225
A woman and a naked child wade into the ocean.,Two people are in a large body of water out doors.,A woman and child play hide and go seek at the park.,-0.556103765965,0.173520356417
A woman with a red scarf is juggling oranges.,A woman is performing a trick.,A woman with a black scarf is juggling bananas.,0.354177832603,0.967599511147
"Female runners from Japan, Germany and China are running side by side.",The runners are not from the US,The runners are from the US,-0.196588248014,0.584597587585
2 rows of woman walking towards each other on the sidewalk outside of a store with a boy 50% sign on the golden framed windows.,The women are in two rows.,The rows designate some kind of award.,0.0645004883409,0.922463595867
a girl wearing pink shoes jumps off a swing in a park,The girl is at the park.,The girl is jumping on the trampoline in her front yard.,0.576506018639,0.983174204826
A man in the street is playing drums on old cans.,A man is making music,A lady is painting a dog,0.29646256566,-0.482271134853
A group of men riding bicycles in a line.,The men riding together.,This people don't know how to ride a bike.,0.423838913441,-0.0714033097029
"A young child, wearing a pink-polkadotted outfit, smiles at the camera as she lays on a white, shaggy rug.",The child is wearing polka dots,"the child is in stripe,",0.740311205387,0.647399663925
A man napping on the ground with a shirt over his eyes with a person standing beside him.,A sleeping man.,Two people engaged in conversation.,-0.419183015823,0.843257904053
A man is throwing water on a woman in front of a brick building while two men and another woman watch.,The man is throwing water on a woman.,Two men and another woman sing a song.,0.309730440378,0.0510987266898
A young adolescent is jumping into a pool.,The child is diving in the pool.,The child is scared to jump in the water.,0.531259715557,0.591452777386
A baby in an indoor pool is using an inflatable tube on it's on,The baby is inside,The older man is using the inflatable tube,0.427318155766,0.0501918494701
"Performers wearing bright robes, one with a long necklace and some masks.",The people are perfomers,The people are athletes,0.212838634849,0.292266607285
The group of people make single file lines on the field.,People outside in lines.,A group of people swimming.,-0.467351734638,0.199737399817
A woman with a crescent tattoo on her shoulder is painting an image of a face onto a wall.,A woman paints.,A woman tattoos someone.,0.394396543503,0.906502246857
"Three girls are standing together in a room, one is listening, one is writing on a wall and the third is talking to them.",The girls are indoors.,The girls are outdoors.,0.123704731464,0.388580977917
a man in pants dancing in a park.,A man is outside.,A man is in a taxi.,0.0849484950304,-0.246885508299
Dog herding cows,Animals are near each other.,Cats are sleeping inside the room.,-0.202575743198,0.160197198391
Two girls lay upside down on their bed.,Two girls heads are where their feet should be,Two girls hop down the street,-0.556405186653,-0.0875144153833
The little boy is in the park near a duck.,The little boy is outside.,The boy fell in the water on the duck.,0.500203669071,0.30926695466
"Under a blue sky with white clouds, a child reaches up to touch the propeller of a plane standing parked on a field of grass.",A child is reaching to touch the propeller of a plane.,A child is playing with a ball.,0.274754941463,0.687186539173
A brown kid wearing jeans and no shirt is weaving a straw rug.,The boy is using his hands to weave a rug.,The boy is sleeping.,0.0510475821793,0.804615616798
A young boy is pushing someone with a broken foot into the hospital.,The people are going inside.,The people are going outside.,-0.00512013863772,-0.0127363428473
Two people are sitting in a station.,A couple of people are inside and not standing.,A jazz trio is giving a performance in the White House.,-0.26929217577,0.831747770309
A shirtless man sleeps in his blue boat out on the open waters.,There is a man out on his boat,The man lies wide awake in the bed of his boat trying to fall asleep,-0.361918956041,0.924446105957
Three young people sit outside and engage with electronic devices.,They all have devices.,There is a tin can and string telephone.,-0.490684807301,0.7889097929
A standing man in a suit finishes his turn in a chess game as his seated opponent begins his in a crowded park.,A male with clothes on is in front of another male in a crowded park.,A business man is fishing alone in the middle of the Pacific ocean.,-0.409941911697,0.293019741774
Two young children cook by sitting on the kitchen counter.,The kids are not old.,The kids are playing Ticket to Ride while riding a kayak down the New River.,-0.47418576479,-0.568184614182
Old woman chasing away two lambs with a broom.,There is a woman and some animals.,A woman is chasing two turtles with a mop.,-0.462714254856,0.738703787327
"A lone, 2-3 year old blond child in a blue jacket is putting a small black plastic item in his mouth as he kneels on a waiting room couch pointed toward the back while looking at something or someone not in the room.",The child is blonde.,The couch is pointed toward the front.,-0.68088811636,-0.245926111937
A girl in a hate with ear flaps and a sweater.,A girl wears a sweater.,A girl takes a shower while wearing no clothes.,-0.299951851368,0.881308436394
a pizza employee waiting for his next drive up customer,An employee is waiting to help a customer.,A person is picking up a pizza for dinner.,-0.148146316409,0.876686513424
A girl is feeding a goat.,They are outside.,The goat is really a spy.,-0.529363870621,0.522784411907
